﻿序號,縣市別代碼,機關代碼,市話,傳真,年,月,日,時,分,縣市,區,死亡數量,受傷數量,2-30,天候,道路照明設備,道路類別,道路速限,道路型態,事故位置,路面鋪裝,路面狀態,路面缺陷,障礙物,視距,號誌種類,號誌動作,分向設施,快車道或一般車道間,快慢車道間,路面邊線,事故類型及型態,受傷程度,主要傷處,保護裝備,行動電話或功能裝置,當事者區分_類別,車輛用途,當事者行動狀態,駕照狀態,駕照種類,飲酒情形,車輛撞擊部位最初,車輛撞擊部位其他,肇事因素個別,肇事因素主要,肇事逃逸,職業,共享經濟或外送平台,GPS座標X,GPS座標Y,事故類別
225,66000,387130000C,(04)23274275,(04)23288582,2025,08,1,13,28,臺中市,大里區,0,0,0,7,,,30,,,,,,,,,,,,,,,,,,,B12,,,1,,1,,,49,49,1,6,4,120.684103,24.077073,3
226,66000,387130000C,(04)23274275,(04)23288582,2025,08,1,13,29,臺中市,南屯區,0,0,0,7,,,50,,,,,,,,,,,,,,,,,,,B12,,,1,,2,,,59,59,1,6,4,120.644447,24.151028,3
227,66000,387130000C,(04)23274275,(04)23288582,2025,08,1,13,29,臺中市,烏日區,0,0,0,7,2,6,40,13,9,1,5,4,6,6,1,1,10,5,5,2,13,3,10,3,1,B12,7,2,1,1,2,7,,78,78,1,6,4,120.646325,24.064787,3
228,66000,387130000C,(04)23274275,(04)23288582,2025,08,1,13,30,臺中市,南屯區,0,0,0,7,,,50,,,,,,,,,,,,,,,,,,,B03,,,1,,2,,,59,59,1,12,4,120.632356,24.145477,3
229,66000,387130000C,(04)23274275,(04)23288582,2025,08,1,13,30,臺中市,西屯區,0,0,0,7,,,50,,,,,,,,,,,,,,13,,,,,B03,,,1,,1,,,59,59,1,13,4,120.659875,24.169273,3
230,66000,387130000C,(04)23274275,(04)23288582,2025,08,1,13,31,臺中市,大雅區,0,0,0,7,,,30,,,,,,,,,,,,,,,,,,,B12,,,1,,1,,,8,8,1,13,4,120.666598,24.202998,3
231,66000,387130000C,(04)23274275,(04)23288582,2025,08,1,13,31,臺中市,西區,0,0,0,7,,,50,,,,,,,,,,,,,,,,,,,B03,,,1,,2,,,7,7,1,6,4,120.657502,24.13442,3
232,66000,387130000C,(04)23274275,(04)23288582,2025,08,1,13,33,臺中市,中區,0,0,0,7,,,50,,,,,,,,,,,,,,13,,,,,F03,,,7,,2,,,7,7,1,12,4,120.683678,24.141513,3
233,66000,387130000C,(04)23274275,(04)23288582,2025,08,1,13,37,臺中市,西區,0,1,0,7,2,6,50,4,1,1,5,4,6,6,1,1,10,5,5,2,16,3,10,5,4,B03,7,5,1,8,2,2,,25,25,1,13,4,120.659687,24.157317,2
234,66000,387130000C,(04)23274275,(04)23288582,2025,08,1,13,37,臺中市,北屯區,0,1,0,6,2,3,40,10,17,1,4,4,6,6,4,4,10,5,5,1,13,2,7,5,4,B03,7,9,1,8,1,1,,58,58,1,12,4,120.718925,24.161705,2
235,66000,387130000C,(04)23274275,(04)23288582,2025,08,1,13,42,臺中市,后里區,0,0,0,7,,,50,,,,,,,,,,,,,,16,,,,,B03,,,1,,1,,,51,51,1,12,4,120.710041,24.310786,3
236,66000,387130000C,(04)23274275,(04)23288582,2025,08,1,13,46,臺中市,大里區,0,0,0,7,,,50,,,,,,,,,,,,,,,,,,,B03,,,1,,2,,,84,84,1,12,4,120.694773,24.111345,3
237,66000,387130000C,(04)23274275,(04)23288582,2025,08,1,13,48,臺中市,大肚區,0,0,0,7,,,70,,,,,,,,,,,,,,,,,,,B03,,,1,,2,,,8,8,1,6,4,120.54871,24.146447,3
238,66000,387130000C,(04)23274275,(04)23288582,2025,08,1,13,50,臺中市,南屯區,0,0,0,7,,,50,,,,,,,,,,,,,,12,,,,,B03,,,1,,2,,,35,35,1,10,4,120.620854,24.13999,3
239,66000,387130000C,(04)23274275,(04)23288582,2025,08,1,13,54,臺中市,西屯區,0,0,0,7,,3,80,,,,,,,,,,,,,,,,,,,B03,,,1,,2,,,7,7,1,12,4,120.631237,24.16776,3
240,66000,387130000C,(04)23274275,(04)23288582,2025,08,1,13,54,臺中市,烏日區,0,0,0,7,,,50,,,,,,,,,,,,,,,,,,,B03,,,1,,1,,,84,84,1,13,4,120.648106,24.093004,3
241,66000,387130000C,(04)23274275,(04)23288582,2025,08,1,13,54,臺中市,梧棲區,0,1,0,7,3,6,30,4,1,1,5,4,6,6,4,4,10,5,5,2,15,2,9,1,1,C03,7,9,1,10,2,11,,15,15,1,6,4,120.543353,24.236654,2
242,66000,387130000C,(04)23274275,(04)23288582,2025,08,1,13,54,臺中市,梧棲區,0,0,0,7,,,60,,,,,,,,,,,,,,16,,,,,B03,,,1,,1,,,40,40,1,6,4,120.536271,24.249711,3
243,66000,387130000C,(04)23274275,(04)23288582,2025,08,1,13,55,臺中市,南屯區,0,0,0,7,,,50,,,,,,,,,,,,,,12,,,,,B03,,,1,,2,,,40,40,1,12,4,120.646554,24.136423,3
244,66000,387130000C,(04)23274275,(04)23288582,2025,08,1,13,56,臺中市,東區,0,1,0,7,2,6,50,3,1,1,5,4,6,6,4,4,9,5,4,2,17,2,9,1,1,C03,7,11,1,10,2,12,,46,46,1,12,4,120.70749,24.136019,2
245,66000,387130000C,(04)23274275,(04)23288582,2025,08,1,13,56,臺中市,西屯區,0,0,0,7,,,0,,,,,,,,,,,,,,14,,,,,B02,,,1,,2,,,49,49,1,12,4,120.639944,24.157544,3
246,66000,387130000C,(04)23274275,(04)23288582,2025,08,1,13,59,臺中市,西區,0,0,0,6,,,50,,,,,,,,,,,,,,,,,,,B03,,,1,,1,,,49,49,1,6,4,120.659207,24.141659,3
247,66000,387130000C,(04)23274275,(04)23288582,2025,08,1,14,0,臺中市,中區,0,0,0,6,,,50,,,,,,,,,,,,,,17,,,,,C03,,,1,,9,,,50,50,1,12,4,120.682527,24.138349,3
248,66000,387130000C,(04)23274275,(04)23288582,2025,08,1,14,0,臺中市,南屯區,0,1,0,7,3,6,50,13,9,1,5,4,6,6,4,4,9,4,5,2,12,3,10,3,1,B03,7,1,1,8,2,1,,51,51,1,12,4,120.648703,24.148226,2
249,66000,387130000C,(04)23274275,(04)23288582,2025,08,1,14,10,臺中市,西屯區,0,2,0,7,2,6,30,4,1,1,5,4,6,6,4,4,10,5,5,2,15,2,9,1,1,C03,7,9,1,10,2,11,,15,15,1,12,4,120.660199,24.196065,2
250,66000,387130000C,(04)23274275,(04)23288582,2025,08,1,14,17,臺中市,西區,0,0,0,7,,,50,,,,,,,,,,,,,,,,,,,B03,,,1,,2,,,84,84,1,12,4,120.674682,24.15023,3
251,66000,387130000C,(04)23274275,(04)23288582,2025,08,1,14,19,臺中市,北屯區,0,1,0,7,2,6,50,5,1,1,5,4,6,6,4,4,10,5,5,2,15,2,7,1,1,C03,7,9,1,10,2,11,,15,15,1,6,4,120.702043,24.169017,2
252,66000,387130000C,(04)23274275,(04)23288582,2025,08,1,14,25,臺中市,北屯區,0,2,0,7,3,6,50,4,1,1,5,4,6,6,2,1,10,4,4,2,16,2,9,1,1,C03,7,6,3,19,2,12,,11,11,1,12,4,120.683537,24.1736,2
253,66000,387130000C,(04)23274275,(04)23288582,2025,08,1,14,30,臺中市,東區,0,2,0,5,2,6,30,4,1,1,4,4,3,3,4,4,10,5,5,2,15,3,10,3,1,B03,7,9,1,8,2,8,,12,12,1,13,4,120.687574,24.1434,2
254,66000,387130000C,(04)23274275,(04)23288582,2025,08,1,14,30,臺中市,沙鹿區,0,0,0,7,,,50,,,,,,,,,,,,,,14,,,,,B12,,,1,,2,,,49,49,1,6,4,120.558573,24.232428,3
255,66000,387130000C,(04)23274275,(04)23288582,2025,08,1,14,37,臺中市,潭子區,0,0,0,7,,,50,,,,,,,,,,,,,,,,,,,B03,,,1,,2,,,8,8,1,13,4,120.703157,24.211648,3
256,66000,387130000C,(04)23274275,(04)23288582,2025,08,1,14,40,臺中市,大肚區,0,0,0,7,,,30,,,,,,,,,,,,,,,,,,,C03,,,1,,1,,,85,85,1,6,4,120.566764,24.123094,3
257,66000,387130000C,(04)23274275,(04)23288582,2025,08,1,14,40,臺中市,后里區,0,0,0,7,,,40,,,,,,,,,,,,,,,,,,,B03,,,1,,2,,,7,7,1,13,4,120.725387,24.320551,3
258,66000,387130000C,(04)23274275,(04)23288582,2025,08,1,14,48,臺中市,西屯區,0,0,0,7,,,50,,,,,,,,,,,,,,12,,,,,B03,,,5,,1,,,40,40,1,12,4,120.594795,24.190813,3
259,66000,387130000C,(04)23274275,(04)23288582,2025,08,1,14,48,臺中市,烏日區,0,0,0,5,2,3,80,13,7,1,4,4,6,5,4,4,1,4,5,1,13,3,10,3,1,B03,7,9,1,8,1,1,,7,7,1,6,4,120.613274,24.103582,3
260,66000,387130000C,(04)23274275,(04)23288582,2025,08,1,14,53,臺中市,北屯區,0,2,0,6,3,6,30,3,1,1,4,4,6,6,4,4,10,5,5,2,15,2,7,1,1,C03,7,9,1,10,2,12,,6,6,1,12,4,120.695957,24.184274,2
261,66000,387130000C,(04)23274275,(04)23288582,2025,08,1,14,53,臺中市,西屯區,0,0,0,7,,,30,,,,,,,,,,,,,,17,,,,,B12,,,1,,1,,,51,51,1,13,4,120.655598,24.166062,3
262,66000,387130000C,(04)23274275,(04)23288582,2025,08,1,14,56,臺中市,霧峰區,0,1,0,7,3,6,50,3,1,1,5,4,6,6,4,4,10,5,5,2,16,3,10,5,4,B12,7,5,1,8,2,5,,47,47,1,13,4,120.683433,24.065343,2
263,66000,387130000C,(04)23274275,(04)23288582,2025,08,1,15,1,臺中市,北區,0,1,0,5,2,6,50,4,2,1,4,4,6,6,2,1,10,5,5,2,12,3,10,3,1,A12,7,5,1,5,2,2,,47,47,1,13,4,120.677758,24.151272,2
264,66000,387130000C,(04)23274275,(04)23288582,2025,08,1,15,3,臺中市,北區,0,2,0,5,3,6,50,4,1,1,4,4,6,6,1,1,10,5,5,2,16,2,9,1,1,C03,7,6,1,10,2,11,,36,36,1,12,4,120.673337,24.166906,2
265,66000,387130000C,(04)23274275,(04)23288582,2025,08,1,15,5,臺中市,后里區,0,1,0,7,2,6,30,3,2,1,5,4,6,6,4,4,10,5,5,2,12,2,8,1,1,C03,7,1,1,10,2,14,,51,51,1,12,4,120.719434,24.30573,2
266,66000,387130000C,(04)23274275,(04)23288582,2025,08,1,15,8,臺中市,大雅區,0,0,0,5,,,0,,,,,,,,,,,,,,,,,,,C03,,,1,,2,,,49,49,1,13,4,120.646925,24.225431,3
267,66000,387130000C,(04)23274275,(04)23288582,2025,08,1,15,10,臺中市,沙鹿區,0,0,0,6,,,50,,,,,,,,,,,,,,14,,,,,B03,,,1,,1,,,49,49,1,12,4,120.565258,24.244235,4
268,66000,387130000C,(04)23274275,(04)23288582,2025,08,1,15,16,臺中市,南區,0,0,0,7,,,50,,,,,,,,,,,,,,,,,,,B12,,,1,,1,,,87,87,1,12,4,120.673965,24.129544,3
269,66000,387130000C,(04)23274275,(04)23288582,2025,08,1,15,19,臺中市,大雅區,0,1,0,5,3,6,40,13,8,1,4,4,6,5,4,4,1,4,4,1,17,2,8,2,1,C03,7,9,1,10,2,12,,84,84,1,12,4,120.63188,24.239581,2
270,66000,387130000C,(04)23274275,(04)23288582,2025,08,1,15,22,臺中市,霧峰區,0,1,0,7,2,6,50,4,1,1,5,4,6,6,1,1,5,4,4,2,3,3,10,3,1,B03,7,6,1,8,2,5,,84,84,1,13,4,120.707635,24.076537,2
271,66000,387130000C,(04)23274275,(04)23288582,2025,08,1,15,23,臺中市,西區,0,0,0,7,,,50,,,,,,,,,,,,,,,,,,,B03,,,1,8,2,,,84,84,1,13,4,120.664121,24.14444,3
272,66000,387130000C,(04)23274275,(04)23288582,2025,08,1,15,23,臺中市,西區,0,1,0,7,2,6,50,13,9,1,5,4,6,6,4,4,5,5,5,2,17,3,10,5,4,B03,7,13,1,8,1,4,,76,76,1,13,4,120.657735,24.152639,2
273,66000,387130000C,(04)23274275,(04)23288582,2025,08,1,15,26,臺中市,東區,0,0,0,7,,,50,,,,,,,,,,,,,,13,,,,,B03,,,1,,1,,,40,40,1,12,4,120.703126,24.125192,3
274,66000,387130000C,(04)23274275,(04)23288582,2025,08,1,15,26,臺中市,南屯區,0,0,0,7,,,30,,,,,,,,,,,,,,11,,,,,B03,,,1,,9,,,8,8,1,12,4,120.613608,24.131835,3
275,66000,387130000C,(04)23274275,(04)23288582,2025,08,1,15,32,臺中市,南區,0,0,0,7,,,50,,,,,,,,,,,,,,14,,,,,B03,,,1,,2,,,49,49,1,12,4,120.673652,24.129776,3
276,66000,387130000C,(04)23274275,(04)23288582,2025,08,1,15,33,臺中市,西屯區,0,0,0,7,,,50,,,,,,,,,,,,,,17,,,,,C03,,,1,,1,,,84,84,1,12,4,120.667097,24.172938,3
277,66000,387130000C,(04)23274275,(04)23288582,2025,08,1,15,35,臺中市,南屯區,0,1,0,6,1,6,50,4,1,1,5,4,6,6,2,1,10,5,5,2,12,2,7,2,4,C03,7,6,1,10,2,13,,48,48,1,6,4,120.636205,24.146723,2
278,66000,387130000C,(04)23274275,(04)23288582,2025,08,1,15,35,臺中市,西屯區,0,1,0,7,2,6,40,13,9,1,5,4,6,6,2,1,3,5,5,2,13,3,10,5,4,B03,7,9,1,8,1,1,,7,7,1,13,4,120.639314,24.159077,2
279,66000,387130000C,(04)23274275,(04)23288582,2025,08,1,15,35,臺中市,沙鹿區,0,1,0,7,3,6,50,4,1,1,5,4,6,6,3,1,10,5,5,2,13,3,10,3,1,B03,7,9,1,8,2,2,,7,7,1,6,4,120.570051,24.211052,2
280,66000,387130000C,(04)23274275,(04)23288582,2025,08,1,15,36,臺中市,西區,0,1,0,5,3,6,0,3,1,1,4,4,6,3,4,4,10,5,5,2,3,2,9,6,5,H01,8,18,7,21,1,17,,95,95,1,12,5,120.670869,24.141113,2
281,66000,387130000C,(04)23274275,(04)23288582,2025,08,1,15,37,臺中市,西屯區,0,1,0,7,2,6,50,13,9,1,5,4,6,6,4,4,9,4,5,2,17,3,10,5,4,B03,7,5,1,8,2,16,,20,20,1,12,4,120.627367,24.184205,2
282,66000,387130000C,(04)23274275,(04)23288582,2025,08,1,15,38,臺中市,北區,0,1,0,7,2,6,50,4,1,1,5,4,6,6,1,1,10,5,5,2,17,2,9,5,4,C03,7,6,1,10,2,13,,39,39,1,12,4,120.668397,24.15622,2
283,66000,387130000C,(04)23274275,(04)23288582,2025,08,1,15,39,臺中市,東勢區,0,1,0,5,2,6,50,13,9,1,4,4,6,6,4,4,5,5,5,1,17,3,10,5,4,C03,7,1,1,7,2,11,,51,51,1,13,4,120.828783,24.256424,2
284,66000,387130000C,(04)23274275,(04)23288582,2025,08,1,15,42,臺中市,豐原區,0,0,0,5,,,1,,,,,,,,,,,,,,14,,,,,B03,,,1,,2,,,49,49,1,6,4,120.711425,24.261912,3
285,66000,387130000C,(04)23274275,(04)23288582,2025,08,1,15,44,臺中市,太平區,0,0,0,7,,,30,,,,,,,,,,,,,,,,,,,B03,,,1,,1,,,8,8,1,12,4,120.712541,24.125585,3
286,66000,387130000C,(04)23274275,(04)23288582,2025,08,1,15,50,臺中市,東區,0,2,0,7,3,6,50,13,8,1,5,4,6,6,4,4,5,4,4,2,13,2,9,2,1,C03,7,9,1,10,2,11,,7,7,1,6,4,120.688188,24.12642,2
287,66000,387130000C,(04)23274275,(04)23288582,2025,08,1,15,51,臺中市,南屯區,0,1,0,7,2,6,50,13,8,1,5,4,6,6,4,4,5,4,4,2,2,3,10,3,1,B03,7,9,5,19,9,2,,84,84,1,6,4,120.634401,24.155829,2
288,66000,387130000C,(04)23274275,(04)23288582,2025,08,1,15,52,臺中市,北區,0,0,0,7,,,50,,,,,,,,,,,,,,17,,,,,B03,,,1,,1,,,51,51,1,13,4,120.682722,24.147104,3
289,66000,387130000C,(04)23274275,(04)23288582,2025,08,1,15,57,臺中市,北屯區,0,1,0,7,2,6,50,3,1,1,5,4,6,6,4,4,3,3,4,2,16,3,10,3,1,B03,7,5,1,8,2,2,,14,14,1,13,4,120.67917,24.184545,2
290,66000,387130000C,(04)23274275,(04)23288582,2025,08,1,15,58,臺中市,西屯區,0,0,0,7,,,50,,,,,,,,,,,,,,13,,,,,B03,,,1,,1,,,59,59,1,13,4,120.663939,24.164201,3
291,66000,387130000C,(04)23274275,(04)23288582,2025,08,1,15,58,臺中市,西屯區,0,0,0,7,,,50,,,,,,,,,,,,,,12,,,,,B03,,,1,7,1,,,8,8,1,12,4,120.652808,24.160021,3
292,66000,387130000C,(04)23274275,(04)23288582,2025,08,1,16,0,臺中市,烏日區,0,0,0,7,,,60,,,,,,,,,,,,,,13,,,,,B03,,,1,,1,,,7,7,1,6,4,120.616413,24.103147,3
293,66000,387130000C,(04)23274275,(04)23288582,2025,08,1,16,6,臺中市,北屯區,0,1,0,6,2,6,50,13,9,1,5,4,5,6,4,4,1,5,5,2,30,,,,,,,,,,,,,116,116,1,,,120.702396,24.173232,2
294,66000,387130000C,(04)23274275,(04)23288582,2025,08,1,16,9,臺中市,豐原區,0,1,0,6,2,6,50,4,2,1,4,4,6,6,1,1,4,4,5,1,18,2,9,1,2,C03,7,9,1,10,2,14,,61,61,1,13,4,120.724516,24.228995,2
295,66000,387130000C,(04)23274275,(04)23288582,2025,08,1,16,13,臺中市,太平區,0,1,0,7,2,6,50,13,9,1,5,4,6,6,4,4,5,2,5,2,14,3,10,5,4,B03,7,2,1,8,2,7,,49,49,1,12,4,120.704898,24.160694,2
296,66000,387130000C,(04)23274275,(04)23288582,2025,08,1,16,14,臺中市,西屯區,0,2,0,7,2,6,30,4,1,1,5,4,6,6,4,4,10,5,5,2,15,2,9,1,1,C03,7,9,1,10,2,12,,15,15,1,12,4,120.655045,24.171338,2
297,66000,387130000C,(04)23274275,(04)23288582,2025,08,1,16,16,臺中市,北屯區,0,1,0,7,2,6,50,13,9,1,5,4,6,6,4,4,5,4,5,2,16,2,9,2,1,C03,7,6,1,10,2,11,,85,85,1,12,4,120.699171,24.17034,2
298,66000,387130000C,(04)23274275,(04)23288582,2025,08,1,16,21,臺中市,北區,0,0,0,7,,,50,,,,,,,,,,,,,,,,,,,A02,,,1,,2,,,84,84,1,13,4,120.679298,24.165404,3
299,66000,387130000C,(04)23274275,(04)23288582,2025,08,1,16,22,臺中市,南區,0,0,0,7,,,50,,,,,,,,,,,,,,,,,,,C03,,,1,,1,,,7,7,1,12,4,120.672502,24.130249,4
300,66000,387130000C,(04)23274275,(04)23288582,2025,08,1,16,22,臺中市,南屯區,0,0,0,7,,,50,,,,,,,,,,,,,,13,,,,,C03,,,1,,1,,,84,84,1,12,4,120.611341,24.138344,3
301,66000,387130000C,(04)23274275,(04)23288582,2025,08,1,16,27,臺中市,霧峰區,0,0,0,7,,,40,,,,,,,,,,,,,,,,,,,B03,,,1,,2,,,57,57,1,13,4,120.663591,24.062247,3
302,66000,387130000C,(04)23274275,(04)23288582,2025,08,1,16,27,臺中市,大里區,0,0,0,7,2,6,50,4,1,1,5,4,6,6,1,1,1,2,4,2,13,3,10,3,1,B03,7,5,1,8,2,5,,7,7,1,13,4,120.684864,24.118863,3
303,66000,387130000C,(04)23274275,(04)23288582,2025,08,1,16,27,臺中市,太平區,0,0,0,7,,,50,,,,,,,,,,,,,,,,,,,B02,,,1,,2,,,59,59,1,6,4,120.718162,24.136711,3
304,66000,387130000C,(04)23274275,(04)23288582,2025,08,1,16,28,臺中市,北屯區,0,0,0,5,,3,40,,,,,,,,,,,,,,,,,,,B03,,,1,,9,,,7,7,1,12,4,120.718511,24.16067,3
305,66000,387130000C,(04)23274275,(04)23288582,2025,08,1,16,30,臺中市,西區,0,2,0,7,2,6,50,13,9,1,5,4,6,6,4,4,9,4,5,2,17,2,9,1,1,C03,7,12,1,10,2,11,,7,7,1,12,4,120.659773,24.146823,2
306,66000,387130000C,(04)23274275,(04)23288582,2025,08,1,16,31,臺中市,西屯區,0,2,0,7,3,6,50,4,1,1,5,4,6,6,1,1,10,5,5,2,16,2,9,5,4,C03,7,6,1,10,2,11,,11,11,1,13,4,120.639584,24.182228,2
307,66000,387130000C,(04)23274275,(04)23288582,2025,08,1,16,36,臺中市,龍井區,0,0,0,7,,,60,,,,,,,,,,,,,,12,,,,,B03,,,1,,2,,,40,40,1,6,4,120.5866,24.192591,3
308,66000,387130000C,(04)23274275,(04)23288582,2025,08,1,16,40,臺中市,后里區,0,0,0,5,,,40,,,,,,,,,,,,,,12,,,,,B03,,,1,,2,,,84,84,1,12,4,120.720598,24.304697,3
309,66000,387130000C,(04)23274275,(04)23288582,2025,08,1,16,41,臺中市,大里區,0,0,0,6,,,50,,,,,,,,,,,,,,16,,,,,B03,,,1,,2,,,14,14,1,13,4,120.687764,24.105958,3
310,66000,387130000C,(04)23274275,(04)23288582,2025,08,1,16,43,臺中市,大里區,0,0,0,7,,,30,,,,,,,,,,,,,,,,,,,B12,,,1,,2,,,8,8,1,13,4,120.679893,24.080486,3
311,66000,387130000C,(04)23274275,(04)23288582,2025,08,1,16,43,臺中市,后里區,0,0,0,7,2,6,50,13,9,1,4,4,6,6,4,4,1,4,5,2,14,3,10,3,1,B12,7,2,1,8,2,3,,49,49,1,12,4,120.719962,24.322296,3
312,66000,387130000C,(04)23274275,(04)23288582,2025,08,1,16,44,臺中市,西屯區,0,0,0,7,,,50,,,,,,,,,,,,,,12,,,,,A11,,,1,,2,,,40,40,1,13,4,120.620648,24.183928,3
313,66000,387130000C,(04)23274275,(04)23288582,2025,08,1,16,45,臺中市,北屯區,0,1,0,7,2,3,40,13,17,1,5,4,6,6,4,4,10,5,5,2,13,3,10,5,4,B03,7,9,1,8,2,2,,84,84,1,12,4,120.694144,24.201018,2
314,66000,387130000C,(04)23274275,(04)23288582,2025,08,1,16,45,臺中市,豐原區,0,1,0,7,2,6,30,13,9,1,5,4,6,6,4,4,10,5,5,1,17,3,10,3,1,B03,7,9,1,8,2,16,,4,4,1,13,4,120.721126,24.232392,2
315,66000,387130000C,(04)23274275,(04)23288582,2025,08,1,16,46,臺中市,南區,0,0,0,7,,,50,,,,,,,,,,,,,,12,,,,,B03,,,1,,2,,,2,2,1,12,4,120.654634,24.114127,3
316,66000,387130000C,(04)23274275,(04)23288582,2025,08,1,16,47,臺中市,北區,0,0,0,7,,,50,,,,,,,,,,,,,,13,,,,,C03,,,1,,1,,,84,84,1,13,4,120.664392,24.158286,3
317,66000,387130000C,(04)23274275,(04)23288582,2025,08,1,16,48,臺中市,北屯區,0,1,0,7,2,6,50,4,4,1,5,4,6,6,2,1,1,3,5,2,30,,,,,,,,,,,,,119,119,1,,,120.698386,24.172769,2
318,66000,387130000C,(04)23274275,(04)23288582,2025,08,1,16,49,臺中市,南屯區,0,0,0,7,,,50,,,,,,,,,,,,,,17,,,,,C04,,,1,,1,,,14,14,1,6,4,120.654495,24.138319,3
319,66000,387130000C,(04)23274275,(04)23288582,2025,08,1,16,49,臺中市,烏日區,0,0,0,7,,,30,,,,,,,,,,,,,,,,,,,B01,,,1,,1,,,7,7,1,12,4,120.61553,24.11295,3
320,66000,387130000C,(04)23274275,(04)23288582,2025,08,1,17,0,臺中市,南屯區,0,0,0,7,,,50,,,,,,,,,,,,,,12,,,,,B03,,,1,,1,,,8,8,1,12,4,120.623413,24.144724,3
321,66000,387130000C,(04)23274275,(04)23288582,2025,08,1,17,0,臺中市,大里區,0,1,0,7,2,6,50,3,1,1,5,4,6,6,4,4,5,5,4,1,3,2,7,6,5,H01,8,16,7,21,10,17,,95,95,1,13,5,120.682694,24.110221,2
322,66000,387130000C,(04)23274275,(04)23288582,2025,08,1,17,2,臺中市,西屯區,0,0,0,7,,,50,,,,,,,,,,,,,,12,,,,,C03,,,1,,1,,,8,8,1,12,4,120.606473,24.192739,3
323,66000,387130000C,(04)23274275,(04)23288582,2025,08,1,17,8,臺中市,太平區,0,1,0,7,2,6,50,13,9,1,5,4,6,6,1,1,5,4,5,2,13,3,10,5,4,C03,7,9,1,10,2,11,,7,7,1,6,4,120.705575,24.159321,2
324,66000,387130000C,(04)23274275,(04)23288582,2025,08,1,17,8,臺中市,神岡區,0,0,0,7,,,50,,,,,,,,,,,,,,13,,,,,C03,,,1,,2,,,59,59,1,12,4,120.646994,24.278564,3
325,66000,387130000C,(04)23274275,(04)23288582,2025,08,1,17,9,臺中市,烏日區,0,1,0,7,2,6,50,4,1,1,5,4,6,6,1,1,10,5,5,2,17,2,9,5,4,C03,7,15,1,10,2,12,,42,42,1,5,4,120.624607,24.104165,2
326,66000,387130000C,(04)23274275,(04)23288582,2025,08,1,17,10,臺中市,大里區,0,0,0,6,,,50,,,,,,,,,,,,,,12,,,,,B03,,,1,,9,,,40,40,1,13,4,120.663186,24.093206,3
327,66000,387130000C,(04)23274275,(04)23288582,2025,08,1,17,16,臺中市,南屯區,0,1,0,7,2,6,30,4,1,1,5,4,6,6,4,4,10,5,5,2,16,3,10,3,1,B03,7,6,1,8,2,8,,65,65,1,6,4,120.607254,24.133829,2
328,66000,387130000C,(04)23274275,(04)23288582,2025,08,1,17,16,臺中市,烏日區,0,1,0,7,2,6,50,13,8,1,5,4,6,6,1,1,1,4,1,2,13,2,8,1,1,F03,7,9,7,21,2,11,,7,7,1,6,4,120.64029,24.116779,2
329,66000,387130000C,(04)23274275,(04)23288582,2025,08,1,17,17,臺中市,龍井區,0,0,0,7,,,70,,,,,,,,,,,,,,13,,,,,B03,,,1,,1,,,7,7,1,6,4,120.579645,24.191746,3
330,66000,387130000C,(04)23274275,(04)23288582,2025,08,1,17,18,臺中市,西屯區,0,0,0,7,,,50,,,,,,,,,,,,,,12,,,,,B03,,,1,,1,,,40,40,1,13,4,120.647003,24.155646,3
331,66000,387130000C,(04)23274275,(04)23288582,2025,08,1,17,19,臺中市,沙鹿區,0,1,0,7,2,6,50,4,1,1,5,4,6,6,1,1,10,5,5,2,16,2,9,2,1,C03,7,6,1,10,2,12,,11,11,1,6,4,120.552398,24.231582,2
332,66000,387130000C,(04)23274275,(04)23288582,2025,08,1,17,20,臺中市,大里區,0,0,0,7,2,6,50,13,14,1,5,4,6,6,4,4,5,4,5,1,17,,,,,B03,,,1,,2,,,50,50,1,13,4,120.689815,24.114794,3
333,66000,387130000C,(04)23274275,(04)23288582,2025,08,1,17,20,臺中市,后里區,0,1,0,5,2,6,50,3,1,1,4,4,6,6,4,4,1,4,4,1,16,3,10,3,1,B03,7,6,1,8,2,6,,14,14,1,12,4,120.723409,24.291212,2
334,66000,387130000C,(04)23274275,(04)23288582,2025,08,1,17,20,臺中市,大甲區,0,0,0,7,,,30,,,,,,,,,,,,,,,,,,,B03,,,1,,1,,,50,50,1,6,4,120.614886,24.347387,3
335,66000,387130000C,(04)23274275,(04)23288582,2025,08,1,17,22,臺中市,南區,0,0,0,7,,,50,,,,,,,,,,,,,,13,,,,,C03,,,1,,1,,,84,84,1,12,4,120.681178,24.121392,4
336,66000,387130000C,(04)23274275,(04)23288582,2025,08,1,17,23,臺中市,南屯區,0,0,0,7,,,50,,,,,,,,,,,,,,12,,,,,B03,,,1,,1,,,50,50,1,12,4,120.648999,24.134581,3
337,66000,387130000C,(04)23274275,(04)23288582,2025,08,1,17,27,臺中市,龍井區,0,1,0,7,2,6,40,4,4,1,5,4,6,6,2,1,9,5,5,2,13,2,9,1,1,C03,7,9,1,10,2,12,,7,7,1,6,4,120.585332,24.186961,2
338,66000,387130000C,(04)23274275,(04)23288582,2025,08,1,17,27,臺中市,神岡區,0,1,0,6,1,6,30,4,1,1,5,4,6,6,1,1,10,5,5,1,15,3,10,5,4,B03,7,9,1,8,2,8,,21,21,1,12,4,120.670854,24.261841,2