﻿序號,縣市別代碼,機關代碼,市話,傳真,年,月,日,時,分,縣市,區,死亡數量,受傷數量,2-30,天候,道路照明設備,道路類別,道路速限,道路型態,事故位置,路面鋪裝,路面狀態,路面缺陷,障礙物,視距,號誌種類,號誌動作,分向設施,快車道或一般車道間,快慢車道間,路面邊線,事故類型及型態,受傷程度,主要傷處,保護裝備,行動電話或功能裝置,當事者區分_類別,車輛用途,當事者行動狀態,駕照狀態,駕照種類,飲酒情形,車輛撞擊部位最初,車輛撞擊部位其他,肇事因素個別,肇事因素主要,肇事逃逸,職業,共享經濟或外送平台,GPS座標X,GPS座標Y,事故類別
676,66000,387130000C,(04)23274275,(04)23288582,2025,08,2,18,19,臺中市,西屯區,0,0,0,5,,,50,,,,,,,,,,,,,,17,,,,,B03,,,1,,1,,,76,76,1,13,4,120.635038,24.173603,3
677,66000,387130000C,(04)23274275,(04)23288582,2025,08,2,18,20,臺中市,沙鹿區,0,1,0,5,2,6,50,4,1,1,4,4,6,6,4,4,10,5,5,2,15,3,10,3,1,B03,7,9,1,8,2,2,,15,15,1,6,4,120.565438,24.236394,2
678,66000,387130000C,(04)23274275,(04)23288582,2025,08,2,18,21,臺中市,西區,0,0,0,5,,,50,,,,,,,,,,,,,,14,,,,,B03,,,1,,2,,,49,49,1,12,4,120.655502,24.147585,3
679,66000,387130000C,(04)23274275,(04)23288582,2025,08,2,18,21,臺中市,西屯區,0,0,0,5,1,6,40,13,9,1,4,4,6,6,4,4,1,4,1,2,13,,,,,B12,,,1,,1,,,7,7,1,13,4,120.628983,24.163859,3
680,66000,387130000C,(04)23274275,(04)23288582,2025,08,2,18,28,臺中市,南屯區,0,1,0,5,1,6,50,3,1,1,4,4,6,6,4,4,5,5,5,2,16,3,10,3,1,B03,7,11,1,8,2,8,,45,45,1,6,4,120.610887,24.145395,2
681,66000,387130000C,(04)23274275,(04)23288582,2025,08,2,18,30,臺中市,南區,0,0,0,5,,,50,,,,,,,,,,,,,,21,,,,,B03,,,1,,2,,,84,84,1,12,4,120.662927,24.120436,3
682,66000,387130000C,(04)23274275,(04)23288582,2025,08,2,18,31,臺中市,龍井區,0,0,0,5,,,50,,,,,,,,,,,,,,,,,,,B03,,,1,,1,,,50,50,1,12,4,120.523791,24.207332,4
683,66000,387130000C,(04)23274275,(04)23288582,2025,08,2,18,33,臺中市,大里區,0,1,0,5,1,6,50,3,1,1,4,4,6,6,4,4,5,5,4,2,17,3,10,5,4,C03,7,6,1,10,2,16,,48,48,1,12,4,120.715515,24.098122,2
684,66000,387130000C,(04)23274275,(04)23288582,2025,08,2,18,34,臺中市,大甲區,0,0,0,5,,,50,,,,,,,,,,,,,,,,,,,C03,,,1,,1,,,48,48,1,6,4,120.620966,24.349364,3
685,66000,387130000C,(04)23274275,(04)23288582,2025,08,2,18,36,臺中市,北區,0,1,0,5,1,6,50,4,1,1,4,4,6,6,1,1,10,5,5,2,12,3,10,3,1,B03,7,9,1,8,2,2,,84,84,1,12,4,120.673926,24.165202,2
686,66000,387130000C,(04)23274275,(04)23288582,2025,08,2,18,39,臺中市,北屯區,0,0,0,5,,,50,,,,,,,,,,,,,,13,,,,,B03,,,1,8,9,,,40,40,1,12,4,120.677442,24.185682,3
687,66000,387130000C,(04)23274275,(04)23288582,2025,08,2,18,44,臺中市,北區,0,1,0,5,1,6,50,4,1,1,4,4,6,6,4,4,10,5,5,2,15,3,10,3,1,B03,7,9,1,8,2,4,,20,20,1,12,4,120.674374,24.147152,2
688,66000,387130000C,(04)23274275,(04)23288582,2025,08,2,18,44,臺中市,北屯區,0,0,0,5,,,50,,,,,,,,,,,,,,14,,,,,B03,,,1,,1,,,49,49,1,13,4,120.659185,24.190656,3
689,66000,387130000C,(04)23274275,(04)23288582,2025,08,2,18,49,臺中市,龍井區,0,1,0,5,1,6,50,3,1,1,4,4,6,6,4,4,10,5,5,2,16,3,10,3,1,B03,7,6,1,8,2,1,,14,14,1,6,4,120.573047,24.191958,2
690,66000,387130000C,(04)23274275,(04)23288582,2025,08,2,18,50,臺中市,大里區,0,1,0,5,1,6,60,4,1,1,4,4,6,6,1,1,1,2,4,1,13,2,8,1,1,C03,7,9,2,19,2,11,,7,7,1,13,4,120.689861,24.100887,2
691,66000,387130000C,(04)23274275,(04)23288582,2025,08,2,18,50,臺中市,太平區,0,2,0,5,1,6,50,4,1,1,4,2,6,6,2,1,10,5,5,2,18,2,8,1,1,C03,7,5,1,10,2,12,,84,84,1,6,4,120.714248,24.149616,2
692,66000,387130000C,(04)23274275,(04)23288582,2025,08,2,18,51,臺中市,太平區,0,0,0,5,,,40,,,,,,,,,,,,,,11,,,,,B03,,,1,,2,,,8,8,1,12,4,120.727065,24.110404,3
693,66000,387130000C,(04)23274275,(04)23288582,2025,08,2,18,53,臺中市,太平區,0,0,0,5,,,50,,,,,,,,,,,,,,,,,,,B03,,,1,,2,,,59,59,1,6,4,120.716837,24.118057,3
694,66000,387130000C,(04)23274275,(04)23288582,2025,08,2,18,58,臺中市,清水區,0,0,0,5,1,6,60,4,7,1,4,4,6,6,1,1,8,3,4,2,13,,,,,B03,,,1,,1,,,7,7,1,12,4,120.564446,24.296968,3
695,66000,387130000C,(04)23274275,(04)23288582,2025,08,2,18,59,臺中市,大雅區,0,1,0,5,3,6,50,13,9,1,4,4,6,6,4,4,9,5,4,1,12,2,9,2,1,C03,7,9,1,10,2,12,,8,8,1,13,4,120.653755,24.229171,2
696,66000,387130000C,(04)23274275,(04)23288582,2025,08,2,19,0,臺中市,大甲區,0,0,0,5,,,50,,,,,,,,,,,,,,12,,,,,B03,,,1,,1,,,8,8,1,13,4,120.630569,24.359072,3
697,66000,387130000C,(04)23274275,(04)23288582,2025,08,2,19,3,臺中市,大雅區,0,0,0,5,,,60,,,,,,,,,,,,,,,,,,,B03,,,1,,1,,,87,87,1,12,4,120.648998,24.216597,3
698,66000,387130000C,(04)23274275,(04)23288582,2025,08,2,19,7,臺中市,西區,0,0,0,5,,,50,,,,,,,,,,,,,,17,,,,,B03,,,1,,2,,,8,8,1,12,4,120.6581,24.152429,3
699,66000,387130000C,(04)23274275,(04)23288582,2025,08,2,19,7,臺中市,西區,0,0,0,5,,,50,,,,,,,,,,,,,,,,,,,B03,,,1,,2,,,50,50,1,6,4,120.658319,24.152536,3
700,66000,387130000C,(04)23274275,(04)23288582,2025,08,2,19,9,臺中市,北屯區,0,1,0,5,1,6,50,4,1,1,4,4,6,6,2,1,10,4,5,2,16,3,10,3,1,B03,7,5,1,8,2,5,,84,84,1,12,4,120.685849,24.179117,2
701,66000,387130000C,(04)23274275,(04)23288582,2025,08,2,19,9,臺中市,霧峰區,0,2,0,5,1,6,50,13,9,1,4,4,6,6,4,4,5,5,5,2,9,2,9,2,1,C03,7,9,1,10,2,15,,84,84,1,13,4,120.699298,24.064318,2
702,66000,387130000C,(04)23274275,(04)23288582,2025,08,2,19,10,臺中市,西屯區,0,0,0,6,,,50,,,,,,,,,,,,,,17,,,,,B03,,,1,,2,,,51,51,1,12,4,120.620195,24.187171,3
703,66000,387130000C,(04)23274275,(04)23288582,2025,08,2,19,11,臺中市,北區,0,0,0,5,,,1,,,,,,,,,,,,,,17,,,,,C03,,,1,,2,,,84,84,1,12,4,120.68214,24.152899,3
704,66000,387130000C,(04)23274275,(04)23288582,2025,08,2,19,13,臺中市,龍井區,0,1,0,6,1,6,70,13,7,1,4,3,6,6,4,4,1,4,1,1,30,2,9,1,1,C03,7,9,1,10,2,11,,59,59,1,6,4,120.504776,24.206728,2
705,66000,387130000C,(04)23274275,(04)23288582,2025,08,2,19,15,臺中市,西屯區,0,0,0,5,,,50,,,,,,,,,,,,,,12,,,,,B03,,,1,,2,,,40,40,1,12,4,120.650658,24.164719,3
706,66000,387130000C,(04)23274275,(04)23288582,2025,08,2,19,17,臺中市,東區,0,0,0,5,,,50,,,,,,,,,,,,,,13,,,,,B02,,,1,,2,,,7,7,1,12,4,120.701173,24.142681,3
707,66000,387130000C,(04)23274275,(04)23288582,2025,08,2,19,19,臺中市,北屯區,0,1,0,5,1,6,50,3,1,1,4,4,6,6,1,1,4,3,4,2,16,3,10,3,1,B03,7,6,1,6,2,8,5,23,23,1,13,4,120.741489,24.180284,2
708,66000,387130000C,(04)23274275,(04)23288582,2025,08,2,19,19,臺中市,豐原區,0,1,0,5,1,6,50,4,1,1,4,4,6,6,1,1,10,5,5,2,15,3,10,3,1,B03,7,9,1,8,2,2,,21,21,1,13,4,120.722571,24.255914,2
709,66000,387130000C,(04)23274275,(04)23288582,2025,08,2,19,22,臺中市,清水區,0,0,0,6,,,70,,,,,,,,,,,,,,,,,,,B03,,,1,,2,,,40,40,1,12,4,120.583106,24.283032,3
710,66000,387130000C,(04)23274275,(04)23288582,2025,08,2,19,23,臺中市,中區,0,1,0,5,1,6,50,12,9,1,4,4,6,6,4,4,5,4,5,2,30,,,,,,,,,,,,,119,119,1,,,120.680467,24.145605,2
711,66000,387130000C,(04)23274275,(04)23288582,2025,08,2,19,24,臺中市,西屯區,0,2,0,6,1,6,40,3,1,1,5,4,6,6,4,4,10,5,5,2,30,2,9,2,4,C03,7,9,1,10,2,12,,6,6,1,13,4,120.63882,24.172066,2
712,66000,387130000C,(04)23274275,(04)23288582,2025,08,2,19,25,臺中市,潭子區,0,0,0,5,,,30,,,,,,,,,,,,,,,,,,,B03,,,1,,2,,,12,12,1,13,4,120.691993,24.219315,3
713,66000,387130000C,(04)23274275,(04)23288582,2025,08,2,19,37,臺中市,大安區,0,1,0,5,1,6,50,13,9,1,4,4,6,6,4,4,9,5,5,1,28,2,9,1,1,C03,7,9,1,10,2,14,,87,87,1,5,4,120.585916,24.374199,2
714,66000,387130000C,(04)23274275,(04)23288582,2025,08,2,19,47,臺中市,大甲區,0,0,0,5,1,6,40,4,1,1,4,4,6,6,4,4,8,1,5,2,16,3,10,3,1,B03,7,9,1,8,2,4,,20,20,1,6,4,120.64786,24.401978,3
715,66000,387130000C,(04)23274275,(04)23288582,2025,08,2,19,49,臺中市,北區,0,0,0,5,1,6,,3,19,1,4,4,6,6,1,1,1,4,5,2,35,,,,,,,,,,,,,118,118,1,,,120.698736,24.154135,3
716,66000,387130000C,(04)23274275,(04)23288582,2025,08,2,19,52,臺中市,南屯區,0,3,0,5,1,6,50,13,9,1,4,4,6,6,4,4,9,5,5,2,17,2,9,2,1,C03,7,8,1,10,2,13,,40,40,1,13,4,120.651855,24.135935,2
717,66000,387130000C,(04)23274275,(04)23288582,2025,08,2,19,54,臺中市,西屯區,0,1,0,5,1,6,50,4,1,1,4,4,6,6,2,1,9,4,5,2,11,3,10,5,4,C03,7,6,1,10,2,13,,48,48,1,13,4,120.639967,24.185145,2
718,66000,387130000C,(04)23274275,(04)23288582,2025,08,2,20,9,臺中市,北區,0,2,0,5,1,6,50,3,1,1,4,4,6,6,4,4,10,5,5,2,16,2,8,1,1,C03,7,5,1,10,2,14,,14,14,1,12,4,120.690076,24.155888,2
719,66000,387130000C,(04)23274275,(04)23288582,2025,08,2,20,9,臺中市,龍井區,0,0,0,6,,,50,,,,,,,,,,,,,,14,,,,,B03,,,1,,2,,,49,49,1,6,4,120.583775,24.1807,3
720,66000,387130000C,(04)23274275,(04)23288582,2025,08,2,20,12,臺中市,龍井區,0,1,0,6,1,6,50,13,9,1,4,4,6,6,4,4,9,5,5,1,13,4,11,1,1,C03,7,9,2,19,2,11,,7,7,1,3,4,120.583755,24.181458,2
721,66000,387130000C,(04)23274275,(04)23288582,2025,08,2,20,16,臺中市,大里區,0,1,0,5,1,6,50,3,1,1,4,4,6,6,4,4,5,5,4,2,16,3,10,3,1,B03,7,6,1,8,2,8,,14,14,1,12,4,120.681925,24.10832,2
722,66000,387130000C,(04)23274275,(04)23288582,2025,08,2,20,17,臺中市,神岡區,0,1,0,5,1,6,50,4,2,1,4,4,6,6,1,1,5,5,5,2,18,2,8,1,4,C03,7,12,1,10,2,12,,84,84,1,12,4,120.658645,24.258482,2
723,66000,387130000C,(04)23274275,(04)23288582,2025,08,2,20,24,臺中市,北區,0,0,0,5,,,50,,,,,,,,,,,,,,11,,,,,C03,,,1,,2,,,59,59,1,12,4,120.698817,24.160608,3
724,66000,387130000C,(04)23274275,(04)23288582,2025,08,2,20,29,臺中市,石岡區,0,0,0,6,,,50,,,,,,,,,,,,,,,,,,,B12,,,1,,9,,,78,78,1,12,4,120.776976,24.276461,3
725,66000,387130000C,(04)23274275,(04)23288582,2025,08,2,20,30,臺中市,南屯區,0,0,0,5,,3,40,,,,,,,,,,,,,,,,,,,B03,,,1,,1,,,87,87,1,6,4,120.621618,24.134699,3
726,66000,387130000C,(04)23274275,(04)23288582,2025,08,2,20,30,臺中市,沙鹿區,0,0,0,6,,,50,,,,,,,,,,,,,,17,,,,,C03,,,1,,2,,,49,49,1,6,4,120.570124,24.243831,3
727,66000,387130000C,(04)23274275,(04)23288582,2025,08,2,20,33,臺中市,神岡區,0,0,0,5,,,50,,,,,,,,,,,,,,17,,,,,B03,,,1,,1,,,59,59,1,13,4,120.682189,24.243054,3
728,66000,387130000C,(04)23274275,(04)23288582,2025,08,2,20,38,臺中市,南區,0,0,0,6,,,50,,,,,,,,,,,,,,,,,,,C03,,,1,,1,,,51,51,1,6,4,120.671398,24.119158,4
729,66000,387130000C,(04)23274275,(04)23288582,2025,08,2,20,43,臺中市,西區,0,0,0,5,,,50,,,,,,,,,,,,,,17,,,,,B03,,,1,,2,,,84,84,1,11,4,120.657772,24.157877,3
730,66000,387130000C,(04)23274275,(04)23288582,2025,08,2,20,45,臺中市,龍井區,0,0,0,5,,,50,,,,,,,,,,,,,,11,,,,,B03,,,1,,2,,,8,8,1,6,4,120.57047,24.177985,3
731,66000,387130000C,(04)23274275,(04)23288582,2025,08,2,20,51,臺中市,中區,0,0,0,5,,,50,,,,,,,,,,,,,,14,,,,,B03,,,1,,2,,,49,49,1,12,4,120.677572,24.144109,3
732,66000,387130000C,(04)23274275,(04)23288582,2025,08,2,20,53,臺中市,西區,0,0,0,5,1,6,50,4,2,1,4,4,6,6,2,1,8,3,4,2,13,,,,,B03,,,1,,1,,,84,84,1,13,4,120.666823,24.141123,3
733,66000,387130000C,(04)23274275,(04)23288582,2025,08,2,21,0,臺中市,南屯區,0,0,0,5,,3,40,,,,,,,,,,,,,,,,,,,B03,,,1,,1,,,84,84,1,6,4,120.621618,24.134699,3
734,66000,387130000C,(04)23274275,(04)23288582,2025,08,2,21,0,臺中市,南屯區,0,0,0,5,,3,40,,,,,,,,,,,,,,,,,,,B03,,,1,,1,,,5,5,1,6,4,120.621618,24.134699,3
735,66000,387130000C,(04)23274275,(04)23288582,2025,08,2,21,10,臺中市,西區,0,1,0,6,1,6,50,5,1,1,4,4,6,6,1,1,10,5,5,2,17,3,10,3,1,B03,7,5,1,8,2,2,,38,38,1,12,4,120.670187,24.150853,2
736,66000,387130000C,(04)23274275,(04)23288582,2025,08,2,21,11,臺中市,潭子區,0,0,0,5,,,50,,,,,,,,,,,,,,,,,,,B03,,,1,,2,,,7,7,1,13,4,120.70515,24.215575,3
737,66000,387130000C,(04)23274275,(04)23288582,2025,08,2,21,12,臺中市,西區,0,0,0,5,,,50,,,,,,,,,,,,,,,,,,,B03,,,1,,2,,,7,7,1,12,4,120.661768,24.15529,3
738,66000,387130000C,(04)23274275,(04)23288582,2025,08,2,21,16,臺中市,梧棲區,0,0,0,7,,,50,,,,,,,,,,,,,,13,,,,,C03,,,1,,1,,,7,7,1,6,4,120.528904,24.254221,3
739,66000,387130000C,(04)23274275,(04)23288582,2025,08,2,21,17,臺中市,東區,0,1,0,6,1,6,50,4,1,1,4,4,6,6,1,1,9,4,5,2,12,2,8,1,1,C03,7,6,1,10,2,14,,48,48,1,12,2,120.706049,24.144484,2
740,66000,387130000C,(04)23274275,(04)23288582,2025,08,2,21,23,臺中市,西屯區,0,1,0,5,1,6,50,4,4,1,4,4,6,6,2,1,5,2,5,2,13,2,8,1,1,C03,7,9,1,10,2,11,,59,59,1,13,4,120.627693,24.201611,2
741,66000,387130000C,(04)23274275,(04)23288582,2025,08,2,21,23,臺中市,清水區,0,0,0,5,,,50,,,,,,,,,,,,,,,,,,,B03,,,1,,1,,,7,7,1,12,4,120.573441,24.266685,3
742,66000,387130000C,(04)23274275,(04)23288582,2025,08,2,21,26,臺中市,西屯區,0,0,0,5,,,50,,,,,,,,,,,,,,,,,,,B12,,,1,,9,,,58,58,1,12,4,120.60891,24.155274,3
743,66000,387130000C,(04)23274275,(04)23288582,2025,08,2,21,35,臺中市,大里區,0,0,0,5,,,30,,,,,,,,,,,,,,14,,,,,B03,,,1,,2,,,49,49,1,12,4,120.72757,24.095112,3
744,66000,387130000C,(04)23274275,(04)23288582,2025,08,2,21,38,臺中市,大里區,0,0,0,5,1,6,60,13,7,1,4,4,6,6,1,1,1,4,4,2,13,,,,,B03,,,1,,2,,,7,7,1,13,4,120.690749,24.100893,3
745,66000,387130000C,(04)23274275,(04)23288582,2025,08,2,21,50,臺中市,東區,0,1,0,5,1,6,50,5,1,1,4,4,6,6,2,1,10,5,5,2,13,2,9,2,1,C03,7,6,1,10,2,13,12,42,42,1,12,4,120.702428,24.131518,2
746,66000,387130000C,(04)23274275,(04)23288582,2025,08,2,21,53,臺中市,西區,0,1,0,5,1,6,40,3,2,1,4,4,6,6,4,4,5,4,4,2,30,2,9,3,1,B01,7,9,1,2,2,1,,84,84,1,12,4,120.665455,24.148394,2
747,66000,387130000C,(04)23274275,(04)23288582,2025,08,2,21,53,臺中市,霧峰區,0,1,0,5,1,6,30,3,1,1,4,4,6,6,4,4,10,5,5,2,16,3,10,3,1,B03,7,6,1,8,2,8,,14,14,1,13,4,120.708047,24.071725,2
748,66000,387130000C,(04)23274275,(04)23288582,2025,08,2,21,58,臺中市,潭子區,0,0,0,5,1,6,50,13,9,1,4,4,6,6,4,4,9,4,5,2,27,3,10,3,1,B03,7,9,1,8,7,5,,90,90,1,12,4,120.704787,24.196228,3
749,66000,387130000C,(04)23274275,(04)23288582,2025,08,2,22,0,臺中市,南屯區,0,0,0,7,,,,,,,,,,,,,,,,,,,,,,,,,,,,,,119,119,1,,,120.644734,24.149064,3
750,66000,387130000C,(04)23274275,(04)23288582,2025,08,2,22,0,臺中市,南屯區,0,0,0,7,,,40,,,,,,,,,,,,,,,,,,,C03,,,1,,1,,,87,87,1,6,4,120.635295,24.149567,4
751,66000,387130000C,(04)23274275,(04)23288582,2025,08,2,22,0,臺中市,大安區,0,1,0,6,1,6,30,4,1,1,5,4,6,6,3,1,10,5,5,2,15,3,10,3,1,B03,7,9,1,8,2,1,,20,20,1,6,4,120.602773,24.391719,2
752,66000,387130000C,(04)23274275,(04)23288582,2025,08,2,22,1,臺中市,烏日區,0,0,0,5,,,50,,,,,,,,,,,,,,24,,,,,B03,,,1,,2,,,59,59,1,13,4,120.638243,24.107776,3
753,66000,387130000C,(04)23274275,(04)23288582,2025,08,2,22,12,臺中市,北區,0,0,0,5,,,50,,,,,,,,,,,,,,,,,,,B03,,,1,,1,,,49,49,1,12,4,120.684681,24.1515,3
754,66000,387130000C,(04)23274275,(04)23288582,2025,08,2,22,14,臺中市,中區,0,1,0,5,1,6,50,13,9,1,4,4,6,6,4,4,5,4,5,2,17,3,10,3,1,B03,7,1,1,8,2,1,,51,51,1,12,4,120.683184,24.141249,2
755,66000,387130000C,(04)23274275,(04)23288582,2025,08,2,22,18,臺中市,大里區,0,1,0,5,1,6,30,3,2,1,4,4,6,6,4,4,10,5,5,2,12,3,10,1,1,C03,7,1,1,10,2,13,,51,51,1,12,4,120.701683,24.105382,2
756,66000,387130000C,(04)23274275,(04)23288582,2025,08,2,22,20,臺中市,南屯區,0,1,0,5,1,6,50,13,9,1,3,4,6,6,4,4,5,4,4,2,17,2,9,2,1,C03,7,9,1,10,1,11,,59,59,1,12,4,120.640739,24.148775,2
757,66000,387130000C,(04)23274275,(04)23288582,2025,08,2,22,28,臺中市,西屯區,0,1,0,5,1,6,50,4,1,1,4,4,6,6,2,1,3,4,5,2,3,3,10,5,4,B03,7,5,1,8,2,1,,10,10,1,13,4,120.614213,24.185318,2
758,66000,387130000C,(04)23274275,(04)23288582,2025,08,2,22,29,臺中市,北屯區,0,1,0,5,1,6,50,3,1,1,4,3,6,6,1,1,4,3,5,1,18,2,9,2,1,C03,7,9,1,10,2,12,,58,58,1,13,4,120.674585,24.203164,2
759,66000,387130000C,(04)23274275,(04)23288582,2025,08,2,22,30,臺中市,豐原區,0,0,0,5,,,30,,,,,,,,,,,,,,13,,,,,B03,,,1,,2,,,84,84,1,13,4,120.722056,24.272968,3
760,66000,387130000C,(04)23274275,(04)23288582,2025,08,2,22,34,臺中市,神岡區,0,1,0,5,2,6,50,3,1,1,4,4,6,6,4,4,5,4,5,1,17,3,10,5,4,B03,7,6,1,8,2,2,,14,14,1,13,4,120.661504,24.256051,2
761,66000,387130000C,(04)23274275,(04)23288582,2025,08,2,22,37,臺中市,西屯區,0,0,0,7,,,60,,,,,,,,,,,,,,12,,,,,B03,,,1,,1,,,40,40,1,13,4,120.64957,24.162829,3
762,66000,387130000C,(04)23274275,(04)23288582,2025,08,2,22,39,臺中市,大雅區,0,0,0,6,,,30,,,,,,,,,,,,,,,,,,,B03,,,1,,2,,,49,49,1,13,4,120.629658,24.208641,3
763,66000,387130000C,(04)23274275,(04)23288582,2025,08,2,22,39,臺中市,大里區,0,1,0,5,1,6,50,5,1,1,4,4,6,6,1,1,5,5,5,1,15,3,10,3,1,B03,7,9,1,8,2,4,,21,21,1,13,4,120.671495,24.107887,2
764,66000,387130000C,(04)23274275,(04)23288582,2025,08,2,22,42,臺中市,大里區,0,0,0,5,,,50,,,,,,,,,,,,,,14,,,,,B03,,,1,,11,,,50,50,1,12,4,120.702113,24.08563,3
765,66000,387130000C,(04)23274275,(04)23288582,2025,08,2,22,45,臺中市,西屯區,0,1,0,5,1,6,50,13,7,1,4,4,6,6,4,4,5,5,4,2,17,2,9,5,4,C03,7,9,1,10,2,14,,84,84,1,12,4,120.646976,24.1708,2
766,66000,387130000C,(04)23274275,(04)23288582,2025,08,2,22,50,臺中市,南屯區,0,0,0,7,,,50,,,,,,,,,,,,,,17,,,,,C03,,,1,,1,,,7,7,1,12,4,120.648284,24.146805,3
767,66000,387130000C,(04)23274275,(04)23288582,2025,08,2,22,54,臺中市,北區,0,1,0,5,1,6,50,4,2,1,4,4,6,6,1,1,1,4,5,2,18,2,9,1,1,C03,7,9,1,10,2,16,14,84,84,1,12,4,120.664123,24.162017,2
768,66000,387130000C,(04)23274275,(04)23288582,2025,08,2,23,1,臺中市,南區,0,1,0,5,1,6,50,4,1,1,4,4,6,6,1,1,5,5,5,2,18,2,9,2,1,C03,7,9,1,10,2,16,,84,84,1,13,4,120.681109,24.126388,2
769,66000,387130000C,(04)23274275,(04)23288582,2025,08,2,23,8,臺中市,西屯區,0,0,0,6,,,0,,,,,,,,,,,,,,14,,,,,B03,,,1,,1,,,49,49,1,13,4,120.624316,24.194298,3
770,66000,387130000C,(04)23274275,(04)23288582,2025,08,2,23,10,臺中市,西屯區,0,2,0,5,1,6,50,3,9,1,4,4,6,6,1,1,5,4,5,2,13,2,9,5,4,C03,7,9,1,9,2,11,,8,8,1,12,4,120.61874,24.187802,2
771,66000,387130000C,(04)23274275,(04)23288582,2025,08,2,23,11,臺中市,大雅區,0,0,0,6,,,30,,,,,,,,,,,,,,,,,,,B03,,,1,,2,,,24,24,1,11,4,120.653784,24.231071,3
772,66000,387130000C,(04)23274275,(04)23288582,2025,08,2,23,55,臺中市,烏日區,0,0,0,5,,,50,,,,,,,,,,,,,,30,,,,,B03,,,1,,2,,,59,59,1,13,4,120.643086,24.093287,3
773,66000,387130000C,(04)23274275,(04)23288582,2025,08,3,0,0,臺中市,西區,0,0,0,5,,,50,,,,,,,,,,,,,,17,,,,,,,,,,,,,85,85,1,,,120.6514,24.14533,3
774,66000,387130000C,(04)23274275,(04)23288582,2025,08,3,0,4,臺中市,西屯區,0,1,0,6,1,6,50,4,1,1,4,4,6,6,2,1,10,5,5,2,17,3,10,5,4,B03,7,7,1,8,2,15,,85,85,1,13,4,120.63715,24.171938,2
775,66000,387130000C,(04)23274275,(04)23288582,2025,08,3,0,15,臺中市,南屯區,0,1,0,5,1,6,50,5,2,1,3,4,6,6,2,1,5,4,4,2,17,3,10,3,1,B03,7,9,1,8,2,1,,7,7,1,12,4,120.633248,24.124221,2
776,66000,387130000C,(04)23274275,(04)23288582,2025,08,3,0,15,臺中市,沙鹿區,0,0,0,7,,,50,,,,,,,,,,,,,,13,,,,,B03,,,1,,1,,,7,7,1,6,4,120.57134,24.242718,3
777,66000,387130000C,(04)23274275,(04)23288582,2025,08,3,0,28,臺中市,沙鹿區,0,0,0,7,,,50,,,,,,,,,,,,,,15,,,,,B03,,,1,,2,,,24,24,1,6,4,120.564259,24.205148,3
778,66000,387130000C,(04)23274275,(04)23288582,2025,08,3,0,36,臺中市,大里區,0,0,0,6,,,50,,,,,,,,,,,,,,17,,,,,B12,,,1,,2,,,50,50,1,12,4,120.693587,24.108475,3
779,66000,387130000C,(04)23274275,(04)23288582,2025,08,3,0,36,臺中市,太平區,0,1,0,5,1,6,50,4,1,1,4,4,6,6,2,1,10,5,5,2,17,2,9,2,1,C03,7,9,1,10,2,12,,21,21,1,12,4,120.717584,24.152594,2
780,66000,387130000C,(04)23274275,(04)23288582,2025,08,3,0,48,臺中市,西屯區,0,2,0,5,1,6,30,3,1,1,4,4,6,6,4,4,10,5,5,2,17,2,9,5,4,C03,7,6,1,10,2,11,14,12,12,1,12,4,120.644249,24.175078,2
781,66000,387130000C,(04)23274275,(04)23288582,2025,08,3,1,4,臺中市,北區,0,0,0,5,,,50,,,,,,,,,,,,,,,,,,,C03,,,1,,1,,,84,84,1,13,4,120.68138,24.154309,3
782,66000,387130000C,(04)23274275,(04)23288582,2025,08,3,2,12,臺中市,南區,0,1,0,5,1,6,40,4,2,1,4,4,6,6,1,1,1,4,4,2,18,2,9,1,1,C03,7,9,4,19,6,12,,53,53,1,6,4,120.654769,24.115048,2
783,66000,387130000C,(04)23274275,(04)23288582,2025,08,3,2,18,臺中市,太平區,0,0,0,5,1,6,50,13,9,1,4,4,6,6,4,4,5,5,5,1,16,,,,,C03,,,3,,2,,,84,84,1,12,4,120.732345,24.136959,3
784,66000,387130000C,(04)23274275,(04)23288582,2025,08,3,3,55,臺中市,大里區,0,0,0,5,,,50,,,,,,,,,,,,,,9,,,,,B03,,,1,,2,,,84,84,1,12,4,120.68991,24.113498,3
785,66000,387130000C,(04)23274275,(04)23288582,2025,08,3,4,42,臺中市,烏日區,0,1,0,5,1,6,50,3,2,1,4,4,6,6,2,1,1,4,4,1,25,2,9,5,4,B03,7,9,1,8,2,4,,55,55,1,13,4,120.59311,24.112878,2
786,66000,387130000C,(04)23274275,(04)23288582,2025,08,3,4,57,臺中市,西屯區,0,2,0,7,1,6,50,4,1,1,4,4,6,6,1,1,10,5,5,2,16,2,9,5,4,C03,7,5,1,10,2,11,12,47,47,1,12,4,120.65263,24.166498,2
787,66000,387130000C,(04)23274275,(04)23288582,2025,08,3,5,4,臺中市,沙鹿區,0,0,0,7,,,60,,,,,,,,,,,,,,12,,,,,A11,,,1,,2,,,59,59,1,6,4,120.561476,24.208531,3
788,66000,387130000C,(04)23274275,(04)23288582,2025,08,3,5,22,臺中市,豐原區,0,1,0,5,2,6,50,13,9,1,4,4,6,6,4,4,10,4,5,2,12,2,9,5,4,C04,7,8,3,19,2,14,,26,26,1,12,4,120.720001,24.262896,2