﻿序號,縣市別代碼,機關代碼,市話,傳真,年,月,日,時,分,縣市,區,死亡數量,受傷數量,2-30,天候,道路照明設備,道路類別,道路速限,道路型態,事故位置,路面鋪裝,路面狀態,路面缺陷,障礙物,視距,號誌種類,號誌動作,分向設施,快車道或一般車道間,快慢車道間,路面邊線,事故類型及型態,受傷程度,主要傷處,保護裝備,行動電話或功能裝置,當事者區分_類別,車輛用途,當事者行動狀態,駕照狀態,駕照種類,飲酒情形,車輛撞擊部位最初,車輛撞擊部位其他,肇事因素個別,肇事因素主要,肇事逃逸,職業,共享經濟或外送平台,GPS座標X,GPS座標Y,事故類別
789,66000,387130000C,(04)23274275,(04)23288582,2025,08,3,5,33,臺中市,沙鹿區,0,1,0,7,1,6,50,4,1,1,5,4,6,6,3,1,10,5,5,2,16,3,10,3,1,B02,7,6,1,8,1,7,,24,24,1,6,4,120.568842,24.223212,2
790,66000,387130000C,(04)23274275,(04)23288582,2025,08,3,5,34,臺中市,中區,0,1,0,6,2,6,50,4,1,1,4,4,6,6,3,1,10,5,5,2,17,3,10,3,1,B03,7,9,1,8,2,6,,24,24,1,13,4,120.677043,24.143166,2
791,66000,387130000C,(04)23274275,(04)23288582,2025,08,3,5,48,臺中市,中區,0,0,0,5,,,50,,,,,,,,,,,,,,17,,,,,B03,,,1,,1,,,84,84,1,12,4,120.683678,24.141513,3
792,66000,387130000C,(04)23274275,(04)23288582,2025,08,3,6,53,臺中市,石岡區,0,0,0,5,,,70,,,,,,,,,,,,,,,,,,,B12,,,1,,3,,,56,56,1,13,4,120.808709,24.264982,3
793,66000,387130000C,(04)23274275,(04)23288582,2025,08,3,7,3,臺中市,大里區,0,0,0,5,,,30,,,,,,,,,,,,,,,,,,,B03,,,1,,2,,,8,8,1,12,4,120.70118,24.105921,3
794,66000,387130000C,(04)23274275,(04)23288582,2025,08,3,7,10,臺中市,梧棲區,0,0,0,5,,,50,,,,,,,,,,,,,,16,,,,,C03,,,1,,2,,,34,34,1,12,4,120.534501,24.253346,3
795,66000,387130000C,(04)23274275,(04)23288582,2025,08,3,7,31,臺中市,大里區,0,1,0,5,3,6,30,4,1,1,4,4,6,6,4,4,10,5,5,2,15,2,8,1,1,C03,7,9,1,10,2,12,,15,15,1,6,4,120.677456,24.094723,2
796,66000,387130000C,(04)23274275,(04)23288582,2025,08,3,7,45,臺中市,豐原區,0,1,0,5,2,6,50,3,1,1,4,4,6,6,4,4,5,5,5,2,10,2,8,1,1,C03,7,9,1,10,2,11,,84,84,1,12,4,120.718876,24.243662,2
797,66000,387130000C,(04)23274275,(04)23288582,2025,08,3,8,16,臺中市,霧峰區,0,1,0,7,2,6,50,13,9,1,5,4,6,6,4,4,5,5,5,1,13,2,9,1,1,C03,7,9,1,10,2,11,,7,7,1,12,4,120.690928,24.047944,2
798,66000,387130000C,(04)23274275,(04)23288582,2025,08,3,8,29,臺中市,北屯區,0,0,0,5,,,50,,,,,,,,,,,,,,17,,,,,B03,,,1,,1,,,50,50,1,13,4,120.686767,24.188271,3
799,66000,387130000C,(04)23274275,(04)23288582,2025,08,3,8,30,臺中市,北區,0,1,0,5,2,6,50,5,2,1,4,4,6,6,2,1,10,5,5,2,13,3,10,3,1,B03,7,9,1,8,2,8,,7,7,1,13,4,120.686245,24.154437,2
800,66000,387130000C,(04)23274275,(04)23288582,2025,08,3,8,36,臺中市,大里區,0,1,0,5,2,6,50,13,9,1,4,4,6,6,1,1,5,5,5,1,12,3,10,3,1,B03,7,9,1,8,2,5,,7,7,1,12,4,120.686391,24.112117,2
801,66000,387130000C,(04)23274275,(04)23288582,2025,08,3,8,44,臺中市,中區,0,1,0,5,2,6,50,4,1,1,4,4,6,6,1,1,10,5,5,2,17,2,9,1,1,C03,7,9,1,10,2,14,,21,21,1,13,4,120.677572,24.144109,2
802,66000,387130000C,(04)23274275,(04)23288582,2025,08,3,8,50,臺中市,南屯區,0,1,0,5,3,6,50,13,9,1,4,4,6,6,4,4,9,5,5,2,12,2,9,1,1,C03,7,9,1,10,1,12,,59,59,1,12,4,120.652892,24.133598,2
803,66000,387130000C,(04)23274275,(04)23288582,2025,08,3,8,50,臺中市,大里區,0,0,0,5,,,50,,,,,,,,,,,,,,13,,,,,B03,,,1,,2,,,84,84,1,13,4,120.680393,24.099913,3
804,66000,387130000C,(04)23274275,(04)23288582,2025,08,3,8,58,臺中市,南區,0,0,0,5,,,50,,,,,,,,,,,,,,14,,,,,B03,,,1,,2,,,49,49,1,13,4,120.6685,24.129403,3
805,66000,387130000C,(04)23274275,(04)23288582,2025,08,3,8,59,臺中市,太平區,0,0,0,5,,,40,,,,,,,,,,,,,,,,,,,B03,,,1,,2,,,59,59,1,12,4,120.715134,24.11987,3
806,66000,387130000C,(04)23274275,(04)23288582,2025,08,3,9,0,臺中市,沙鹿區,0,1,0,5,3,6,50,13,9,1,4,4,6,6,4,4,5,5,5,2,18,2,9,1,1,C03,7,9,1,10,2,12,,82,82,1,12,4,120.56251,24.240981,2
807,66000,387130000C,(04)23274275,(04)23288582,2025,08,3,9,2,臺中市,清水區,0,1,0,5,2,6,50,4,2,1,4,4,6,6,3,1,5,2,4,2,11,3,10,2,1,C03,7,6,1,10,2,12,,4,4,1,13,4,120.577285,24.273774,2
808,66000,387130000C,(04)23274275,(04)23288582,2025,08,3,9,10,臺中市,西屯區,0,1,0,5,1,6,40,4,1,1,4,4,6,6,2,1,10,5,5,2,18,2,9,1,1,C03,7,9,1,10,2,16,,84,84,1,12,4,120.614123,24.183851,2
809,66000,387130000C,(04)23274275,(04)23288582,2025,08,3,9,21,臺中市,太平區,0,1,0,5,2,6,50,3,1,1,4,4,6,6,4,4,10,5,5,2,16,3,10,3,1,B03,7,6,1,8,2,5,,14,14,1,13,4,120.717776,24.148768,2
810,66000,387130000C,(04)23274275,(04)23288582,2025,08,3,9,29,臺中市,神岡區,0,0,0,5,,,50,,,,,,,,,,,,,,13,,,,,B03,,,1,,1,,,84,84,1,12,4,120.665177,24.27398,3
811,66000,387130000C,(04)23274275,(04)23288582,2025,08,3,9,36,臺中市,南屯區,0,1,0,5,2,6,30,4,1,1,4,4,6,6,4,4,10,5,5,2,15,3,10,3,1,B03,7,9,1,10,2,1,,15,15,1,13,4,120.613424,24.147011,2
812,66000,387130000C,(04)23274275,(04)23288582,2025,08,3,9,39,臺中市,石岡區,0,0,0,5,,,30,,,,,,,,,,,,,,,,,,,C03,,,1,,2,,,94,94,1,12,4,120.809626,24.268852,3
813,66000,387130000C,(04)23274275,(04)23288582,2025,08,3,9,40,臺中市,清水區,0,0,0,7,,,60,,,,,,,,,,,,,,17,,,,,B03,,,1,,2,,,84,84,1,12,4,120.552083,24.293003,3
814,66000,387130000C,(04)23274275,(04)23288582,2025,08,3,9,48,臺中市,中區,0,0,0,5,,,50,,,,,,,,,,,,,,,,,,,B03,,,1,,1,,,84,84,1,6,4,120.681,24.144962,3
815,66000,387130000C,(04)23274275,(04)23288582,2025,08,3,9,49,臺中市,后里區,0,0,0,5,2,6,50,3,2,1,4,4,6,6,1,1,5,5,5,1,13,3,10,1,1,C03,7,9,1,10,1,11,,7,7,1,12,4,120.71349,24.328858,3
816,66000,387130000C,(04)23274275,(04)23288582,2025,08,3,9,50,臺中市,北區,0,0,0,5,3,6,50,18,24,1,4,4,6,6,4,4,10,5,5,2,17,,,,,B03,,,1,,2,,,59,59,1,13,4,120.683937,24.167225,3
817,66000,387130000C,(04)23274275,(04)23288582,2025,08,3,9,52,臺中市,北區,0,2,0,5,3,6,50,4,1,1,4,4,6,6,2,1,10,5,5,2,17,3,10,5,4,C03,7,15,1,10,2,12,,48,48,1,13,4,120.675441,24.160436,2
818,66000,387130000C,(04)23274275,(04)23288582,2025,08,3,10,0,臺中市,大肚區,0,1,0,5,2,6,50,4,1,1,4,4,6,6,2,1,5,5,5,2,16,3,10,2,1,C03,7,6,1,10,2,11,14,11,11,1,6,4,120.579044,24.168673,2
819,66000,387130000C,(04)23274275,(04)23288582,2025,08,3,10,5,臺中市,后里區,0,0,0,5,3,7,40,13,2,1,4,4,6,6,4,4,10,4,5,1,14,3,10,2,1,C03,7,2,1,10,2,13,,49,49,1,12,2,120.709622,24.307511,3
820,66000,387130000C,(04)23274275,(04)23288582,2025,08,3,10,11,臺中市,烏日區,0,0,0,6,,,30,,,,,,,,,,,,,,,,,,,B03,,,1,,1,,,84,84,1,13,4,120.616219,24.110055,3
821,66000,387130000C,(04)23274275,(04)23288582,2025,08,3,10,18,臺中市,潭子區,0,1,0,5,2,6,60,3,1,1,4,4,6,6,3,1,10,5,5,2,16,3,10,3,1,B03,7,5,1,8,2,5,,47,47,1,13,4,120.708154,24.228973,2
822,66000,387130000C,(04)23274275,(04)23288582,2025,08,3,10,18,臺中市,大里區,0,1,0,5,2,6,30,3,1,1,4,4,6,6,4,4,10,5,5,2,16,3,10,3,1,B03,7,6,1,8,2,8,,14,14,1,12,4,120.682067,24.116532,2
823,66000,387130000C,(04)23274275,(04)23288582,2025,08,3,10,24,臺中市,潭子區,0,1,0,5,2,6,60,13,14,1,4,4,6,6,4,4,1,4,4,1,18,2,7,2,1,C03,7,5,1,10,2,12,,84,84,1,12,4,120.702203,24.191618,2
824,66000,387130000C,(04)23274275,(04)23288582,2025,08,3,10,24,臺中市,大里區,0,0,0,5,,,0,,,,,,,,,,,,,,17,,,,,B03,,,1,,2,,,77,77,1,13,4,120.701246,24.110618,3
825,66000,387130000C,(04)23274275,(04)23288582,2025,08,3,10,34,臺中市,東區,0,2,0,5,3,6,50,4,1,1,4,4,6,6,1,1,10,5,5,2,17,2,9,2,1,C03,7,6,1,10,2,11,,84,84,1,12,4,120.694705,24.129635,2
826,66000,387130000C,(04)23274275,(04)23288582,2025,08,3,10,38,臺中市,北區,0,0,0,7,,,30,,,,,,,,,,,,,,17,,,,,B03,,,1,,2,,,85,85,1,13,4,120.685532,24.165464,3
827,66000,387130000C,(04)23274275,(04)23288582,2025,08,3,10,45,臺中市,霧峰區,0,1,0,5,2,6,40,4,1,1,4,4,6,6,2,1,10,5,5,2,17,3,10,5,4,B03,7,11,1,7,2,8,,84,84,1,13,4,120.698302,24.061913,2
828,66000,387130000C,(04)23274275,(04)23288582,2025,08,3,10,45,臺中市,豐原區,0,1,0,5,2,6,50,4,1,1,4,4,6,6,3,1,5,5,4,2,15,3,10,5,4,B03,7,9,1,8,2,5,,24,24,1,13,4,120.706007,24.245416,2
829,66000,387130000C,(04)23274275,(04)23288582,2025,08,3,10,46,臺中市,大甲區,0,1,0,5,3,6,50,3,1,1,4,4,6,6,4,4,9,5,5,2,17,2,9,1,1,C03,7,9,1,10,2,11,,84,84,2,6,4,120.626452,24.348417,2
830,66000,387130000C,(04)23274275,(04)23288582,2025,08,3,10,47,臺中市,梧棲區,0,0,0,5,,,50,,,,,,,,,,,,,,13,,,,,B03,,,1,,2,,,7,7,1,12,4,120.538937,24.257828,3
831,66000,387130000C,(04)23274275,(04)23288582,2025,08,3,10,48,臺中市,沙鹿區,0,0,0,5,,,40,,,,,,,,,,,,,,17,,,,,B03,,,1,,1,,,51,51,1,6,4,120.559638,24.237592,3
832,66000,387130000C,(04)23274275,(04)23288582,2025,08,3,10,49,臺中市,東勢區,0,0,0,5,,,30,,,,,,,,,,,,,,14,,,,,B12,,,1,,1,,,49,49,1,13,4,120.828095,24.261049,3
833,66000,387130000C,(04)23274275,(04)23288582,2025,08,3,10,52,臺中市,西區,0,1,0,5,2,6,50,3,1,1,4,4,6,6,4,4,10,5,5,2,17,3,10,5,4,B01,7,5,1,4,1,1,,84,84,1,13,4,120.655135,24.150315,2
834,66000,387130000C,(04)23274275,(04)23288582,2025,08,3,10,53,臺中市,太平區,0,0,0,5,2,3,80,,,,,,,,,,,,,,,,,,,B03,,,1,,2,1,,84,84,1,12,4,120.716201,24.153784,3
835,66000,387130000C,(04)23274275,(04)23288582,2025,08,3,10,54,臺中市,大甲區,0,0,0,5,,,40,,,,,,,,,,,,,,,,,,,B12,,,5,,2,,,8,8,1,12,4,120.62031,24.337618,3
836,66000,387130000C,(04)23274275,(04)23288582,2025,08,3,10,57,臺中市,神岡區,0,1,0,5,2,6,50,3,1,1,4,4,6,6,4,4,10,5,5,2,17,3,10,3,1,B03,7,6,1,8,2,2,,14,14,1,6,4,120.682474,24.24682,2
837,66000,387130000C,(04)23274275,(04)23288582,2025,08,3,11,0,臺中市,南屯區,0,0,0,5,,,50,,,,,,,,,,,,,,,,,,,B03,,,1,,1,,,8,8,1,12,4,120.6486,24.148185,3
838,66000,387130000C,(04)23274275,(04)23288582,2025,08,3,11,3,臺中市,梧棲區,0,1,0,5,3,6,50,3,1,1,4,4,6,6,4,4,1,5,5,2,16,3,10,3,1,B03,7,5,1,8,2,5,,20,20,1,6,4,120.537913,24.258367,2
839,66000,387130000C,(04)23274275,(04)23288582,2025,08,3,11,7,臺中市,大雅區,0,0,0,5,,,50,,,,,,,,,,,,,,13,,,,,C03,,,1,,1,,,84,84,1,12,4,120.644989,24.221606,3
840,66000,387130000C,(04)23274275,(04)23288582,2025,08,3,11,8,臺中市,西屯區,0,0,0,5,,,50,,,,,,,,,,,,,,13,,,,,B03,,,1,,1,,,56,56,1,12,4,120.637666,24.163226,3
841,66000,387130000C,(04)23274275,(04)23288582,2025,08,3,11,10,臺中市,西屯區,0,1,0,5,2,6,40,13,8,1,4,4,6,6,4,4,1,4,1,2,18,2,9,2,1,C03,7,9,1,10,2,14,,84,84,1,12,4,120.642691,24.166866,2
842,66000,387130000C,(04)23274275,(04)23288582,2025,08,3,11,14,臺中市,霧峰區,0,0,0,5,,,50,,,,,,,,,,,,,,15,,,,,C03,,,3,,2,,,12,12,1,12,4,120.69788,24.06559,3
843,66000,387130000C,(04)23274275,(04)23288582,2025,08,3,11,15,臺中市,北屯區,0,2,0,5,2,6,50,4,1,1,4,4,6,6,3,1,10,5,5,2,15,2,3,3,1,B03,7,9,1,8,2,1,,24,24,1,12,4,120.69787,24.164111,2
844,66000,387130000C,(04)23274275,(04)23288582,2025,08,3,11,15,臺中市,后里區,0,0,0,5,2,6,,13,9,1,5,4,6,6,4,4,5,5,5,1,30,,,,,B12,,,,,,,,73,73,1,12,4,120.733172,24.339841,3
845,66000,387130000C,(04)23274275,(04)23288582,2025,08,3,11,20,臺中市,西屯區,0,0,0,5,,,50,,,,,,,,,,,,,,16,,,,,B03,,,1,,1,,,12,12,1,12,4,120.655347,24.199136,3
846,66000,387130000C,(04)23274275,(04)23288582,2025,08,3,11,23,臺中市,北屯區,0,1,0,5,2,6,50,4,1,1,4,4,6,6,2,1,10,5,5,2,16,2,9,1,1,C03,7,9,1,10,2,11,,21,21,1,12,4,120.670779,24.178713,2
847,66000,387130000C,(04)23274275,(04)23288582,2025,08,3,11,29,臺中市,西區,0,0,0,5,,,50,,,,,,,,,,,,,,12,,,,,A02,,,1,,2,,,40,40,1,12,4,120.684161,24.136919,3
848,66000,387130000C,(04)23274275,(04)23288582,2025,08,3,11,30,臺中市,大里區,0,0,0,5,,,50,,,,,,,,,,,,,,,,,,,B03,,,1,,1,,,49,49,1,12,4,120.679563,24.106239,3
849,66000,387130000C,(04)23274275,(04)23288582,2025,08,3,11,32,臺中市,西區,0,0,0,5,,,50,,,,,,,,,,,,,,,,,,,B03,,,1,,2,,,84,84,1,6,4,120.656765,24.144952,3
850,66000,387130000C,(04)23274275,(04)23288582,2025,08,3,11,33,臺中市,北區,0,0,0,7,,,30,,,,,,,,,,,,,,12,,,,,C03,,,1,,2,,,84,84,1,13,4,120.679515,24.151606,3
851,66000,387130000C,(04)23274275,(04)23288582,2025,08,3,11,35,臺中市,太平區,0,1,0,5,3,6,50,4,1,1,4,4,6,6,1,1,10,5,5,2,16,3,10,3,1,B03,7,6,1,8,2,5,,48,48,1,6,4,120.718129,24.116896,2
852,66000,387130000C,(04)23274275,(04)23288582,2025,08,3,11,38,臺中市,北屯區,0,2,0,5,3,6,50,3,2,1,4,4,6,6,4,4,5,5,5,2,13,2,8,2,1,C02,7,12,1,10,2,11,,59,59,1,6,4,120.679864,24.197477,2
853,66000,387130000C,(04)23274275,(04)23288582,2025,08,3,11,38,臺中市,西屯區,0,0,0,7,,,50,,,,,,,,,,,,,,12,,,,,B03,,,1,,1,,,8,8,1,13,4,120.647433,24.174014,3
854,66000,387130000C,(04)23274275,(04)23288582,2025,08,3,11,50,臺中市,西區,0,0,0,5,,,50,,,,,,,,,,,,,,,,,,,B12,,,1,8,1,,,84,84,1,13,4,120.660632,24.156449,3
855,66000,387130000C,(04)23274275,(04)23288582,2025,08,3,11,50,臺中市,北區,0,0,0,7,3,6,,4,1,1,4,4,6,6,2,1,10,5,5,2,30,,,,,,,,,,,,,119,119,1,,,120.676881,24.165417,3
856,66000,387130000C,(04)23274275,(04)23288582,2025,08,3,11,51,臺中市,中區,0,1,0,5,3,6,50,4,1,1,4,4,6,6,4,4,10,5,5,2,18,2,7,1,1,C03,7,9,1,10,1,14,,84,84,1,6,4,120.681628,24.141848,2
857,66000,387130000C,(04)23274275,(04)23288582,2025,08,3,11,56,臺中市,龍井區,0,0,0,5,2,6,50,13,9,1,4,4,6,6,2,1,5,4,5,1,13,3,10,3,1,B03,7,1,1,8,2,1,,59,59,1,6,4,120.581685,24.175431,3
858,66000,387130000C,(04)23274275,(04)23288582,2025,08,3,11,58,臺中市,西屯區,0,0,0,7,,,50,,,,,,,,,,,,,,17,,,,,B03,,,1,,2,,,49,49,1,12,4,120.620067,24.183271,4
859,66000,387130000C,(04)23274275,(04)23288582,2025,08,3,12,0,臺中市,南屯區,0,1,0,5,3,6,50,13,9,1,4,4,6,6,4,4,3,4,5,2,18,2,9,1,1,C03,7,9,1,10,2,14,,59,59,1,12,4,120.651261,24.140364,2
860,66000,387130000C,(04)23274275,(04)23288582,2025,08,3,12,22,臺中市,南區,0,2,0,5,2,6,50,4,1,1,4,4,6,6,1,1,3,4,5,2,17,3,10,3,1,B03,7,9,1,8,2,5,,7,7,1,12,4,120.664233,24.125026,2
861,66000,387130000C,(04)23274275,(04)23288582,2025,08,3,12,26,臺中市,北區,0,1,0,5,3,6,50,4,1,1,4,4,6,6,2,1,10,5,5,2,17,2,9,5,4,C03,7,9,1,10,2,11,,7,7,1,13,4,120.685718,24.153462,2
862,66000,387130000C,(04)23274275,(04)23288582,2025,08,3,12,28,臺中市,龍井區,0,1,0,5,2,6,50,3,9,1,4,4,6,6,4,4,10,5,5,2,17,2,8,2,1,C03,7,9,1,10,2,16,,87,87,1,6,4,120.591415,24.181214,2
863,66000,387130000C,(04)23274275,(04)23288582,2025,08,3,12,36,臺中市,太平區,0,1,0,5,2,6,30,4,1,1,4,4,6,6,4,4,10,5,5,2,15,2,9,1,1,C03,7,9,1,10,2,11,14,12,12,1,12,4,120.724301,24.143252,2
864,66000,387130000C,(04)23274275,(04)23288582,2025,08,3,12,40,臺中市,西區,0,0,0,5,,,50,,,,,,,,,,,,,,,,,,,B03,,,1,,1,,,40,40,1,6,4,120.655424,24.15101,3
865,66000,387130000C,(04)23274275,(04)23288582,2025,08,3,12,46,臺中市,大里區,0,0,0,5,,,50,,,,,,,,,,,,,,13,,,,,B03,,,1,,2,,,84,84,1,13,4,120.679727,24.102215,3
866,66000,387130000C,(04)23274275,(04)23288582,2025,08,3,12,51,臺中市,大里區,0,0,0,5,,,30,,,,,,,,,,,,,,,,,,,B03,,,1,,1,,,49,49,1,12,4,120.681138,24.10405,3
867,66000,387130000C,(04)23274275,(04)23288582,2025,08,3,12,54,臺中市,大里區,0,2,0,5,2,6,50,13,9,1,4,4,6,6,4,4,5,5,5,1,12,2,9,1,1,C03,7,9,1,10,2,12,,84,84,1,12,4,120.697976,24.096707,2
868,66000,387130000C,(04)23274275,(04)23288582,2025,08,3,12,58,臺中市,北屯區,0,0,0,7,,,50,,,,,,,,,,,,,,,,,,,B03,,,1,,1,,,7,7,1,13,4,120.686199,24.181474,3
869,66000,387130000C,(04)23274275,(04)23288582,2025,08,3,13,0,臺中市,沙鹿區,0,0,0,5,,,50,,,,,,,,,,,,,,13,,,,,B03,,,1,,1,,,7,7,1,6,4,120.578746,24.223294,3
870,66000,387130000C,(04)23274275,(04)23288582,2025,08,3,13,0,臺中市,梧棲區,0,0,0,5,,,60,,,,,,,,,,,,,,13,,,,,A32,,,1,,1,,,7,7,1,6,4,120.525151,24.223061,3
871,66000,387130000C,(04)23274275,(04)23288582,2025,08,3,13,2,臺中市,北區,0,0,0,5,,,50,,,,,,,,,,,,,,14,,,,,B03,,,1,,2,,,49,49,1,13,4,120.675422,24.157522,3
872,66000,387130000C,(04)23274275,(04)23288582,2025,08,3,13,4,臺中市,北屯區,0,1,0,5,3,6,50,4,1,1,4,4,6,6,1,1,10,5,5,2,16,2,9,2,1,C03,7,9,1,10,2,14,,84,84,1,6,4,120.721121,24.176723,2
873,66000,387130000C,(04)23274275,(04)23288582,2025,08,3,13,6,臺中市,西屯區,0,1,0,5,1,6,50,13,9,1,4,4,6,6,4,4,5,4,5,2,12,3,10,3,1,B03,7,1,1,8,2,8,,51,51,1,12,4,120.641907,24.169107,2
874,66000,387130000C,(04)23274275,(04)23288582,2025,08,3,13,10,臺中市,沙鹿區,0,0,0,5,,,40,,,,,,,,,,,,,,17,,,,,B12,,,1,,2,,,82,82,1,12,4,120.560906,24.233823,3
875,66000,387130000C,(04)23274275,(04)23288582,2025,08,3,13,15,臺中市,北區,0,0,0,5,3,6,50,4,1,1,4,4,6,6,2,1,5,4,5,2,17,,,,,B03,,,1,,1,,,8,8,1,13,4,120.673337,24.166906,3
876,66000,387130000C,(04)23274275,(04)23288582,2025,08,3,13,15,臺中市,烏日區,0,0,0,5,,,30,,,,,,,,,,,,,,11,,,,,B03,,,1,,1,,,41,41,1,6,4,120.605762,24.117545,3
877,66000,387130000C,(04)23274275,(04)23288582,2025,08,3,13,15,臺中市,清水區,0,0,0,5,2,6,50,13,9,1,4,4,6,6,4,4,8,4,5,2,14,,,,,B03,,,1,,1,,,49,49,1,12,4,120.554124,24.26311,3
878,66000,387130000C,(04)23274275,(04)23288582,2025,08,3,13,16,臺中市,北區,0,0,0,5,3,9,50,18,24,1,4,4,6,6,4,4,5,5,4,2,17,,,,,B01,,,1,,1,,,51,51,1,13,4,120.683018,24.148276,3
879,66000,387130000C,(04)23274275,(04)23288582,2025,08,3,13,18,臺中市,潭子區,0,0,0,5,,,60,,,,,,,,,,,,,,,,,,,B03,,,1,,2,,,59,59,1,12,4,120.705022,24.207144,3
880,66000,387130000C,(04)23274275,(04)23288582,2025,08,3,13,23,臺中市,中區,0,0,0,5,,,50,,,,,,,,,,,,,,,,,,,C03,,,1,,11,,,48,48,2,12,4,120.681796,24.144577,3
881,66000,387130000C,(04)23274275,(04)23288582,2025,08,3,13,23,臺中市,北屯區,0,1,0,5,3,6,50,4,1,1,4,4,6,6,1,1,10,5,5,2,13,2,9,2,1,F03,7,9,7,21,9,11,,84,84,1,13,4,120.661819,24.189421,2
882,66000,387130000C,(04)23274275,(04)23288582,2025,08,3,13,25,臺中市,西屯區,0,1,0,5,2,6,30,11,9,1,4,4,6,6,4,4,10,5,5,2,10,2,9,2,1,C03,7,15,1,10,2,14,,41,41,1,12,4,120.614551,24.16897,2
883,66000,387130000C,(04)23274275,(04)23288582,2025,08,3,13,25,臺中市,烏日區,0,1,0,5,2,6,50,4,2,1,4,4,6,6,2,1,10,1,1,2,12,3,10,3,1,B03,7,1,1,8,2,5,,51,51,1,12,4,120.625742,24.110461,2
884,66000,387130000C,(04)23274275,(04)23288582,2025,08,3,13,28,臺中市,大甲區,0,2,0,5,2,6,40,11,9,1,4,4,6,6,4,4,6,4,5,2,18,2,9,1,1,C03,7,1,1,10,2,14,,84,84,1,12,4,120.631653,24.34691,2
885,66000,387130000C,(04)23274275,(04)23288582,2025,08,3,13,30,臺中市,東區,0,0,0,6,1,6,50,3,1,1,4,4,6,6,1,1,10,5,5,2,13,3,10,3,1,B03,7,15,1,8,1,1,,84,84,1,12,4,120.684947,24.13522,3
886,66000,387130000C,(04)23274275,(04)23288582,2025,08,3,13,37,臺中市,梧棲區,0,1,0,5,3,6,40,3,2,1,4,4,6,6,1,1,1,4,1,1,13,2,9,1,1,C03,7,9,3,19,2,11,,59,59,1,6,4,120.546577,24.246142,2
887,66000,387130000C,(04)23274275,(04)23288582,2025,08,3,13,39,臺中市,大肚區,0,0,0,5,,,50,,,,,,,,,,,,,,,,,,,B03,,,1,,1,,,7,7,1,6,4,120.568682,24.121947,3
888,66000,387130000C,(04)23274275,(04)23288582,2025,08,3,13,40,臺中市,豐原區,0,0,0,5,,,50,,,,,,,,,,,,,,16,,,,,C03,,,2,,9,,,21,21,2,12,4,120.720342,24.240486,3
889,66000,387130000C,(04)23274275,(04)23288582,2025,08,3,13,44,臺中市,南屯區,0,0,0,5,,,30,,,,,,,,,,,,,,16,,,,,B03,,,1,,1,,,51,51,1,12,4,120.629556,24.150197,3
890,66000,387130000C,(04)23274275,(04)23288582,2025,08,3,13,45,臺中市,梧棲區,0,0,0,5,,,50,,,,,,,,,,,,,,16,,,,,B03,,,1,,1,,,14,14,1,12,4,120.529526,24.254173,3
891,66000,387130000C,(04)23274275,(04)23288582,2025,08,3,13,48,臺中市,北區,0,0,0,7,,,50,,,,,,,,,,,,,,13,,,,,B03,,,1,,2,,,7,7,1,13,4,120.675754,24.150337,3
892,66000,387130000C,(04)23274275,(04)23288582,2025,08,3,13,49,臺中市,西屯區,0,0,0,5,,,70,,,,,,,,,,,,,,17,,,,,B03,,,1,,1,,,78,78,1,12,4,120.612598,24.184605,3
893,66000,387130000C,(04)23274275,(04)23288582,2025,08,3,13,50,臺中市,北區,0,1,0,5,2,6,50,13,9,1,4,4,6,6,4,4,8,3,5,2,17,3,10,3,1,B03,7,9,1,8,2,5,,7,7,1,13,4,120.678711,24.169944,2
894,66000,387130000C,(04)23274275,(04)23288582,2025,08,3,13,50,臺中市,北屯區,0,0,0,7,,,50,,,,,,,,,,,,,,17,,,,,B03,,,1,,1,,,15,15,1,6,4,120.692965,24.17652,3
895,66000,387130000C,(04)23274275,(04)23288582,2025,08,3,14,0,臺中市,沙鹿區,0,1,0,5,2,6,30,13,9,1,4,4,6,6,4,4,10,5,5,2,18,2,8,1,1,C03,7,9,1,10,2,15,,87,87,1,6,4,120.606126,24.244727,2
896,66000,387130000C,(04)23274275,(04)23288582,2025,08,3,14,4,臺中市,太平區,0,0,0,5,,,30,,,,,,,,,,,,,,16,,,,,B03,,,1,,2,,,12,12,1,13,4,120.718796,24.115559,3
897,66000,387130000C,(04)23274275,(04)23288582,2025,08,3,14,5,臺中市,大雅區,0,1,0,5,1,6,50,13,8,1,4,4,6,6,4,4,1,4,4,1,12,3,10,3,1,B03,7,7,1,8,2,6,,20,20,1,12,4,120.650795,24.221415,2
898,66000,387130000C,(04)23274275,(04)23288582,2025,08,3,14,7,臺中市,烏日區,0,0,0,5,2,6,70,3,1,1,4,4,6,5,1,1,1,4,4,1,16,3,10,3,1,B03,7,5,1,8,1,6,,11,11,1,6,4,120.60877,24.107918,3
899,66000,387130000C,(04)23274275,(04)23288582,2025,08,3,14,8,臺中市,大里區,0,0,0,5,,,50,,,,,,,,,,,,,,13,,,,,B03,,,1,,1,,,84,84,1,13,4,120.681567,24.109593,3
900,66000,387130000C,(04)23274275,(04)23288582,2025,08,3,14,10,臺中市,西屯區,0,0,0,5,,,50,,,,,,,,,,,,,,13,,,,,B03,,,1,,2,,,59,59,1,12,4,120.664521,24.16527,3
901,66000,387130000C,(04)23274275,(04)23288582,2025,08,3,14,10,臺中市,沙鹿區,0,1,0,5,2,6,50,3,1,1,4,4,6,6,4,4,10,5,5,2,16,3,10,3,1,B03,7,6,1,8,2,5,,12,12,1,12,4,120.5605,24.237745,2