﻿序號,縣市別代碼,機關代碼,市話,傳真,年,月,日,時,分,縣市,區,死亡數量,受傷數量,2-30,天候,道路照明設備,道路類別,道路速限,道路型態,事故位置,路面鋪裝,路面狀態,路面缺陷,障礙物,視距,號誌種類,號誌動作,分向設施,快車道或一般車道間,快慢車道間,路面邊線,事故類型及型態,受傷程度,主要傷處,保護裝備,行動電話或功能裝置,當事者區分_類別,車輛用途,當事者行動狀態,駕照狀態,駕照種類,飲酒情形,車輛撞擊部位最初,車輛撞擊部位其他,肇事因素個別,肇事因素主要,肇事逃逸,職業,共享經濟或外送平台,GPS座標X,GPS座標Y,事故類別
902,66000,387130000C,(04)23274275,(04)23288582,2025,08,3,14,14,臺中市,東區,0,0,0,5,,,0,,,,,,,,,,,,,,17,,,,,C03,,,1,,11,,,84,84,1,12,4,120.700176,24.132226,3
903,66000,387130000C,(04)23274275,(04)23288582,2025,08,3,14,15,臺中市,新社區,0,2,0,5,2,6,40,11,9,1,4,4,6,6,4,4,10,5,5,1,18,2,9,1,1,C03,7,9,1,10,2,12,,84,84,1,12,4,120.815435,24.186719,2
904,66000,387130000C,(04)23274275,(04)23288582,2025,08,3,14,22,臺中市,霧峰區,0,0,0,7,,6,50,,,,,,,,,,,,,,17,,,,,B03,,,1,8,2,,,84,84,1,13,4,120.697074,24.069685,3
905,66000,387130000C,(04)23274275,(04)23288582,2025,08,3,14,22,臺中市,大里區,0,0,0,5,,,50,,,,,,,,,,,,,,,,,,,B03,,,1,,2,,,49,49,1,12,4,120.69026,24.106181,3
906,66000,387130000C,(04)23274275,(04)23288582,2025,08,3,14,31,臺中市,西屯區,0,0,0,5,,,60,,,,,,,,,,,,,,13,,,,,B03,,,1,,1,,,7,7,1,12,4,120.644164,24.201417,3
907,66000,387130000C,(04)23274275,(04)23288582,2025,08,3,14,44,臺中市,潭子區,0,0,0,5,,,50,,,,,,,,,,,,,,,,,,,B03,,,1,,2,,,47,47,1,13,4,120.700616,24.214152,3
908,66000,387130000C,(04)23274275,(04)23288582,2025,08,3,14,45,臺中市,東區,0,2,0,5,2,6,50,4,2,1,4,4,6,6,4,4,10,5,5,2,30,2,8,2,1,C03,7,15,1,10,2,16,14,90,90,1,13,4,120.694899,24.127215,2
909,66000,387130000C,(04)23274275,(04)23288582,2025,08,3,14,46,臺中市,北區,0,0,0,5,,,50,,,,,,,,,,,,,,12,,,,,B03,,,1,,1,,,51,51,1,13,4,120.678531,24.158997,3
910,66000,387130000C,(04)23274275,(04)23288582,2025,08,3,14,46,臺中市,沙鹿區,0,0,0,5,,,50,,,,,,,,,,,,,,13,,,,,A02,,,1,,1,,,7,7,1,6,4,120.575715,24.226834,3
911,66000,387130000C,(04)23274275,(04)23288582,2025,08,3,14,47,臺中市,霧峰區,0,1,0,5,3,6,50,3,2,1,4,3,6,6,4,4,9,5,5,1,13,3,10,3,1,B03,7,9,1,8,2,5,,7,7,1,12,4,120.688613,24.056174,2
912,66000,387130000C,(04)23274275,(04)23288582,2025,08,3,14,48,臺中市,西屯區,0,0,0,5,,,50,,,,,,,,,,,,,,13,,,,,B03,,,1,,1,,,7,7,1,12,4,120.638708,24.169633,3
913,66000,387130000C,(04)23274275,(04)23288582,2025,08,3,14,51,臺中市,南屯區,0,0,0,5,,,50,,,,,,,,,,,,,,12,,,,,B01,,,1,,1,,,51,51,1,6,4,120.628835,24.151314,3
914,66000,387130000C,(04)23274275,(04)23288582,2025,08,3,15,0,臺中市,霧峰區,0,0,0,5,,3,80,,,,,,,,,,,,,,17,,,,,C03,,,1,,1,,,84,84,1,6,4,120.689871,24.064078,3
915,66000,387130000C,(04)23274275,(04)23288582,2025,08,3,15,6,臺中市,潭子區,0,1,0,5,3,6,60,3,1,1,4,4,3,3,4,4,1,4,4,1,17,2,9,2,1,C03,7,9,1,10,2,14,,84,84,1,13,4,120.705058,24.215066,2
916,66000,387130000C,(04)23274275,(04)23288582,2025,08,3,15,8,臺中市,北屯區,0,0,0,5,,3,50,,,,,,,,,,,,,,13,,,,,B03,,,1,,1,,,7,7,1,6,4,120.722624,24.188042,3
917,66000,387130000C,(04)23274275,(04)23288582,2025,08,3,15,15,臺中市,西屯區,0,0,0,5,,,50,,,,,,,,,,,,,,14,,,,,B03,,,1,,1,,,49,49,1,13,4,120.641167,24.155914,3
918,66000,387130000C,(04)23274275,(04)23288582,2025,08,3,15,18,臺中市,東區,0,1,0,5,2,6,40,4,1,1,4,4,6,6,4,4,10,5,5,2,18,2,9,1,1,C03,7,9,1,10,2,12,,84,84,1,12,4,120.699364,24.13901,2
919,66000,387130000C,(04)23274275,(04)23288582,2025,08,3,15,19,臺中市,太平區,0,1,0,5,3,6,50,13,9,1,4,4,6,6,4,4,9,5,5,1,18,2,9,1,1,C03,7,9,1,10,2,12,,84,84,1,5,4,120.714782,24.153691,2
920,66000,387130000C,(04)23274275,(04)23288582,2025,08,3,15,20,臺中市,西屯區,0,1,0,5,2,6,50,13,8,1,4,4,6,6,4,4,1,4,1,2,13,3,10,3,1,B03,7,8,1,8,1,8,,59,59,1,13,4,120.632177,24.17087,2
921,66000,387130000C,(04)23274275,(04)23288582,2025,08,3,15,24,臺中市,北區,0,0,0,5,,,30,,,,,,,,,,,,,,13,,,,,C03,,,3,19,2,11,,58,58,1,12,4,120.667049,24.157952,3
922,66000,387130000C,(04)23274275,(04)23288582,2025,08,3,15,24,臺中市,南屯區,0,1,0,5,2,6,50,13,7,1,4,3,1,6,4,4,1,4,4,2,29,2,9,2,1,C03,7,9,1,10,2,11,,59,59,1,12,4,120.624147,24.140911,2
923,66000,387130000C,(04)23274275,(04)23288582,2025,08,3,15,25,臺中市,和平區,0,0,0,5,2,2,30,13,9,1,4,4,6,6,4,4,10,5,5,1,14,,,,,B12,,,1,,2,,,49,49,1,6,4,121.291925,24.311759,3
924,66000,387130000C,(04)23274275,(04)23288582,2025,08,3,15,30,臺中市,烏日區,0,0,0,5,,,50,,,,,,,,,,,,,,14,,,,,B03,,,1,,2,,,49,49,1,6,4,120.597799,24.110329,3
925,66000,387130000C,(04)23274275,(04)23288582,2025,08,3,15,37,臺中市,大甲區,0,0,0,5,,,50,,,,,,,,,,,,,,,,,,,B03,,,1,,1,,,45,45,1,12,4,120.654754,24.391868,3
926,66000,387130000C,(04)23274275,(04)23288582,2025,08,3,15,38,臺中市,北屯區,0,0,0,5,,,50,,,,,,,,,,,,,,13,,,,,B03,,,1,,1,,,35,35,1,13,4,120.707612,24.182607,3
927,66000,387130000C,(04)23274275,(04)23288582,2025,08,3,15,45,臺中市,清水區,0,0,0,5,2,6,50,3,2,1,4,4,6,6,1,1,8,3,4,1,14,,,,,B03,,,1,,1,,,49,49,1,12,4,120.572217,24.274674,3
928,66000,387130000C,(04)23274275,(04)23288582,2025,08,3,15,47,臺中市,潭子區,0,0,0,5,,,50,,,,,,,,,,,,,,,,,,,B03,,,1,,2,,,84,84,1,13,4,120.702994,24.200645,3
929,66000,387130000C,(04)23274275,(04)23288582,2025,08,3,15,57,臺中市,北屯區,0,0,0,5,,,30,,,,,,,,,,,,,,14,,,,,B03,,,1,,2,,,50,50,1,13,4,120.744697,24.198973,3
930,66000,387130000C,(04)23274275,(04)23288582,2025,08,3,15,59,臺中市,潭子區,0,0,0,5,,,50,,,,,,,,,,,,,,,,,,,B03,,,1,,2,,,7,7,1,12,4,120.68822,24.215174,3
931,66000,387130000C,(04)23274275,(04)23288582,2025,08,3,16,0,臺中市,龍井區,0,1,0,5,3,6,30,13,9,1,4,4,6,6,4,4,10,5,5,1,17,3,10,3,1,B03,7,1,1,8,2,1,,51,51,1,12,4,120.524424,24.210896,2
932,66000,387130000C,(04)23274275,(04)23288582,2025,08,3,16,4,臺中市,太平區,0,2,0,5,2,6,30,4,2,1,4,4,6,6,4,4,10,5,5,2,17,2,8,5,4,C03,7,6,1,10,2,14,,14,14,1,5,4,120.725624,24.142929,2
933,66000,387130000C,(04)23274275,(04)23288582,2025,08,3,16,17,臺中市,西屯區,0,0,0,5,,,50,,,,,,,,,,,,,,,,,,,B03,,,1,,1,,,7,7,1,12,4,120.655864,24.158881,3
934,66000,387130000C,(04)23274275,(04)23288582,2025,08,3,16,17,臺中市,清水區,0,1,0,5,3,6,30,4,1,1,4,4,6,6,4,4,10,5,5,1,17,3,10,3,1,B12,7,6,1,8,2,8,,20,20,1,12,4,120.573328,24.291367,2
935,66000,387130000C,(04)23274275,(04)23288582,2025,08,3,16,20,臺中市,大里區,0,1,0,5,2,6,50,4,1,1,4,4,6,6,4,4,10,5,5,2,8,3,10,3,1,B03,7,6,1,8,2,1,,59,59,1,6,4,120.698702,24.095808,2
936,66000,387130000C,(04)23274275,(04)23288582,2025,08,3,16,25,臺中市,西屯區,0,1,0,5,2,6,50,4,1,1,4,4,6,6,2,1,10,5,5,2,16,3,10,3,1,B03,7,5,1,8,2,2,,11,11,1,12,4,120.637487,24.175913,2
937,66000,387130000C,(04)23274275,(04)23288582,2025,08,3,16,28,臺中市,西屯區,0,0,0,5,,,40,,,,,,,,,,,,,,13,,,,,B03,,,1,,2,,,7,7,1,12,4,120.614143,24.185299,3
938,66000,387130000C,(04)23274275,(04)23288582,2025,08,3,16,30,臺中市,烏日區,0,2,0,5,2,6,50,4,1,1,4,4,6,6,1,1,10,5,5,2,17,3,10,5,4,B03,7,5,1,8,2,1,,7,7,1,9,4,120.633997,24.106465,2
939,66000,387130000C,(04)23274275,(04)23288582,2025,08,3,16,30,臺中市,梧棲區,0,1,0,5,2,6,50,13,7,1,4,4,6,6,4,4,5,4,4,2,18,2,8,1,1,C03,7,9,3,19,5,14,,54,54,1,12,4,120.53136,24.25665,2
940,66000,387130000C,(04)23274275,(04)23288582,2025,08,3,16,34,臺中市,北屯區,0,1,0,6,2,6,20,11,9,1,4,4,6,6,4,4,10,5,5,2,10,2,9,5,4,C03,7,9,1,10,2,11,,4,4,1,12,4,120.764624,24.178935,2
941,66000,387130000C,(04)23274275,(04)23288582,2025,08,3,16,34,臺中市,東勢區,0,0,0,5,,,60,,,,,,,,,,,,,,13,,,,,B12,,,1,,1,,,7,7,1,13,4,120.823389,24.26189,3
942,66000,387130000C,(04)23274275,(04)23288582,2025,08,3,16,35,臺中市,大里區,0,1,0,5,3,6,50,4,2,1,4,4,6,6,1,1,10,5,5,2,18,2,9,1,1,C03,7,9,1,10,2,14,,84,84,1,12,4,120.687453,24.11017,2
943,66000,387130000C,(04)23274275,(04)23288582,2025,08,3,16,42,臺中市,北屯區,0,1,0,5,3,6,50,11,9,1,4,4,6,6,4,4,5,5,5,2,18,2,9,2,1,C03,7,9,1,10,2,14,,84,84,1,6,4,120.696501,24.186483,2
944,66000,387130000C,(04)23274275,(04)23288582,2025,08,3,16,47,臺中市,太平區,0,1,0,5,2,6,50,4,1,1,4,4,6,6,2,1,5,5,5,2,16,2,9,2,1,C03,7,9,1,10,2,12,,7,7,1,5,4,120.701865,24.153694,2
945,66000,387130000C,(04)23274275,(04)23288582,2025,08,3,16,48,臺中市,北屯區,0,0,0,7,,,50,,,,,,,,,,,,,,9,,,,,B03,,,1,,1,,,40,40,1,6,4,120.7216,24.182339,3
946,66000,387130000C,(04)23274275,(04)23288582,2025,08,3,16,50,臺中市,龍井區,0,0,0,7,,,50,,,,,,,,,,,,,,,,,,,B03,,,1,,2,,,7,7,1,12,4,120.55155,24.21308,3
947,66000,387130000C,(04)23274275,(04)23288582,2025,08,3,16,54,臺中市,南區,0,0,0,5,,,50,,,,,,,,,,,,,,,,,,,B02,,,1,,1,,,51,51,1,6,4,120.684738,24.130813,3
948,66000,387130000C,(04)23274275,(04)23288582,2025,08,3,16,55,臺中市,北屯區,0,1,0,5,2,6,40,13,7,1,4,4,6,6,4,4,5,5,4,2,18,2,9,1,1,C03,7,9,3,19,2,12,,84,84,1,13,4,120.696856,24.174805,2
949,66000,387130000C,(04)23274275,(04)23288582,2025,08,3,17,8,臺中市,東區,0,0,0,5,,,50,,,,,,,,,,,,,,,,,,,B03,,,1,,2,,,7,7,1,12,4,120.693663,24.14077,3
950,66000,387130000C,(04)23274275,(04)23288582,2025,08,3,17,14,臺中市,西區,0,1,0,5,2,6,40,13,8,1,4,4,6,6,1,1,1,4,1,2,12,3,10,3,1,B12,7,8,1,8,2,4,,40,40,1,12,4,120.662609,24.155678,2
951,66000,387130000C,(04)23274275,(04)23288582,2025,08,3,17,22,臺中市,大雅區,0,1,0,5,3,6,50,4,2,1,4,4,6,6,3,1,5,2,5,1,17,2,9,1,1,C03,7,9,3,19,2,11,,6,6,1,12,4,120.651244,24.228637,2
952,66000,387130000C,(04)23274275,(04)23288582,2025,08,3,17,23,臺中市,西區,0,0,0,5,,,50,,,,,,,,,,,,,,,,,,,B03,,,1,,2,,,85,85,1,12,4,120.66386,24.134301,3
953,66000,387130000C,(04)23274275,(04)23288582,2025,08,3,17,25,臺中市,西區,0,1,0,5,2,6,50,13,9,1,4,4,6,6,4,4,5,4,5,2,17,2,9,2,1,C03,7,9,1,8,2,11,,84,84,1,12,4,120.662914,24.151007,2
954,66000,387130000C,(04)23274275,(04)23288582,2025,08,3,17,33,臺中市,南屯區,0,1,0,5,2,6,50,13,9,1,4,4,6,6,4,4,1,3,5,1,17,3,10,3,1,B03,7,1,1,8,2,4,,51,51,1,12,4,120.646583,24.128504,2
955,66000,387130000C,(04)23274275,(04)23288582,2025,08,3,17,33,臺中市,新社區,0,1,0,5,3,6,50,5,1,1,4,4,6,5,2,1,9,5,5,2,3,3,10,5,4,B03,7,6,1,8,2,5,,10,10,1,12,4,120.808693,24.241409,2
956,66000,387130000C,(04)23274275,(04)23288582,2025,08,3,17,36,臺中市,北屯區,0,0,0,7,,,50,,,,,,,,,,,,,,13,,,,,B03,,,1,,2,,,20,20,1,12,4,120.693004,24.183203,3
957,66000,387130000C,(04)23274275,(04)23288582,2025,08,3,17,36,臺中市,北屯區,0,1,0,5,2,6,50,4,1,1,4,4,6,6,2,1,10,5,5,2,16,3,10,3,1,B03,7,5,1,8,2,2,,11,11,1,12,4,120.710719,24.18224,2
958,66000,387130000C,(04)23274275,(04)23288582,2025,08,3,17,40,臺中市,西屯區,0,0,0,5,,,60,,,,,,,,,,,,,,13,,,,,B03,,,1,,2,,,59,59,1,13,4,120.595222,24.182602,3
959,66000,387130000C,(04)23274275,(04)23288582,2025,08,3,17,40,臺中市,大里區,0,0,0,5,,,50,,,,,,,,,,,,,,17,,,,,B03,,,1,,1,,,59,59,1,6,4,120.700967,24.100075,3
960,66000,387130000C,(04)23274275,(04)23288582,2025,08,3,17,42,臺中市,大肚區,0,1,0,5,3,6,50,3,1,1,4,4,6,6,4,4,10,5,5,2,11,3,10,3,1,B03,7,11,1,8,2,5,,45,45,1,6,4,120.544487,24.15587,2
961,66000,387130000C,(04)23274275,(04)23288582,2025,08,3,17,44,臺中市,中區,0,0,0,5,,,50,,,,,,,,,,,,,,,,,,,B03,,,1,,1,,,85,85,1,6,4,120.682957,24.14208,3
962,66000,387130000C,(04)23274275,(04)23288582,2025,08,3,17,44,臺中市,豐原區,0,1,0,5,3,6,50,3,1,1,4,4,6,6,1,1,5,5,4,1,18,2,9,1,4,C03,7,9,3,19,7,14,,53,53,1,12,4,120.744548,24.257723,2
963,66000,387130000C,(04)23274275,(04)23288582,2025,08,3,17,56,臺中市,大里區,0,0,0,5,2,6,50,4,1,1,5,4,6,6,4,4,10,5,5,2,13,,,,,C03,,,1,,2,,,59,59,1,6,4,120.697564,24.082716,3
964,66000,387130000C,(04)23274275,(04)23288582,2025,08,3,18,0,臺中市,沙鹿區,0,0,0,5,,,50,,,,,,,,,,,,,,16,,,,,C03,,,1,,2,,,48,48,1,6,4,120.567134,24.236739,3
965,66000,387130000C,(04)23274275,(04)23288582,2025,08,3,18,1,臺中市,南區,0,1,0,5,1,6,50,4,1,1,4,4,6,6,2,1,10,5,5,2,18,2,9,1,1,C03,7,9,1,10,2,14,,84,84,1,12,4,120.662819,24.120706,2
966,66000,387130000C,(04)23274275,(04)23288582,2025,08,3,18,1,臺中市,西屯區,0,0,0,5,,,50,,,,,,,,,,,,,,14,,,,,B03,,,1,,2,,,49,49,1,12,4,120.656482,24.197797,3
967,66000,387130000C,(04)23274275,(04)23288582,2025,08,3,18,1,臺中市,烏日區,0,0,0,5,,,60,,,,,,,,,,,,,,35,,,,,B03,,,1,,2,,,87,87,1,12,4,120.632816,24.094799,3
968,66000,387130000C,(04)23274275,(04)23288582,2025,08,3,18,2,臺中市,霧峰區,0,0,0,5,,,50,,,,,,,,,,,,,,17,,,,,B03,,,1,,2,,,49,49,1,6,4,120.711837,24.072128,3
969,66000,387130000C,(04)23274275,(04)23288582,2025,08,3,18,4,臺中市,太平區,0,0,0,5,,,50,,,,,,,,,,,,,,16,,,,,B03,,,1,,2,,,84,84,1,6,4,120.712193,24.144456,3
970,66000,387130000C,(04)23274275,(04)23288582,2025,08,3,18,5,臺中市,北區,0,1,0,5,1,6,40,13,8,1,4,4,6,6,4,4,3,4,4,2,17,3,10,3,1,B03,7,13,1,8,2,4,,76,76,1,12,4,120.687308,24.146207,2
971,66000,387130000C,(04)23274275,(04)23288582,2025,08,3,18,5,臺中市,北屯區,0,1,0,7,2,6,50,4,1,1,5,4,6,6,1,1,10,5,5,2,16,2,9,5,4,C03,7,6,1,10,2,14,,48,48,1,12,4,120.703977,24.182007,2
972,66000,387130000C,(04)23274275,(04)23288582,2025,08,3,18,8,臺中市,烏日區,0,0,0,5,,,60,,,,,,,,,,,,,,,,,,,B03,,,1,,2,,,84,84,1,6,4,120.632824,24.094894,3
973,66000,387130000C,(04)23274275,(04)23288582,2025,08,3,18,16,臺中市,烏日區,0,0,0,5,,,60,,,,,,,,,,,,,,35,,,,,B03,,,1,,2,,,84,84,1,6,4,120.632824,24.094894,3
974,66000,387130000C,(04)23274275,(04)23288582,2025,08,3,18,25,臺中市,西區,0,1,0,5,1,6,40,13,8,1,4,4,6,6,1,1,1,4,1,2,13,2,9,1,1,C03,7,12,1,10,2,11,,7,7,1,12,4,120.662609,24.155678,2
975,66000,387130000C,(04)23274275,(04)23288582,2025,08,3,18,27,臺中市,西屯區,0,2,0,5,2,6,50,3,1,1,4,4,6,6,1,1,9,4,4,2,12,2,7,2,1,C03,7,5,1,10,2,12,,7,7,1,12,4,120.612866,24.171826,2
976,66000,387130000C,(04)23274275,(04)23288582,2025,08,3,18,27,臺中市,沙鹿區,0,1,0,5,1,6,50,3,1,1,4,4,6,6,4,4,10,5,5,2,17,2,8,1,1,C03,7,9,1,10,2,14,,6,6,1,12,4,120.574098,24.239343,2
977,66000,387130000C,(04)23274275,(04)23288582,2025,08,3,18,34,臺中市,大里區,0,0,0,5,1,6,50,13,9,1,4,4,6,6,4,4,5,4,5,1,12,,,,,B03,,,1,,1,,,8,8,1,13,4,120.688671,24.103389,3
978,66000,387130000C,(04)23274275,(04)23288582,2025,08,3,18,36,臺中市,西區,0,1,0,6,1,6,50,13,8,1,4,4,6,6,4,4,5,5,4,2,18,2,9,1,1,C03,7,9,1,10,2,14,,84,84,1,12,4,120.66496,24.149358,2
979,66000,387130000C,(04)23274275,(04)23288582,2025,08,3,18,46,臺中市,豐原區,0,0,0,5,,,30,,,,,,,,,,,,,,14,,,,,B03,,,1,,2,,,50,50,1,13,4,120.729795,24.224415,3
980,66000,387130000C,(04)23274275,(04)23288582,2025,08,3,18,48,臺中市,東區,0,0,0,5,,,50,,,,,,,,,,,,,,,,,,,B03,,,1,,2,,,7,7,1,13,4,120.686352,24.135869,3
981,66000,387130000C,(04)23274275,(04)23288582,2025,08,3,18,48,臺中市,南區,0,0,0,5,,,50,,,,,,,,,,,,,,,,,,,C03,,,1,,1,,,84,84,1,12,4,120.68122,24.124349,3
982,66000,387130000C,(04)23274275,(04)23288582,2025,08,3,18,49,臺中市,北屯區,0,0,0,5,,,50,,,,,,,,,,,,,,13,,,,,B03,,,1,8,2,,,84,84,1,6,4,120.685871,24.182164,4
983,66000,387130000C,(04)23274275,(04)23288582,2025,08,3,18,49,臺中市,新社區,0,0,0,5,,,40,,,,,,,,,,,,,,11,,,,,C03,,,1,,2,,,84,84,1,13,4,120.889575,24.115992,3
984,66000,387130000C,(04)23274275,(04)23288582,2025,08,3,18,53,臺中市,西區,0,1,0,5,1,6,50,4,1,1,4,4,6,6,1,1,10,5,5,2,17,3,10,5,4,B03,7,5,1,8,2,6,,11,11,1,12,4,120.657267,24.149861,2
985,66000,387130000C,(04)23274275,(04)23288582,2025,08,3,18,56,臺中市,潭子區,0,0,0,5,,,50,,,,,,,,,,,,,,,,,,,B03,,,1,,1,,,20,20,1,12,4,120.704142,24.201192,4
986,66000,387130000C,(04)23274275,(04)23288582,2025,08,3,18,56,臺中市,西屯區,0,2,0,5,1,6,40,13,8,1,4,4,6,6,2,1,1,4,1,2,13,2,9,2,1,C03,7,9,1,10,2,11,,7,7,1,13,4,120.639349,24.169076,2
987,66000,387130000C,(04)23274275,(04)23288582,2025,08,3,19,5,臺中市,清水區,0,1,0,5,1,6,60,5,1,1,4,4,6,6,1,1,8,3,4,1,16,3,10,3,1,B03,7,6,1,8,2,5,,85,85,1,12,4,120.54188,24.262616,2
988,66000,387130000C,(04)23274275,(04)23288582,2025,08,3,19,9,臺中市,北屯區,0,0,0,5,,,50,,,,,,,,,,,,,,,,,,,B03,,,1,,11,,,51,51,1,12,4,120.697448,24.165557,3
989,66000,387130000C,(04)23274275,(04)23288582,2025,08,3,19,10,臺中市,南屯區,0,1,0,5,1,6,50,4,1,1,4,4,6,6,2,1,10,5,5,2,17,3,10,5,4,B03,7,5,1,8,2,16,,47,47,1,6,4,120.643821,24.153671,2
990,66000,387130000C,(04)23274275,(04)23288582,2025,08,3,19,18,臺中市,潭子區,0,0,0,5,,,30,,,,,,,,,,,,,,,,,,,B03,,,1,,9,,,59,59,1,12,4,120.715275,24.227363,3
991,66000,387130000C,(04)23274275,(04)23288582,2025,08,3,19,18,臺中市,豐原區,0,0,0,5,,,50,,,,,,,,,,,,,,17,,,,,B03,,,1,,2,,,51,51,1,12,4,120.723162,24.247215,3
992,66000,387130000C,(04)23274275,(04)23288582,2025,08,3,19,27,臺中市,大里區,0,0,0,5,1,6,50,13,9,1,4,4,6,6,1,1,5,4,5,2,13,,,,,B03,,,1,,1,,,84,84,1,12,4,120.694091,24.099438,3
993,66000,387130000C,(04)23274275,(04)23288582,2025,08,3,19,30,臺中市,豐原區,0,1,0,5,1,6,60,5,1,1,4,4,6,6,2,1,1,2,4,1,15,2,9,1,4,C03,7,9,1,10,2,12,,21,21,1,13,4,120.703412,24.238276,2
994,66000,387130000C,(04)23274275,(04)23288582,2025,08,3,19,33,臺中市,西屯區,0,1,0,5,1,6,50,4,2,1,4,4,6,6,2,1,10,5,5,2,18,2,9,1,1,C03,7,9,1,10,2,12,,84,84,1,12,4,120.647861,24.173952,2
995,66000,387130000C,(04)23274275,(04)23288582,2025,08,3,19,36,臺中市,北區,0,0,0,7,,,50,,,,,,,,,,,,,,14,,,,,B03,,,1,,2,,,84,84,1,13,4,120.664614,24.154619,3
996,66000,387130000C,(04)23274275,(04)23288582,2025,08,3,19,36,臺中市,南區,0,1,0,5,1,6,50,13,7,1,4,4,6,6,4,4,9,4,4,1,12,2,9,1,1,C03,7,8,1,10,2,14,,40,40,1,12,4,120.682961,24.134056,2
997,66000,387130000C,(04)23274275,(04)23288582,2025,08,3,19,40,臺中市,東區,0,0,0,5,,,30,,,,,,,,,,,,,,17,,,,,B03,,,1,,1,,,51,51,1,12,4,120.704013,24.128296,3
998,66000,387130000C,(04)23274275,(04)23288582,2025,08,3,19,52,臺中市,南區,0,1,0,5,1,6,30,4,1,1,4,4,6,6,2,1,10,5,5,2,3,3,10,3,1,B03,7,6,1,8,2,8,,10,10,1,13,4,120.666806,24.117758,2
999,66000,387130000C,(04)23274275,(04)23288582,2025,08,3,19,54,臺中市,北屯區,0,1,0,5,1,6,50,13,7,1,4,4,6,6,4,4,5,5,4,2,18,2,9,1,1,C03,7,9,1,10,2,14,,85,85,1,13,4,120.67967,24.176577,2
1000,66000,387130000C,(04)23274275,(04)23288582,2025,08,3,19,55,臺中市,潭子區,0,0,0,6,,,0,,,,,,,,,,,,,,,,,,,C03,,,1,,9,,,50,50,2,13,4,120.705003,24.208183,3
1001,66000,387130000C,(04)23274275,(04)23288582,2025,08,3,19,56,臺中市,南屯區,0,0,0,5,,,50,,,,,,,,,,,,,,17,,,,,B01,,,1,,1,,,48,48,1,12,4,120.649983,24.133345,3
1002,66000,387130000C,(04)23274275,(04)23288582,2025,08,3,20,10,臺中市,南屯區,0,1,0,5,1,6,50,4,2,1,4,4,6,6,2,1,5,4,4,2,17,2,9,2,1,C03,7,9,1,10,2,12,,85,85,1,12,4,120.649891,24.146771,2
1003,66000,387130000C,(04)23274275,(04)23288582,2025,08,3,20,12,臺中市,太平區,0,0,0,5,,,50,,,,,,,,,,,,,,13,,,,,B12,,,1,,2,,,84,84,1,6,4,120.712333,24.110463,3
1004,66000,387130000C,(04)23274275,(04)23288582,2025,08,3,20,12,臺中市,烏日區,0,0,0,5,,,50,,,,,,,,,,,,,,13,,,,,C03,,,1,,1,,,7,7,1,6,4,120.638927,24.10796,4
1005,66000,387130000C,(04)23274275,(04)23288582,2025,08,3,20,18,臺中市,西區,0,1,0,5,1,6,30,3,1,1,4,4,3,6,4,4,10,5,5,2,16,3,10,3,1,B02,7,6,1,8,2,8,,14,14,1,12,4,120.662657,24.158088,2
1006,66000,387130000C,(04)23274275,(04)23288582,2025,08,3,20,20,臺中市,南區,0,0,0,5,,,50,,,,,,,,,,,,,,,,,,,B03,,,1,,1,,,35,35,1,12,4,120.675172,24.124121,3
1007,66000,387130000C,(04)23274275,(04)23288582,2025,08,3,20,23,臺中市,南屯區,0,0,0,5,,,50,,,,,,,,,,,,,,13,,,,,B03,,,1,,1,,,84,84,1,12,4,120.610334,24.135676,3
1008,66000,387130000C,(04)23274275,(04)23288582,2025,08,3,20,25,臺中市,東區,0,1,0,5,1,6,50,4,2,1,4,4,3,6,4,4,5,5,5,2,13,2,9,2,1,C03,7,9,5,19,8,11,,53,53,1,6,4,120.697276,24.133172,2
1009,66000,387130000C,(04)23274275,(04)23288582,2025,08,3,20,32,臺中市,霧峰區,0,0,0,5,,,50,,,,,,,,,,,,,,17,,,,,B03,,,1,,2,,,49,49,1,6,4,120.711995,24.074759,3
1010,66000,387130000C,(04)23274275,(04)23288582,2025,08,3,20,34,臺中市,西屯區,0,1,0,5,1,6,50,5,1,1,4,4,6,6,1,1,10,5,1,2,12,2,7,2,1,C03,7,9,1,10,2,12,,8,8,1,12,4,120.655601,24.199887,2
1011,66000,387130000C,(04)23274275,(04)23288582,2025,08,3,20,35,臺中市,北屯區,0,0,0,5,,,50,,,,,,,,,,,,,,16,,,,,B03,,,1,,2,,,84,84,1,12,4,120.720953,24.169893,3
1012,66000,387130000C,(04)23274275,(04)23288582,2025,08,3,20,41,臺中市,北屯區,0,1,0,5,1,6,50,4,1,1,4,4,6,6,2,1,4,3,4,2,11,3,10,3,1,B03,7,6,1,10,2,5,2,11,11,1,13,4,120.723029,24.164858,2
1013,66000,387130000C,(04)23274275,(04)23288582,2025,08,3,20,44,臺中市,西屯區,0,0,0,5,,,60,,,,,,,,,,,,,,12,,,,,B03,,,1,,1,,,40,40,1,13,4,120.625485,24.178122,3
1014,66000,387130000C,(04)23274275,(04)23288582,2025,08,3,20,50,臺中市,梧棲區,0,0,0,5,,,50,,,,,,,,,,,,,,1,,,,,C03,,,1,,2,,,8,8,1,12,4,120.533259,24.265433,3