﻿序號,縣市別代碼,機關代碼,市話,傳真,年,月,日,時,分,縣市,區,死亡數量,受傷數量,2-30,天候,道路照明設備,道路類別,道路速限,道路型態,事故位置,路面鋪裝,路面狀態,路面缺陷,障礙物,視距,號誌種類,號誌動作,分向設施,快車道或一般車道間,快慢車道間,路面邊線,事故類型及型態,受傷程度,主要傷處,保護裝備,行動電話或功能裝置,當事者區分_類別,車輛用途,當事者行動狀態,駕照狀態,駕照種類,飲酒情形,車輛撞擊部位最初,車輛撞擊部位其他,肇事因素個別,肇事因素主要,肇事逃逸,職業,共享經濟或外送平台,GPS座標X,GPS座標Y,事故類別
1015,66000,387130000C,(04)23274275,(04)23288582,2025,08,3,20,52,臺中市,豐原區,0,1,0,5,3,6,40,13,14,1,4,4,6,6,4,4,1,4,4,1,17,2,7,1,4,C03,7,15,1,10,2,12,,59,59,1,12,4,120.712156,24.240047,2
1016,66000,387130000C,(04)23274275,(04)23288582,2025,08,3,20,53,臺中市,中區,0,1,0,5,1,6,50,13,9,1,4,4,6,6,4,4,9,4,5,2,18,2,1,1,1,C03,7,7,1,10,2,16,,59,59,1,12,4,120.676185,24.142139,2
1017,66000,387130000C,(04)23274275,(04)23288582,2025,08,3,20,56,臺中市,霧峰區,0,1,0,7,1,6,30,13,9,1,5,4,6,6,4,4,10,5,5,1,11,3,10,3,1,B03,7,9,1,8,2,4,,41,41,1,6,4,120.658001,24.068416,2
1018,66000,387130000C,(04)23274275,(04)23288582,2025,08,3,21,1,臺中市,南區,0,1,0,5,1,6,50,4,2,1,4,4,6,6,1,1,9,4,5,2,18,2,9,1,1,C03,7,9,1,10,2,12,,7,7,1,12,4,120.679112,24.126971,2
1019,66000,387130000C,(04)23274275,(04)23288582,2025,08,3,21,8,臺中市,南屯區,0,1,0,5,1,6,50,4,1,1,4,4,6,6,2,1,10,5,5,2,18,2,9,2,4,C03,7,9,1,10,2,12,,84,84,1,13,4,120.632514,24.145644,2
1020,66000,387130000C,(04)23274275,(04)23288582,2025,08,3,21,8,臺中市,后里區,0,1,0,5,3,6,50,3,9,1,4,4,6,6,1,1,1,4,4,1,11,2,7,2,1,C03,7,9,1,10,2,14,,39,39,1,12,4,120.722183,24.284348,2
1021,66000,387130000C,(04)23274275,(04)23288582,2025,08,3,21,13,臺中市,南區,0,1,0,7,1,6,50,3,1,1,5,4,6,6,4,4,10,5,5,2,12,3,10,3,1,B01,7,7,1,4,2,5,,85,85,1,12,4,120.658423,24.127626,2
1022,66000,387130000C,(04)23274275,(04)23288582,2025,08,3,21,20,臺中市,西屯區,0,0,0,7,,,50,,,,,,,,,,,,,,12,,,,,C03,,,1,,1,,,87,87,1,12,4,120.647159,24.174575,3
1023,66000,387130000C,(04)23274275,(04)23288582,2025,08,3,21,26,臺中市,西屯區,0,0,0,5,,,50,,,,,,,,,,,,,,14,,,,,B03,,,1,,2,,,49,49,1,12,4,120.620195,24.187171,3
1024,66000,387130000C,(04)23274275,(04)23288582,2025,08,3,21,30,臺中市,清水區,0,0,0,5,,,40,,,,,,,,,,,,,,,,,,,B03,,,1,,2,,,8,8,1,12,4,120.575535,24.269733,3
1025,66000,387130000C,(04)23274275,(04)23288582,2025,08,3,21,36,臺中市,北區,0,1,0,7,1,6,50,4,1,1,4,4,6,6,1,1,5,4,4,2,18,2,9,5,1,C03,7,6,1,10,2,14,,84,84,1,12,4,120.688938,24.158996,2
1026,66000,387130000C,(04)23274275,(04)23288582,2025,08,3,21,38,臺中市,東勢區,0,1,0,7,1,6,60,13,9,1,5,4,6,6,4,4,5,5,5,1,16,3,10,5,4,B03,7,11,1,8,2,1,,34,34,1,13,4,120.824895,24.26095,2
1027,66000,387130000C,(04)23274275,(04)23288582,2025,08,3,21,40,臺中市,南屯區,0,0,0,5,,,50,,,,,,,,,,,,,,,,,,,B03,,,1,,1,,,7,7,1,6,4,120.643965,24.134737,3
1028,66000,387130000C,(04)23274275,(04)23288582,2025,08,3,21,51,臺中市,梧棲區,0,1,0,6,1,6,50,13,7,1,4,3,6,6,4,4,1,4,4,1,18,2,9,1,1,C03,7,9,1,10,2,12,,87,87,1,6,4,120.549599,24.238743,2
1029,66000,387130000C,(04)23274275,(04)23288582,2025,08,3,21,57,臺中市,龍井區,0,0,0,6,,,30,,,,,,,,,,,,,,14,,,,,B01,,,1,,11,,,49,49,1,6,4,120.586339,24.184619,3
1030,66000,387130000C,(04)23274275,(04)23288582,2025,08,3,22,2,臺中市,西屯區,0,0,0,6,,,50,,,,,,,,,,,,,,16,,,,,B03,,,1,,2,,,14,14,1,13,4,120.633882,24.182478,3
1031,66000,387130000C,(04)23274275,(04)23288582,2025,08,3,22,5,臺中市,南區,0,1,0,6,1,6,50,13,7,1,4,4,6,6,4,4,3,4,4,2,13,3,10,3,1,B03,7,9,1,8,2,1,,7,7,1,12,4,120.656901,24.113291,2
1032,66000,387130000C,(04)23274275,(04)23288582,2025,08,3,22,12,臺中市,太平區,0,1,0,5,1,6,50,3,2,1,4,4,6,6,3,1,5,2,5,1,17,2,8,1,1,C02,7,9,1,10,2,11,14,84,84,1,12,4,120.733968,24.144081,2
1033,66000,387130000C,(04)23274275,(04)23288582,2025,08,3,22,24,臺中市,后里區,0,1,0,7,3,6,30,13,9,1,5,4,6,6,4,4,10,5,5,2,18,2,9,2,1,C03,7,9,1,10,2,12,,84,84,1,12,4,120.702385,24.323576,2
1034,66000,387130000C,(04)23274275,(04)23288582,2025,08,3,22,25,臺中市,西屯區,0,0,0,7,,,50,,,,,,,,,,,,,,13,,,,,B03,,,1,,2,,,59,59,1,12,4,120.655099,24.176111,3
1035,66000,387130000C,(04)23274275,(04)23288582,2025,08,3,22,33,臺中市,東區,0,1,0,6,1,6,50,4,1,1,4,4,6,6,2,1,5,5,5,2,18,2,9,2,1,C03,7,6,1,10,2,16,,84,84,1,6,4,120.690691,24.134697,2
1036,66000,387130000C,(04)23274275,(04)23288582,2025,08,3,22,38,臺中市,烏日區,0,0,0,7,,,50,,,,,,,,,,,,,,17,,,,,B03,,,1,,1,,,40,40,1,6,4,120.614886,24.107609,3
1037,66000,387130000C,(04)23274275,(04)23288582,2025,08,3,22,44,臺中市,西屯區,0,1,0,6,1,6,0,13,21,4,4,4,1,2,4,4,10,5,5,2,17,2,8,6,1,F01,7,12,7,21,2,14,,59,59,1,12,4,120.649796,24.162755,2
1038,66000,387130000C,(04)23274275,(04)23288582,2025,08,3,22,45,臺中市,南屯區,0,1,0,7,1,6,50,4,2,1,4,4,6,6,3,1,4,3,5,2,12,3,10,5,4,B03,7,11,1,8,2,8,,45,45,1,13,4,120.646071,24.129531,2
1039,66000,387130000C,(04)23274275,(04)23288582,2025,08,3,22,46,臺中市,北屯區,0,0,0,5,,,50,,,,,,,,,,,,,,30,,,,,B03,,,1,,2,,,59,59,1,13,4,120.679347,24.200808,3
1040,66000,387130000C,(04)23274275,(04)23288582,2025,08,3,22,47,臺中市,龍井區,0,0,0,7,,,50,,,,,,,,,,,,,,14,,,,,B12,,,1,,1,,,49,49,1,6,4,120.543518,24.175955,3
1041,66000,387130000C,(04)23274275,(04)23288582,2025,08,3,22,50,臺中市,北區,0,0,0,5,,,50,,,,,,,,,,,,,,,,,,,B03,,,1,,2,,,7,7,1,13,4,120.685106,24.160738,3
1042,66000,387130000C,(04)23274275,(04)23288582,2025,08,3,23,10,臺中市,東區,0,1,0,7,1,6,30,13,9,1,5,4,6,6,4,4,10,5,5,2,30,,,,,,,,,,,,,116,116,1,,,120.69142,24.144122,2
1043,66000,387130000C,(04)23274275,(04)23288582,2025,08,3,23,27,臺中市,太平區,0,1,0,6,1,6,50,3,1,1,5,4,6,6,2,1,10,5,5,2,18,2,9,2,1,C03,7,9,1,10,2,16,,84,84,1,12,4,120.733778,24.143591,2
1044,66000,387130000C,(04)23274275,(04)23288582,2025,08,3,23,31,臺中市,南區,0,1,0,6,1,6,50,3,1,1,4,4,6,6,3,1,5,5,5,2,18,2,9,2,1,C03,7,9,1,10,2,16,,6,6,1,6,4,120.668205,24.112678,2
1045,66000,387130000C,(04)23274275,(04)23288582,2025,08,4,0,0,臺中市,清水區,0,1,0,5,1,6,50,11,9,1,4,4,6,6,4,4,5,5,5,1,27,2,9,3,1,B12,7,15,1,8,2,1,,58,58,1,12,4,120.576419,24.264525,2
1046,66000,387130000C,(04)23274275,(04)23288582,2025,08,4,0,57,臺中市,北區,0,1,0,6,1,6,50,3,9,1,5,4,6,6,4,4,1,4,5,2,17,2,8,1,1,C03,7,9,1,10,2,11,,84,84,1,12,4,120.6791,24.170477,2
1047,66000,387130000C,(04)23274275,(04)23288582,2025,08,4,1,0,臺中市,北屯區,0,1,0,6,1,6,50,3,1,1,4,4,6,6,4,4,10,5,5,2,18,2,9,2,1,C03,7,5,3,19,2,11,,84,84,1,12,4,120.709365,24.17818,2
1048,66000,387130000C,(04)23274275,(04)23288582,2025,08,4,1,25,臺中市,南屯區,0,0,0,5,,,,,,,,,,,,,,,,,,,,,,B03,,,,,,,,84,84,1,,,120.64532,24.131898,3
1049,66000,387130000C,(04)23274275,(04)23288582,2025,08,4,1,42,臺中市,霧峰區,0,1,0,7,1,6,50,13,9,1,5,4,6,6,4,4,5,5,5,1,17,2,9,5,4,C03,7,9,5,10,2,11,,59,59,1,12,4,120.701814,24.070853,2
1050,66000,387130000C,(04)23274275,(04)23288582,2025,08,4,2,15,臺中市,西區,0,1,0,7,1,6,50,3,1,1,5,4,6,6,3,1,10,5,5,2,17,2,9,2,1,C03,7,6,1,10,2,13,,24,24,1,12,4,120.674185,24.137307,2
1051,66000,387130000C,(04)23274275,(04)23288582,2025,08,4,2,21,臺中市,神岡區,0,0,0,7,,,50,,,,,,,,,,,,,,16,,,,,B03,,,1,,2,,,24,24,1,12,4,120.684544,24.246351,3
1052,66000,387130000C,(04)23274275,(04)23288582,2025,08,4,2,36,臺中市,大里區,0,1,0,7,1,6,50,13,9,1,5,4,6,6,4,4,5,5,5,1,28,2,9,1,1,C03,7,9,1,10,2,11,,87,87,1,12,4,120.666911,24.108854,2
1053,66000,387130000C,(04)23274275,(04)23288582,2025,08,4,4,44,臺中市,東區,0,0,0,5,,,50,,,,,,,,,,,,,,,,,,,B03,,,1,,2,,,7,7,1,6,4,120.694434,24.147858,3
1054,66000,387130000C,(04)23274275,(04)23288582,2025,08,4,5,23,臺中市,西區,0,0,0,6,,,50,,,,,,,,,,,,,,,,,,,B02,,,1,,2,,,84,84,1,12,4,120.676387,24.139572,3
1055,66000,387130000C,(04)23274275,(04)23288582,2025,08,4,5,29,臺中市,北屯區,0,1,0,5,3,6,50,4,1,1,4,4,6,6,1,1,10,5,5,2,21,2,1,2,1,C03,7,9,2,19,2,11,,84,84,1,12,4,120.697745,24.170349,2
1056,66000,387130000C,(04)23274275,(04)23288582,2025,08,4,6,0,臺中市,北屯區,0,1,0,5,2,6,50,4,4,1,4,4,6,6,2,1,10,5,5,2,12,3,10,3,1,B03,7,9,1,8,2,5,,84,84,1,12,4,120.66004,24.192626,2
1057,66000,387130000C,(04)23274275,(04)23288582,2025,08,4,6,14,臺中市,西屯區,0,0,0,5,,,50,,,,,,,,,,,,,,16,,,,,B03,,,1,,2,,,14,14,1,13,4,120.654136,24.199632,3
1058,66000,387130000C,(04)23274275,(04)23288582,2025,08,4,6,29,臺中市,北屯區,0,1,0,5,3,6,50,3,2,1,4,4,6,6,4,4,5,5,4,2,18,2,9,2,1,C03,7,9,1,10,2,12,,84,84,1,6,4,120.67043,24.192981,2
1059,66000,387130000C,(04)23274275,(04)23288582,2025,08,4,6,40,臺中市,清水區,0,1,0,5,3,6,60,5,1,1,4,4,6,6,2,1,1,4,3,1,16,3,10,3,1,B03,7,5,1,8,2,2,,47,47,1,12,4,120.540131,24.289319,2
1060,66000,387130000C,(04)23274275,(04)23288582,2025,08,4,6,52,臺中市,北屯區,0,1,0,5,2,6,50,13,9,1,4,4,6,6,2,1,5,4,4,2,12,3,10,2,1,C03,7,9,1,10,2,12,,84,84,1,12,4,120.6995,24.164782,2
1061,66000,387130000C,(04)23274275,(04)23288582,2025,08,4,6,55,臺中市,西區,0,0,0,5,,,50,,,,,,,,,,,,,,17,,,,,B03,,,1,,1,,,51,51,1,12,4,120.660965,24.157537,3
1062,66000,387130000C,(04)23274275,(04)23288582,2025,08,4,6,56,臺中市,潭子區,0,1,0,5,2,6,50,3,2,1,4,4,6,6,4,4,5,5,5,1,18,2,9,2,1,C03,7,9,1,10,2,14,,84,84,1,13,4,120.704554,24.193153,2
1063,66000,387130000C,(04)23274275,(04)23288582,2025,08,4,6,57,臺中市,清水區,0,1,0,5,2,6,50,4,2,1,4,4,6,6,4,4,9,3,4,1,17,3,10,1,1,C03,7,5,1,10,2,16,,84,84,1,12,4,120.574787,24.266383,2
1064,66000,387130000C,(04)23274275,(04)23288582,2025,08,4,7,0,臺中市,豐原區,0,0,0,5,,,50,,,,,,,,,,,,,,13,,,,,B03,,,1,,2,,,84,84,1,12,4,120.726091,24.2461,3
1065,66000,387130000C,(04)23274275,(04)23288582,2025,08,4,7,3,臺中市,大甲區,0,1,0,7,2,6,40,13,9,1,4,4,6,6,4,4,6,5,5,2,27,2,9,1,1,C03,7,1,1,10,2,11,,51,51,1,12,4,120.617131,24.349249,2
1066,66000,387130000C,(04)23274275,(04)23288582,2025,08,4,7,4,臺中市,大雅區,0,0,0,5,,,50,,,,,,,,,,,,,,17,,,,,B12,,,2,,2,,,82,82,1,12,4,120.653255,24.217789,3
1067,66000,387130000C,(04)23274275,(04)23288582,2025,08,4,7,4,臺中市,東區,0,1,0,5,2,6,40,13,8,1,4,4,6,6,4,4,9,5,4,2,18,2,9,2,1,C03,7,9,1,10,2,14,,84,84,1,13,4,120.704629,24.137985,2
1068,66000,387130000C,(04)23274275,(04)23288582,2025,08,4,7,5,臺中市,大雅區,0,0,0,5,,,50,,,,,,,,,,,,,,,,,,,B03,,,1,,2,,,7,7,1,12,4,120.629892,24.209714,3
1069,66000,387130000C,(04)23274275,(04)23288582,2025,08,4,7,5,臺中市,北屯區,0,0,0,5,,,50,,,,,,,,,,,,,,,,,,,B03,,,1,,9,,,56,56,1,12,4,120.710124,24.180118,3
1070,66000,387130000C,(04)23274275,(04)23288582,2025,08,4,7,12,臺中市,東區,0,1,0,5,2,6,50,3,2,1,4,4,6,6,4,4,9,4,4,2,17,3,10,3,1,B03,7,1,1,8,2,1,,51,51,1,13,4,120.690844,24.129653,2
1071,66000,387130000C,(04)23274275,(04)23288582,2025,08,4,7,15,臺中市,烏日區,0,1,0,5,2,6,40,10,9,1,4,4,6,6,4,4,1,4,5,2,18,2,9,5,4,C03,7,9,1,10,2,12,,87,87,1,12,4,120.64479,24.1126,2
1072,66000,387130000C,(04)23274275,(04)23288582,2025,08,4,7,15,臺中市,烏日區,0,1,0,5,2,6,40,13,17,1,4,4,6,6,4,4,1,5,5,2,18,2,9,5,4,C03,7,9,1,10,2,12,,87,87,1,5,4,120.644833,24.112463,2
1073,66000,387130000C,(04)23274275,(04)23288582,2025,08,4,7,20,臺中市,大里區,0,1,0,5,3,6,30,13,9,1,4,4,6,6,4,4,10,5,5,2,16,2,8,4,1,F01,7,1,7,21,9,14,,51,51,2,13,4,120.687166,24.116699,2
1074,66000,387130000C,(04)23274275,(04)23288582,2025,08,4,7,24,臺中市,潭子區,0,1,0,5,2,6,30,13,9,5,4,4,6,6,4,4,10,5,5,1,12,3,10,3,1,B03,7,9,1,10,2,2,,8,8,1,13,4,120.677437,24.208277,2
1075,66000,387130000C,(04)23274275,(04)23288582,2025,08,4,7,24,臺中市,南區,0,0,0,5,,,50,,,,,,,,,,,,,,13,,,,,B03,,,1,,1,,,84,84,1,12,4,120.644828,24.110212,3
1076,66000,387130000C,(04)23274275,(04)23288582,2025,08,4,7,30,臺中市,東區,0,1,0,5,3,6,50,3,1,1,4,4,6,6,4,4,10,5,5,2,18,2,9,2,1,C03,7,6,1,10,2,14,,84,84,1,12,4,120.703406,24.125496,2
1077,66000,387130000C,(04)23274275,(04)23288582,2025,08,4,7,31,臺中市,北屯區,0,1,0,5,3,6,50,3,1,1,4,4,6,6,4,4,10,5,5,2,18,2,9,2,1,C03,7,9,1,10,2,14,,85,85,1,13,4,120.704636,24.170085,2
1078,66000,387130000C,(04)23274275,(04)23288582,2025,08,4,7,35,臺中市,龍井區,0,0,0,5,,3,60,,,,,,,,,,,,,,,,,,,B03,,,1,,2,,,7,7,1,13,4,120.50405,24.191947,3
1079,66000,387130000C,(04)23274275,(04)23288582,2025,08,4,7,36,臺中市,霧峰區,0,0,0,5,,,40,,,,,,,,,,,,,,17,,,,,B03,,,1,,1,,,76,76,1,13,4,120.697132,24.064111,3
1080,66000,387130000C,(04)23274275,(04)23288582,2025,08,4,7,36,臺中市,烏日區,0,1,0,5,2,6,50,4,1,1,4,4,5,5,1,1,10,5,5,2,17,3,10,5,4,B03,7,15,1,8,2,2,,84,84,1,9,4,120.590013,24.113621,2
1081,66000,387130000C,(04)23274275,(04)23288582,2025,08,4,7,38,臺中市,大里區,0,0,0,5,,,60,,,,,,,,,,,,,,13,,,,,B02,,,1,,2,,,7,7,1,13,4,120.665703,24.106034,3
1082,66000,387130000C,(04)23274275,(04)23288582,2025,08,4,7,39,臺中市,南區,0,0,0,5,1,6,,4,1,1,5,4,6,6,1,1,10,5,5,2,30,,,,,,,,,,,,,119,119,1,,,120.655783,24.134725,3
1083,66000,387130000C,(04)23274275,(04)23288582,2025,08,4,7,40,臺中市,大雅區,0,1,0,5,1,6,30,13,9,1,4,4,6,6,4,4,10,5,5,2,13,2,9,2,1,C03,7,12,1,10,2,14,,84,84,1,12,4,120.666612,24.239735,2
1084,66000,387130000C,(04)23274275,(04)23288582,2025,08,4,7,40,臺中市,北區,0,1,0,5,2,6,50,13,7,1,4,4,6,6,4,4,5,4,4,2,17,3,10,5,1,B01,7,9,1,4,2,16,,84,84,1,13,4,120.66814,24.168364,2
1085,66000,387130000C,(04)23274275,(04)23288582,2025,08,4,7,40,臺中市,西屯區,0,1,0,5,1,6,50,4,1,1,4,4,6,6,2,1,10,5,5,2,17,3,10,3,1,B03,7,5,1,8,2,16,,84,84,1,12,4,120.615055,24.187757,2
1086,66000,387130000C,(04)23274275,(04)23288582,2025,08,4,7,40,臺中市,龍井區,0,1,0,5,2,6,50,13,9,1,4,4,6,6,4,4,10,5,5,2,13,3,10,2,1,C03,7,12,1,10,2,13,,84,84,1,6,4,120.597776,24.189208,2
1087,66000,387130000C,(04)23274275,(04)23288582,2025,08,4,7,42,臺中市,西屯區,0,1,0,5,2,6,50,13,9,1,4,4,6,6,4,4,4,5,5,2,13,2,9,5,4,C03,7,9,1,10,2,11,,7,7,1,13,4,120.658232,24.168285,2
1088,66000,387130000C,(04)23274275,(04)23288582,2025,08,4,7,47,臺中市,北屯區,0,0,0,5,,,50,,,,,,,,,,,,,,13,,,,,C03,,,1,,1,,,7,7,1,12,4,120.71083,24.174825,3
1089,66000,387130000C,(04)23274275,(04)23288582,2025,08,4,7,47,臺中市,豐原區,0,2,0,6,1,6,30,4,1,1,4,4,6,6,4,4,10,5,5,2,17,2,9,1,1,C03,7,9,5,10,7,11,,53,53,1,6,4,120.724498,24.266582,2
1090,66000,387130000C,(04)23274275,(04)23288582,2025,08,4,7,49,臺中市,豐原區,0,1,0,5,2,6,50,5,1,1,4,4,6,6,1,1,1,4,5,1,17,3,10,5,4,B03,7,15,1,8,2,6,,40,40,1,12,4,120.712389,24.245787,2
1091,66000,387130000C,(04)23274275,(04)23288582,2025,08,4,7,50,臺中市,大肚區,0,1,0,5,3,6,50,3,1,1,4,4,6,6,4,4,10,5,5,2,17,3,10,2,1,F03,7,6,7,21,2,16,,14,14,1,6,4,120.542748,24.152817,2
1092,66000,387130000C,(04)23274275,(04)23288582,2025,08,4,7,52,臺中市,豐原區,0,0,0,5,,,50,,,,,,,,,,,,,,13,,,,,F03,,,7,,2,,,7,7,1,12,4,120.73196,24.250386,3
1093,66000,387130000C,(04)23274275,(04)23288582,2025,08,4,7,53,臺中市,西屯區,0,1,0,7,2,6,40,13,8,1,4,4,6,6,4,4,5,4,4,2,17,3,10,5,1,B12,7,1,1,8,2,16,,51,51,1,12,4,120.636555,24.157326,2
1094,66000,387130000C,(04)23274275,(04)23288582,2025,08,4,7,55,臺中市,西區,0,1,0,5,2,6,50,4,1,1,4,4,6,6,2,1,5,4,5,2,17,3,10,3,1,B03,7,6,1,8,2,16,,85,85,1,12,4,120.674994,24.138036,2
1095,66000,387130000C,(04)23274275,(04)23288582,2025,08,4,7,55,臺中市,烏日區,0,0,0,5,,,40,,,,,,,,,,,,,,,,,,,B12,,,1,,1,,,7,7,1,13,4,120.644795,24.112568,3
1096,66000,387130000C,(04)23274275,(04)23288582,2025,08,4,7,55,臺中市,沙鹿區,0,0,0,5,,,50,,,,,,,,,,,,,,,,,,,B03,,,1,,1,,,59,59,1,6,4,120.562955,24.206107,3
1097,66000,387130000C,(04)23274275,(04)23288582,2025,08,4,7,56,臺中市,大雅區,0,0,0,5,,,50,,,,,,,,,,,,,,,,,,,B03,,,1,,1,,,11,11,1,12,4,120.644449,24.204728,3
1098,66000,387130000C,(04)23274275,(04)23288582,2025,08,4,7,56,臺中市,西屯區,0,1,0,5,2,6,50,13,9,1,4,4,6,6,4,4,9,5,5,2,17,3,10,3,1,B03,7,3,1,8,1,8,,50,50,1,12,4,120.609343,24.166755,2
1099,66000,387130000C,(04)23274275,(04)23288582,2025,08,4,7,57,臺中市,西屯區,0,1,0,5,1,6,50,13,9,1,4,4,6,6,4,4,1,4,5,1,12,2,9,2,1,C03,7,15,1,10,2,13,,40,40,1,12,4,120.666358,24.173209,2
1100,66000,387130000C,(04)23274275,(04)23288582,2025,08,4,8,0,臺中市,太平區,0,2,0,6,2,6,30,4,1,1,4,4,6,6,4,4,5,5,5,1,16,2,8,2,1,C03,7,6,1,10,2,11,,12,12,1,12,4,120.725413,24.141958,2
1101,66000,387130000C,(04)23274275,(04)23288582,2025,08,4,8,1,臺中市,南屯區,0,0,0,7,,,50,,,,,,,,,,,,,,12,,,,,B03,,,1,,1,,,40,40,1,12,4,120.64655,24.133376,3
1102,66000,387130000C,(04)23274275,(04)23288582,2025,08,4,8,3,臺中市,大雅區,0,0,0,5,,,50,,,,,,,,,,,,,,13,,,,,B03,,,1,,1,,,59,59,1,12,4,120.647301,24.213278,3
1103,66000,387130000C,(04)23274275,(04)23288582,2025,08,4,8,9,臺中市,北區,0,2,0,5,2,6,50,3,2,1,4,4,6,6,4,4,10,5,5,2,13,2,9,2,1,C03,7,9,1,10,2,11,,7,7,1,13,4,120.678653,24.152005,2
1104,66000,387130000C,(04)23274275,(04)23288582,2025,08,4,8,10,臺中市,豐原區,0,1,0,5,2,6,30,13,9,1,4,4,6,6,4,4,10,5,5,1,13,2,9,2,1,C03,7,9,1,10,2,11,,7,7,1,13,4,120.732689,24.24344,2
1105,66000,387130000C,(04)23274275,(04)23288582,2025,08,4,8,11,臺中市,南屯區,0,0,0,5,3,6,60,13,9,1,4,4,6,6,1,1,3,4,3,2,12,,,,,B03,,,1,,1,,,8,8,1,12,4,120.616286,24.146186,3
1106,66000,387130000C,(04)23274275,(04)23288582,2025,08,4,8,12,臺中市,北區,0,1,0,5,3,6,50,4,1,1,4,4,6,6,4,4,10,5,5,2,17,3,10,5,4,B03,7,9,1,8,2,4,,13,13,1,13,4,120.692421,24.155877,2
1107,66000,387130000C,(04)23274275,(04)23288582,2025,08,4,8,13,臺中市,北區,0,1,0,5,3,6,50,4,1,1,4,4,6,6,4,4,10,5,5,2,17,2,9,5,4,C03,7,9,1,10,2,12,,15,15,1,13,4,120.674815,24.147683,2
1108,66000,387130000C,(04)23274275,(04)23288582,2025,08,4,8,13,臺中市,梧棲區,0,1,0,5,2,6,40,4,1,1,4,4,6,6,1,1,10,5,5,2,16,3,10,3,1,B03,7,5,1,8,2,2,,11,11,1,12,4,120.526569,24.222801,2
1109,66000,387130000C,(04)23274275,(04)23288582,2025,08,4,8,14,臺中市,太平區,0,0,0,7,,,50,,,,,,,,,,,,,,,,,,,B03,,,1,,9,,,45,45,1,12,4,120.717334,24.128391,3
1110,66000,387130000C,(04)23274275,(04)23288582,2025,08,4,8,15,臺中市,北屯區,0,1,0,5,2,6,50,4,1,1,4,4,6,6,1,3,10,5,5,2,16,3,10,3,1,B03,7,6,1,8,2,8,,14,14,1,5,4,120.70139,24.178247,2
1111,66000,387130000C,(04)23274275,(04)23288582,2025,08,4,8,17,臺中市,后里區,0,0,0,5,2,6,50,13,7,1,4,4,6,6,4,4,1,2,4,1,13,,,,,B03,,,1,,2,,,59,59,1,12,4,120.722253,24.302894,3
1112,66000,387130000C,(04)23274275,(04)23288582,2025,08,4,8,19,臺中市,南區,0,1,0,5,2,6,40,3,1,1,4,4,6,6,4,4,5,5,4,2,14,3,10,3,1,B02,7,2,1,8,2,3,,49,49,1,13,4,120.661077,24.126303,2
1113,66000,387130000C,(04)23274275,(04)23288582,2025,08,4,8,21,臺中市,西區,0,1,0,5,2,6,50,3,2,1,4,4,6,6,4,4,5,5,5,2,13,2,7,1,1,C03,7,9,1,10,2,11,,84,84,1,13,4,120.664302,24.144325,2
1114,66000,387130000C,(04)23274275,(04)23288582,2025,08,4,8,22,臺中市,烏日區,0,1,0,5,2,6,40,13,8,1,4,4,6,6,4,4,1,4,1,2,12,3,10,3,1,B03,7,5,1,8,2,6,,47,47,1,6,4,120.616219,24.110055,2
1115,66000,387130000C,(04)23274275,(04)23288582,2025,08,4,8,24,臺中市,潭子區,0,1,0,5,2,6,50,13,7,1,4,4,6,6,4,4,5,5,4,2,17,3,10,1,1,C03,7,9,1,10,2,12,,43,43,1,13,4,120.703413,24.209735,2
1116,66000,387130000C,(04)23274275,(04)23288582,2025,08,4,8,25,臺中市,大雅區,0,0,0,5,,,60,,,,,,,,,,,,,,,,,,,C03,,,1,,2,,,84,84,1,12,4,120.649609,24.213289,3
1117,66000,387130000C,(04)23274275,(04)23288582,2025,08,4,8,25,臺中市,北屯區,0,1,0,5,3,6,50,3,1,1,4,4,6,6,4,4,10,5,5,2,18,2,9,2,1,C03,7,9,1,10,2,12,,84,84,1,12,4,120.681734,24.173211,2
1118,66000,387130000C,(04)23274275,(04)23288582,2025,08,4,8,26,臺中市,西屯區,0,0,0,5,,,50,,,,,,,,,,,,,,17,,,,,B03,,,1,,2,,,50,50,1,12,4,120.65128,24.164106,3
1119,66000,387130000C,(04)23274275,(04)23288582,2025,08,4,8,29,臺中市,南屯區,0,0,0,5,,,50,,,,,,,,,,,,,,,,,,,B03,,,1,,1,,,84,84,1,13,4,120.622306,24.150123,3
1120,66000,387130000C,(04)23274275,(04)23288582,2025,08,4,8,31,臺中市,豐原區,0,1,0,7,2,6,50,13,9,1,5,4,6,6,4,4,9,5,5,2,17,3,10,3,1,B03,7,1,1,8,2,8,,51,51,1,12,4,120.723641,24.245462,2
1121,66000,387130000C,(04)23274275,(04)23288582,2025,08,4,8,32,臺中市,龍井區,0,0,0,5,2,6,60,4,7,1,4,4,6,6,2,1,3,4,3,2,13,3,10,3,1,B03,7,9,1,8,1,1,,84,84,1,6,4,120.581758,24.175784,3
1122,66000,387130000C,(04)23274275,(04)23288582,2025,08,4,8,35,臺中市,北屯區,0,1,0,5,3,6,50,3,1,1,4,4,6,6,4,4,10,5,5,2,16,3,10,3,1,B03,7,6,1,8,1,2,,20,20,1,13,4,120.719061,24.176296,2
1123,66000,387130000C,(04)23274275,(04)23288582,2025,08,4,8,36,臺中市,烏日區,0,0,0,6,,,50,,,,,,,,,,,,,,,,,,,B03,,,1,,1,,,7,7,1,13,4,120.629601,24.109387,3