﻿序號,縣市別代碼,機關代碼,市話,傳真,年,月,日,時,分,縣市,區,死亡數量,受傷數量,2-30,天候,道路照明設備,道路類別,道路速限,道路型態,事故位置,路面鋪裝,路面狀態,路面缺陷,障礙物,視距,號誌種類,號誌動作,分向設施,快車道或一般車道間,快慢車道間,路面邊線,事故類型及型態,受傷程度,主要傷處,保護裝備,行動電話或功能裝置,當事者區分_類別,車輛用途,當事者行動狀態,駕照狀態,駕照種類,飲酒情形,車輛撞擊部位最初,車輛撞擊部位其他,肇事因素個別,肇事因素主要,肇事逃逸,職業,共享經濟或外送平台,GPS座標X,GPS座標Y,事故類別
1124,66000,387130000C,(04)23274275,(04)23288582,2025,08,4,8,38,臺中市,北屯區,0,1,0,5,2,6,50,4,1,1,4,4,6,6,4,4,10,5,5,2,18,2,9,5,4,C03,7,9,1,10,2,16,,84,84,1,12,4,120.696246,24.184256,2
1125,66000,387130000C,(04)23274275,(04)23288582,2025,08,4,8,38,臺中市,沙鹿區,0,0,0,5,,,50,,,,,,,,,,,,,,17,,,,,A31,,,1,,2,,,81,81,1,6,4,120.614746,24.242852,3
1126,66000,387130000C,(04)23274275,(04)23288582,2025,08,4,8,40,臺中市,北區,0,3,0,5,2,6,50,3,1,1,4,4,6,6,1,1,1,4,5,2,17,2,9,5,1,C03,7,9,1,10,2,12,,84,84,1,13,4,120.671934,24.163333,2
1127,66000,387130000C,(04)23274275,(04)23288582,2025,08,4,8,43,臺中市,西屯區,0,0,0,7,,,50,,,,,,,,,,,,,,17,,,,,B03,,,1,,2,,,59,59,1,12,4,120.638153,24.196281,3
1128,66000,387130000C,(04)23274275,(04)23288582,2025,08,4,8,44,臺中市,北屯區,0,1,0,5,2,6,50,13,9,1,4,4,6,6,4,4,1,4,5,2,17,2,9,1,1,C03,7,12,1,10,2,12,,84,84,1,6,4,120.685196,24.167108,2
1129,66000,387130000C,(04)23274275,(04)23288582,2025,08,4,8,45,臺中市,東區,0,1,0,5,2,6,50,4,1,1,4,4,6,6,1,1,10,5,5,2,16,3,10,3,1,B03,7,6,1,8,2,6,,11,11,1,13,4,120.702063,24.142703,2
1130,66000,387130000C,(04)23274275,(04)23288582,2025,08,4,8,45,臺中市,豐原區,0,1,0,5,2,6,30,13,9,1,4,4,6,6,4,4,10,5,5,2,17,3,10,3,1,B03,7,9,1,8,2,16,,84,84,1,12,4,120.733876,24.274969,2
1131,66000,387130000C,(04)23274275,(04)23288582,2025,08,4,8,46,臺中市,南屯區,0,1,0,5,2,6,50,4,1,1,4,4,6,6,1,1,10,5,5,2,17,3,10,3,1,B03,7,6,1,8,2,1,,11,11,1,12,4,120.643187,24.144015,2
1132,66000,387130000C,(04)23274275,(04)23288582,2025,08,4,8,46,臺中市,北屯區,0,2,0,5,3,6,50,4,2,1,4,4,6,6,2,1,1,4,5,2,13,2,9,2,1,C03,7,12,1,10,2,11,,7,7,1,6,4,120.681685,24.17266,2
1133,66000,387130000C,(04)23274275,(04)23288582,2025,08,4,8,48,臺中市,西屯區,0,2,0,5,2,6,50,13,7,1,4,4,6,6,4,4,1,4,4,2,13,2,9,1,1,C03,7,9,1,10,2,11,,7,7,1,12,4,120.645006,24.162504,2
1134,66000,387130000C,(04)23274275,(04)23288582,2025,08,4,8,52,臺中市,西屯區,0,1,0,5,1,6,50,4,1,1,4,4,6,6,2,1,10,5,5,2,18,2,9,1,1,C03,7,5,1,10,2,16,,84,84,1,12,4,120.661043,24.171538,2
1135,66000,387130000C,(04)23274275,(04)23288582,2025,08,4,8,52,臺中市,大里區,0,0,0,5,,,30,,,,,,,,,,,,,,16,,,,,C03,,,1,,2,,,14,14,1,6,4,120.686138,24.114868,3
1136,66000,387130000C,(04)23274275,(04)23288582,2025,08,4,8,52,臺中市,太平區,0,0,0,5,,,50,,,,,,,,,,,,,,16,,,,,B03,,,1,,2,,,39,39,1,12,4,120.708723,24.158305,3
1137,66000,387130000C,(04)23274275,(04)23288582,2025,08,4,8,53,臺中市,西區,0,1,0,5,3,6,50,4,19,1,4,4,6,3,4,4,10,5,5,2,3,3,10,3,1,B03,7,6,1,8,2,8,,10,10,1,6,4,120.676799,24.137819,2
1138,66000,387130000C,(04)23274275,(04)23288582,2025,08,4,8,53,臺中市,西屯區,0,1,0,5,2,6,40,13,8,1,4,4,6,6,2,1,1,3,1,2,18,2,9,5,4,C03,7,12,1,10,2,14,,7,7,1,13,4,120.648732,24.1635,2
1139,66000,387130000C,(04)23274275,(04)23288582,2025,08,4,8,54,臺中市,西屯區,0,1,0,5,2,6,50,4,9,1,4,4,6,6,1,1,1,4,5,2,13,3,10,2,1,C03,7,9,1,10,2,11,,7,7,1,12,4,120.64693,24.168943,2
1140,66000,387130000C,(04)23274275,(04)23288582,2025,08,4,8,54,臺中市,霧峰區,0,0,0,7,,,50,,,,,,,,,,,,,,,,,,,B03,,,1,,2,,,11,11,1,12,4,120.695319,24.061132,3
1141,66000,387130000C,(04)23274275,(04)23288582,2025,08,4,8,55,臺中市,潭子區,0,0,0,5,,,60,,,,,,,,,,,,,,,,,,,B12,,,1,,2,,,51,51,1,13,4,120.69002,24.223564,3
1142,66000,387130000C,(04)23274275,(04)23288582,2025,08,4,8,56,臺中市,南屯區,0,1,0,7,2,6,50,5,1,1,4,4,6,6,1,1,9,4,5,2,18,2,9,1,1,C03,7,6,1,10,2,14,,84,84,1,12,4,120.620854,24.13999,2
1143,66000,387130000C,(04)23274275,(04)23288582,2025,08,4,8,59,臺中市,南區,0,0,0,5,,,50,,,,,,,,,,,,,,13,,,,,B03,,,1,,1,,,84,84,1,12,4,120.657973,24.124659,3
1144,66000,387130000C,(04)23274275,(04)23288582,2025,08,4,8,59,臺中市,大里區,0,0,0,5,,,,,,,,,,,,,,,,,16,,,,,,,,,,,,,51,51,1,,,120.692711,24.121104,3
1145,66000,387130000C,(04)23274275,(04)23288582,2025,08,4,9,0,臺中市,北屯區,0,1,0,5,3,6,50,3,1,1,4,4,6,6,4,4,10,5,5,2,16,3,10,3,1,B03,7,6,1,8,2,5,,14,14,1,13,4,120.700275,24.170278,2
1146,66000,387130000C,(04)23274275,(04)23288582,2025,08,4,9,4,臺中市,大里區,0,0,0,5,,,50,,,,,,,,,,,,,,12,,,,,B03,,,1,,1,,,84,84,1,13,4,120.679234,24.110898,3
1147,66000,387130000C,(04)23274275,(04)23288582,2025,08,4,9,4,臺中市,后里區,0,0,0,5,2,6,50,13,9,1,4,4,6,6,4,4,5,4,5,1,12,,,,,B03,,,1,,1,,,50,50,1,12,4,120.725972,24.308986,3
1148,66000,387130000C,(04)23274275,(04)23288582,2025,08,4,9,5,臺中市,大里區,0,0,0,5,,,50,,,,,,,,,,,,,,15,,,,,C03,,,1,,1,,,21,21,1,13,4,120.713695,24.0942,3
1149,66000,387130000C,(04)23274275,(04)23288582,2025,08,4,9,5,臺中市,神岡區,0,0,0,7,,,50,,,,,,,,,,,,,,12,,,,,B12,,,1,,2,,,8,8,1,13,4,120.6612,24.258496,3
1150,66000,387130000C,(04)23274275,(04)23288582,2025,08,4,9,8,臺中市,北屯區,0,1,0,5,2,6,50,3,1,1,4,4,6,6,4,4,10,5,5,2,18,2,9,2,1,C03,7,9,1,10,2,16,,84,84,1,12,4,120.704634,24.170084,2
1151,66000,387130000C,(04)23274275,(04)23288582,2025,08,4,9,13,臺中市,北屯區,0,0,0,5,,,30,,,,,,,,,,,,,,12,,,,,B03,,,1,,2,,,8,8,1,12,4,120.668768,24.175634,3
1152,66000,387130000C,(04)23274275,(04)23288582,2025,08,4,9,15,臺中市,東區,0,1,0,5,1,6,50,3,1,1,4,4,6,6,4,4,10,5,5,2,17,2,9,1,1,C03,7,5,1,10,2,14,,84,84,1,12,4,120.698904,24.130561,2
1153,66000,387130000C,(04)23274275,(04)23288582,2025,08,4,9,16,臺中市,大雅區,0,1,0,5,1,6,50,13,9,1,4,4,6,6,4,4,9,5,5,1,16,3,10,3,1,B12,7,6,1,5,2,8,,20,20,1,12,4,120.66811,24.215301,2
1154,66000,387130000C,(04)23274275,(04)23288582,2025,08,4,9,22,臺中市,中區,0,0,0,5,,,50,,,,,,,,,,,,,,,,,,,B03,,,1,,1,,,40,40,1,12,4,120.677562,24.140447,3
1155,66000,387130000C,(04)23274275,(04)23288582,2025,08,4,9,23,臺中市,北屯區,0,1,0,5,3,6,50,4,1,1,4,4,6,6,1,1,10,5,5,2,16,2,9,1,1,C03,7,9,1,10,1,11,,84,84,1,12,4,120.705978,24.16948,2
1156,66000,387130000C,(04)23274275,(04)23288582,2025,08,4,9,25,臺中市,北區,0,1,0,5,2,6,50,4,2,1,4,4,6,6,4,4,10,5,5,2,17,3,10,2,1,C03,7,9,1,10,1,12,,15,15,1,13,4,120.696405,24.160551,2
1157,66000,387130000C,(04)23274275,(04)23288582,2025,08,4,9,29,臺中市,龍井區,0,0,0,5,2,6,30,13,9,1,4,4,6,6,4,4,10,5,5,2,12,3,10,3,1,B12,7,9,1,8,1,4,,8,8,1,6,4,120.576971,24.183386,3
1158,66000,387130000C,(04)23274275,(04)23288582,2025,08,4,9,30,臺中市,清水區,0,0,0,5,2,6,60,13,7,1,5,4,6,6,4,4,8,3,4,2,35,,,,,,,,,,,,,116,116,1,,,120.562592,24.272176,3
1159,66000,387130000C,(04)23274275,(04)23288582,2025,08,4,9,31,臺中市,北屯區,0,1,0,5,3,6,50,13,9,1,4,4,6,6,4,4,5,4,5,2,18,2,9,2,1,C03,7,9,1,10,9,14,,84,84,1,12,4,120.704522,24.170007,2
1160,66000,387130000C,(04)23274275,(04)23288582,2025,08,4,9,35,臺中市,西屯區,0,1,0,5,2,6,40,13,8,1,4,4,6,6,4,4,1,4,1,2,13,3,10,5,4,A01,7,9,1,2,1,1,,59,59,1,13,4,120.641076,24.167898,2
1161,66000,387130000C,(04)23274275,(04)23288582,2025,08,4,9,39,臺中市,烏日區,0,0,0,5,,,40,,,,,,,,,,,,,,13,,,,,B03,,,1,,1,,,84,84,1,6,4,120.659521,24.096017,3
1162,66000,387130000C,(04)23274275,(04)23288582,2025,08,4,9,41,臺中市,西屯區,0,1,0,5,2,6,40,4,1,1,4,4,6,6,1,1,10,5,5,2,13,3,10,5,4,B03,7,8,1,8,2,1,,58,58,1,12,4,120.653092,24.160506,2
1163,66000,387130000C,(04)23274275,(04)23288582,2025,08,4,9,43,臺中市,梧棲區,0,1,0,5,3,6,70,4,2,1,4,4,6,6,1,1,10,5,5,2,16,3,10,3,1,B03,7,5,1,8,2,6,,20,20,1,6,4,120.543948,24.225148,2
1164,66000,387130000C,(04)23274275,(04)23288582,2025,08,4,9,50,臺中市,大甲區,0,1,0,7,3,6,60,18,24,1,5,4,6,6,3,1,10,5,5,2,17,2,9,5,4,C03,7,1,1,10,2,14,,24,24,1,12,4,120.616663,24.346616,2
1165,66000,387130000C,(04)23274275,(04)23288582,2025,08,4,9,53,臺中市,石岡區,0,0,0,5,,,50,,,,,,,,,,,,,,,,,,,B03,,,1,,2,,,84,84,1,12,4,120.816443,24.26006,3
1166,66000,387130000C,(04)23274275,(04)23288582,2025,08,4,9,58,臺中市,大雅區,0,2,0,5,3,6,30,4,2,1,4,4,6,6,4,4,10,5,5,2,17,2,9,1,1,C03,7,5,1,10,2,11,,47,47,1,12,4,120.653598,24.225279,2
1167,66000,387130000C,(04)23274275,(04)23288582,2025,08,4,9,58,臺中市,霧峰區,0,0,0,7,,,50,,,,,,,,,,,,,,,,,,,B03,,,1,,2,,,51,51,1,12,4,120.698548,24.063253,3
1168,66000,387130000C,(04)23274275,(04)23288582,2025,08,4,10,0,臺中市,北屯區,0,0,0,5,,,,,,,,,,,,,,,,,17,,,,,,,,,,,,,119,119,1,,,120.726095,24.16162,3
1169,66000,387130000C,(04)23274275,(04)23288582,2025,08,4,10,4,臺中市,北區,0,1,0,5,3,9,50,13,9,1,4,4,6,6,4,4,5,5,5,2,30,2,9,5,4,C03,7,15,1,10,2,11,,59,59,1,13,4,120.684813,24.157745,2
1170,66000,387130000C,(04)23274275,(04)23288582,2025,08,4,10,5,臺中市,西屯區,0,0,0,5,,,50,,,,,,,,,,,,,,,,,,,B03,,,1,,1,,,49,49,1,12,4,120.6547,24.16477,3
1171,66000,387130000C,(04)23274275,(04)23288582,2025,08,4,10,10,臺中市,南屯區,0,1,0,5,3,6,50,5,1,1,4,4,6,6,1,1,5,5,4,2,16,3,10,3,1,B03,7,11,1,8,2,2,,45,45,1,6,4,120.636063,24.14769,2
1172,66000,387130000C,(04)23274275,(04)23288582,2025,08,4,10,10,臺中市,后里區,0,0,0,6,2,6,30,13,9,1,4,4,6,6,4,4,10,5,5,2,14,3,10,3,1,B12,7,2,1,8,2,7,,49,49,1,12,4,120.7157,24.313432,3
1173,66000,387130000C,(04)23274275,(04)23288582,2025,08,4,10,11,臺中市,西區,0,2,0,5,2,6,50,13,9,1,4,4,6,6,4,4,9,5,5,2,17,2,9,1,1,C03,7,11,1,10,2,11,,45,45,1,13,4,120.674568,24.140891,2
1174,66000,387130000C,(04)23274275,(04)23288582,2025,08,4,10,12,臺中市,潭子區,0,0,0,5,,,50,,,,,,,,,,,,,,13,,,,,B03,,,1,,2,,,59,59,1,13,4,120.704625,24.200986,3
1175,66000,387130000C,(04)23274275,(04)23288582,2025,08,4,10,15,臺中市,大甲區,0,0,0,7,,,70,,,,,,,,,,,,,,,,,,,C03,,,1,,2,,,7,7,1,12,4,120.651326,24.38114,3
1176,66000,387130000C,(04)23274275,(04)23288582,2025,08,4,10,16,臺中市,梧棲區,0,1,0,5,2,6,50,4,1,1,4,4,6,6,4,4,10,5,5,2,15,2,9,1,1,C03,7,9,1,10,2,11,,15,15,1,12,4,120.533303,24.257465,2
1177,66000,387130000C,(04)23274275,(04)23288582,2025,08,4,10,18,臺中市,南屯區,0,0,0,5,,,50,,,,,,,,,,,,,,,,,,,B01,,,1,,1,,,11,11,1,12,4,120.612256,24.150545,3
1178,66000,387130000C,(04)23274275,(04)23288582,2025,08,4,10,20,臺中市,龍井區,0,0,0,5,,,50,,,,,,,,,,,,,,,,,,,B03,,,1,,2,,,8,8,1,6,4,120.573483,24.180422,3
1179,66000,387130000C,(04)23274275,(04)23288582,2025,08,4,10,30,臺中市,南屯區,0,0,0,5,,,50,,,,,,,,,,,,,,,,,,,B12,,,1,,1,,,84,84,1,12,4,120.6126,24.150238,3
1180,66000,387130000C,(04)23274275,(04)23288582,2025,08,4,10,37,臺中市,北屯區,0,0,0,5,,,50,,,,,,,,,,,,,,14,,,,,B03,,,1,,1,,,49,49,1,6,4,120.711754,24.164752,4
1181,66000,387130000C,(04)23274275,(04)23288582,2025,08,4,10,39,臺中市,西屯區,0,0,0,5,,,30,,,,,,,,,,,,,,14,,,,,B13,,,1,,2,,,49,49,1,12,4,120.612991,24.175351,3
1182,66000,387130000C,(04)23274275,(04)23288582,2025,08,4,10,40,臺中市,豐原區,0,1,0,5,1,6,50,13,9,1,4,4,6,6,4,4,10,5,5,2,17,2,9,1,1,C03,7,9,1,10,2,16,,85,85,1,6,4,120.700698,24.239874,2
1183,66000,387130000C,(04)23274275,(04)23288582,2025,08,4,10,45,臺中市,南區,0,1,0,5,2,6,50,4,1,1,4,4,6,6,2,1,1,4,5,2,18,2,9,2,1,C03,7,9,1,10,2,14,,84,84,1,13,4,120.657413,24.129681,2
1184,66000,387130000C,(04)23274275,(04)23288582,2025,08,4,10,45,臺中市,神岡區,0,0,0,6,,,50,,,,,,,,,,,,,,17,,,,,B03,,,1,,2,,,84,84,1,6,4,120.692581,24.238026,3
1185,66000,387130000C,(04)23274275,(04)23288582,2025,08,4,10,47,臺中市,西區,0,0,0,5,,,50,,,,,,,,,,,,,,,,,,,B03,,,1,,2,,,51,51,1,6,4,120.664286,24.147959,3
1186,66000,387130000C,(04)23274275,(04)23288582,2025,08,4,10,47,臺中市,太平區,0,1,0,5,3,6,50,3,9,1,4,4,6,6,4,4,9,5,5,2,18,2,9,1,1,C03,7,9,1,10,2,12,,6,6,1,12,4,120.724144,24.138322,2
1187,66000,387130000C,(04)23274275,(04)23288582,2025,08,4,10,48,臺中市,龍井區,0,0,0,5,,,40,,,,,,,,,,,,,,,,,,,B03,,,1,,2,,,40,40,1,13,4,120.542582,24.218484,3
1188,66000,387130000C,(04)23274275,(04)23288582,2025,08,4,10,52,臺中市,沙鹿區,0,1,0,5,2,6,1,13,8,1,4,4,6,6,4,4,1,5,5,1,17,3,10,3,1,B03,7,1,1,8,2,8,,51,51,1,6,4,120.570299,24.235639,2
1189,66000,387130000C,(04)23274275,(04)23288582,2025,08,4,10,53,臺中市,南區,0,0,0,5,,,50,,,,,,,,,,,,,,12,,,,,B03,,,1,,2,,,40,40,1,12,4,120.645844,24.110244,3
1190,66000,387130000C,(04)23274275,(04)23288582,2025,08,4,10,57,臺中市,北屯區,0,0,0,5,,,40,,,,,,,,,,,,,,12,,,,,B03,,,1,,2,,,8,8,1,6,4,120.688982,24.162822,3
1191,66000,387130000C,(04)23274275,(04)23288582,2025,08,4,10,59,臺中市,東區,0,0,0,5,,,50,,,,,,,,,,,,,,13,,,,,B12,,,1,,2,,,7,7,1,13,4,120.692456,24.142745,3
1192,66000,387130000C,(04)23274275,(04)23288582,2025,08,4,10,59,臺中市,東區,0,0,0,5,,,50,,,,,,,,,,,,,,17,,,,,B03,,,3,18,2,,,84,84,1,12,4,120.692318,24.126065,3
1193,66000,387130000C,(04)23274275,(04)23288582,2025,08,4,11,0,臺中市,南屯區,0,0,0,5,,,50,,,,,,,,,,,,,,,,,,,B03,,,1,,1,,,45,45,1,12,4,120.648994,24.141939,3
1194,66000,387130000C,(04)23274275,(04)23288582,2025,08,4,11,3,臺中市,龍井區,0,0,0,5,2,9,0,18,21,4,4,4,6,6,4,4,10,5,5,2,14,3,10,3,1,B12,7,2,1,8,2,9,,49,49,1,6,4,120.592711,24.182877,3
1195,66000,387130000C,(04)23274275,(04)23288582,2025,08,4,11,12,臺中市,西區,0,1,0,5,1,6,50,4,1,1,4,4,6,6,1,1,10,5,5,2,18,2,9,5,4,C03,7,9,1,10,2,15,,84,84,1,12,4,120.672721,24.1359,2
1196,66000,387130000C,(04)23274275,(04)23288582,2025,08,4,11,15,臺中市,西屯區,0,0,0,5,,,40,,,,,,,,,,,,,,12,,,,,B12,,,1,,11,,,50,50,1,13,4,120.648894,24.17097,3
1197,66000,387130000C,(04)23274275,(04)23288582,2025,08,4,11,18,臺中市,梧棲區,0,0,0,5,3,6,50,13,9,1,4,4,6,6,4,4,1,2,1,2,10,,,,,C03,,,1,,2,,,4,4,1,6,4,120.561364,24.254954,3
1198,66000,387130000C,(04)23274275,(04)23288582,2025,08,4,11,22,臺中市,西屯區,0,0,0,5,,,50,,,,,,,,,,,,,,16,,,,,B03,,,1,,1,,,14,14,1,12,4,120.64863,24.155608,3
1199,66000,387130000C,(04)23274275,(04)23288582,2025,08,4,11,24,臺中市,南屯區,0,0,0,7,,,50,,,,,,,,,,,,,,12,,,,,B01,,,1,,1,,,84,84,1,12,4,120.649917,24.140957,3
1200,66000,387130000C,(04)23274275,(04)23288582,2025,08,4,11,29,臺中市,烏日區,0,1,0,5,2,6,70,4,1,1,4,4,6,6,2,1,10,5,5,2,17,3,10,3,1,B12,7,5,1,8,2,16,,84,84,1,6,4,120.600443,24.110652,2
1201,66000,387130000C,(04)23274275,(04)23288582,2025,08,4,11,30,臺中市,大里區,0,1,0,5,3,6,50,3,2,1,4,4,6,6,4,4,5,5,4,2,16,2,8,1,1,C03,7,5,1,10,2,14,,14,14,1,13,4,120.694699,24.100108,2
1202,66000,387130000C,(04)23274275,(04)23288582,2025,08,4,11,32,臺中市,大雅區,0,0,0,5,,,50,,,,,,,,,,,,,,,,,,,C03,,,1,,1,,,50,50,1,12,4,120.649051,24.225246,3
1203,66000,387130000C,(04)23274275,(04)23288582,2025,08,4,11,38,臺中市,豐原區,0,0,0,5,,,50,,,,,,,,,,,,,,13,,,,,C03,,,1,,1,,,7,7,1,12,4,120.717654,24.249506,3
1204,66000,387130000C,(04)23274275,(04)23288582,2025,08,4,11,40,臺中市,北區,0,0,0,5,3,6,50,18,24,1,4,4,6,6,2,1,10,5,5,2,17,,,,,B12,,,1,,1,,,59,59,1,13,4,120.681528,24.155639,3
1205,66000,387130000C,(04)23274275,(04)23288582,2025,08,4,11,40,臺中市,南屯區,0,1,0,5,3,6,0,13,21,1,4,4,6,6,4,4,10,5,5,2,18,2,9,1,1,C03,7,9,1,10,2,12,,84,84,1,6,2,120.638288,24.14648,2
1206,66000,387130000C,(04)23274275,(04)23288582,2025,08,4,11,41,臺中市,大甲區,0,1,0,5,3,6,70,4,1,1,4,4,6,6,1,1,3,4,4,1,16,3,10,3,1,B12,7,5,1,8,2,6,,11,11,1,6,4,120.641447,24.36582,2
1207,66000,387130000C,(04)23274275,(04)23288582,2025,08,4,11,45,臺中市,西屯區,0,0,0,5,,,40,,,,,,,,,,,,,,13,,,,,C03,,,1,,1,,,59,59,1,12,4,120.6067,24.169135,3
1208,66000,387130000C,(04)23274275,(04)23288582,2025,08,4,11,45,臺中市,東勢區,0,1,0,5,1,6,30,4,1,1,4,4,6,6,4,4,10,5,5,2,15,3,10,5,4,B12,7,9,1,8,2,4,,12,12,1,13,4,120.831797,24.244551,2
1209,66000,387130000C,(04)23274275,(04)23288582,2025,08,4,11,45,臺中市,豐原區,0,2,0,5,1,6,50,3,1,1,4,4,6,6,1,1,5,4,4,2,17,3,10,3,1,B03,7,9,1,8,2,1,,84,84,1,6,4,120.72427,24.24068,2
1210,66000,387130000C,(04)23274275,(04)23288582,2025,08,4,11,47,臺中市,中區,0,0,0,5,,,50,,,,,,,,,,,,,,17,,,,,B03,,,1,,9,,,84,84,1,12,4,120.681127,24.138408,3
1211,66000,387130000C,(04)23274275,(04)23288582,2025,08,4,11,49,臺中市,烏日區,0,0,0,5,,,50,,,,,,,,,,,,,,,,,,,B11,,,1,,2,,,85,85,1,6,4,120.638575,24.10566,3
1212,66000,387130000C,(04)23274275,(04)23288582,2025,08,4,11,50,臺中市,西屯區,0,0,0,5,,,50,,,,,,,,,,,,,,13,,,,,B03,,,1,,2,,,59,59,1,12,4,120.615253,24.189468,3
1213,66000,387130000C,(04)23274275,(04)23288582,2025,08,4,11,53,臺中市,沙鹿區,0,1,0,5,2,6,60,4,1,1,4,4,6,6,1,3,10,5,5,2,17,3,10,3,1,B03,7,5,1,8,2,5,,20,20,1,6,4,120.58264,24.216736,2
1214,66000,387130000C,(04)23274275,(04)23288582,2025,08,4,11,58,臺中市,北區,0,0,0,5,,,50,,,,,,,,,,,,,,17,,,,,B03,,,1,,1,,,8,8,1,13,4,120.669449,24.171635,3
1215,66000,387130000C,(04)23274275,(04)23288582,2025,08,4,12,1,臺中市,南屯區,0,0,0,5,,,50,,,,,,,,,,,,,,13,,,,,B03,,,1,,1,,,7,7,1,12,4,120.635691,24.149779,3
1216,66000,387130000C,(04)23274275,(04)23288582,2025,08,4,12,1,臺中市,大里區,0,1,0,5,3,6,40,4,1,1,4,4,6,6,1,1,10,5,5,2,15,2,9,2,1,C04,7,9,1,10,2,11,,21,21,1,13,4,120.679933,24.104398,2
1217,66000,387130000C,(04)23274275,(04)23288582,2025,08,4,12,2,臺中市,南屯區,0,0,0,5,,,50,,,,,,,,,,,,,,14,,,,,B03,,,1,,1,,,49,49,1,12,4,120.62756,24.140477,3
1218,66000,387130000C,(04)23274275,(04)23288582,2025,08,4,12,4,臺中市,北屯區,0,0,0,5,,,50,,,,,,,,,,,,,,16,,,,,C03,,,1,,2,,,84,84,1,12,4,120.693424,24.1978,3
1219,66000,387130000C,(04)23274275,(04)23288582,2025,08,4,12,6,臺中市,南區,0,0,0,5,1,6,50,4,1,1,4,4,6,6,1,1,10,5,5,2,17,3,10,3,1,B03,7,11,1,8,1,8,,45,45,1,12,4,120.682564,24.126395,3
1220,66000,387130000C,(04)23274275,(04)23288582,2025,08,4,12,7,臺中市,西屯區,0,0,0,5,,,50,,,,,,,,,,,,,,12,,,,,B03,,,1,,1,,,40,40,1,12,4,120.647847,24.196114,3
1221,66000,387130000C,(04)23274275,(04)23288582,2025,08,4,12,7,臺中市,大甲區,0,0,0,5,,,70,,,,,,,,,,,,,,,,,,,B12,,,1,,1,,,40,40,1,12,4,120.609516,24.327862,3
1222,66000,387130000C,(04)23274275,(04)23288582,2025,08,4,12,7,臺中市,豐原區,0,1,0,5,2,6,50,13,7,1,4,4,6,6,4,4,5,4,4,2,13,2,9,1,1,C03,7,9,1,10,2,16,,7,7,1,12,4,120.7088,24.24804,2
1223,66000,387130000C,(04)23274275,(04)23288582,2025,08,4,12,10,臺中市,西屯區,0,1,0,5,1,6,50,4,1,1,4,4,6,6,1,1,10,5,5,2,30,2,9,5,4,C03,7,9,1,10,2,12,,84,84,1,12,4,120.643927,24.160552,2
1224,66000,387130000C,(04)23274275,(04)23288582,2025,08,4,12,11,臺中市,太平區,0,0,0,5,,,50,,,,,,,,,,,,,,,,,,,C03,,,1,,2,,,12,12,1,12,4,120.710869,24.126347,3
1225,66000,387130000C,(04)23274275,(04)23288582,2025,08,4,12,12,臺中市,南屯區,0,1,0,5,3,6,50,13,8,1,4,4,6,6,1,1,3,5,3,2,18,2,9,1,1,C03,7,9,1,10,1,12,,59,59,1,12,4,120.612218,24.150422,2
1226,66000,387130000C,(04)23274275,(04)23288582,2025,08,4,12,15,臺中市,南區,0,0,0,5,,,50,,,,,,,,,,,,,,30,,,,,A05,,,1,,1,,,84,84,1,13,4,120.681592,24.129445,4
1227,66000,387130000C,(04)23274275,(04)23288582,2025,08,4,12,25,臺中市,西區,0,0,0,5,,,30,,,,,,,,,,,,,,,,,,,B11,,,1,,1,,,76,76,1,12,4,120.662712,24.152234,3
1228,66000,387130000C,(04)23274275,(04)23288582,2025,08,4,12,27,臺中市,霧峰區,0,1,0,5,2,9,50,13,7,1,4,4,6,6,4,4,5,5,5,1,18,2,9,2,1,C03,7,9,1,10,2,12,,82,82,1,13,4,120.708346,24.076593,2
1229,66000,387130000C,(04)23274275,(04)23288582,2025,08,4,12,33,臺中市,豐原區,0,1,0,5,2,6,50,4,1,1,4,4,6,6,2,1,5,5,5,2,17,2,9,2,1,C03,7,6,1,10,2,12,,11,11,1,12,4,120.720041,24.262176,2
1230,66000,387130000C,(04)23274275,(04)23288582,2025,08,4,12,35,臺中市,太平區,0,0,0,5,2,6,40,,,,,,,,,,,,,,,,,,,B03,,,1,,2,6,,49,49,1,12,4,120.71823,24.129786,3
1231,66000,387130000C,(04)23274275,(04)23288582,2025,08,4,12,36,臺中市,西屯區,0,0,0,5,,,50,,,,,,,,,,,,,,,,,,,B12,,,1,,1,,,59,59,1,12,4,120.653457,24.167665,3
1232,66000,387130000C,(04)23274275,(04)23288582,2025,08,4,12,40,臺中市,北區,0,0,0,5,,,50,,,,,,,,,,,,,,,,,,,B03,,,1,,1,,,51,51,1,13,4,120.702329,24.159328,3
1233,66000,387130000C,(04)23274275,(04)23288582,2025,08,4,12,40,臺中市,大安區,0,0,0,5,,,40,,,,,,,,,,,,,,,,,,,B13,,,1,,2,,,49,49,1,12,4,120.588213,24.344449,3
1234,66000,387130000C,(04)23274275,(04)23288582,2025,08,4,12,42,臺中市,東區,0,1,0,5,2,6,50,4,2,1,4,4,6,6,1,1,5,2,4,2,17,3,10,3,1,B03,7,11,1,8,2,6,,45,45,1,13,4,120.708117,24.135883,2
1235,66000,387130000C,(04)23274275,(04)23288582,2025,08,4,12,45,臺中市,豐原區,0,0,0,5,,,50,,,,,,,,,,,,,,13,,,,,C03,,,1,,1,,,84,84,1,12,4,120.721173,24.253874,3
1236,66000,387130000C,(04)23274275,(04)23288582,2025,08,4,12,49,臺中市,西區,0,1,0,5,2,6,50,4,19,1,4,4,6,6,1,1,10,5,5,2,3,3,10,5,4,B01,7,6,1,4,2,1,,10,10,1,13,4,120.679087,24.138472,2