﻿序號,縣市別代碼,機關代碼,市話,傳真,年,月,日,時,分,縣市,區,死亡數量,受傷數量,2-30,天候,道路照明設備,道路類別,道路速限,道路型態,事故位置,路面鋪裝,路面狀態,路面缺陷,障礙物,視距,號誌種類,號誌動作,分向設施,快車道或一般車道間,快慢車道間,路面邊線,事故類型及型態,受傷程度,主要傷處,保護裝備,行動電話或功能裝置,當事者區分_類別,車輛用途,當事者行動狀態,駕照狀態,駕照種類,飲酒情形,車輛撞擊部位最初,車輛撞擊部位其他,肇事因素個別,肇事因素主要,肇事逃逸,職業,共享經濟或外送平台,GPS座標X,GPS座標Y,事故類別
1350,66000,387130000C,(04)23274275,(04)23288582,2025,08,4,17,10,臺中市,大雅區,0,0,0,5,,,50,,,,,,,,,,,,,,,,,,,B03,,,1,,2,,,39,39,1,12,4,120.615235,24.220095,3
1351,66000,387130000C,(04)23274275,(04)23288582,2025,08,4,17,10,臺中市,中區,0,0,0,5,,,50,,,,,,,,,,,,,,,,,,,B03,,,1,,1,,,7,7,1,12,4,120.670488,24.151252,3
1352,66000,387130000C,(04)23274275,(04)23288582,2025,08,4,17,11,臺中市,西區,0,1,0,5,2,6,50,13,9,1,4,4,6,6,4,4,5,5,5,2,13,2,9,2,1,C03,7,9,1,10,2,11,,8,8,1,12,4,120.655315,24.13826,2
1353,66000,387130000C,(04)23274275,(04)23288582,2025,08,4,17,11,臺中市,北區,0,1,0,7,2,6,50,13,9,1,5,4,6,6,4,4,8,5,5,2,17,3,10,5,1,B03,7,14,1,8,2,4,,76,76,1,13,4,120.678467,24.17116,2
1354,66000,387130000C,(04)23274275,(04)23288582,2025,08,4,17,12,臺中市,南屯區,0,1,0,5,1,6,50,13,7,1,4,4,6,6,4,4,5,4,4,2,12,3,10,5,4,B01,7,11,1,4,2,7,,45,45,1,13,4,120.643343,24.14598,2
1355,66000,387130000C,(04)23274275,(04)23288582,2025,08,4,17,14,臺中市,梧棲區,0,1,0,5,2,6,50,4,19,1,4,4,6,6,2,1,10,5,5,2,3,3,10,3,1,B03,7,6,1,8,2,1,,10,10,1,12,4,120.5341,24.25354,2
1356,66000,387130000C,(04)23274275,(04)23288582,2025,08,4,17,15,臺中市,西屯區,0,1,0,5,1,6,50,13,9,1,4,3,6,6,4,4,9,5,5,2,18,2,9,1,1,C03,7,9,1,10,9,16,,59,59,1,12,4,120.591852,24.170795,2
1357,66000,387130000C,(04)23274275,(04)23288582,2025,08,4,17,16,臺中市,西屯區,0,0,0,5,,,60,,,,,,,,,,,,,,,,,,,B03,,,1,,2,,,87,87,1,12,4,120.638781,24.169443,3
1358,66000,387130000C,(04)23274275,(04)23288582,2025,08,4,17,16,臺中市,梧棲區,0,0,0,5,,,70,,,,,,,,,,,,,,13,,,,,B03,,,1,,2,,,7,7,1,6,4,120.520086,24.244266,3
1359,66000,387130000C,(04)23274275,(04)23288582,2025,08,4,17,18,臺中市,豐原區,0,2,0,5,3,6,50,5,1,1,4,4,6,6,1,1,5,5,5,1,13,2,8,1,4,C03,7,9,1,10,2,11,,7,7,1,12,4,120.717427,24.245879,2
1360,66000,387130000C,(04)23274275,(04)23288582,2025,08,4,17,24,臺中市,霧峰區,0,2,0,5,2,6,50,13,9,1,4,4,6,6,4,4,10,5,5,1,17,2,9,2,1,C03,7,9,1,10,2,11,,84,84,1,6,4,120.687186,24.041392,2
1361,66000,387130000C,(04)23274275,(04)23288582,2025,08,4,17,25,臺中市,北區,0,0,0,6,,,50,,,,,,,,,,,,,,17,,,,,B03,,,1,,9,,,8,8,1,13,4,120.685122,24.16044,3
1362,66000,387130000C,(04)23274275,(04)23288582,2025,08,4,17,26,臺中市,西屯區,0,0,0,5,,,50,,,,,,,,,,,,,,17,,,,,B03,,,1,,1,,,76,76,1,13,4,120.621818,24.186488,3
1363,66000,387130000C,(04)23274275,(04)23288582,2025,08,4,17,28,臺中市,龍井區,0,1,0,5,2,6,50,3,1,1,4,4,6,6,4,4,10,5,5,2,16,3,10,3,1,B03,7,6,1,8,2,8,,59,59,1,6,4,120.578989,24.183735,2
1364,66000,387130000C,(04)23274275,(04)23288582,2025,08,4,17,28,臺中市,豐原區,0,1,0,6,2,6,50,13,9,1,4,4,6,6,4,4,5,5,5,1,17,3,10,5,4,B03,7,2,1,8,2,6,,49,49,1,12,4,120.726321,24.250497,2
1365,66000,387130000C,(04)23274275,(04)23288582,2025,08,4,17,31,臺中市,西屯區,0,1,0,5,2,9,0,18,24,1,4,4,6,6,4,4,5,4,5,2,9,3,10,3,4,B03,7,1,1,8,1,1,,51,51,2,12,4,120.603872,24.186067,2
1366,66000,387130000C,(04)23274275,(04)23288582,2025,08,4,17,31,臺中市,新社區,0,0,0,7,,,30,,,,,,,,,,,,,,10,,,,,B03,,,1,,2,,,41,41,1,13,4,120.810614,24.253049,3
1367,66000,387130000C,(04)23274275,(04)23288582,2025,08,4,17,32,臺中市,西屯區,0,1,0,5,2,6,40,13,8,1,4,4,6,6,2,1,1,4,4,2,17,2,9,2,1,C03,7,9,1,10,2,16,,59,59,1,12,4,120.658537,24.176114,2
1368,66000,387130000C,(04)23274275,(04)23288582,2025,08,4,17,34,臺中市,豐原區,0,0,0,6,2,6,50,13,8,1,5,4,6,6,2,1,1,2,1,1,13,3,10,3,1,B03,7,9,1,8,2,1,,7,7,1,12,4,120.747445,24.269645,3
1369,66000,387130000C,(04)23274275,(04)23288582,2025,08,4,17,41,臺中市,西區,0,0,0,7,,,50,,,,,,,,,,,,,,,,,,,B03,,,1,,9,,,49,49,2,6,4,120.657697,24.147828,3
1370,66000,387130000C,(04)23274275,(04)23288582,2025,08,4,17,44,臺中市,西區,0,1,0,5,2,6,50,4,1,1,4,4,6,6,1,1,10,5,5,2,18,2,9,1,1,C03,7,9,1,10,2,14,,85,85,1,6,4,120.655115,24.147742,2
1371,66000,387130000C,(04)23274275,(04)23288582,2025,08,4,17,47,臺中市,北屯區,0,0,0,5,,,50,,,,,,,,,,,,,,13,,,,,C03,,,1,,1,,,7,7,1,12,4,120.723162,24.162697,3
1372,66000,387130000C,(04)23274275,(04)23288582,2025,08,4,17,47,臺中市,西屯區,0,1,0,5,2,6,50,13,9,1,4,4,6,6,1,1,3,4,4,2,13,2,8,2,1,C04,7,9,1,11,1,11,,7,7,1,12,4,120.641962,24.157603,2
1373,66000,387130000C,(04)23274275,(04)23288582,2025,08,4,17,48,臺中市,北區,0,2,0,7,2,6,50,13,8,1,4,4,6,6,4,4,1,3,4,2,13,2,9,2,1,C03,7,9,2,19,2,11,,84,84,1,13,4,120.671375,24.17294,2
1374,66000,387130000C,(04)23274275,(04)23288582,2025,08,4,17,48,臺中市,西屯區,0,1,0,5,1,6,50,13,9,1,4,4,6,6,1,1,5,4,5,2,13,3,10,5,4,C03,7,9,1,10,2,11,13,7,7,1,12,4,120.61113,24.190869,2
1375,66000,387130000C,(04)23274275,(04)23288582,2025,08,4,17,49,臺中市,豐原區,0,1,0,6,3,6,50,4,2,1,4,4,6,6,1,1,1,4,5,1,17,3,10,5,4,B03,7,7,1,8,2,16,,84,84,1,12,4,120.727438,24.248831,2
1376,66000,387130000C,(04)23274275,(04)23288582,2025,08,4,17,50,臺中市,西屯區,0,0,0,5,,,60,,,,,,,,,,,,,,13,,,,,B03,,,1,,1,,,59,59,1,12,4,120.634433,24.172665,3
1377,66000,387130000C,(04)23274275,(04)23288582,2025,08,4,17,50,臺中市,西屯區,0,0,0,5,,,50,,,,,,,,,,,,,,14,,,,,B03,,,1,,2,,,49,49,1,13,4,120.632852,24.164033,3
1378,66000,387130000C,(04)23274275,(04)23288582,2025,08,4,17,50,臺中市,烏日區,0,0,0,5,,,40,,,,,,,,,,,,,,,,,,,B03,,,1,,2,,,84,84,1,6,4,120.646969,24.071139,3
1379,66000,387130000C,(04)23274275,(04)23288582,2025,08,4,17,50,臺中市,梧棲區,0,1,0,5,2,6,50,13,8,1,4,4,6,6,4,4,9,5,4,2,17,3,10,3,1,B03,7,15,1,8,2,4,,76,76,1,6,4,120.546589,24.245513,2
1380,66000,387130000C,(04)23274275,(04)23288582,2025,08,4,17,51,臺中市,西屯區,0,0,0,5,,,50,,,,,,,,,,,,,,17,,,,,C04,,,1,,2,,,8,8,1,12,4,120.643682,24.157833,3
1381,66000,387130000C,(04)23274275,(04)23288582,2025,08,4,17,54,臺中市,大雅區,0,0,0,6,,,70,,,,,,,,,,,,,,,,,,,B03,,,1,,1,,,7,7,1,13,4,120.63875,24.232374,3
1382,66000,387130000C,(04)23274275,(04)23288582,2025,08,4,17,54,臺中市,西屯區,0,1,0,5,2,6,50,13,9,1,4,4,6,6,4,4,1,5,1,2,12,3,10,3,1,B03,7,9,5,19,2,2,,8,8,1,12,4,120.662891,24.172401,2
1383,66000,387130000C,(04)23274275,(04)23288582,2025,08,4,17,56,臺中市,北屯區,0,0,1,5,2,6,50,3,1,1,4,4,6,6,1,1,4,3,4,2,18,5,9,2,1,C03,7,9,1,10,2,12,,6,6,1,13,4,120.690505,24.194141,2
1384,66000,387130000C,(04)23274275,(04)23288582,2025,08,4,17,57,臺中市,南屯區,0,0,0,5,,,50,,,,,,,,,,,,,,13,,,,,B03,,,1,,1,,,59,59,1,6,4,120.643846,24.1488,3
1385,66000,387130000C,(04)23274275,(04)23288582,2025,08,4,17,59,臺中市,烏日區,0,0,0,7,,,60,,,,,,,,,,,,,,13,,,,,B03,,,1,,2,,,7,7,1,6,4,120.634497,24.09475,3
1386,66000,387130000C,(04)23274275,(04)23288582,2025,08,4,18,0,臺中市,大里區,0,0,0,5,3,6,30,13,9,1,4,4,6,6,4,4,10,5,5,2,30,,,,,B12,,,1,,2,,,84,84,1,12,4,120.689507,24.112983,3
1387,66000,387130000C,(04)23274275,(04)23288582,2025,08,4,18,1,臺中市,南屯區,0,0,0,5,,,60,,,,,,,,,,,,,,12,,,,,B03,,,1,,1,,,85,85,1,12,4,120.653671,24.140303,3
1388,66000,387130000C,(04)23274275,(04)23288582,2025,08,4,18,1,臺中市,北屯區,0,1,0,6,2,6,50,13,9,1,4,4,6,6,4,4,5,4,5,2,13,2,9,1,1,C03,7,9,1,10,2,11,,7,7,1,6,4,120.722011,24.175979,2
1389,66000,387130000C,(04)23274275,(04)23288582,2025,08,4,18,2,臺中市,太平區,0,0,0,5,2,6,30,,,,,,,,,,,,,,,,,,,B03,,,1,,2,5,,49,49,1,12,4,120.727118,24.151592,3
1390,66000,387130000C,(04)23274275,(04)23288582,2025,08,4,18,4,臺中市,北屯區,0,0,0,5,,,30,,,,,,,,,,,,,,16,,,,,B03,,,1,,1,,,51,51,1,12,4,120.665257,24.194183,3
1391,66000,387130000C,(04)23274275,(04)23288582,2025,08,4,18,4,臺中市,西屯區,0,1,0,5,1,6,60,3,1,1,4,4,6,6,1,1,1,4,1,2,16,3,10,5,4,B03,7,5,1,8,2,6,,38,38,1,12,4,120.63506,24.161425,2
1392,66000,387130000C,(04)23274275,(04)23288582,2025,08,4,18,4,臺中市,西屯區,0,1,0,5,1,6,40,13,9,1,4,4,6,6,4,4,1,5,5,2,13,3,10,5,4,B03,7,14,1,8,1,1,,59,59,1,13,4,120.63836,24.159639,2
1393,66000,387130000C,(04)23274275,(04)23288582,2025,08,4,18,5,臺中市,龍井區,0,0,0,5,,,50,,,,,,,,,,,,,,,,,,,B03,,,1,,2,,,7,7,1,13,4,120.522584,24.194078,3
1394,66000,387130000C,(04)23274275,(04)23288582,2025,08,4,18,6,臺中市,東區,0,1,0,6,1,6,50,13,9,1,4,4,6,6,4,4,5,4,5,2,16,3,10,3,1,B01,7,5,1,4,2,2,,47,47,1,6,4,120.692814,24.135918,2
1395,66000,387130000C,(04)23274275,(04)23288582,2025,08,4,18,7,臺中市,北屯區,0,0,0,7,,,50,,,,,,,,,,,,,,,,,,,B03,,,1,,2,,,51,51,1,13,4,120.693791,24.163847,3
1396,66000,387130000C,(04)23274275,(04)23288582,2025,08,4,18,12,臺中市,西區,0,1,0,5,1,6,50,4,1,1,4,4,6,6,1,1,10,5,5,2,17,3,10,5,4,C03,7,5,5,10,1,13,,84,84,1,12,4,120.674205,24.148263,2
1397,66000,387130000C,(04)23274275,(04)23288582,2025,08,4,18,15,臺中市,大雅區,0,0,0,5,,,30,,,,,,,,,,,,,,,,,,,B03,,,1,,1,,,7,7,1,12,4,120.650491,24.223203,3
1398,66000,387130000C,(04)23274275,(04)23288582,2025,08,4,18,19,臺中市,西區,0,0,0,5,,,50,,,,,,,,,,,,,,,,,,,B03,,,1,,1,,,84,84,1,6,4,120.652988,24.150881,3
1399,66000,387130000C,(04)23274275,(04)23288582,2025,08,4,18,20,臺中市,北屯區,0,2,0,5,1,6,50,13,9,1,4,4,6,6,4,4,1,4,5,2,13,3,10,1,1,C03,7,9,1,10,2,11,,7,7,1,13,4,120.682157,24.17241,2
1400,66000,387130000C,(04)23274275,(04)23288582,2025,08,4,18,20,臺中市,北屯區,0,0,0,5,,,50,,,,,,,,,,,,,,9,,,,,C03,,,1,,2,,,84,84,1,6,4,120.730136,24.177272,3
1401,66000,387130000C,(04)23274275,(04)23288582,2025,08,4,18,23,臺中市,東區,0,1,0,5,1,6,50,5,1,1,4,4,6,6,2,1,10,5,5,2,13,3,10,3,1,A11,7,9,1,2,2,8,,84,84,1,12,4,120.69315,24.132824,2
1402,66000,387130000C,(04)23274275,(04)23288582,2025,08,4,18,30,臺中市,南屯區,0,0,0,5,,,60,,,,,,,,,,,,,,,,,,,B12,,,1,,1,,,7,7,1,6,4,120.608477,24.150877,3
1403,66000,387130000C,(04)23274275,(04)23288582,2025,08,4,18,30,臺中市,北屯區,0,1,0,5,1,6,50,13,9,1,4,4,6,6,2,1,5,4,5,2,13,3,10,3,1,A04,7,9,1,1,2,8,,7,7,1,12,4,120.690994,24.171429,2
1404,66000,387130000C,(04)23274275,(04)23288582,2025,08,4,18,31,臺中市,西屯區,0,1,0,5,1,6,40,4,1,1,4,4,6,6,4,4,10,5,5,2,15,2,9,5,4,C03,7,9,1,10,2,12,,15,15,1,13,4,120.616689,24.18802,2
1405,66000,387130000C,(04)23274275,(04)23288582,2025,08,4,18,33,臺中市,豐原區,0,1,0,5,1,6,50,13,9,1,4,4,6,6,4,4,5,5,5,2,9,3,10,5,4,B03,7,6,1,8,2,1,,39,39,1,12,4,120.710163,24.248879,2
1406,66000,387130000C,(04)23274275,(04)23288582,2025,08,4,18,36,臺中市,神岡區,0,1,0,5,1,6,50,4,1,1,4,4,6,6,2,1,10,5,5,2,12,3,10,5,4,B03,7,9,1,8,2,3,,7,7,1,12,4,120.696315,24.248404,2
1407,66000,387130000C,(04)23274275,(04)23288582,2025,08,4,18,38,臺中市,西屯區,0,0,0,5,,3,40,,,,,,,,,,,,,,13,,,,,B03,,,1,,1,,,7,7,1,12,4,120.634948,24.179291,3
1408,66000,387130000C,(04)23274275,(04)23288582,2025,08,4,18,38,臺中市,西屯區,0,1,0,5,1,6,50,13,9,1,4,4,6,6,4,4,1,4,4,2,12,2,9,2,4,C03,7,8,1,10,2,12,,84,84,1,13,4,120.654517,24.168071,2
1409,66000,387130000C,(04)23274275,(04)23288582,2025,08,4,18,39,臺中市,潭子區,0,0,0,5,,,30,,,,,,,,,,,,,,,,,,,B03,,,1,,2,,,84,84,1,12,4,120.712186,24.199091,3
1410,66000,387130000C,(04)23274275,(04)23288582,2025,08,4,18,39,臺中市,北區,0,1,0,5,1,6,50,13,9,1,4,4,6,6,4,4,1,4,5,2,17,2,9,3,1,B03,7,9,1,8,2,8,,54,54,1,13,4,120.667857,24.165286,2
1411,66000,387130000C,(04)23274275,(04)23288582,2025,08,4,18,39,臺中市,北屯區,0,0,0,5,,,50,,,,,,,,,,,,,,12,,,,,B03,,,3,,1,,,1,1,1,13,4,120.716463,24.165909,3
1412,66000,387130000C,(04)23274275,(04)23288582,2025,08,4,18,41,臺中市,北屯區,0,1,0,5,1,6,50,13,9,1,4,4,6,6,4,4,1,4,5,2,18,2,9,1,1,C03,7,9,1,10,2,12,,5,5,1,6,4,120.722266,24.188152,2
1413,66000,387130000C,(04)23274275,(04)23288582,2025,08,4,18,43,臺中市,大里區,0,1,0,5,1,6,50,4,1,1,4,4,6,6,1,1,10,5,5,1,16,2,9,4,1,F01,7,6,7,21,2,12,,11,11,1,4,4,120.684021,24.110186,2
1414,66000,387130000C,(04)23274275,(04)23288582,2025,08,4,18,45,臺中市,神岡區,0,0,0,5,,,30,,,,,,,,,,,,,,25,,,,,B03,,,1,,2,,,59,59,1,13,4,120.658818,24.257969,3
1415,66000,387130000C,(04)23274275,(04)23288582,2025,08,4,18,46,臺中市,西屯區,0,0,0,5,,,50,,,,,,,,,,,,,,13,,,,,B03,,,1,,1,,,59,59,1,12,4,120.666275,24.170168,3
1416,66000,387130000C,(04)23274275,(04)23288582,2025,08,4,18,48,臺中市,西屯區,0,1,0,5,1,6,40,13,8,1,4,4,6,6,1,1,1,4,1,2,18,2,9,2,1,C03,7,9,1,10,2,11,14,7,7,1,12,4,120.653423,24.160724,2
1417,66000,387130000C,(04)23274275,(04)23288582,2025,08,4,18,49,臺中市,沙鹿區,0,0,0,5,,,50,,,,,,,,,,,,,,,,,,,C03,,,1,,1,,,7,7,1,12,4,120.567357,24.236843,3
1418,66000,387130000C,(04)23274275,(04)23288582,2025,08,4,18,50,臺中市,潭子區,0,1,0,5,1,6,40,13,9,1,4,4,6,6,4,4,10,5,5,2,17,3,10,3,1,B03,7,3,1,8,2,8,,50,50,1,12,4,120.693086,24.216878,2
1419,66000,387130000C,(04)23274275,(04)23288582,2025,08,4,18,50,臺中市,西屯區,0,0,0,5,1,6,50,13,9,1,4,4,6,6,4,4,1,4,5,2,13,,,,,C03,,,1,,2,,,7,7,1,12,4,120.631421,24.170642,3
1420,66000,387130000C,(04)23274275,(04)23288582,2025,08,4,18,58,臺中市,北屯區,0,0,0,7,,3,80,,,,,,,,,,,,,,13,,,,,B03,,,1,,1,,,84,84,1,6,4,120.721106,24.169525,3
1421,66000,387130000C,(04)23274275,(04)23288582,2025,08,4,18,58,臺中市,東勢區,0,1,0,5,1,6,50,4,1,1,4,4,6,6,1,1,10,5,5,1,17,3,10,5,4,B03,7,5,1,8,2,4,,22,22,1,13,4,120.833426,24.246736,2
1422,66000,387130000C,(04)23274275,(04)23288582,2025,08,4,19,0,臺中市,北區,0,1,0,5,1,6,50,4,2,1,4,4,6,6,2,1,10,5,5,2,12,3,10,3,1,B03,7,5,1,8,2,5,,20,20,1,13,4,120.682356,24.153633,2
1423,66000,387130000C,(04)23274275,(04)23288582,2025,08,4,19,0,臺中市,后里區,0,0,0,5,1,6,60,13,9,1,4,,6,6,1,1,1,4,5,1,13,3,10,3,1,B03,7,9,1,8,1,1,,84,84,1,6,4,120.717203,24.321817,3
1424,66000,387130000C,(04)23274275,(04)23288582,2025,08,4,19,2,臺中市,豐原區,0,0,0,6,1,6,50,13,8,1,5,4,6,6,4,4,5,5,4,2,30,3,10,3,1,B03,7,3,1,8,2,5,,8,8,1,12,4,120.708139,24.244919,3
1425,66000,387130000C,(04)23274275,(04)23288582,2025,08,4,19,3,臺中市,西區,0,1,0,5,1,6,50,13,9,1,4,4,6,6,4,4,7,5,5,2,9,2,9,5,4,C03,7,9,1,10,2,15,,84,84,1,12,4,120.675298,24.140879,2
1426,66000,387130000C,(04)23274275,(04)23288582,2025,08,4,19,4,臺中市,西區,0,0,0,5,,,50,,,,,,,,,,,,,,17,,,,,B03,,,1,,2,,,51,51,1,12,4,120.660984,24.146597,3
1427,66000,387130000C,(04)23274275,(04)23288582,2025,08,4,19,4,臺中市,北屯區,0,0,0,5,,,50,,,,,,,,,,,,,,17,,,,,B03,,,1,,2,,,50,50,1,13,4,120.69354,24.163474,3
1428,66000,387130000C,(04)23274275,(04)23288582,2025,08,4,19,5,臺中市,西屯區,0,1,0,5,1,6,50,3,1,1,4,4,6,6,1,1,1,4,5,1,15,3,10,5,4,C03,7,9,1,10,2,12,,85,85,1,13,4,120.645271,24.162623,2
1429,66000,387130000C,(04)23274275,(04)23288582,2025,08,4,19,6,臺中市,北區,0,1,0,7,1,6,50,13,9,1,4,4,6,6,4,4,9,5,5,2,17,3,10,3,1,B03,7,13,1,8,2,4,,76,76,1,12,4,120.673547,24.152617,2
1430,66000,387130000C,(04)23274275,(04)23288582,2025,08,4,19,6,臺中市,大甲區,0,1,0,7,1,6,50,4,1,1,5,4,6,6,1,1,5,5,5,1,17,3,10,3,1,B03,7,6,1,8,2,16,,11,11,1,11,4,120.622459,24.34996,2
1431,66000,387130000C,(04)23274275,(04)23288582,2025,08,4,19,8,臺中市,北區,0,1,0,5,1,6,50,4,1,1,4,4,6,6,2,1,5,4,5,2,3,3,10,3,1,B03,7,6,1,8,2,1,,59,59,1,12,4,120.684429,24.142358,2
1432,66000,387130000C,(04)23274275,(04)23288582,2025,08,4,19,9,臺中市,西區,0,0,0,5,,,50,,,,,,,,,,,,,,,,,,,B03,,,1,,1,,,84,84,1,12,4,120.665708,24.129699,3
1433,66000,387130000C,(04)23274275,(04)23288582,2025,08,4,19,10,臺中市,東勢區,0,0,0,5,,,50,,,,,,,,,,,,,,12,,,,,C03,,,3,,9,,,48,48,2,13,4,120.823424,24.261688,3
1434,66000,387130000C,(04)23274275,(04)23288582,2025,08,4,19,12,臺中市,北屯區,0,1,0,5,3,6,50,4,1,1,4,4,6,6,2,1,10,5,5,2,18,2,9,2,1,C03,7,9,1,10,2,14,,85,85,1,12,4,120.690552,24.197811,2
1435,66000,387130000C,(04)23274275,(04)23288582,2025,08,4,19,12,臺中市,西屯區,0,0,0,5,,,30,,,,,,,,,,,,,,17,,,,,B02,,,1,,2,,,59,59,1,12,4,120.609135,24.162059,3
1436,66000,387130000C,(04)23274275,(04)23288582,2025,08,4,19,18,臺中市,西屯區,0,0,0,5,,,50,,,,,,,,,,,,,,12,,,,,B03,,,5,,2,,,40,40,1,13,4,120.65197,24.206462,3
1437,66000,387130000C,(04)23274275,(04)23288582,2025,08,4,19,22,臺中市,西屯區,0,2,0,5,1,6,50,13,9,1,4,4,6,6,4,4,5,4,5,2,3,2,9,6,5,H01,8,16,7,21,1,17,,95,95,1,12,5,120.620327,24.183731,2
1438,66000,387130000C,(04)23274275,(04)23288582,2025,08,4,19,26,臺中市,西屯區,0,1,0,5,1,6,40,13,8,1,4,4,6,6,1,1,1,4,1,2,18,2,9,2,1,F03,7,9,7,21,2,14,,6,6,1,12,4,120.649796,24.162755,2
1439,66000,387130000C,(04)23274275,(04)23288582,2025,08,4,19,27,臺中市,西屯區,0,0,0,5,,,30,,,,,,,,,,,,,,17,,,,,B03,,,1,,1,,,59,59,1,13,4,120.643565,24.174256,3
1440,66000,387130000C,(04)23274275,(04)23288582,2025,08,4,19,28,臺中市,烏日區,0,1,0,5,1,6,50,3,1,1,4,4,6,6,1,1,10,5,5,2,16,2,9,1,1,C03,7,9,1,10,9,11,,21,21,1,6,4,120.64323,24.078951,2
1441,66000,387130000C,(04)23274275,(04)23288582,2025,08,4,19,30,臺中市,南屯區,0,1,0,5,1,6,40,4,2,1,4,4,6,6,2,1,10,5,5,2,17,2,9,2,4,C03,7,9,1,10,2,16,,7,7,1,6,4,120.640821,24.153723,2
1442,66000,387130000C,(04)23274275,(04)23288582,2025,08,4,19,30,臺中市,南屯區,0,1,0,5,1,6,60,4,1,1,4,4,6,6,2,1,5,2,5,2,16,3,10,3,1,B03,7,5,1,8,2,2,,22,22,1,12,4,120.649927,24.140002,2
1443,66000,387130000C,(04)23274275,(04)23288582,2025,08,4,19,31,臺中市,南區,0,1,0,5,1,6,40,13,8,1,4,4,6,6,4,4,3,4,4,2,2,3,10,2,1,F03,7,9,7,21,2,11,,55,55,1,4,4,120.684075,24.12318,2
1444,66000,387130000C,(04)23274275,(04)23288582,2025,08,4,19,36,臺中市,東勢區,0,1,0,5,1,6,50,11,9,1,4,4,6,6,4,4,5,5,5,1,19,2,9,5,4,C03,7,9,1,10,2,14,,84,84,1,13,4,120.854474,24.235885,2
1445,66000,387130000C,(04)23274275,(04)23288582,2025,08,4,19,38,臺中市,潭子區,0,1,0,5,1,6,50,13,7,1,4,3,1,6,4,4,5,4,4,2,24,2,9,2,1,C03,7,9,1,10,2,11,,84,84,1,12,4,120.712343,24.229704,2
1446,66000,387130000C,(04)23274275,(04)23288582,2025,08,4,19,38,臺中市,西屯區,0,0,0,5,,,50,,,,,,,,,,,,,,14,,,,,B03,,,1,,1,,,49,49,1,12,4,120.616204,24.184537,3
1447,66000,387130000C,(04)23274275,(04)23288582,2025,08,4,19,40,臺中市,潭子區,0,1,0,7,1,6,60,4,1,1,4,4,6,6,1,1,10,5,5,2,3,2,9,2,1,C03,7,9,1,10,2,11,,10,10,1,12,4,120.710408,24.20289,2
1448,66000,387130000C,(04)23274275,(04)23288582,2025,08,4,19,43,臺中市,太平區,0,0,0,5,,,50,,,,,,,,,,,,,,16,,,,,B03,,,1,,2,,,47,47,1,6,4,120.71152,24.153317,3
1449,66000,387130000C,(04)23274275,(04)23288582,2025,08,4,19,50,臺中市,龍井區,0,1,0,5,1,6,50,13,9,1,4,4,6,6,4,4,9,5,5,1,9,2,9,6,5,H01,8,17,7,21,1,17,,95,95,1,6,5,120.574325,24.195951,2
1450,66000,387130000C,(04)23274275,(04)23288582,2025,08,4,19,51,臺中市,北區,0,1,0,5,1,6,40,4,1,1,4,4,6,6,1,1,2,4,4,2,17,2,9,1,1,C03,7,9,1,10,2,11,14,7,7,1,13,4,120.68726,24.15571,2
1451,66000,387130000C,(04)23274275,(04)23288582,2025,08,4,19,52,臺中市,烏日區,0,1,0,5,1,6,50,4,1,1,4,4,6,6,1,1,10,5,5,2,13,2,8,1,1,C03,7,9,1,10,2,11,,84,84,1,6,4,120.654913,24.095178,2
1452,66000,387130000C,(04)23274275,(04)23288582,2025,08,4,19,57,臺中市,烏日區,0,0,0,5,,,50,,,,,,,,,,,,,,17,,,,,B02,,,1,,9,,,84,84,1,6,4,120.654914,24.095168,3
1453,66000,387130000C,(04)23274275,(04)23288582,2025,08,4,20,7,臺中市,潭子區,0,0,0,5,,,50,,,,,,,,,,,,,,,,,,,B03,,,1,,2,,,84,84,1,12,4,120.709197,24.200796,3
1454,66000,387130000C,(04)23274275,(04)23288582,2025,08,4,20,9,臺中市,烏日區,0,2,0,5,3,6,50,8,14,1,4,4,6,6,4,4,2,4,5,1,13,2,9,1,1,F03,7,9,7,21,2,11,,8,8,1,6,4,120.643435,24.090842,2
1455,66000,387130000C,(04)23274275,(04)23288582,2025,08,4,20,11,臺中市,北屯區,0,1,0,5,1,6,50,13,9,1,4,4,6,6,1,1,5,4,5,2,18,2,9,1,1,C03,7,9,1,10,2,14,,82,82,1,6,4,120.697688,24.164847,2
1456,66000,387130000C,(04)23274275,(04)23288582,2025,08,4,20,12,臺中市,沙鹿區,0,0,0,5,,,50,,,,,,,,,,,,,,,,,,,B03,,,1,,1,,,51,51,1,13,4,120.559646,24.236919,3
1457,66000,387130000C,(04)23274275,(04)23288582,2025,08,4,20,15,臺中市,大雅區,0,1,0,5,1,6,30,11,9,1,4,4,6,6,4,4,10,5,5,2,19,2,9,1,1,C03,7,6,1,10,2,11,,84,84,1,12,2,120.670716,24.240121,2
1458,66000,387130000C,(04)23274275,(04)23288582,2025,08,4,20,15,臺中市,西區,0,0,0,5,,,50,,,,,,,,,,,,,,,,,,,B03,,,1,,2,,,50,50,1,6,4,120.658231,24.15146,3
1459,66000,387130000C,(04)23274275,(04)23288582,2025,08,4,20,20,臺中市,南屯區,0,1,0,5,1,6,50,5,1,1,4,4,6,6,2,1,10,5,5,2,17,2,8,1,1,C03,7,9,3,19,2,11,,21,21,1,6,4,120.633105,24.123636,2