﻿序號,縣市別代碼,機關代碼,市話,傳真,年,月,日,時,分,縣市,區,死亡數量,受傷數量,2-30,天候,道路照明設備,道路類別,道路速限,道路型態,事故位置,路面鋪裝,路面狀態,路面缺陷,障礙物,視距,號誌種類,號誌動作,分向設施,快車道或一般車道間,快慢車道間,路面邊線,事故類型及型態,受傷程度,主要傷處,保護裝備,行動電話或功能裝置,當事者區分_類別,車輛用途,當事者行動狀態,駕照狀態,駕照種類,飲酒情形,車輛撞擊部位最初,車輛撞擊部位其他,肇事因素個別,肇事因素主要,肇事逃逸,職業,共享經濟或外送平台,GPS座標X,GPS座標Y,事故類別
1572,66000,387130000C,(04)23274275,(04)23288582,2025,08,5,8,39,臺中市,豐原區,0,0,0,7,,,50,,,,,,,,,,,,,,13,,,,,B03,,,1,,1,,,84,84,1,12,4,120.69954,24.249326,3
1573,66000,387130000C,(04)23274275,(04)23288582,2025,08,5,8,41,臺中市,西屯區,0,0,0,6,,,40,,,,,,,,,,,,,,13,,,,,C03,,,1,,1,,,7,7,1,12,4,120.644581,24.16455,3
1574,66000,387130000C,(04)23274275,(04)23288582,2025,08,5,8,41,臺中市,清水區,0,0,0,7,,,50,,,,,,,,,,,,,,,,,,,B03,,,1,,2,,,84,84,1,12,4,120.574174,24.266386,3
1575,66000,387130000C,(04)23274275,(04)23288582,2025,08,5,8,44,臺中市,太平區,0,1,0,7,2,6,50,13,9,1,5,4,6,6,4,4,9,5,5,2,12,2,9,1,1,C03,7,9,1,10,2,12,,84,84,1,13,4,120.702446,24.154646,2
1576,66000,387130000C,(04)23274275,(04)23288582,2025,08,5,8,48,臺中市,梧棲區,0,1,0,6,2,6,50,13,9,1,5,4,6,6,4,4,5,4,5,1,16,3,10,3,1,B03,7,11,1,8,2,4,,45,45,1,12,4,120.531133,24.253191,2
1577,66000,387130000C,(04)23274275,(04)23288582,2025,08,5,8,50,臺中市,北區,0,1,0,6,2,6,50,4,1,1,5,4,6,6,4,4,5,4,5,2,15,3,10,5,1,B03,7,9,1,8,2,8,,12,12,1,13,4,120.674825,24.147878,2
1578,66000,387130000C,(04)23274275,(04)23288582,2025,08,5,8,51,臺中市,北區,0,2,0,6,2,6,50,4,2,1,5,4,6,6,2,1,1,4,5,2,13,2,9,2,1,C03,7,9,1,10,4,11,,7,7,1,6,4,120.672225,24.16235,2
1579,66000,387130000C,(04)23274275,(04)23288582,2025,08,5,8,55,臺中市,后里區,0,0,0,5,2,6,50,13,9,1,4,4,6,6,4,4,5,4,5,1,12,,,,,B03,,,1,,2,,,50,50,1,12,4,120.710724,24.305669,3
1580,66000,387130000C,(04)23274275,(04)23288582,2025,08,5,8,57,臺中市,北區,0,2,0,7,3,9,50,4,1,1,5,4,6,6,2,1,10,5,5,2,17,2,9,5,4,C03,7,5,1,10,2,12,,47,47,1,13,4,120.677303,24.151254,2
1581,66000,387130000C,(04)23274275,(04)23288582,2025,08,5,8,57,臺中市,西屯區,0,2,0,7,2,6,40,13,8,1,5,4,6,6,2,1,4,5,4,2,17,2,8,5,4,B03,7,13,1,8,2,4,,76,76,1,13,4,120.637759,24.166029,2
1582,66000,387130000C,(04)23274275,(04)23288582,2025,08,5,8,57,臺中市,西屯區,0,2,0,6,3,6,40,3,2,1,5,4,6,6,1,1,5,4,4,2,17,2,9,5,4,C03,7,9,1,10,2,11,,59,59,1,13,4,120.653849,24.176154,2
1583,66000,387130000C,(04)23274275,(04)23288582,2025,08,5,8,58,臺中市,南屯區,0,0,0,7,,,50,,,,,,,,,,,,,,,,,,,B03,,,1,,2,,,49,49,1,6,4,120.650398,24.141034,3
1584,66000,387130000C,(04)23274275,(04)23288582,2025,08,5,8,58,臺中市,南屯區,0,0,0,7,,,50,,,,,,,,,,,,,,13,,,,,C03,,,1,,1,,,7,7,1,12,4,120.641686,24.146869,3
1585,66000,387130000C,(04)23274275,(04)23288582,2025,08,5,8,59,臺中市,豐原區,0,1,0,6,2,6,50,4,1,1,5,4,6,6,1,1,1,4,4,1,16,3,10,1,1,C03,7,6,1,10,2,14,,48,48,1,12,4,120.71043,24.237253,2
1586,66000,387130000C,(04)23274275,(04)23288582,2025,08,5,9,3,臺中市,南區,0,2,0,6,3,6,30,11,9,1,5,4,6,6,4,4,10,5,5,2,10,2,9,5,4,C03,7,9,1,10,2,11,,41,41,1,12,4,120.653791,24.112089,2
1587,66000,387130000C,(04)23274275,(04)23288582,2025,08,5,9,5,臺中市,北屯區,0,0,0,7,,,50,,,,,,,,,,,,,,,,,,,B03,,,1,,9,,,49,49,1,12,4,120.695321,24.168251,3
1588,66000,387130000C,(04)23274275,(04)23288582,2025,08,5,9,7,臺中市,西屯區,0,0,0,6,,,50,,,,,,,,,,,,,,16,,,,,B01,,,1,3,1,,,12,12,1,12,4,120.641244,24.156306,3
1589,66000,387130000C,(04)23274275,(04)23288582,2025,08,5,9,8,臺中市,北屯區,0,1,0,7,3,6,30,3,1,1,5,4,6,6,4,4,10,5,5,2,16,2,9,2,1,C03,7,9,1,10,2,11,,12,12,1,13,4,120.714344,24.176376,2
1590,66000,387130000C,(04)23274275,(04)23288582,2025,08,5,9,9,臺中市,中區,0,0,0,7,,,50,,,,,,,,,,,,,,,,,,,B03,,,1,8,1,,,84,84,1,13,4,120.678126,24.139719,3
1591,66000,387130000C,(04)23274275,(04)23288582,2025,08,5,9,9,臺中市,霧峰區,0,0,0,6,,,50,,,,,,,,,,,,,,13,,,,,B03,,,1,,2,,,59,59,1,13,4,120.688096,24.044913,3
1592,66000,387130000C,(04)23274275,(04)23288582,2025,08,5,9,10,臺中市,北區,0,1,0,7,2,6,50,4,1,1,5,4,6,6,1,1,5,5,5,2,17,3,10,5,1,B03,7,6,5,19,2,8,,34,34,1,13,4,120.682089,24.154584,2
1593,66000,387130000C,(04)23274275,(04)23288582,2025,08,5,9,15,臺中市,北區,0,2,0,7,2,6,40,3,8,1,5,4,6,6,4,4,1,4,4,2,13,2,9,1,1,C03,7,9,1,10,2,11,,7,7,1,12,4,120.672673,24.169368,2
1594,66000,387130000C,(04)23274275,(04)23288582,2025,08,5,9,18,臺中市,大里區,0,0,0,6,,,50,,,,,,,,,,,,,,17,,,,,B12,,,1,,2,,,56,56,1,13,4,120.697857,24.08254,3
1595,66000,387130000C,(04)23274275,(04)23288582,2025,08,5,9,20,臺中市,南屯區,0,0,0,7,3,6,50,13,9,1,5,4,6,6,1,1,5,2,5,2,11,,,,,B03,,,1,,2,,,11,11,1,6,4,120.652965,24.15194,3
1596,66000,387130000C,(04)23274275,(04)23288582,2025,08,5,9,21,臺中市,北區,0,2,0,7,2,6,50,4,2,1,5,4,6,6,2,1,10,5,5,2,13,2,9,1,1,C03,7,9,1,10,2,11,,7,7,1,13,4,120.684617,24.162291,2
1597,66000,387130000C,(04)23274275,(04)23288582,2025,08,5,9,28,臺中市,烏日區,0,0,0,7,,,30,,,,,,,,,,,,,,14,,,,,B12,,,1,,1,,,49,49,1,13,4,120.609926,24.116413,3
1598,66000,387130000C,(04)23274275,(04)23288582,2025,08,5,9,32,臺中市,南屯區,0,0,0,5,,,50,,,,,,,,,,,,,,,,,,,B03,,,6,,9,,,49,49,1,13,4,120.649066,24.129179,3
1599,66000,387130000C,(04)23274275,(04)23288582,2025,08,5,9,32,臺中市,太平區,0,0,0,7,,,50,,,,,,,,,,,,,,17,,,,,B03,,,1,,2,,,50,50,1,13,4,120.715478,24.147723,3
1600,66000,387130000C,(04)23274275,(04)23288582,2025,08,5,9,37,臺中市,北區,0,2,0,7,3,6,50,4,1,1,5,4,6,6,4,4,10,5,5,2,17,2,9,5,4,C03,7,9,1,10,2,14,,20,20,1,13,4,120.674815,24.147683,2
1601,66000,387130000C,(04)23274275,(04)23288582,2025,08,5,9,37,臺中市,北屯區,0,0,0,6,,,40,,,,,,,,,,,,,,14,,,,,B03,,,1,,1,,,49,49,1,12,4,120.680976,24.190415,3
1602,66000,387130000C,(04)23274275,(04)23288582,2025,08,5,9,44,臺中市,西屯區,0,2,0,7,2,6,50,4,1,1,5,4,6,6,4,4,10,5,5,2,12,2,9,1,1,C03,7,6,1,10,2,14,,48,48,1,13,4,120.644754,24.173253,2
1603,66000,387130000C,(04)23274275,(04)23288582,2025,08,5,9,46,臺中市,梧棲區,0,1,0,6,3,6,70,13,12,1,5,4,6,6,4,4,1,4,4,1,16,2,9,1,1,C03,7,1,1,10,2,14,,51,51,1,6,4,120.545224,24.225681,2
1604,66000,387130000C,(04)23274275,(04)23288582,2025,08,5,9,50,臺中市,豐原區,0,0,0,6,,,50,,,,,,,,,,,,,,27,,,,,B02,,,1,,2,,,84,84,1,12,4,120.707312,24.237294,3
1605,66000,387130000C,(04)23274275,(04)23288582,2025,08,5,9,51,臺中市,西屯區,0,1,0,7,1,6,40,3,1,1,4,4,6,6,4,4,10,5,5,1,18,2,9,2,1,C03,7,9,1,10,2,12,,59,59,1,12,4,120.604613,24.183536,2
1606,66000,387130000C,(04)23274275,(04)23288582,2025,08,5,9,52,臺中市,沙鹿區,0,0,0,7,,,50,,,,,,,,,,,,,,14,,,,,B03,,,1,,2,,,49,49,1,6,4,120.571003,24.229398,3
1607,66000,387130000C,(04)23274275,(04)23288582,2025,08,5,10,3,臺中市,神岡區,0,0,0,7,,,60,,,,,,,,,,,,,,12,,,,,A11,,,1,,2,,,8,8,1,13,4,120.698221,24.2486,3
1608,66000,387130000C,(04)23274275,(04)23288582,2025,08,5,10,6,臺中市,北區,0,0,0,7,,,50,,,,,,,,,,,,,,13,,,,,B03,,,1,,1,,,7,7,1,12,4,120.674755,24.16332,3
1609,66000,387130000C,(04)23274275,(04)23288582,2025,08,5,10,8,臺中市,西屯區,0,0,0,7,,,50,,,,,,,,,,,,,,,,,,,B03,,,1,,9,,,8,8,1,13,4,120.659095,24.161434,3
1610,66000,387130000C,(04)23274275,(04)23288582,2025,08,5,10,10,臺中市,霧峰區,0,0,0,6,,,,,,,,,,,,,,,,,17,,,,,,,,,,,,,119,119,1,,,120.672541,24.063043,3
1611,66000,387130000C,(04)23274275,(04)23288582,2025,08,5,10,10,臺中市,豐原區,0,2,0,7,2,6,50,4,1,1,5,4,6,6,3,1,5,5,5,1,16,2,9,1,1,C03,7,6,1,10,2,11,,24,24,1,12,4,120.730239,24.248655,2
1612,66000,387130000C,(04)23274275,(04)23288582,2025,08,5,10,13,臺中市,霧峰區,0,0,0,7,,,30,,,,,,,,,,,,,,11,,,,,B02,,,1,,2,,,8,8,1,13,4,120.655753,24.072062,3
1613,66000,387130000C,(04)23274275,(04)23288582,2025,08,5,10,14,臺中市,烏日區,0,0,0,7,2,6,50,4,1,1,5,4,6,6,,1,5,4,5,1,30,3,10,3,1,A41,1,5,1,1,1,9,,29,29,1,6,4,120.644254,24.056019,3
1614,66000,387130000C,(04)23274275,(04)23288582,2025,08,5,10,16,臺中市,北區,0,0,0,7,,,50,,,,,,,,,,,,,,17,,,,,B12,,,1,,1,,,49,49,1,13,4,120.677787,24.16697,3
1615,66000,387130000C,(04)23274275,(04)23288582,2025,08,5,10,18,臺中市,潭子區,0,1,0,7,2,6,50,4,1,1,5,4,6,6,1,1,10,5,5,2,15,3,10,3,1,B12,7,9,1,8,2,8,,21,21,1,13,4,120.718325,24.21811,2
1616,66000,387130000C,(04)23274275,(04)23288582,2025,08,5,10,18,臺中市,大甲區,0,0,0,7,,,50,,,,,,,,,,,,,,,,,,,C03,,,3,,2,,,56,56,1,12,4,120.62151,24.349157,3
1617,66000,387130000C,(04)23274275,(04)23288582,2025,08,5,10,21,臺中市,南區,0,0,0,7,,,50,,,,,,,,,,,,,,16,,,,,C03,,,1,,1,,,20,20,1,13,4,120.670744,24.114819,3
1618,66000,387130000C,(04)23274275,(04)23288582,2025,08,5,10,22,臺中市,豐原區,0,1,0,7,2,6,60,5,1,1,5,4,6,6,2,1,1,4,4,1,17,2,9,2,1,F03,7,6,7,21,2,14,,36,36,1,12,4,120.703164,24.246719,2
1619,66000,387130000C,(04)23274275,(04)23288582,2025,08,5,10,25,臺中市,西區,0,3,0,7,2,6,50,4,1,1,5,4,6,6,2,1,1,4,4,2,12,2,9,1,1,C03,7,8,1,10,2,14,,84,84,1,12,4,120.66576,24.136558,2
1620,66000,387130000C,(04)23274275,(04)23288582,2025,08,5,10,27,臺中市,南屯區,0,1,0,7,3,6,50,4,1,1,5,4,6,6,1,1,10,5,5,2,17,2,8,2,1,C03,7,9,1,10,2,11,,7,7,1,12,4,120.614856,24.145153,2
1621,66000,387130000C,(04)23274275,(04)23288582,2025,08,5,10,28,臺中市,東區,0,0,0,7,,,50,,,,,,,,,,,,,,14,,,,,B03,,,1,,1,,,49,49,1,13,4,120.6985,24.13516,3
1622,66000,387130000C,(04)23274275,(04)23288582,2025,08,5,10,28,臺中市,神岡區,0,1,0,7,1,6,50,4,2,1,5,4,6,6,4,4,5,5,4,2,12,3,10,3,1,B03,7,13,1,8,2,4,,76,76,1,12,4,120.67885,24.249394,2
1623,66000,387130000C,(04)23274275,(04)23288582,2025,08,5,10,29,臺中市,大里區,0,0,0,7,,,50,,,,,,,,,,,,,,,,,,,B03,,,1,,1,,,7,7,1,12,4,120.663815,24.08611,3
1624,66000,387130000C,(04)23274275,(04)23288582,2025,08,5,10,30,臺中市,中區,0,1,0,7,2,6,50,3,1,1,5,4,6,6,4,4,10,4,5,2,17,3,10,1,1,C03,7,6,1,10,2,16,,48,48,1,13,4,120.682455,24.142548,2
1625,66000,387130000C,(04)23274275,(04)23288582,2025,08,5,10,35,臺中市,西區,0,2,0,7,2,6,50,4,1,1,5,4,3,6,4,4,10,5,5,2,15,2,9,1,1,C03,7,9,1,10,2,11,,15,15,1,13,4,120.67364,24.150956,2
1626,66000,387130000C,(04)23274275,(04)23288582,2025,08,5,10,37,臺中市,大雅區,0,0,0,7,,,50,,,,,,,,,,,,,,,,,,,C03,,,1,,1,,,21,21,1,12,4,120.645429,24.221915,3
1627,66000,387130000C,(04)23274275,(04)23288582,2025,08,5,10,39,臺中市,南區,0,1,0,7,2,6,50,4,1,1,5,4,6,6,2,1,10,5,5,2,16,3,10,3,1,B03,7,5,1,8,2,6,,84,84,1,12,4,120.65717,24.116818,2
1628,66000,387130000C,(04)23274275,(04)23288582,2025,08,5,10,42,臺中市,東區,0,1,0,7,2,6,50,3,1,1,5,4,6,6,4,4,10,5,5,2,18,2,9,2,1,C03,7,1,1,10,2,14,,84,84,1,13,4,120.694668,24.143794,2
1629,66000,387130000C,(04)23274275,(04)23288582,2025,08,5,10,45,臺中市,大雅區,0,0,0,6,,,30,,,,,,,,,,,,,,,,,,,B02,,,1,,2,,,84,84,1,12,4,120.63785,24.215341,3
1630,66000,387130000C,(04)23274275,(04)23288582,2025,08,5,10,46,臺中市,東區,0,2,0,7,3,6,1,5,2,1,5,4,6,6,1,1,10,5,5,2,13,2,9,5,4,C03,7,9,3,19,2,11,,84,84,1,12,4,120.693177,24.13311,2
1631,66000,387130000C,(04)23274275,(04)23288582,2025,08,5,10,50,臺中市,清水區,0,0,0,7,,,50,,,,,,,,,,,,,,,,,,,B03,,,1,,1,,,58,58,1,12,4,120.57701,24.265745,3
1632,66000,387130000C,(04)23274275,(04)23288582,2025,08,5,10,51,臺中市,北屯區,0,1,0,7,2,6,50,4,1,1,5,4,6,6,2,1,10,5,5,2,12,3,10,2,1,C03,7,9,1,10,9,14,,65,65,2,6,4,120.685498,24.172177,2
1633,66000,387130000C,(04)23274275,(04)23288582,2025,08,5,10,52,臺中市,西屯區,0,0,0,6,,,50,,,,,,,,,,,,,,13,,,,,C03,,,1,,2,,,58,58,1,12,4,120.66785,24.17481,3
1634,66000,387130000C,(04)23274275,(04)23288582,2025,08,5,10,53,臺中市,西區,0,2,0,7,2,6,50,4,1,1,5,4,6,6,2,1,1,4,4,2,16,2,8,1,1,C03,7,9,3,19,2,11,,58,58,1,12,4,120.66576,24.136558,2
1635,66000,387130000C,(04)23274275,(04)23288582,2025,08,5,10,59,臺中市,南區,0,0,0,7,,,50,,,,,,,,,,,,,,13,,,,,B03,,,1,,2,,,7,7,1,13,4,120.655358,24.115202,3
1636,66000,387130000C,(04)23274275,(04)23288582,2025,08,5,10,59,臺中市,烏日區,0,1,0,7,2,6,50,3,1,1,5,4,6,6,4,4,10,5,5,2,17,3,10,5,4,B03,7,1,1,8,2,5,,51,51,1,12,4,120.598052,24.110786,2
1637,66000,387130000C,(04)23274275,(04)23288582,2025,08,5,11,2,臺中市,南區,0,0,0,7,,,50,,,,,,,,,,,,,,12,,,,,B03,,,1,,1,,,85,85,1,13,4,120.648569,24.122822,3
1638,66000,387130000C,(04)23274275,(04)23288582,2025,08,5,11,2,臺中市,太平區,0,1,0,7,3,6,50,5,1,1,5,4,6,6,4,4,10,5,5,2,12,3,10,3,1,B12,7,4,1,8,2,2,,8,8,1,12,4,120.717111,24.130883,2
1639,66000,387130000C,(04)23274275,(04)23288582,2025,08,5,11,6,臺中市,南屯區,0,0,0,7,,,50,,,,,,,,,,,,,,,,,,,B03,,,1,,1,,,7,7,1,6,4,120.634651,24.155334,3
1640,66000,387130000C,(04)23274275,(04)23288582,2025,08,5,11,8,臺中市,北區,0,0,0,7,,,50,,,,,,,,,,,,,,13,,,,,C03,,,1,,1,,,84,84,1,13,4,120.686552,24.163199,3
1641,66000,387130000C,(04)23274275,(04)23288582,2025,08,5,11,8,臺中市,烏日區,0,0,0,7,,,50,,,,,,,,,,,,,,13,,,,,A12,,,1,,1,,,59,59,1,13,4,120.619063,24.102596,3
1642,66000,387130000C,(04)23274275,(04)23288582,2025,08,5,11,16,臺中市,北屯區,0,0,0,7,,,50,,,,,,,,,,,,,,13,,,,,B03,,,1,,1,,,84,84,1,6,4,120.693381,24.165068,3
1643,66000,387130000C,(04)23274275,(04)23288582,2025,08,5,11,30,臺中市,南屯區,0,0,0,6,,,60,,,,,,,,,,,,,,30,,,,,B13,,,1,,11,,,49,49,1,12,4,120.654357,24.13554,3
1644,66000,387130000C,(04)23274275,(04)23288582,2025,08,5,11,31,臺中市,西屯區,0,1,0,7,2,6,50,4,1,1,5,4,6,6,2,1,4,3,5,2,16,3,10,5,4,B03,7,5,1,8,2,2,,11,11,1,13,4,120.623958,24.185497,2
1645,66000,387130000C,(04)23274275,(04)23288582,2025,08,5,11,34,臺中市,西屯區,0,0,0,7,,,50,,,,,,,,,,,,,,22,,,,,B03,,,1,,1,,,39,39,1,12,4,120.628234,24.180699,3
1646,66000,387130000C,(04)23274275,(04)23288582,2025,08,5,11,35,臺中市,烏日區,0,1,0,7,2,6,30,3,1,1,5,4,6,6,4,4,10,5,5,2,17,3,10,5,4,B03,7,6,1,8,2,8,,12,12,1,6,4,120.637243,24.104322,2
1647,66000,387130000C,(04)23274275,(04)23288582,2025,08,5,11,40,臺中市,豐原區,0,1,0,6,2,6,50,3,1,1,5,4,6,6,1,1,5,5,5,1,16,2,9,1,1,C03,7,6,1,10,2,14,,84,84,1,12,4,120.729061,24.24638,2
1648,66000,387130000C,(04)23274275,(04)23288582,2025,08,5,11,47,臺中市,北區,0,0,0,7,3,6,50,18,9,1,5,4,6,6,4,4,10,5,5,2,17,,,,,B03,,,1,,1,,,59,59,1,13,4,120.676633,24.157507,3
1649,66000,387130000C,(04)23274275,(04)23288582,2025,08,5,11,49,臺中市,西屯區,0,0,0,7,,,50,,,,,,,,,,,,,,16,,,,,B03,,,1,,1,,,44,44,1,12,4,120.615143,24.181827,3
1650,66000,387130000C,(04)23274275,(04)23288582,2025,08,5,11,55,臺中市,大肚區,0,1,0,7,2,6,50,13,9,1,5,4,6,6,4,4,10,5,5,2,14,3,10,3,1,B03,7,2,1,8,2,6,,49,49,1,13,4,120.574361,24.168686,2
1651,66000,387130000C,(04)23274275,(04)23288582,2025,08,5,11,57,臺中市,西屯區,0,1,0,7,2,6,30,4,1,1,5,4,6,6,4,4,10,5,5,2,16,2,9,1,1,C03,7,6,1,10,2,14,,13,13,1,13,4,120.604229,24.186598,2
1652,66000,387130000C,(04)23274275,(04)23288582,2025,08,5,11,59,臺中市,南屯區,0,1,0,7,2,6,50,4,1,1,5,4,6,6,2,1,9,4,5,2,12,3,10,3,1,B03,7,4,1,8,2,2,,8,8,1,12,4,120.641686,24.146869,2
1653,66000,387130000C,(04)23274275,(04)23288582,2025,08,5,11,59,臺中市,后里區,0,0,0,6,2,6,50,13,9,1,5,4,6,6,4,4,,4,4,1,12,,,,,B03,,,1,,1,,,51,51,1,12,4,120.717323,24.309784,3
1654,66000,387130000C,(04)23274275,(04)23288582,2025,08,5,12,0,臺中市,西屯區,0,1,0,7,1,9,0,18,21,4,4,4,6,6,4,4,10,5,5,2,18,2,9,2,1,C03,7,9,1,10,2,12,,4,4,1,12,4,120.647492,24.158985,2
1655,66000,387130000C,(04)23274275,(04)23288582,2025,08,5,12,0,臺中市,西屯區,0,0,0,6,,,30,,,,,,,,,,,,,,16,,,,,B03,,,1,,1,,,43,43,1,12,4,120.613068,24.186252,3
1656,66000,387130000C,(04)23274275,(04)23288582,2025,08,5,12,0,臺中市,沙鹿區,0,2,0,7,2,6,50,13,9,1,5,4,6,6,4,4,5,5,5,1,17,2,8,3,1,B03,7,9,1,8,2,8,,55,55,1,6,4,120.565094,24.236397,2
1657,66000,387130000C,(04)23274275,(04)23288582,2025,08,5,12,3,臺中市,大肚區,0,1,0,6,2,6,50,4,1,1,4,4,6,6,2,1,10,5,5,2,16,3,10,3,1,B03,7,11,1,8,2,1,,45,45,1,5,4,120.544688,24.153273,2
1658,66000,387130000C,(04)23274275,(04)23288582,2025,08,5,12,7,臺中市,西屯區,0,0,0,7,,,50,,,,,,,,,,,,,,14,,,,,A12,,,1,,2,,,49,49,1,13,4,120.628317,24.179348,3
1659,66000,387130000C,(04)23274275,(04)23288582,2025,08,5,12,10,臺中市,豐原區,0,1,0,5,2,6,50,13,9,1,4,4,6,6,4,4,1,4,5,1,18,2,9,2,1,C03,7,9,1,10,2,16,,59,59,1,12,4,120.718539,24.243534,2
1660,66000,387130000C,(04)23274275,(04)23288582,2025,08,5,12,12,臺中市,西屯區,0,5,0,6,2,6,50,4,9,1,5,4,6,6,1,1,5,4,5,2,15,2,9,3,1,B03,7,9,1,8,2,5,,21,21,1,12,4,120.649064,24.193666,2
1661,66000,387130000C,(04)23274275,(04)23288582,2025,08,5,12,13,臺中市,北區,0,0,0,7,,,50,,,,,,,,,,,,,,17,,,,,B12,,,1,,2,,,84,84,1,12,4,120.677748,24.1495,3
1662,66000,387130000C,(04)23274275,(04)23288582,2025,08,5,12,13,臺中市,龍井區,0,0,0,6,,,30,,,,,,,,,,,,,,12,,,,,B03,,,1,,1,,,14,14,1,12,4,120.593376,24.18718,3
1663,66000,387130000C,(04)23274275,(04)23288582,2025,08,5,12,13,臺中市,東勢區,0,1,0,7,2,6,60,4,2,1,5,4,6,6,1,1,1,4,5,1,13,2,8,1,1,C03,7,9,1,10,2,11,,7,7,1,12,4,120.822854,24.261466,2
1664,66000,387130000C,(04)23274275,(04)23288582,2025,08,5,12,14,臺中市,西區,0,0,0,7,,,50,,,,,,,,,,,,,,,,,,,B12,,,1,8,1,,,84,84,1,13,4,120.66541,24.137515,3
1665,66000,387130000C,(04)23274275,(04)23288582,2025,08,5,12,16,臺中市,北區,0,0,0,7,,,50,,,,,,,,,,,,,,13,,,,,B03,,,1,,1,,,7,7,1,13,4,120.686299,24.165372,3
1666,66000,387130000C,(04)23274275,(04)23288582,2025,08,5,12,17,臺中市,北區,0,1,0,7,2,6,50,4,2,1,5,4,6,6,2,1,10,5,5,2,12,3,10,3,1,B03,7,5,1,8,2,2,,26,26,1,13,4,120.676483,24.150891,2
1667,66000,387130000C,(04)23274275,(04)23288582,2025,08,5,12,20,臺中市,龍井區,0,0,0,7,,,30,,,,,,,,,,,,,,,,,,,B12,,,1,,2,,,6,6,1,6,4,120.523907,24.221579,3
1668,66000,387130000C,(04)23274275,(04)23288582,2025,08,5,12,25,臺中市,霧峰區,0,1,0,7,2,6,50,13,9,1,5,4,6,6,4,4,1,5,5,1,21,2,9,3,1,B03,7,9,1,8,2,8,,59,59,1,13,4,120.663096,24.073748,2
1669,66000,387130000C,(04)23274275,(04)23288582,2025,08,5,12,35,臺中市,太平區,0,0,0,7,2,6,50,,,,,,,,,,,,,,,,,,,B03,,,1,,2,2,,84,84,1,12,4,120.706878,24.11197,3
1670,66000,387130000C,(04)23274275,(04)23288582,2025,08,5,12,35,臺中市,清水區,0,1,0,7,2,6,50,4,1,1,4,4,6,6,3,1,8,4,5,2,15,3,10,3,1,B03,7,9,1,8,2,1,,24,24,1,12,4,120.575186,24.271905,2
1671,66000,387130000C,(04)23274275,(04)23288582,2025,08,5,12,44,臺中市,大甲區,0,1,0,6,3,6,50,4,1,1,5,4,6,6,1,1,5,5,5,1,16,2,9,4,1,F01,7,6,7,21,2,12,,11,11,1,2,1,120.619369,24.340624,2
1672,66000,387130000C,(04)23274275,(04)23288582,2025,08,5,12,45,臺中市,北屯區,0,1,0,7,3,6,30,13,9,1,5,4,6,6,4,4,10,5,5,2,12,2,9,2,1,C03,7,4,1,10,2,12,,1,1,1,12,4,120.671462,24.177857,2
1673,66000,387130000C,(04)23274275,(04)23288582,2025,08,5,12,45,臺中市,霧峰區,0,0,0,7,,,50,,,,,,,,,,,,,,17,,,,,B03,,,1,,2,,,49,49,1,13,4,120.698836,24.06478,3
1674,66000,387130000C,(04)23274275,(04)23288582,2025,08,5,12,48,臺中市,北區,0,0,0,7,,,50,,,,,,,,,,,,,,13,,,,,B03,,,1,,2,,,84,84,1,12,4,120.689717,24.157792,3
1675,66000,387130000C,(04)23274275,(04)23288582,2025,08,5,12,49,臺中市,大里區,0,0,0,7,,,30,,,,,,,,,,,,,,,,,,,C03,,,1,,1,,,50,50,1,12,4,120.683555,24.112367,3
1676,66000,387130000C,(04)23274275,(04)23288582,2025,08,5,12,53,臺中市,西屯區,0,0,0,7,,,50,,,,,,,,,,,,,,,,,,,B03,,,1,,1,,,8,8,1,12,4,120.60891,24.155274,3
1677,66000,387130000C,(04)23274275,(04)23288582,2025,08,5,13,0,臺中市,神岡區,0,0,0,7,,,30,,,,,,,,,,,,,,19,,,,,B03,,,1,,2,,,59,59,1,12,4,120.679815,24.244997,3
1678,66000,387130000C,(04)23274275,(04)23288582,2025,08,5,13,2,臺中市,西區,0,0,0,7,,,50,,,,,,,,,,,,,,17,,,,,C03,,,1,,2,,,49,49,1,12,4,120.672217,24.146179,3
1679,66000,387130000C,(04)23274275,(04)23288582,2025,08,5,13,14,臺中市,西屯區,0,1,0,7,2,6,50,13,9,1,5,4,6,6,4,4,10,5,5,2,12,3,10,5,4,B12,7,1,1,8,2,8,,51,51,1,13,4,120.638839,24.179061,2
1680,66000,387130000C,(04)23274275,(04)23288582,2025,08,5,13,15,臺中市,西屯區,0,1,0,6,2,6,50,4,1,1,5,4,6,6,1,1,10,5,5,2,12,2,8,1,4,C03,7,8,1,10,2,14,,40,40,1,12,4,120.656588,24.163604,2
1681,66000,387130000C,(04)23274275,(04)23288582,2025,08,5,13,18,臺中市,豐原區,0,0,0,7,,,60,,,,,,,,,,,,,,13,,,,,A11,,,1,,3,,,53,53,1,12,4,120.737007,24.251486,3
1682,66000,387130000C,(04)23274275,(04)23288582,2025,08,5,13,22,臺中市,大雅區,0,0,0,7,,,30,,,,,,,,,,,,,,,,,,,A41,,,1,,1,,,84,84,1,13,4,120.645174,24.236095,3
1683,66000,387130000C,(04)23274275,(04)23288582,2025,08,5,13,23,臺中市,太平區,0,1,0,7,2,6,50,3,1,1,5,4,6,6,4,4,10,5,5,2,16,3,10,2,1,C03,7,9,1,10,2,12,,7,7,1,13,4,120.725448,24.145411,2