﻿序號,縣市別代碼,機關代碼,市話,傳真,年,月,日,時,分,縣市,區,死亡數量,受傷數量,2-30,天候,道路照明設備,道路類別,道路速限,道路型態,事故位置,路面鋪裝,路面狀態,路面缺陷,障礙物,視距,號誌種類,號誌動作,分向設施,快車道或一般車道間,快慢車道間,路面邊線,事故類型及型態,受傷程度,主要傷處,保護裝備,行動電話或功能裝置,當事者區分_類別,車輛用途,當事者行動狀態,駕照狀態,駕照種類,飲酒情形,車輛撞擊部位最初,車輛撞擊部位其他,肇事因素個別,肇事因素主要,肇事逃逸,職業,共享經濟或外送平台,GPS座標X,GPS座標Y,事故類別
1684,66000,387130000C,(04)23274275,(04)23288582,2025,08,5,13,25,臺中市,北區,0,0,0,7,,,30,,,,,,,,,,,,,,17,,,,,B11,,,1,,2,,,84,84,1,13,4,120.664735,24.160464,3
1685,66000,387130000C,(04)23274275,(04)23288582,2025,08,5,13,25,臺中市,沙鹿區,0,0,0,7,,,70,,,,,,,,,,,,,,13,,,,,B03,,,1,,1,,,59,59,1,6,4,120.61622,24.24363,3
1686,66000,387130000C,(04)23274275,(04)23288582,2025,08,5,13,29,臺中市,東區,0,0,0,7,,,50,,,,,,,,,,,,,,14,,,,,A04,,,1,,2,,,49,49,1,12,4,120.687559,24.142282,3
1687,66000,387130000C,(04)23274275,(04)23288582,2025,08,5,13,32,臺中市,霧峰區,0,0,0,7,,,50,,,,,,,,,,,,,,17,,,,,B03,,,1,,2,,,51,51,1,13,4,120.696831,24.069277,3
1688,66000,387130000C,(04)23274275,(04)23288582,2025,08,5,13,33,臺中市,南屯區,0,1,0,7,2,6,50,4,1,1,5,4,6,6,1,1,9,5,5,2,17,2,9,2,1,C03,7,8,1,10,2,13,,40,40,1,13,4,120.646629,24.140096,2
1689,66000,387130000C,(04)23274275,(04)23288582,2025,08,5,13,34,臺中市,石岡區,0,0,0,6,,,50,,,,,,,,,,,,,,,,,,,A04,,,1,,2,,,78,78,1,12,4,120.78251,24.274757,3
1690,66000,387130000C,(04)23274275,(04)23288582,2025,08,5,13,37,臺中市,西屯區,0,2,0,6,2,6,40,13,8,1,5,4,6,6,4,4,1,4,1,2,13,2,9,2,1,C03,7,9,1,10,2,12,,59,59,1,12,4,120.644758,24.164756,2
1691,66000,387130000C,(04)23274275,(04)23288582,2025,08,5,13,40,臺中市,龍井區,0,0,0,7,,,40,,,,,,,,,,,,,,,,,,,A12,,,1,,2,,,87,87,1,12,4,120.54609,24.195843,3
1692,66000,387130000C,(04)23274275,(04)23288582,2025,08,5,13,48,臺中市,烏日區,0,0,0,6,,,50,,,,,,,,,,,,,,14,,,,,B12,,,1,,1,,,49,49,1,13,4,120.633369,24.098181,3
1693,66000,387130000C,(04)23274275,(04)23288582,2025,08,5,13,50,臺中市,清水區,0,0,0,7,,,50,,,,,,,,,,,,,,,,,,,A31,,,1,,2,,,87,87,1,12,4,120.54622,24.284504,3
1694,66000,387130000C,(04)23274275,(04)23288582,2025,08,5,13,52,臺中市,潭子區,0,0,0,7,,,50,,,,,,,,,,,,,,,,,,,C03,,,1,,2,,,84,84,1,12,4,120.702797,24.211743,4
1695,66000,387130000C,(04)23274275,(04)23288582,2025,08,5,13,52,臺中市,北區,0,1,0,7,2,6,50,4,2,1,5,4,6,6,2,1,10,5,5,2,12,2,9,2,1,C03,7,9,1,10,2,14,,84,84,1,13,4,120.674302,24.171494,2
1696,66000,387130000C,(04)23274275,(04)23288582,2025,08,5,13,56,臺中市,烏日區,0,0,0,7,,,50,,,,,,,,,,,,,,17,,,,,B01,,,1,,2,,,8,8,1,6,4,120.607512,24.106042,3
1697,66000,387130000C,(04)23274275,(04)23288582,2025,08,5,13,57,臺中市,北屯區,0,0,0,7,,,50,,,,,,,,,,,,,,17,,,,,B03,,,1,,2,,,84,84,1,13,4,120.664053,24.185578,3
1698,66000,387130000C,(04)23274275,(04)23288582,2025,08,5,13,57,臺中市,西屯區,0,0,0,7,,,70,,,,,,,,,,,,,,12,,,,,B03,,,1,,2,,,40,40,1,12,4,120.611818,24.184642,3
1699,66000,387130000C,(04)23274275,(04)23288582,2025,08,5,13,59,臺中市,西屯區,0,0,0,7,,,50,,,,,,,,,,,,,,,,,,,B03,,,1,,1,,,49,49,1,12,4,120.655601,24.199887,3
1700,66000,387130000C,(04)23274275,(04)23288582,2025,08,5,13,59,臺中市,霧峰區,0,2,0,7,2,6,50,4,1,1,5,4,1,3,4,4,10,5,5,2,5,2,9,2,1,C03,7,9,1,10,2,12,,84,84,1,12,4,120.687829,24.045895,2
1701,66000,387130000C,(04)23274275,(04)23288582,2025,08,5,14,0,臺中市,東區,0,0,0,7,,,50,,,,,,,,,,,,,,13,,,,,B03,,,1,,2,,,84,84,1,12,4,120.693573,24.147967,3
1702,66000,387130000C,(04)23274275,(04)23288582,2025,08,5,14,3,臺中市,豐原區,0,1,0,6,2,6,50,4,8,1,5,4,6,6,4,4,1,4,4,1,16,3,10,3,1,B03,7,11,1,8,2,5,,45,45,1,12,4,120.743296,24.264084,2
1703,66000,387130000C,(04)23274275,(04)23288582,2025,08,5,14,4,臺中市,豐原區,0,1,0,6,2,6,50,4,2,1,5,4,6,6,1,1,5,4,4,2,18,2,9,1,1,C03,7,9,1,10,2,12,,84,84,1,12,4,120.704922,24.244422,2
1704,66000,387130000C,(04)23274275,(04)23288582,2025,08,5,14,10,臺中市,南屯區,0,0,0,7,,,50,,,,,,,,,,,,,,,,,,,B03,,,1,,1,,,49,49,1,13,4,120.649917,24.140957,3
1705,66000,387130000C,(04)23274275,(04)23288582,2025,08,5,14,11,臺中市,豐原區,0,0,0,7,,,30,,,,,,,,,,,,,,17,,,,,B03,,,1,,1,,,84,84,1,12,4,120.709712,24.241231,3
1706,66000,387130000C,(04)23274275,(04)23288582,2025,08,5,14,13,臺中市,潭子區,0,0,0,7,,,50,,,,,,,,,,,,,,17,,,,,B03,,,1,,2,,,84,84,1,12,4,120.723343,24.217944,3
1707,66000,387130000C,(04)23274275,(04)23288582,2025,08,5,14,13,臺中市,豐原區,0,1,0,7,2,6,50,18,24,1,5,4,6,6,4,4,5,4,4,2,13,3,10,3,1,B03,7,5,1,8,2,5,,7,7,1,12,4,120.725093,24.242923,2
1708,66000,387130000C,(04)23274275,(04)23288582,2025,08,5,14,17,臺中市,西屯區,0,0,0,7,,,30,,,,,,,,,,,,,,14,,,,,B03,,,1,,1,,,49,49,1,12,4,120.624992,24.159329,3
1709,66000,387130000C,(04)23274275,(04)23288582,2025,08,5,14,19,臺中市,霧峰區,0,0,0,7,,3,50,,,,,,,,,,,,,,18,,,,,B12,,,1,,11,,,68,68,1,13,4,120.689871,24.064078,3
1710,66000,387130000C,(04)23274275,(04)23288582,2025,08,5,14,20,臺中市,清水區,0,0,0,7,,,50,,,,,,,,,,,,,,,,,,,B03,,,1,,1,,,84,84,1,12,4,120.54562,24.272954,3
1711,66000,387130000C,(04)23274275,(04)23288582,2025,08,5,14,23,臺中市,西區,0,0,0,7,,,50,,,,,,,,,,,,,,,,,,,B03,,,1,,2,,,20,20,1,6,4,120.663101,24.147023,3
1712,66000,387130000C,(04)23274275,(04)23288582,2025,08,5,14,24,臺中市,北區,0,0,0,7,,,50,,,,,,,,,,,,,,13,,,,,C03,,,3,,2,,,54,54,1,13,4,120.68616,24.146227,3
1713,66000,387130000C,(04)23274275,(04)23288582,2025,08,5,14,26,臺中市,北區,0,1,0,7,2,6,50,3,2,1,5,4,6,6,4,4,10,5,5,2,12,2,9,2,1,C03,7,9,1,10,2,12,,7,7,1,13,4,120.685887,24.155351,2
1714,66000,387130000C,(04)23274275,(04)23288582,2025,08,5,14,27,臺中市,北區,0,1,0,7,2,6,50,3,2,1,5,4,6,6,4,4,1,4,5,1,13,2,9,1,1,C03,7,9,1,10,2,11,,7,7,1,12,4,120.683698,24.162961,2
1715,66000,387130000C,(04)23274275,(04)23288582,2025,08,5,14,30,臺中市,西屯區,0,0,0,7,,3,80,,,,,,,,,,,,,,30,,,,,A42,,,1,,11,,,84,84,1,13,4,120.634948,24.179291,3
1716,66000,387130000C,(04)23274275,(04)23288582,2025,08,5,14,38,臺中市,太平區,0,1,0,7,3,6,30,4,1,1,5,4,6,6,4,4,10,5,5,2,15,3,10,3,1,B12,7,9,1,8,2,4,,12,12,1,12,4,120.72383,24.14155,2
1717,66000,387130000C,(04)23274275,(04)23288582,2025,08,5,14,40,臺中市,中區,0,0,0,7,,,0,,,,,,,,,,,,,,,,,,,C03,,,1,10,1,,,50,50,1,13,4,120.67988,24.137919,3
1718,66000,387130000C,(04)23274275,(04)23288582,2025,08,5,14,42,臺中市,東勢區,0,1,0,7,2,6,50,4,1,1,5,4,6,6,1,1,10,5,5,2,15,3,10,1,1,C03,7,9,5,10,2,11,,21,21,1,12,4,120.826355,24.26036,2
1719,66000,387130000C,(04)23274275,(04)23288582,2025,08,5,14,43,臺中市,北區,0,0,0,7,,,50,,,,,,,,,,,,,,,,,,,B01,,,1,,11,,,84,84,1,13,4,120.684963,24.155174,3
1720,66000,387130000C,(04)23274275,(04)23288582,2025,08,5,14,44,臺中市,大甲區,0,0,0,7,,,30,,,,,,,,,,,,,,,,,,,B12,,,1,,1,,,59,59,1,6,4,120.628286,24.343288,3
1721,66000,387130000C,(04)23274275,(04)23288582,2025,08,5,14,51,臺中市,北屯區,0,0,0,7,,,50,,,,,,,,,,,,,,14,,,,,B12,,,1,,1,,,49,49,1,12,4,120.674397,24.203613,3
1722,66000,387130000C,(04)23274275,(04)23288582,2025,08,5,14,55,臺中市,太平區,0,1,0,7,2,6,50,4,2,1,5,4,6,6,4,4,5,4,5,2,11,3,10,3,1,B12,7,9,1,8,2,4,,84,84,1,13,4,120.707656,24.150947,2
1723,66000,387130000C,(04)23274275,(04)23288582,2025,08,5,14,56,臺中市,烏日區,0,0,0,7,,,30,,,,,,,,,,,,,,,,,,,B03,,,1,,1,,,14,14,1,13,4,120.638575,24.10566,3
1724,66000,387130000C,(04)23274275,(04)23288582,2025,08,5,14,57,臺中市,豐原區,0,0,0,6,2,6,50,4,1,1,5,4,6,6,2,1,1,3,4,1,16,3,10,3,1,B03,7,6,1,8,2,2,,11,11,1,12,4,120.74766,24.266544,3
1725,66000,387130000C,(04)23274275,(04)23288582,2025,08,5,15,0,臺中市,龍井區,0,0,0,7,,,30,,,,,,,,,,,,,,,,,,,C03,,,1,,11,,,85,85,1,6,4,120.592018,24.18229,3
1726,66000,387130000C,(04)23274275,(04)23288582,2025,08,5,15,1,臺中市,北區,0,0,0,7,,,50,,,,,,,,,,,,,,,,,,,B03,,,1,,1,,,84,84,1,12,4,120.681131,24.155646,3
1727,66000,387130000C,(04)23274275,(04)23288582,2025,08,5,15,2,臺中市,太平區,0,2,0,7,3,6,50,4,1,1,5,4,6,6,2,1,10,5,5,2,16,2,9,1,1,C03,7,6,1,10,2,14,,48,48,1,12,4,120.716849,24.151552,2
1728,66000,387130000C,(04)23274275,(04)23288582,2025,08,5,15,3,臺中市,豐原區,0,0,0,6,,,50,,,,,,,,,,,,,,13,,,,,B03,,,1,,2,,,56,56,1,12,4,120.700955,24.248876,3
1729,66000,387130000C,(04)23274275,(04)23288582,2025,08,5,15,6,臺中市,新社區,0,0,0,7,,,50,,,,,,,,,,,,,,,,,,,B02,,,1,,1,,,84,84,1,12,4,120.804396,24.195894,3
1730,66000,387130000C,(04)23274275,(04)23288582,2025,08,5,15,11,臺中市,沙鹿區,0,2,0,7,2,6,50,3,1,1,5,4,6,6,4,4,10,5,5,2,17,2,7,1,1,C03,7,9,1,10,2,13,,8,8,1,6,4,120.557465,24.234493,2
1731,66000,387130000C,(04)23274275,(04)23288582,2025,08,5,15,15,臺中市,北屯區,0,0,0,7,,,50,,,,,,,,,,,,,,13,,,,,B02,,,1,,1,,,7,7,1,6,4,120.719389,24.162866,3
1732,66000,387130000C,(04)23274275,(04)23288582,2025,08,5,15,18,臺中市,北區,0,1,0,7,2,6,50,3,1,1,5,4,6,6,4,4,5,5,5,2,16,2,9,1,1,C03,7,6,1,10,2,11,14,14,14,1,13,4,120.691676,24.156899,2
1733,66000,387130000C,(04)23274275,(04)23288582,2025,08,5,15,19,臺中市,北屯區,0,1,0,7,2,6,50,3,2,1,5,4,6,6,4,4,5,5,5,2,16,2,9,1,1,C03,7,5,1,10,2,14,,12,12,1,13,4,120.699341,24.163107,2
1734,66000,387130000C,(04)23274275,(04)23288582,2025,08,5,15,20,臺中市,大雅區,0,0,0,7,,,,,,,,,,,,,,,,,,,,,,,,,,,,,,86,86,1,,,120.650038,24.208668,3
1735,66000,387130000C,(04)23274275,(04)23288582,2025,08,5,15,24,臺中市,中區,0,0,0,7,,,50,,,,,,,,,,,,,,,,,,,B03,,,1,,2,,,59,59,1,12,4,120.68321,24.140672,3
1736,66000,387130000C,(04)23274275,(04)23288582,2025,08,5,15,30,臺中市,南屯區,0,0,0,7,,,50,,,,,,,,,,,,,,17,,,,,B03,,,1,,9,,,50,50,1,13,4,120.652913,24.14341,3
1737,66000,387130000C,(04)23274275,(04)23288582,2025,08,5,15,36,臺中市,沙鹿區,0,1,0,7,2,6,40,13,9,1,5,4,6,6,4,4,3,4,4,2,17,2,9,1,1,C03,7,9,1,10,2,12,,82,82,1,13,4,120.601372,24.249323,2
1738,66000,387130000C,(04)23274275,(04)23288582,2025,08,5,15,40,臺中市,霧峰區,0,0,0,7,,,40,,,,,,,,,,,,,,14,,,,,B03,,,1,,11,,,49,49,1,13,4,120.698723,24.065395,3
1739,66000,387130000C,(04)23274275,(04)23288582,2025,08,5,15,40,臺中市,太平區,0,0,0,7,2,6,40,,,,,,,,,,,,,,,,,,,B03,,,1,,2,3,,84,84,1,12,4,120.721436,24.130763,3
1740,66000,387130000C,(04)23274275,(04)23288582,2025,08,5,15,45,臺中市,沙鹿區,0,4,0,6,2,6,50,4,1,1,5,4,6,6,1,1,10,5,5,2,15,2,9,3,1,B03,7,9,1,7,2,2,,19,19,1,12,4,120.586623,24.249963,2
1741,66000,387130000C,(04)23274275,(04)23288582,2025,08,5,15,47,臺中市,北區,0,0,0,7,,,50,,,,,,,,,,,,,,17,,,,,B02,,,1,,2,,,84,84,1,13,4,120.687757,24.149977,3
1742,66000,387130000C,(04)23274275,(04)23288582,2025,08,5,15,47,臺中市,西屯區,0,0,0,7,,,50,,,,,,,,,,,,,,13,,,,,B03,,,1,,1,,,7,7,1,13,4,120.635578,24.182657,3
1743,66000,387130000C,(04)23274275,(04)23288582,2025,08,5,15,47,臺中市,梧棲區,0,1,0,7,2,6,40,3,2,1,5,4,6,6,4,4,1,4,1,1,12,2,8,1,1,C03,7,9,1,10,2,14,,8,8,1,12,4,120.547244,24.246105,2
1744,66000,387130000C,(04)23274275,(04)23288582,2025,08,5,15,49,臺中市,太平區,0,0,0,7,,,30,,,,,,,,,,,,,,16,,,,,B03,,,1,,1,,,51,51,1,13,4,120.715145,24.155951,3
1745,66000,387130000C,(04)23274275,(04)23288582,2025,08,5,15,51,臺中市,西屯區,0,0,0,7,,,40,,,,,,,,,,,,,,17,,,,,B03,,,1,,1,,,8,8,1,13,4,120.638526,24.160036,3
1746,66000,387130000C,(04)23274275,(04)23288582,2025,08,5,15,51,臺中市,大里區,0,0,0,7,3,6,50,13,9,1,5,4,6,6,1,1,5,4,5,2,13,,,,,B03,,,1,,2,,,84,84,1,12,4,120.689825,24.108132,3
1747,66000,387130000C,(04)23274275,(04)23288582,2025,08,5,15,51,臺中市,神岡區,0,2,0,7,1,6,50,3,1,1,5,4,6,6,1,1,10,5,5,1,12,3,10,1,1,C03,7,5,2,19,2,12,,84,84,1,12,4,120.692806,24.248528,2
1748,66000,387130000C,(04)23274275,(04)23288582,2025,08,5,15,56,臺中市,西屯區,0,0,0,7,,,40,,,,,,,,,,,,,,13,,,,,A02,,,1,,2,,,7,7,1,12,4,120.645944,24.175399,3
1749,66000,387130000C,(04)23274275,(04)23288582,2025,08,5,15,57,臺中市,潭子區,0,1,0,7,2,6,50,13,7,1,5,4,6,6,4,4,1,4,4,1,13,2,9,2,1,C03,7,7,1,10,2,13,,40,40,1,12,4,120.702267,24.188067,2
1750,66000,387130000C,(04)23274275,(04)23288582,2025,08,5,15,57,臺中市,西區,0,2,0,7,2,6,40,4,1,1,5,4,6,6,2,1,10,5,5,2,16,3,10,5,1,B03,7,5,1,8,2,2,,85,85,1,6,4,120.672591,24.148288,2
1751,66000,387130000C,(04)23274275,(04)23288582,2025,08,5,15,58,臺中市,大雅區,0,0,0,7,,,50,,,,,,,,,,,,,,,,,,,B03,,,1,,1,,,8,8,1,13,4,120.648948,24.223073,3
1752,66000,387130000C,(04)23274275,(04)23288582,2025,08,5,16,0,臺中市,豐原區,0,0,0,7,,,30,,,,,,,,,,,,,,14,,,,,B12,,,1,,2,,,49,49,1,12,4,120.737203,24.273582,3
1753,66000,387130000C,(04)23274275,(04)23288582,2025,08,5,16,6,臺中市,北區,0,0,0,7,,,50,,,,,,,,,,,,,,12,,,,,A12,,,1,,1,,,8,8,1,13,4,120.67645,24.156756,3
1754,66000,387130000C,(04)23274275,(04)23288582,2025,08,5,16,7,臺中市,南區,0,0,0,7,,,50,,,,,,,,,,,,,,,,,,,,,,,,,,,119,119,1,,,120.68403,24.129404,3
1755,66000,387130000C,(04)23274275,(04)23288582,2025,08,5,16,8,臺中市,北屯區,0,1,0,7,2,6,50,4,1,1,5,4,6,6,2,1,10,5,5,2,12,3,10,3,1,B03,7,5,1,8,2,5,,11,11,1,6,4,120.665138,24.183921,2
1756,66000,387130000C,(04)23274275,(04)23288582,2025,08,5,16,10,臺中市,龍井區,0,1,0,7,3,6,50,4,2,1,5,4,6,6,4,4,5,5,5,1,17,2,9,2,1,C03,7,9,1,10,2,11,,7,7,1,13,4,120.531699,24.181829,2
1757,66000,387130000C,(04)23274275,(04)23288582,2025,08,5,16,13,臺中市,北區,0,0,0,7,,,50,,,,,,,,,,,,,,,,,,,C03,,,1,,1,,,34,34,1,12,4,120.682655,24.153176,3
1758,66000,387130000C,(04)23274275,(04)23288582,2025,08,5,16,13,臺中市,龍井區,0,2,0,7,2,6,50,4,1,1,5,4,6,6,4,4,10,5,5,2,17,2,8,5,4,C03,7,1,1,10,2,13,,51,51,1,12,4,120.589809,24.180504,2
1759,66000,387130000C,(04)23274275,(04)23288582,2025,08,5,16,19,臺中市,中區,0,0,0,7,,,50,,,,,,,,,,,,,,,,,,,B03,,,1,,1,,,84,84,1,12,4,120.678416,24.141446,3
1760,66000,387130000C,(04)23274275,(04)23288582,2025,08,5,16,24,臺中市,沙鹿區,0,0,0,7,,,30,,,,,,,,,,,,,,,,,,,C03,,,1,,2,,,41,41,1,13,4,120.593238,24.218739,3
1761,66000,387130000C,(04)23274275,(04)23288582,2025,08,5,16,26,臺中市,東勢區,0,1,0,7,1,6,60,11,9,1,5,4,6,6,4,4,5,5,5,1,11,2,9,5,4,C03,7,5,1,10,2,11,,34,34,1,13,4,120.804193,24.303212,2
1762,66000,387130000C,(04)23274275,(04)23288582,2025,08,5,16,27,臺中市,大里區,0,1,0,7,2,6,40,13,12,1,5,4,6,6,4,4,1,4,4,2,17,2,9,1,1,C03,7,9,1,10,2,11,,84,84,1,12,4,120.670616,24.102597,2
1763,66000,387130000C,(04)23274275,(04)23288582,2025,08,5,16,29,臺中市,北屯區,0,1,0,7,3,6,50,3,2,1,5,4,6,6,4,4,9,5,5,2,16,3,10,3,1,B03,7,5,1,1,2,5,,84,84,1,12,4,120.661895,24.195652,2
1764,66000,387130000C,(04)23274275,(04)23288582,2025,08,5,16,30,臺中市,東勢區,0,0,0,7,,,50,,,,,,,,,,,,,,,,,,,B03,,,1,,2,,,84,84,1,13,4,120.830943,24.24919,3
1765,66000,387130000C,(04)23274275,(04)23288582,2025,08,5,16,34,臺中市,東區,0,0,0,7,,,50,,,,,,,,,,,,,,17,,,,,B03,,,1,,1,,,50,50,1,12,4,120.694831,24.127465,3
1766,66000,387130000C,(04)23274275,(04)23288582,2025,08,5,16,34,臺中市,烏日區,0,0,0,7,,,50,,,,,,,,,,,,,,13,,,,,B03,,,1,,1,,,59,59,1,13,4,120.617736,24.105484,3
1767,66000,387130000C,(04)23274275,(04)23288582,2025,08,5,16,35,臺中市,西區,0,1,0,7,2,6,50,13,9,1,5,4,6,6,2,1,5,5,5,2,13,3,10,1,1,C03,7,9,1,10,2,11,,7,7,1,6,4,120.660551,24.161967,2
1768,66000,387130000C,(04)23274275,(04)23288582,2025,08,5,16,35,臺中市,西屯區,0,1,0,7,2,6,40,5,1,1,5,4,6,6,2,1,10,4,4,2,30,2,9,5,4,C03,7,5,1,10,1,12,,84,84,1,13,4,120.658794,24.1761,2
1769,66000,387130000C,(04)23274275,(04)23288582,2025,08,5,16,37,臺中市,大雅區,0,1,0,7,2,6,30,3,9,1,5,4,6,6,4,4,10,5,5,2,17,2,9,1,1,C03,7,6,1,10,2,11,,14,14,1,12,4,120.629693,24.215509,2
1770,66000,387130000C,(04)23274275,(04)23288582,2025,08,5,16,43,臺中市,南區,0,1,0,7,2,6,50,4,1,1,5,4,6,6,2,1,10,5,5,2,18,2,9,1,1,C03,7,9,1,9,2,12,,84,84,1,12,4,120.684279,24.126179,2
1771,66000,387130000C,(04)23274275,(04)23288582,2025,08,5,16,44,臺中市,豐原區,0,1,0,7,2,6,50,11,7,1,5,4,6,6,4,4,1,4,4,1,17,3,10,5,4,B03,7,1,1,8,2,8,,51,51,1,12,4,120.711158,24.255239,2
1772,66000,387130000C,(04)23274275,(04)23288582,2025,08,5,16,45,臺中市,大雅區,0,1,0,7,3,6,60,4,9,1,5,4,6,6,1,1,9,4,5,1,11,3,10,3,1,B12,7,5,1,8,2,5,,11,11,1,13,4,120.646478,24.222818,2
1773,66000,387130000C,(04)23274275,(04)23288582,2025,08,5,16,47,臺中市,清水區,0,0,0,7,,,60,,,,,,,,,,,,,,,,,,,B03,,,1,,2,,,40,40,1,12,4,120.550119,24.276273,3
1774,66000,387130000C,(04)23274275,(04)23288582,2025,08,5,16,52,臺中市,神岡區,0,2,0,7,2,6,50,4,1,1,5,4,6,6,3,1,10,5,5,2,16,3,10,5,4,B03,7,5,1,8,5,8,,53,53,1,12,4,120.711992,24.257511,2
1775,66000,387130000C,(04)23274275,(04)23288582,2025,08,5,16,57,臺中市,西屯區,0,0,0,7,,,50,,,,,,,,,,,,,,13,,,,,B03,,,1,,2,,,7,7,1,12,4,120.623458,24.18247,3
1776,66000,387130000C,(04)23274275,(04)23288582,2025,08,5,16,58,臺中市,西屯區,0,0,0,7,,,50,,,,,,,,,,,,,,13,,,,,B03,,,1,,1,,,57,57,1,12,4,120.657894,24.163297,3
1777,66000,387130000C,(04)23274275,(04)23288582,2025,08,5,17,0,臺中市,南區,0,0,0,7,,,50,,,,,,,,,,,,,,,,,,,C03,,,1,,2,,,42,42,1,6,4,120.684146,24.121672,4
1778,66000,387130000C,(04)23274275,(04)23288582,2025,08,5,17,0,臺中市,豐原區,0,2,0,6,2,6,50,4,1,1,5,4,6,6,1,1,10,5,5,2,16,3,10,3,1,B03,7,5,1,8,2,2,,11,11,1,13,4,120.72524,24.234609,2
1779,66000,387130000C,(04)23274275,(04)23288582,2025,08,5,17,4,臺中市,南屯區,0,1,0,7,2,6,50,13,9,1,5,4,6,6,1,1,8,3,5,1,17,3,10,3,1,B03,7,1,1,8,2,4,,51,51,1,12,4,120.643433,24.133998,2
1780,66000,387130000C,(04)23274275,(04)23288582,2025,08,5,17,6,臺中市,南屯區,0,0,0,7,,,60,,,,,,,,,,,,,,30,,,,,B03,,,1,,1,,,78,78,1,12,4,120.626055,24.140721,3
1781,66000,387130000C,(04)23274275,(04)23288582,2025,08,5,17,8,臺中市,烏日區,0,0,0,7,,,50,,,,,,,,,,,,,,16,,,,,B03,,,1,,2,,,39,39,1,6,4,120.647548,24.07635,3
1782,66000,387130000C,(04)23274275,(04)23288582,2025,08,5,17,8,臺中市,沙鹿區,0,1,0,7,3,6,50,13,9,1,5,4,6,6,4,4,3,4,4,2,17,2,9,1,1,C03,7,9,1,10,2,12,,8,8,1,8,4,120.568405,24.225635,2
1783,66000,387130000C,(04)23274275,(04)23288582,2025,08,5,17,9,臺中市,北區,0,0,0,7,,,50,,,,,,,,,,,,,,17,,,,,B03,,,1,,2,,,58,58,1,13,4,120.686673,24.148078,3
1784,66000,387130000C,(04)23274275,(04)23288582,2025,08,5,17,10,臺中市,太平區,0,1,0,7,3,6,50,4,7,1,5,4,6,6,3,1,5,5,4,1,12,2,7,1,1,C03,7,9,1,10,2,14,,58,58,1,12,4,120.727813,24.150141,2
1785,66000,387130000C,(04)23274275,(04)23288582,2025,08,5,17,10,臺中市,大肚區,0,1,0,7,2,6,30,11,9,1,2,4,6,6,4,4,10,5,5,2,18,2,9,1,1,C03,7,9,1,10,2,14,,87,87,1,6,4,120.555421,24.127,2
1786,66000,387130000C,(04)23274275,(04)23288582,2025,08,5,17,10,臺中市,大甲區,0,1,0,7,3,6,50,13,9,1,5,4,6,6,4,4,9,5,5,1,13,2,9,5,4,C03,7,9,1,10,2,11,,7,7,1,6,4,120.654289,24.40703,2
1787,66000,387130000C,(04)23274275,(04)23288582,2025,08,5,17,13,臺中市,大雅區,0,0,0,6,,,50,,,,,,,,,,,,,,,,,,,C03,,,1,,1,,,14,14,1,13,4,120.66574,24.216152,3
1788,66000,387130000C,(04)23274275,(04)23288582,2025,08,5,17,17,臺中市,北屯區,0,1,0,7,2,6,40,5,9,1,5,4,6,6,4,4,10,5,5,2,13,3,10,2,1,C02,7,9,1,9,1,11,,58,58,1,6,4,120.693049,24.162447,2
1789,66000,387130000C,(04)23274275,(04)23288582,2025,08,5,17,22,臺中市,大雅區,0,0,0,7,,,60,,,,,,,,,,,,,,13,,,,,B12,,,1,,1,,,7,7,1,13,4,120.650743,24.210861,3
1790,66000,387130000C,(04)23274275,(04)23288582,2025,08,5,17,23,臺中市,西區,0,0,0,7,,,0,,,,,,,,,,,,,,17,,,,,C03,,,1,,2,,,50,50,1,12,4,120.678653,24.136411,3
1791,66000,387130000C,(04)23274275,(04)23288582,2025,08,5,17,24,臺中市,豐原區,0,0,0,7,,,50,,,,,,,,,,,,,,13,,,,,B03,,,1,,2,,,7,7,1,12,4,120.728571,24.276494,3
1792,66000,387130000C,(04)23274275,(04)23288582,2025,08,5,17,25,臺中市,南屯區,0,0,0,7,,,50,,,,,,,,,,,,,,,,,,,B03,,,1,,2,,,40,40,1,13,4,120.612735,24.154131,3
1793,66000,387130000C,(04)23274275,(04)23288582,2025,08,5,17,25,臺中市,大甲區,0,0,0,7,,,50,,,,,,,,,,,,,,16,,,,,B03,,,1,,2,,,14,14,1,6,4,120.624841,24.34042,3
1794,66000,387130000C,(04)23274275,(04)23288582,2025,08,5,17,26,臺中市,大雅區,0,1,0,7,3,6,50,4,1,1,5,4,6,6,4,4,9,4,5,1,16,3,10,3,1,B03,7,11,1,8,2,4,,45,45,1,13,4,120.650445,24.229167,2
1795,66000,387130000C,(04)23274275,(04)23288582,2025,08,5,17,26,臺中市,北屯區,0,0,0,7,,,50,,,,,,,,,,,,,,13,,,,,C03,,,1,,1,,,7,7,1,6,4,120.693092,24.162553,3
1796,66000,387130000C,(04)23274275,(04)23288582,2025,08,5,17,27,臺中市,中區,0,0,0,7,,,50,,,,,,,,,,,,,,,,,,,B03,,,1,,1,,,8,8,1,6,4,120.681984,24.145097,3
1797,66000,387130000C,(04)23274275,(04)23288582,2025,08,5,17,28,臺中市,神岡區,0,1,0,6,2,6,30,3,1,1,5,4,1,6,4,4,1,5,5,2,17,3,10,3,1,B03,7,5,1,8,2,2,,84,84,1,6,4,120.707711,24.258083,2