﻿序號,縣市別代碼,機關代碼,市話,傳真,年,月,日,時,分,縣市,區,死亡數量,受傷數量,2-30,天候,道路照明設備,道路類別,道路速限,道路型態,事故位置,路面鋪裝,路面狀態,路面缺陷,障礙物,視距,號誌種類,號誌動作,分向設施,快車道或一般車道間,快慢車道間,路面邊線,事故類型及型態,受傷程度,主要傷處,保護裝備,行動電話或功能裝置,當事者區分_類別,車輛用途,當事者行動狀態,駕照狀態,駕照種類,飲酒情形,車輛撞擊部位最初,車輛撞擊部位其他,肇事因素個別,肇事因素主要,肇事逃逸,職業,共享經濟或外送平台,GPS座標X,GPS座標Y,事故類別
2133,66000,387130000C,(04)23274275,(04)23288582,2025,08,6,16,9,臺中市,北屯區,0,0,0,7,,,50,,,,,,,,,,,,,,13,,,,,B03,,,1,,1,,,84,84,1,13,4,120.691977,24.162557,3
2134,66000,387130000C,(04)23274275,(04)23288582,2025,08,6,16,15,臺中市,東區,0,1,0,7,3,6,50,4,9,1,5,4,6,6,4,4,5,5,5,2,17,3,10,5,4,C03,7,9,1,10,2,16,,85,85,1,6,4,120.697826,24.141515,2
2135,66000,387130000C,(04)23274275,(04)23288582,2025,08,6,16,18,臺中市,潭子區,0,1,0,7,3,6,50,3,1,1,5,4,6,6,4,4,5,5,5,2,17,3,10,2,1,C03,7,6,1,10,2,14,,14,14,1,13,4,120.718695,24.192381,2
2136,66000,387130000C,(04)23274275,(04)23288582,2025,08,6,16,19,臺中市,西區,0,0,0,7,,,50,,,,,,,,,,,,,,,,,,,C03,,,1,,1,,,84,84,1,6,4,120.661803,24.154396,3
2137,66000,387130000C,(04)23274275,(04)23288582,2025,08,6,16,24,臺中市,西區,0,0,0,7,,,50,,,,,,,,,,,,,,,,,,,B03,,,1,,2,,,50,50,1,13,4,120.662496,24.156834,3
2138,66000,387130000C,(04)23274275,(04)23288582,2025,08,6,16,25,臺中市,南屯區,0,0,0,7,,,50,,,,,,,,,,,,,,,,,,,B03,,,1,,1,,,11,11,1,12,4,120.646613,24.140964,3
2139,66000,387130000C,(04)23274275,(04)23288582,2025,08,6,16,30,臺中市,后里區,0,2,0,7,2,6,30,4,1,1,5,4,6,6,4,4,10,5,5,2,16,3,10,3,1,B03,7,6,1,8,2,1,,14,14,1,12,4,120.733524,24.340371,2
2140,66000,387130000C,(04)23274275,(04)23288582,2025,08,6,16,31,臺中市,北屯區,0,1,0,7,2,6,50,4,2,1,5,4,6,6,2,1,10,5,5,2,11,2,9,1,1,C03,7,6,1,10,2,14,,48,48,1,6,4,120.704454,24.164862,2
2141,66000,387130000C,(04)23274275,(04)23288582,2025,08,6,16,35,臺中市,東區,0,0,0,7,,,50,,,,,,,,,,,,,,9,,,,,C03,,,1,,1,,,84,84,1,12,4,120.683103,24.134906,3
2142,66000,387130000C,(04)23274275,(04)23288582,2025,08,6,16,38,臺中市,沙鹿區,0,0,0,7,,,50,,,,,,,,,,,,,,,,,,,B03,,,1,,2,,,84,84,1,13,4,120.567833,24.251517,3
2143,66000,387130000C,(04)23274275,(04)23288582,2025,08,6,16,39,臺中市,烏日區,0,0,0,7,2,6,50,4,1,1,5,4,6,6,1,1,1,4,5,2,12,3,10,1,1,C03,7,5,1,10,2,14,,84,84,1,5,4,120.616655,24.113803,3
2144,66000,387130000C,(04)23274275,(04)23288582,2025,08,6,16,40,臺中市,沙鹿區,0,1,0,7,2,6,50,13,9,1,5,4,6,6,4,4,5,4,5,2,25,3,10,3,1,B03,7,9,1,8,2,5,,59,59,1,6,4,120.607076,24.244,2
2145,66000,387130000C,(04)23274275,(04)23288582,2025,08,6,16,41,臺中市,西屯區,0,0,0,7,,,50,,,,,,,,,,,,,,,,,,,B03,,,1,,9,,,51,51,1,12,4,120.643369,24.17642,3
2146,66000,387130000C,(04)23274275,(04)23288582,2025,08,6,16,43,臺中市,西屯區,0,1,0,7,2,6,50,3,1,1,5,4,6,6,4,4,10,5,5,2,13,3,10,5,4,B03,7,9,1,8,2,5,,7,7,1,12,4,120.650297,24.163835,2
2147,66000,387130000C,(04)23274275,(04)23288582,2025,08,6,16,50,臺中市,北區,0,0,0,7,,,50,,,,,,,,,,,,,,,,,,,B03,,,3,,1,,,8,8,1,12,4,120.687316,24.149344,3
2148,66000,387130000C,(04)23274275,(04)23288582,2025,08,6,16,50,臺中市,梧棲區,0,1,0,7,3,6,30,4,1,1,5,4,6,6,4,4,10,5,5,2,15,3,10,3,1,B03,7,9,1,8,2,8,,12,12,1,6,4,120.543285,24.229635,2
2149,66000,387130000C,(04)23274275,(04)23288582,2025,08,6,16,55,臺中市,北屯區,0,0,0,7,,,50,,,,,,,,,,,,,,,,,,,C03,,,1,,2,,,59,59,1,12,4,120.704454,24.164862,4
2150,66000,387130000C,(04)23274275,(04)23288582,2025,08,6,16,57,臺中市,霧峰區,0,2,0,6,2,6,50,3,1,1,5,4,6,1,4,4,10,5,5,2,16,2,9,1,1,C03,7,9,1,10,2,11,,15,15,1,12,4,120.654437,24.076349,2
2151,66000,387130000C,(04)23274275,(04)23288582,2025,08,6,16,59,臺中市,梧棲區,0,1,0,7,3,6,50,3,1,1,5,4,6,6,4,4,10,5,5,2,16,2,9,1,1,C03,7,5,1,10,2,14,,14,14,1,6,4,120.53076,24.253411,2
2152,66000,387130000C,(04)23274275,(04)23288582,2025,08,6,17,0,臺中市,東區,0,0,0,7,,,50,,,,,,,,,,,,,,13,,,,,C03,,,1,,2,,,7,7,1,6,4,120.706073,24.12975,3
2153,66000,387130000C,(04)23274275,(04)23288582,2025,08,6,17,0,臺中市,霧峰區,0,0,0,7,,,60,,,,,,,,,,,,,,,,,,,B03,,,1,,2,,,84,84,1,12,4,120.66444,24.083161,3
2154,66000,387130000C,(04)23274275,(04)23288582,2025,08,6,17,0,臺中市,神岡區,0,0,0,7,,,40,,,,,,,,,,,,,,12,,,,,C03,,,1,,2,,,7,7,1,13,4,120.69279,24.243944,3
2155,66000,387130000C,(04)23274275,(04)23288582,2025,08,6,17,1,臺中市,中區,0,2,0,7,2,6,50,4,1,1,5,4,6,6,1,1,10,5,5,2,17,3,10,3,1,B03,7,6,1,8,2,1,,11,11,1,13,4,120.683161,24.143243,2
2156,66000,387130000C,(04)23274275,(04)23288582,2025,08,6,17,1,臺中市,西屯區,0,0,0,7,,,50,,,,,,,,,,,,,,16,,,,,B03,,,1,,2,,,40,40,1,13,4,120.6373,24.185869,3
2157,66000,387130000C,(04)23274275,(04)23288582,2025,08,6,17,3,臺中市,北屯區,0,0,0,7,,,50,,,,,,,,,,,,,,17,,,,,,,,,,,,,119,119,1,,,120.672648,24.174234,4
2158,66000,387130000C,(04)23274275,(04)23288582,2025,08,6,17,5,臺中市,和平區,0,1,0,7,3,9,30,11,9,1,5,4,6,6,4,4,10,5,5,1,18,2,9,2,1,C03,7,9,1,10,2,14,,87,87,1,6,4,121.304223,24.324133,2
2159,66000,387130000C,(04)23274275,(04)23288582,2025,08,6,17,8,臺中市,烏日區,0,1,0,7,2,6,30,4,1,1,5,4,6,6,4,4,10,5,5,2,16,3,10,5,4,B03,7,6,1,8,2,8,,11,11,1,13,4,120.65702,24.092036,2
2160,66000,387130000C,(04)23274275,(04)23288582,2025,08,6,17,8,臺中市,梧棲區,0,1,0,7,3,6,70,4,1,1,5,4,6,6,1,1,10,5,5,2,16,2,8,1,1,C03,7,5,1,10,2,12,,11,11,1,6,4,120.524932,24.254029,2
2161,66000,387130000C,(04)23274275,(04)23288582,2025,08,6,17,10,臺中市,北區,0,0,0,7,,,50,,,,,,,,,,,,,,13,,,,,F01,,,7,,2,,,7,7,1,3,1,120.68669,24.160295,3
2162,66000,387130000C,(04)23274275,(04)23288582,2025,08,6,17,10,臺中市,西屯區,0,0,0,7,,3,80,,,,,,,,,,,,,,13,,,,,B01,,,1,4,1,,,59,59,1,13,4,120.630015,24.165461,3
2163,66000,387130000C,(04)23274275,(04)23288582,2025,08,6,17,10,臺中市,豐原區,0,0,0,7,,,50,,,,,,,,,,,,,,13,,,,,B03,,,1,,2,,,84,84,1,13,4,120.728606,24.257326,3
2164,66000,387130000C,(04)23274275,(04)23288582,2025,08,6,17,10,臺中市,豐原區,0,2,0,7,2,6,50,4,1,1,5,4,6,6,4,4,5,5,4,2,16,2,9,1,4,C03,7,6,1,10,2,14,,12,12,1,13,4,120.725254,24.250387,2
2165,66000,387130000C,(04)23274275,(04)23288582,2025,08,6,17,16,臺中市,清水區,0,1,0,7,3,6,40,13,8,1,5,4,6,6,4,4,1,4,4,1,18,2,9,1,1,C03,7,9,3,19,2,12,,90,90,1,12,4,120.588273,24.291795,2
2166,66000,387130000C,(04)23274275,(04)23288582,2025,08,6,17,17,臺中市,北屯區,0,0,0,7,,,50,,,,,,,,,,,,,,,,,,,B12,,,1,,2,,,21,21,1,6,4,120.684876,24.200814,3
2167,66000,387130000C,(04)23274275,(04)23288582,2025,08,6,17,17,臺中市,西屯區,0,0,0,7,,,50,,,,,,,,,,,,,,13,,,,,C03,,,1,,1,,,7,7,1,13,4,120.621409,24.182049,3
2168,66000,387130000C,(04)23274275,(04)23288582,2025,08,6,17,20,臺中市,霧峰區,0,1,0,7,2,6,40,3,1,1,5,4,6,6,4,4,1,5,5,2,16,3,10,3,1,B03,7,5,1,8,2,5,,14,14,1,13,4,120.684715,24.019024,2
2169,66000,387130000C,(04)23274275,(04)23288582,2025,08,6,17,20,臺中市,霧峰區,0,0,0,7,,,50,,,,,,,,,,,,,,,,,,,B03,,,1,,2,,,50,50,1,13,4,120.699688,24.070671,3
2170,66000,387130000C,(04)23274275,(04)23288582,2025,08,6,17,20,臺中市,大里區,0,1,0,7,2,6,50,13,8,1,5,4,6,6,1,1,1,4,4,2,13,2,8,1,1,C03,7,9,1,10,2,11,,7,7,1,13,4,120.69366,24.100166,2
2171,66000,387130000C,(04)23274275,(04)23288582,2025,08,6,17,20,臺中市,大甲區,0,0,0,7,,,70,,,,,,,,,,,,,,16,,,,,C03,,,1,,2,,,84,84,1,6,4,120.652006,24.383419,3
2172,66000,387130000C,(04)23274275,(04)23288582,2025,08,6,17,22,臺中市,大里區,0,0,0,7,,,50,,,,,,,,,,,,,,,,,,,C03,,,1,,2,,,8,8,1,12,4,120.697382,24.082683,4
2173,66000,387130000C,(04)23274275,(04)23288582,2025,08,6,17,22,臺中市,大里區,0,0,0,7,,,50,,,,,,,,,,,,,,,,,,,B03,,,1,,9,,,8,8,1,12,4,120.677763,24.116435,3
2174,66000,387130000C,(04)23274275,(04)23288582,2025,08,6,17,23,臺中市,南屯區,0,0,0,7,,,40,,,,,,,,,,,,,,17,,,,,B03,,,1,,2,,,84,84,1,12,4,120.64911,24.147018,3
2175,66000,387130000C,(04)23274275,(04)23288582,2025,08,6,17,24,臺中市,豐原區,0,0,0,7,2,6,50,4,1,1,5,4,6,6,2,1,1,2,5,1,12,3,10,3,1,B03,7,6,1,8,2,5,,25,25,1,12,4,120.722858,24.264184,3
2176,66000,387130000C,(04)23274275,(04)23288582,2025,08,6,17,27,臺中市,南屯區,0,1,0,7,2,6,50,13,9,1,5,4,6,6,4,4,5,4,4,2,17,3,10,3,1,B03,7,5,1,8,2,2,,20,20,1,12,4,120.614392,24.15346,2
2177,66000,387130000C,(04)23274275,(04)23288582,2025,08,6,17,27,臺中市,龍井區,0,0,0,7,,,50,,,,,,,,,,,,,,,,,,,C03,,,1,,1,,,85,85,1,12,4,120.585513,24.185928,4
2178,66000,387130000C,(04)23274275,(04)23288582,2025,08,6,17,30,臺中市,南屯區,0,0,0,7,,3,80,,,,,,,,,,,,,,,,,,,B03,,,1,,1,,,59,59,1,13,4,120.621618,24.134699,3
2179,66000,387130000C,(04)23274275,(04)23288582,2025,08,6,17,30,臺中市,南屯區,0,0,0,7,,,50,,,,,,,,,,,,,,,,,,,B11,,,1,,1,,,45,45,1,13,4,120.620646,24.130892,3
2180,66000,387130000C,(04)23274275,(04)23288582,2025,08,6,17,30,臺中市,西屯區,0,1,0,7,2,6,50,13,9,1,5,4,6,6,4,4,9,4,5,2,13,2,9,5,4,C03,7,9,1,10,2,11,,7,7,1,13,4,120.622823,24.192151,2
2181,66000,387130000C,(04)23274275,(04)23288582,2025,08,6,17,31,臺中市,北屯區,0,0,0,7,,,50,,,,,,,,,,,,,,17,,,,,B01,,,1,,9,,,50,50,1,6,4,120.707526,24.165451,3
2182,66000,387130000C,(04)23274275,(04)23288582,2025,08,6,17,33,臺中市,大雅區,0,0,0,7,,,30,,,,,,,,,,,,,,11,,,,,B12,,,1,,2,,,8,8,1,13,4,120.673304,24.219975,3
2183,66000,387130000C,(04)23274275,(04)23288582,2025,08,6,17,33,臺中市,南屯區,0,0,0,7,,3,80,,,,,,,,,,,,,,,,,,,B12,,,3,,2,,,7,7,1,13,4,120.621618,24.134699,3
2184,66000,387130000C,(04)23274275,(04)23288582,2025,08,6,17,33,臺中市,北屯區,0,1,0,7,2,6,50,13,9,1,5,4,6,6,4,4,5,4,5,2,12,3,10,1,1,C03,7,8,1,10,2,14,,40,40,1,13,4,120.746163,24.190031,2
2185,66000,387130000C,(04)23274275,(04)23288582,2025,08,6,17,36,臺中市,西屯區,0,0,0,7,,,50,,,,,,,,,,,,,,17,,,,,B03,,,1,,9,,,8,8,1,12,4,120.622161,24.186137,3
2186,66000,387130000C,(04)23274275,(04)23288582,2025,08,6,17,37,臺中市,西屯區,0,2,0,7,3,6,50,13,7,1,5,4,6,6,4,4,3,4,3,2,13,3,10,5,4,B03,7,9,1,8,2,1,,59,59,1,13,4,120.6469,24.164167,2
2187,66000,387130000C,(04)23274275,(04)23288582,2025,08,6,17,37,臺中市,霧峰區,0,0,0,7,,,50,,,,,,,,,,,,,,,,,,,C03,,,1,,2,,,11,11,1,13,4,120.707635,24.076537,3
2188,66000,387130000C,(04)23274275,(04)23288582,2025,08,6,17,38,臺中市,神岡區,0,0,0,7,,,30,,,,,,,,,,,,,,17,,,,,B03,,,5,,2,,,14,14,1,6,4,120.657999,24.255313,3
2189,66000,387130000C,(04)23274275,(04)23288582,2025,08,6,17,39,臺中市,北屯區,0,0,0,7,,,30,,,,,,,,,,,,,,9,,,,,B03,,,1,,1,,,8,8,1,6,4,120.697667,24.177475,3
2190,66000,387130000C,(04)23274275,(04)23288582,2025,08,6,17,39,臺中市,豐原區,0,2,0,7,2,6,50,13,7,1,5,4,6,6,1,1,5,5,4,2,16,2,8,1,1,C03,7,5,1,10,2,14,,84,84,1,12,4,120.715443,24.255983,2
2191,66000,387130000C,(04)23274275,(04)23288582,2025,08,6,17,40,臺中市,大雅區,0,1,0,7,3,6,60,13,9,1,5,4,6,6,1,1,1,3,5,1,17,2,9,1,4,C03,7,9,1,10,2,11,,7,7,1,13,4,120.672625,24.239656,2
2192,66000,387130000C,(04)23274275,(04)23288582,2025,08,6,17,40,臺中市,南屯區,0,0,0,7,,,50,,,,,,,,,,,,,,,,,,,B03,,,1,,1,,,49,49,1,12,4,120.608483,24.147118,3
2193,66000,387130000C,(04)23274275,(04)23288582,2025,08,6,17,40,臺中市,龍井區,0,0,0,7,,,30,,,,,,,,,,,,,,,,,,,B03,,,1,,1,,,8,8,1,6,4,120.532764,24.193894,3
2194,66000,387130000C,(04)23274275,(04)23288582,2025,08,6,17,41,臺中市,南屯區,0,0,0,7,,,50,,,,,,,,,,,,,,17,,,,,B03,,,1,,1,,,40,40,1,12,4,120.621023,24.139626,3
2195,66000,387130000C,(04)23274275,(04)23288582,2025,08,6,17,41,臺中市,西屯區,0,0,0,7,,3,80,,,,,,,,,,,,,,13,,,,,B03,,,1,,1,,,84,84,1,12,4,120.65053,24.19741,3
2196,66000,387130000C,(04)23274275,(04)23288582,2025,08,6,17,42,臺中市,烏日區,0,0,0,7,,3,80,,,,,,,,,,,,,,13,,,,,B03,,,1,,1,,,7,7,1,6,4,120.612901,24.102604,3
2197,66000,387130000C,(04)23274275,(04)23288582,2025,08,6,17,45,臺中市,南屯區,0,0,0,7,,,50,,,,,,,,,,,,,,12,,,,,C03,,,1,,1,,,84,84,1,12,4,120.641686,24.146869,3
2198,66000,387130000C,(04)23274275,(04)23288582,2025,08,6,17,45,臺中市,北屯區,0,1,0,7,3,6,50,3,1,1,5,4,6,6,4,4,10,5,5,2,17,3,10,3,1,B03,7,9,1,8,2,5,,59,59,1,12,4,120.670226,24.174565,2
2199,66000,387130000C,(04)23274275,(04)23288582,2025,08,6,17,45,臺中市,神岡區,0,2,0,7,3,6,40,5,1,1,5,4,6,6,1,1,3,4,4,1,12,2,9,1,1,C03,7,9,1,10,2,11,,87,87,1,13,4,120.66489,24.273759,2
2200,66000,387130000C,(04)23274275,(04)23288582,2025,08,6,17,47,臺中市,太平區,0,0,0,7,,,50,,,,,,,,,,,,,,13,,,,,B03,,,1,,2,,,7,7,1,12,4,120.703209,24.111287,3
2201,66000,387130000C,(04)23274275,(04)23288582,2025,08,6,17,50,臺中市,清水區,0,1,0,7,3,6,30,4,1,1,5,4,6,6,4,4,10,5,5,2,15,2,9,2,1,C03,7,9,1,10,2,11,,12,12,1,12,4,120.558637,24.260825,2
2202,66000,387130000C,(04)23274275,(04)23288582,2025,08,6,17,51,臺中市,西屯區,0,1,0,7,2,6,40,3,1,1,5,4,6,6,4,4,1,4,1,1,16,3,10,5,4,B03,7,5,1,8,1,2,,14,14,1,13,4,120.638325,24.169474,2
2203,66000,387130000C,(04)23274275,(04)23288582,2025,08,6,17,56,臺中市,太平區,0,0,0,7,,,50,,,,,,,,,,,,,,12,,,,,C03,,,1,,2,,,84,84,1,13,4,120.705059,24.159478,3
2204,66000,387130000C,(04)23274275,(04)23288582,2025,08,6,17,57,臺中市,北屯區,0,0,0,7,,,50,,,,,,,,,,,,,,12,,,,,B03,,,1,,1,,,51,51,1,6,4,120.693289,24.161983,3
2205,66000,387130000C,(04)23274275,(04)23288582,2025,08,6,17,59,臺中市,西區,0,0,0,7,,,50,,,,,,,,,,,,,,13,,,,,C03,,,1,,1,,,7,7,1,12,4,120.661674,24.136559,3
2206,66000,387130000C,(04)23274275,(04)23288582,2025,08,6,18,0,臺中市,西屯區,0,1,0,7,2,6,40,13,9,1,5,4,6,6,4,4,9,5,5,2,12,3,10,3,1,B03,7,11,1,8,2,4,,39,39,1,12,4,120.591293,24.169362,2
2207,66000,387130000C,(04)23274275,(04)23288582,2025,08,6,18,2,臺中市,太平區,0,1,0,7,3,6,50,11,9,1,5,4,6,6,4,4,5,5,5,2,18,2,7,1,1,C03,7,6,1,10,2,14,,84,84,1,12,4,120.71614,24.111349,2
2208,66000,387130000C,(04)23274275,(04)23288582,2025,08,6,18,3,臺中市,北屯區,0,1,0,7,2,6,50,4,1,1,5,4,6,6,4,4,10,5,5,2,15,3,10,3,1,B03,7,9,1,8,2,2,,15,15,1,12,4,120.708591,24.166038,2
2209,66000,387130000C,(04)23274275,(04)23288582,2025,08,6,18,4,臺中市,西屯區,0,2,0,7,2,6,50,4,1,1,5,4,6,6,1,1,9,5,4,2,12,2,8,5,4,C03,7,9,1,10,2,12,,7,7,1,13,4,120.661908,24.170099,2
2210,66000,387130000C,(04)23274275,(04)23288582,2025,08,6,18,4,臺中市,大肚區,0,1,0,7,2,6,30,3,2,1,5,4,6,6,4,4,10,5,5,1,16,2,9,1,1,C03,7,6,1,10,2,13,,14,14,1,6,4,120.531342,24.155142,2
2211,66000,387130000C,(04)23274275,(04)23288582,2025,08,6,18,8,臺中市,北屯區,0,1,0,7,1,6,40,5,8,1,5,4,6,6,4,4,1,4,4,2,12,2,9,2,1,C03,7,9,1,10,2,14,12,8,8,1,6,4,120.692953,24.162129,2
2212,66000,387130000C,(04)23274275,(04)23288582,2025,08,6,18,8,臺中市,神岡區,0,1,0,7,1,6,50,13,9,1,5,4,6,6,4,4,1,4,5,2,13,3,10,2,1,C03,7,9,1,10,2,11,,7,7,1,6,4,120.698732,24.248736,2
2213,66000,387130000C,(04)23274275,(04)23288582,2025,08,6,18,9,臺中市,梧棲區,0,0,0,7,,,50,,,,,,,,,,,,,,16,,,,,C03,,,1,,2,,,7,7,1,6,4,120.541363,24.257192,3
2214,66000,387130000C,(04)23274275,(04)23288582,2025,08,6,18,11,臺中市,清水區,0,0,0,7,,,30,,,,,,,,,,,,,,,,,,,B12,,,1,,2,,,8,8,1,12,4,120.609164,24.305235,3
2215,66000,387130000C,(04)23274275,(04)23288582,2025,08,6,18,11,臺中市,大甲區,0,0,0,7,,,50,,,,,,,,,,,,,,,,,,,B03,,,1,,1,,,49,49,1,6,4,120.654619,24.391706,4
2216,66000,387130000C,(04)23274275,(04)23288582,2025,08,6,18,12,臺中市,北區,0,0,0,7,,,50,,,,,,,,,,,,,,17,,,,,C03,,,1,,2,,,11,11,1,13,4,120.685905,24.153613,3
2217,66000,387130000C,(04)23274275,(04)23288582,2025,08,6,18,13,臺中市,北區,0,0,0,7,,,50,,,,,,,,,,,,,,,,,,,C04,,,1,,2,,,84,84,1,13,4,120.687956,24.15399,3
2218,66000,387130000C,(04)23274275,(04)23288582,2025,08,6,18,20,臺中市,西屯區,0,0,0,7,,,50,,,,,,,,,,,,,,12,,,,,C03,,,1,,1,,,84,84,1,12,4,120.646886,24.15706,3
2219,66000,387130000C,(04)23274275,(04)23288582,2025,08,6,18,20,臺中市,石岡區,0,1,0,7,2,6,70,13,12,1,5,4,6,5,4,4,1,4,4,1,17,3,10,3,1,B03,7,11,1,8,2,2,,45,45,1,12,4,120.772041,24.274915,2
2220,66000,387130000C,(04)23274275,(04)23288582,2025,08,6,18,22,臺中市,太平區,0,0,0,7,,,50,,,,,,,,,,,,,,13,,,,,B03,,,1,,1,,,7,7,1,13,4,120.716519,24.148841,3
2221,66000,387130000C,(04)23274275,(04)23288582,2025,08,6,18,24,臺中市,西區,0,0,0,7,,,50,,,,,,,,,,,,,,,,,,,C03,,,1,,1,,,26,26,1,6,4,120.665725,24.140342,3
2222,66000,387130000C,(04)23274275,(04)23288582,2025,08,6,18,27,臺中市,南區,0,2,0,7,3,6,50,18,9,1,5,4,6,6,2,1,3,5,5,2,17,2,9,5,4,C03,7,9,1,10,2,11,,7,7,1,6,4,120.650118,24.120638,2
2223,66000,387130000C,(04)23274275,(04)23288582,2025,08,6,18,31,臺中市,東勢區,0,0,0,7,,,60,,,,,,,,,,,,,,,,,,,B12,,,1,,1,,,78,78,1,13,4,120.835687,24.235107,3
2224,66000,387130000C,(04)23274275,(04)23288582,2025,08,6,18,39,臺中市,西屯區,0,0,0,7,,,50,,,,,,,,,,,,,,17,,,,,B03,,,1,,1,,,49,49,1,13,4,120.661434,24.171213,3
2225,66000,387130000C,(04)23274275,(04)23288582,2025,08,6,18,39,臺中市,豐原區,0,0,0,5,,,30,,,,,,,,,,,,,,14,,,,,B11,,,1,,2,,,84,84,1,12,4,120.724182,24.251978,3
2226,66000,387130000C,(04)23274275,(04)23288582,2025,08,6,18,42,臺中市,神岡區,0,1,0,7,3,6,60,13,7,1,5,4,6,6,4,4,3,4,4,1,18,2,9,1,1,C03,7,9,1,9,2,16,,37,37,1,13,4,120.709603,24.26007,2
2227,66000,387130000C,(04)23274275,(04)23288582,2025,08,6,18,45,臺中市,霧峰區,0,1,0,7,1,6,50,13,8,1,5,4,6,6,4,4,5,5,4,1,1,3,10,3,1,B03,7,9,1,8,2,2,,8,8,1,12,4,120.699054,24.0671,2
2228,66000,387130000C,(04)23274275,(04)23288582,2025,08,6,18,48,臺中市,大雅區,0,1,0,7,1,6,60,3,1,1,5,4,6,6,1,1,10,4,5,1,17,3,10,3,1,B03,7,5,1,8,2,2,,20,20,1,12,4,120.64521,24.22621,2
2229,66000,387130000C,(04)23274275,(04)23288582,2025,08,6,18,48,臺中市,東區,0,0,0,7,,,30,,,,,,,,,,,,,,17,,,,,C03,,,1,,2,,,20,20,1,12,4,120.692443,24.148314,3
2230,66000,387130000C,(04)23274275,(04)23288582,2025,08,6,18,50,臺中市,西區,0,0,0,7,,,50,,,,,,,,,,,,,,,,,,,B03,,,1,,1,,,84,84,1,12,4,120.659514,24.146698,3
2231,66000,387130000C,(04)23274275,(04)23288582,2025,08,6,18,50,臺中市,北區,0,0,0,7,,,50,,,,,,,,,,,,,,,,,,,B03,,,1,,1,,,40,40,1,12,4,120.68396,24.146313,3
2232,66000,387130000C,(04)23274275,(04)23288582,2025,08,6,18,51,臺中市,東區,0,2,0,7,2,6,50,4,2,1,5,4,6,6,2,1,5,5,5,2,13,2,7,1,1,C03,7,9,3,19,2,14,,7,7,1,12,4,120.701456,24.138879,2
2233,66000,387130000C,(04)23274275,(04)23288582,2025,08,6,18,55,臺中市,大里區,0,1,0,7,1,6,50,4,1,1,5,4,6,6,1,1,5,5,5,1,16,2,9,1,1,C03,7,6,1,10,2,14,,11,11,1,13,4,120.679917,24.109317,2
2234,66000,387130000C,(04)23274275,(04)23288582,2025,08,6,18,55,臺中市,豐原區,0,2,0,7,1,6,50,3,1,1,5,4,6,6,3,1,5,5,5,1,16,2,9,1,1,C03,7,6,1,10,2,12,,11,11,1,12,4,120.719369,24.242495,2
2235,66000,387130000C,(04)23274275,(04)23288582,2025,08,6,18,58,臺中市,南屯區,0,0,0,7,,,50,,,,,,,,,,,,,,17,,,,,B03,,,1,,1,,,35,35,1,12,4,120.623497,24.149515,3
2236,66000,387130000C,(04)23274275,(04)23288582,2025,08,6,19,0,臺中市,西屯區,0,1,0,7,1,6,50,13,8,1,5,4,6,6,4,4,1,4,4,1,17,3,10,5,4,B03,7,7,1,8,1,2,,40,40,1,13,4,120.641513,24.156524,2
2237,66000,387130000C,(04)23274275,(04)23288582,2025,08,6,19,13,臺中市,西屯區,0,0,0,7,,,40,,,,,,,,,,,,,,17,,,,,C03,,,1,,9,,,87,87,1,12,4,120.606475,24.187984,3
2238,66000,387130000C,(04)23274275,(04)23288582,2025,08,6,19,20,臺中市,大甲區,0,3,0,7,1,6,50,4,1,1,5,4,6,6,4,4,10,5,5,2,15,2,9,3,1,B12,7,9,1,8,2,5,,15,15,1,6,4,120.63809,24.420416,2
2239,66000,387130000C,(04)23274275,(04)23288582,2025,08,6,19,24,臺中市,南區,0,0,0,7,,,50,,,,,,,,,,,,,,17,,,,,C03,,,1,,1,,,7,7,1,12,4,120.674146,24.129133,4
2240,66000,387130000C,(04)23274275,(04)23288582,2025,08,6,19,32,臺中市,西區,0,2,0,7,1,6,40,4,2,1,5,2,6,6,2,1,10,5,5,2,18,2,9,2,1,C03,7,5,1,10,1,12,,84,84,1,12,4,120.65797,24.15828,2
2241,66000,387130000C,(04)23274275,(04)23288582,2025,08,6,19,32,臺中市,東區,0,0,0,7,,,50,,,,,,,,,,,,,,,,,,,C03,,,1,,1,,,7,7,1,6,4,120.70944,24.145552,3
2242,66000,387130000C,(04)23274275,(04)23288582,2025,08,6,19,32,臺中市,南區,0,0,0,7,,,30,,,,,,,,,,,,,,30,,,,,B03,,,1,,9,,,87,87,1,6,4,120.646625,24.112393,3
2243,66000,387130000C,(04)23274275,(04)23288582,2025,08,6,19,36,臺中市,東區,0,2,0,7,1,6,50,4,2,1,5,4,6,6,1,1,5,4,5,2,17,3,10,3,1,B01,7,11,1,4,2,4,,45,45,1,12,4,120.693248,24.13329,2
2244,66000,387130000C,(04)23274275,(04)23288582,2025,08,6,19,38,臺中市,豐原區,0,0,0,7,,,30,,,,,,,,,,,,,,17,,,,,B03,,,1,,2,,,8,8,1,13,4,120.73657,24.264384,3
2245,66000,387130000C,(04)23274275,(04)23288582,2025,08,6,19,41,臺中市,南屯區,0,0,0,7,,,,,,,,,,,,,,,,,,,,,,,,,,,,,,49,49,1,,4,120.645418,24.150599,3