﻿序號,縣市別代碼,機關代碼,市話,傳真,年,月,日,時,分,縣市,區,死亡數量,受傷數量,2-30,天候,道路照明設備,道路類別,道路速限,道路型態,事故位置,路面鋪裝,路面狀態,路面缺陷,障礙物,視距,號誌種類,號誌動作,分向設施,快車道或一般車道間,快慢車道間,路面邊線,事故類型及型態,受傷程度,主要傷處,保護裝備,行動電話或功能裝置,當事者區分_類別,車輛用途,當事者行動狀態,駕照狀態,駕照種類,飲酒情形,車輛撞擊部位最初,車輛撞擊部位其他,肇事因素個別,肇事因素主要,肇事逃逸,職業,共享經濟或外送平台,GPS座標X,GPS座標Y,事故類別
2358,66000,387130000C,(04)23274275,(04)23288582,2025,08,7,8,52,臺中市,太平區,0,0,0,7,,,40,,,,,,,,,,,,,,,,,,,B03,,,1,,2,,,7,7,1,12,4,120.716592,24.110905,3
2359,66000,387130000C,(04)23274275,(04)23288582,2025,08,7,8,55,臺中市,烏日區,0,0,0,7,,,50,,,,,,,,,,,,,,9,,,,,B03,,,1,,9,,,85,85,1,13,4,120.609014,24.105463,3
2360,66000,387130000C,(04)23274275,(04)23288582,2025,08,7,8,55,臺中市,大安區,0,0,0,7,,3,60,,,,,,,,,,,,,,12,,,,,A41,,,1,,2,,,40,40,1,6,4,120.593794,24.385314,3
2361,66000,387130000C,(04)23274275,(04)23288582,2025,08,7,8,56,臺中市,西屯區,0,0,0,7,,,50,,,,,,,,,,,,,,,,,,,C03,,,1,,1,,,40,40,1,12,4,120.654833,24.199092,3
2362,66000,387130000C,(04)23274275,(04)23288582,2025,08,7,8,57,臺中市,西屯區,0,0,0,7,,,50,,,,,,,,,,,,,,16,,,,,C04,,,1,,1,,,14,14,1,12,4,120.609343,24.166755,3
2363,66000,387130000C,(04)23274275,(04)23288582,2025,08,7,8,57,臺中市,太平區,0,0,0,7,,,30,,,,,,,,,,,,,,,,,,,B03,,,1,,2,,,8,8,1,12,4,120.71892,24.152072,3
2364,66000,387130000C,(04)23274275,(04)23288582,2025,08,7,8,58,臺中市,西屯區,0,0,0,7,,,30,,,,,,,,,,,,,,,,,,,B12,,,1,,9,,,84,84,1,12,4,120.652082,24.174351,3
2365,66000,387130000C,(04)23274275,(04)23288582,2025,08,7,8,58,臺中市,外埔區,0,0,0,7,2,6,50,8,9,1,5,4,6,6,4,4,5,4,5,1,11,,,,,A05,,,1,,2,,,85,85,1,6,4,120.637125,24.331808,3
2366,66000,387130000C,(04)23274275,(04)23288582,2025,08,7,9,0,臺中市,南屯區,0,1,0,7,2,6,50,4,2,1,5,4,6,6,1,1,9,5,5,2,17,2,9,2,1,C03,7,9,1,10,1,11,,59,59,1,13,4,120.640483,24.14141,2
2367,66000,387130000C,(04)23274275,(04)23288582,2025,08,7,9,0,臺中市,大安區,0,0,0,7,,,30,,,,,,,,,,,,,,,,,,,B12,,,1,,1,,,49,49,1,6,4,120.595358,24.344297,3
2368,66000,387130000C,(04)23274275,(04)23288582,2025,08,7,9,2,臺中市,南屯區,0,1,0,7,2,6,50,4,1,1,5,4,6,6,1,1,9,4,5,2,15,3,10,1,1,C02,7,9,3,19,2,12,,21,21,1,12,4,120.653038,24.135749,2
2369,66000,387130000C,(04)23274275,(04)23288582,2025,08,7,9,3,臺中市,西屯區,0,0,0,7,,,50,,,,,,,,,,,,,,12,,,,,B03,,,1,,2,,,50,50,1,13,4,120.618345,24.177436,3
2370,66000,387130000C,(04)23274275,(04)23288582,2025,08,7,9,4,臺中市,豐原區,0,0,0,7,,,50,,,,,,,,,,,,,,13,,,,,B03,,,1,,2,,,84,84,1,12,4,120.72372,24.245197,3
2371,66000,387130000C,(04)23274275,(04)23288582,2025,08,7,9,18,臺中市,神岡區,0,0,0,7,,,60,,,,,,,,,,,,,,17,,,,,A11,,,3,,1,,,8,8,1,12,4,120.675705,24.241742,3
2372,66000,387130000C,(04)23274275,(04)23288582,2025,08,7,9,20,臺中市,南區,0,0,0,7,,,30,,,,,,,,,,,,,,17,,,,,A11,,,1,,1,,,7,7,1,13,4,120.661755,24.128038,3
2373,66000,387130000C,(04)23274275,(04)23288582,2025,08,7,9,25,臺中市,大里區,0,1,0,7,3,6,50,13,9,1,5,4,6,6,4,4,5,4,5,1,16,2,7,2,1,C03,7,11,1,10,2,12,,20,20,1,13,4,120.689676,24.115039,2
2374,66000,387130000C,(04)23274275,(04)23288582,2025,08,7,9,26,臺中市,東區,0,1,0,7,2,6,50,3,1,1,5,4,6,6,4,4,10,5,5,2,13,3,10,2,1,C03,7,9,1,10,2,11,14,7,7,1,12,4,120.695284,24.1498,2
2375,66000,387130000C,(04)23274275,(04)23288582,2025,08,7,9,27,臺中市,南屯區,0,0,0,7,,,50,,,,,,,,,,,,,,13,,,,,B03,,,1,,1,,,7,7,1,6,4,120.646808,24.148836,3
2376,66000,387130000C,(04)23274275,(04)23288582,2025,08,7,9,30,臺中市,北區,0,1,0,7,2,6,40,4,1,1,5,4,6,6,1,1,5,4,5,2,17,2,9,5,1,C03,7,6,1,10,9,14,,48,48,1,13,4,120.68237,24.159103,2
2377,66000,387130000C,(04)23274275,(04)23288582,2025,08,7,9,40,臺中市,太平區,0,0,0,7,,,30,,,,,,,,,,,,,,,,,,,B12,,,1,,1,,,49,49,1,12,4,120.725186,24.156821,3
2378,66000,387130000C,(04)23274275,(04)23288582,2025,08,7,9,42,臺中市,南屯區,0,0,0,7,,,50,,,,,,,,,,,,,,13,,,,,B03,,,1,,1,,,84,84,1,12,4,120.644618,24.139578,3
2379,66000,387130000C,(04)23274275,(04)23288582,2025,08,7,9,42,臺中市,霧峰區,0,2,0,7,3,6,0,13,7,1,5,4,6,6,4,4,5,5,4,1,17,2,8,1,1,C03,7,1,1,10,2,11,,51,51,1,12,4,120.698856,24.065718,2
2380,66000,387130000C,(04)23274275,(04)23288582,2025,08,7,9,45,臺中市,北區,0,0,0,7,,,50,,,,,,,,,,,,,,13,,,,,B03,,,1,,2,,,84,84,1,12,4,120.68816,24.151153,3
2381,66000,387130000C,(04)23274275,(04)23288582,2025,08,7,9,47,臺中市,西屯區,0,0,0,7,,,50,,,,,,,,,,,,,,17,,,,,G03,,,1,5,1,,,8,8,1,13,4,120.631076,24.158289,3
2382,66000,387130000C,(04)23274275,(04)23288582,2025,08,7,9,47,臺中市,梧棲區,0,1,0,7,3,6,50,4,1,1,5,4,6,6,4,4,10,5,5,2,15,3,10,3,1,B03,7,9,1,8,2,5,,12,12,1,6,4,120.547821,24.233134,2
2383,66000,387130000C,(04)23274275,(04)23288582,2025,08,7,9,54,臺中市,北區,0,0,0,7,,,30,,,,,,,,,,,,,,14,,,,,B03,,,1,,2,,,85,85,1,13,4,120.667219,24.172194,3
2384,66000,387130000C,(04)23274275,(04)23288582,2025,08,7,9,55,臺中市,東區,0,1,0,7,2,6,50,4,1,1,5,4,6,6,1,1,10,5,5,2,16,3,10,1,1,C03,7,5,1,10,2,12,,11,11,1,12,4,120.686281,24.144579,2
2385,66000,387130000C,(04)23274275,(04)23288582,2025,08,7,9,55,臺中市,北屯區,0,1,0,7,2,6,50,4,2,1,5,4,6,6,1,1,1,4,4,2,13,2,9,1,1,C03,7,9,3,19,2,11,,7,7,1,6,4,120.685158,24.170744,2
2386,66000,387130000C,(04)23274275,(04)23288582,2025,08,7,9,56,臺中市,西屯區,0,0,0,7,,,50,,,,,,,,,,,,,,,,,,,B03,,,1,,1,,,8,8,1,12,4,120.654818,24.168816,3
2387,66000,387130000C,(04)23274275,(04)23288582,2025,08,7,10,2,臺中市,西屯區,0,0,0,7,,,50,,,,,,,,,,,,,,,,,,,A11,,,1,1,2,,,82,82,1,13,4,120.63393,24.167203,3
2388,66000,387130000C,(04)23274275,(04)23288582,2025,08,7,10,6,臺中市,大甲區,0,1,0,7,2,6,50,13,9,1,5,4,6,6,4,4,9,5,5,1,17,2,9,2,1,C03,7,1,1,10,2,13,,51,51,1,6,4,120.624345,24.34927,2
2389,66000,387130000C,(04)23274275,(04)23288582,2025,08,7,10,10,臺中市,大里區,0,0,0,7,,,50,,,,,,,,,,,,,,14,,,,,B12,,,1,,11,,,49,49,1,13,4,120.714621,24.089535,3
2390,66000,387130000C,(04)23274275,(04)23288582,2025,08,7,10,13,臺中市,北區,0,0,0,7,,,,,,,,,,,,,,,,,30,,,,,,,,,,,,,112,112,1,,,120.677503,24.157573,3
2391,66000,387130000C,(04)23274275,(04)23288582,2025,08,7,10,17,臺中市,神岡區,0,1,0,7,3,9,30,9,9,1,3,4,6,6,4,4,10,5,5,2,18,2,8,1,4,C03,7,9,1,10,2,12,,87,87,1,12,4,120.665233,24.281233,2
2392,66000,387130000C,(04)23274275,(04)23288582,2025,08,7,10,25,臺中市,西屯區,0,0,0,7,3,6,30,3,2,1,5,4,6,6,4,4,10,5,5,2,12,,,,,B03,,,1,,2,,,8,8,1,12,4,120.666006,24.177512,3
2393,66000,387130000C,(04)23274275,(04)23288582,2025,08,7,10,27,臺中市,大肚區,0,1,0,7,2,6,30,3,1,1,5,4,6,6,4,4,10,5,5,2,16,3,10,3,1,B12,7,6,1,10,2,8,,12,12,1,6,4,120.579323,24.169367,2
2394,66000,387130000C,(04)23274275,(04)23288582,2025,08,7,10,31,臺中市,龍井區,0,1,0,7,2,6,30,13,9,1,5,4,6,6,4,4,10,5,5,1,17,3,10,3,1,B12,7,14,1,8,2,8,,76,76,1,6,4,120.588715,24.181041,2
2395,66000,387130000C,(04)23274275,(04)23288582,2025,08,7,10,34,臺中市,南屯區,0,0,0,7,,,50,,,,,,,,,,,,,,,,,,,B03,,,1,,1,,,50,50,1,6,4,120.650016,24.14365,3
2396,66000,387130000C,(04)23274275,(04)23288582,2025,08,7,10,35,臺中市,大甲區,0,0,0,7,,,70,,,,,,,,,,,,,,,,,,,B03,,,1,,3,,,7,7,1,6,4,120.638862,24.362962,3
2397,66000,387130000C,(04)23274275,(04)23288582,2025,08,7,10,38,臺中市,西屯區,0,0,0,7,,,50,,,,,,,,,,,,,,14,,,,,B12,,,1,,1,,,49,49,1,13,4,120.642751,24.172533,3
2398,66000,387130000C,(04)23274275,(04)23288582,2025,08,7,10,42,臺中市,北區,0,1,0,7,2,6,50,4,2,1,5,4,6,6,1,1,5,4,5,2,18,2,9,5,1,F01,7,9,7,21,2,14,,84,84,1,13,4,120.681998,24.154669,2
2399,66000,387130000C,(04)23274275,(04)23288582,2025,08,7,10,43,臺中市,大里區,0,0,0,7,,,50,,,,,,,,,,,,,,17,,,,,B03,,,1,,2,,,7,7,1,12,4,120.679102,24.109448,3
2400,66000,387130000C,(04)23274275,(04)23288582,2025,08,7,10,48,臺中市,北屯區,0,0,0,7,,,50,,,,,,,,,,,,,,13,,,,,B03,,,1,,1,,,59,59,1,13,4,120.699427,24.176302,3
2401,66000,387130000C,(04)23274275,(04)23288582,2025,08,7,10,50,臺中市,潭子區,0,0,0,7,,,30,,,,,,,,,,,,,,,,,,,B02,,,1,,9,,,84,84,1,13,4,120.69964,24.203203,3
2402,66000,387130000C,(04)23274275,(04)23288582,2025,08,7,10,50,臺中市,豐原區,0,1,0,7,2,6,0,13,21,1,5,4,6,6,4,4,10,5,5,2,1,3,10,1,1,C03,7,9,1,10,2,14,,84,84,1,13,4,120.714464,24.251407,2
2403,66000,387130000C,(04)23274275,(04)23288582,2025,08,7,10,52,臺中市,北屯區,0,0,0,7,,,50,,,,,,,,,,,,,,12,,,,,B03,,,1,,1,,,84,84,1,12,4,120.707744,24.185067,3
2404,66000,387130000C,(04)23274275,(04)23288582,2025,08,7,10,53,臺中市,西屯區,0,0,0,7,,,50,,,,,,,,,,,,,,13,,,,,B03,,,1,4,2,,,59,59,1,13,4,120.63539,24.167167,3
2405,66000,387130000C,(04)23274275,(04)23288582,2025,08,7,10,58,臺中市,南屯區,0,1,0,7,2,6,50,4,1,1,5,4,6,6,2,1,9,4,1,2,13,2,9,1,1,C03,7,9,1,10,2,11,,7,7,1,12,4,120.648167,24.123412,2
2406,66000,387130000C,(04)23274275,(04)23288582,2025,08,7,10,59,臺中市,北屯區,0,0,0,7,,,50,,,,,,,,,,,,,,12,,,,,B03,,,1,,1,,,51,51,1,12,4,120.727042,24.173143,3
2407,66000,387130000C,(04)23274275,(04)23288582,2025,08,7,11,0,臺中市,南屯區,0,0,0,7,,,10,,,,,,,,,,,,,,12,,,,,C03,,,1,,2,,,50,50,1,12,4,120.650762,24.136154,3
2408,66000,387130000C,(04)23274275,(04)23288582,2025,08,7,11,1,臺中市,西屯區,0,2,0,7,2,6,50,13,7,1,5,4,6,6,4,4,10,5,3,2,17,2,9,1,1,C03,7,9,1,10,2,11,,84,84,1,13,4,120.640202,24.175797,2
2409,66000,387130000C,(04)23274275,(04)23288582,2025,08,7,11,1,臺中市,神岡區,0,2,0,7,2,6,30,3,2,1,5,4,6,6,4,4,10,5,5,2,17,2,9,1,1,C03,7,1,1,10,2,11,,51,51,1,12,4,120.712199,24.259178,2
2410,66000,387130000C,(04)23274275,(04)23288582,2025,08,7,11,6,臺中市,霧峰區,0,0,0,7,,,50,,,,,,,,,,,,,,24,,,,,B12,,,1,,2,,,84,84,1,12,4,120.713438,24.075323,3
2411,66000,387130000C,(04)23274275,(04)23288582,2025,08,7,11,10,臺中市,潭子區,0,1,0,7,2,6,60,3,2,1,5,4,6,6,4,4,1,4,4,1,17,3,10,2,1,C03,7,9,1,10,2,12,,8,8,1,13,4,120.709769,24.235529,2
2412,66000,387130000C,(04)23274275,(04)23288582,2025,08,7,11,10,臺中市,大肚區,0,3,0,7,2,6,50,3,1,1,5,4,6,6,4,4,10,5,5,2,16,2,9,1,1,C03,7,11,3,19,2,12,,4,4,1,6,4,120.545482,24.150537,2
2413,66000,387130000C,(04)23274275,(04)23288582,2025,08,7,11,11,臺中市,大雅區,0,0,0,7,,,70,,,,,,,,,,,,,,9,,,,,B12,,,1,,2,,,78,78,1,13,4,120.630157,24.240735,3
2414,66000,387130000C,(04)23274275,(04)23288582,2025,08,7,11,15,臺中市,烏日區,0,0,0,7,,,50,,,,,,,,,,,,,,17,,,,,B12,,,1,,1,,,76,76,1,6,4,120.634099,24.108047,3
2415,66000,387130000C,(04)23274275,(04)23288582,2025,08,7,11,17,臺中市,大雅區,0,0,0,7,,,40,,,,,,,,,,,,,,,,,,,A11,,,1,,1,,,8,8,1,11,4,120.64527,24.226008,3
2416,66000,387130000C,(04)23274275,(04)23288582,2025,08,7,11,18,臺中市,沙鹿區,0,2,0,7,2,6,50,4,1,1,5,4,6,6,1,1,10,5,5,2,17,3,10,3,1,B03,7,5,1,8,2,2,,47,47,1,12,4,120.56135,24.242618,2
2417,66000,387130000C,(04)23274275,(04)23288582,2025,08,7,11,26,臺中市,西屯區,0,0,0,7,,,50,,,,,,,,,,,,,,,,,,,B03,,,1,,1,,,59,59,1,12,4,120.60339,24.185623,3
2418,66000,387130000C,(04)23274275,(04)23288582,2025,08,7,11,30,臺中市,南區,0,0,0,7,,,50,,,,,,,,,,,,,,13,,,,,B03,,,1,,1,,,84,84,1,12,4,120.67573,24.126896,3
2419,66000,387130000C,(04)23274275,(04)23288582,2025,08,7,11,30,臺中市,南屯區,0,0,0,7,,,50,,,,,,,,,,,,,,12,,,,,B03,,,1,,1,,,40,40,1,12,4,120.652125,24.150788,3
2420,66000,387130000C,(04)23274275,(04)23288582,2025,08,7,11,32,臺中市,南區,0,1,0,7,2,6,50,4,1,1,5,4,6,6,2,1,1,4,5,2,12,3,10,2,1,C03,7,8,1,10,2,14,,40,40,1,13,4,120.66228,24.120862,2
2421,66000,387130000C,(04)23274275,(04)23288582,2025,08,7,11,33,臺中市,南屯區,0,1,0,7,2,6,50,4,1,1,5,4,6,6,1,1,5,5,5,2,13,3,10,3,1,B03,7,9,1,8,2,1,,7,7,1,6,4,120.636847,24.145489,2
2422,66000,387130000C,(04)23274275,(04)23288582,2025,08,7,11,34,臺中市,西屯區,0,0,0,7,,,30,,,,,,,,,,,,,,17,,,,,A12,,,1,,2,,,8,8,1,12,4,120.616305,24.171316,3
2423,66000,387130000C,(04)23274275,(04)23288582,2025,08,7,11,35,臺中市,西區,0,2,0,7,2,6,50,4,1,1,5,4,6,6,1,1,9,4,4,2,12,3,10,3,1,B03,7,9,1,8,2,2,,84,84,1,12,4,120.671223,24.145505,2
2424,66000,387130000C,(04)23274275,(04)23288582,2025,08,7,11,37,臺中市,太平區,0,0,0,7,,,0,,,,,,,,,,,,,,,,,,,,,,,,,,,116,116,1,12,5,120.702688,24.155047,3
2425,66000,387130000C,(04)23274275,(04)23288582,2025,08,7,11,40,臺中市,豐原區,0,0,0,7,,,50,,,,,,,,,,,,,,12,,,,,B12,,,1,,1,,,40,40,1,13,4,120.720474,24.251466,3
2426,66000,387130000C,(04)23274275,(04)23288582,2025,08,7,11,47,臺中市,西區,0,1,0,7,2,6,50,13,9,1,5,4,6,6,4,4,5,4,5,2,13,2,9,1,1,C03,7,9,1,10,2,11,,7,7,1,13,4,120.667246,24.146604,2
2427,66000,387130000C,(04)23274275,(04)23288582,2025,08,7,11,47,臺中市,南屯區,0,0,0,7,,,50,,,,,,,,,,,,,,13,,,,,C03,,,1,,2,,,7,7,1,6,4,120.649842,24.150729,3
2428,66000,387130000C,(04)23274275,(04)23288582,2025,08,7,11,48,臺中市,北區,0,0,0,7,,,50,,,,,,,,,,,,,,13,,,,,B03,,,1,,1,,,56,56,1,13,4,120.671569,24.172078,3
2429,66000,387130000C,(04)23274275,(04)23288582,2025,08,7,11,48,臺中市,大里區,0,1,0,7,3,6,50,3,1,1,5,4,6,6,1,1,10,5,5,2,16,3,10,1,1,C03,7,5,1,10,2,12,,11,11,1,13,4,120.69419,24.111629,2
2430,66000,387130000C,(04)23274275,(04)23288582,2025,08,7,11,48,臺中市,大甲區,0,0,0,7,,,70,,,,,,,,,,,,,,13,,,,,B03,,,1,,1,,,7,7,1,6,4,120.633729,24.361061,3
2431,66000,387130000C,(04)23274275,(04)23288582,2025,08,7,11,51,臺中市,太平區,0,0,0,7,,,40,,,,,,,,,,,,,,,,,,,B03,,,1,,1,,,84,84,1,12,4,120.714478,24.153481,3
2432,66000,387130000C,(04)23274275,(04)23288582,2025,08,7,11,55,臺中市,南區,0,1,0,7,2,6,50,4,1,1,5,4,6,6,4,4,10,5,5,2,16,2,9,1,1,C03,7,6,1,10,2,12,,14,14,1,12,4,120.662961,24.122103,2
2433,66000,387130000C,(04)23274275,(04)23288582,2025,08,7,12,3,臺中市,大里區,0,0,0,7,,,50,,,,,,,,,,,,,,17,,,,,C03,,,1,,2,,,7,7,1,12,4,120.683734,24.111515,3
2434,66000,387130000C,(04)23274275,(04)23288582,2025,08,7,12,6,臺中市,大里區,0,0,0,7,,,50,,,,,,,,,,,,,,12,,,,,B03,,,1,,2,,,50,50,1,13,4,120.679896,24.105156,3
2435,66000,387130000C,(04)23274275,(04)23288582,2025,08,7,12,6,臺中市,霧峰區,0,2,0,7,3,6,40,13,9,1,5,4,6,6,4,4,9,5,4,1,12,2,9,1,1,C03,7,7,1,10,2,12,,40,40,1,13,4,120.696262,24.065247,2
2436,66000,387130000C,(04)23274275,(04)23288582,2025,08,7,12,8,臺中市,豐原區,0,0,0,7,,,30,,,,,,,,,,,,,,14,,,,,B03,,,1,,2,,,49,49,1,12,4,120.730147,24.265341,3
2437,66000,387130000C,(04)23274275,(04)23288582,2025,08,7,12,10,臺中市,后里區,0,1,0,7,2,6,50,4,1,1,5,4,6,6,1,1,10,5,5,2,16,3,10,3,1,B03,7,5,1,8,2,5,2,47,47,1,12,4,120.677052,24.29653,2
2438,66000,387130000C,(04)23274275,(04)23288582,2025,08,7,12,12,臺中市,南屯區,0,0,0,7,,,50,,,,,,,,,,,,,,15,,,,,B03,,,1,,2,,,21,21,1,12,4,120.651321,24.142629,3
2439,66000,387130000C,(04)23274275,(04)23288582,2025,08,7,12,13,臺中市,西屯區,0,0,0,7,,,40,,,,,,,,,,,,,,13,,,,,C03,,,1,,1,,,7,7,1,13,4,120.654917,24.160094,3
2440,66000,387130000C,(04)23274275,(04)23288582,2025,08,7,12,14,臺中市,中區,0,1,0,7,2,6,50,4,2,1,5,4,6,6,4,4,10,4,5,2,17,3,10,1,1,C03,7,7,1,10,9,16,,85,85,2,12,2,120.680308,24.146674,2
2441,66000,387130000C,(04)23274275,(04)23288582,2025,08,7,12,15,臺中市,東勢區,0,0,0,7,,,60,,,,,,,,,,,,,,14,,,,,B12,,,1,,9,,,49,49,1,13,4,120.833148,24.243989,3
2442,66000,387130000C,(04)23274275,(04)23288582,2025,08,7,12,17,臺中市,北區,0,1,0,7,2,6,50,4,2,1,5,4,6,6,4,4,1,4,5,2,17,3,10,1,1,C03,7,1,1,10,2,12,,51,51,1,12,4,120.681929,24.167028,2
2443,66000,387130000C,(04)23274275,(04)23288582,2025,08,7,12,27,臺中市,東區,0,2,0,7,3,6,50,4,1,1,5,4,6,6,1,1,10,5,5,2,13,2,8,5,4,C03,7,9,1,10,2,11,,84,84,1,12,4,120.68809,24.133661,2
2444,66000,387130000C,(04)23274275,(04)23288582,2025,08,7,12,27,臺中市,豐原區,0,0,0,7,,,50,,,,,,,,,,,,,,13,,,,,B03,,,1,,2,,,59,59,1,12,4,120.744925,24.258995,3
2445,66000,387130000C,(04)23274275,(04)23288582,2025,08,7,12,29,臺中市,南屯區,0,2,0,7,2,6,50,3,1,1,5,4,6,6,3,1,5,5,5,2,13,2,9,1,1,C03,7,9,1,10,2,13,,7,7,1,6,4,120.616746,24.156322,2
2446,66000,387130000C,(04)23274275,(04)23288582,2025,08,7,12,32,臺中市,東區,0,1,0,7,2,6,50,4,1,1,5,4,6,6,1,1,1,4,4,2,13,2,9,2,1,C03,7,9,1,10,2,11,,8,8,1,13,4,120.690338,24.125036,2
2447,66000,387130000C,(04)23274275,(04)23288582,2025,08,7,12,32,臺中市,沙鹿區,0,1,0,7,3,6,30,11,9,1,5,4,6,6,4,4,10,5,5,2,17,2,9,5,4,C03,7,9,1,10,2,14,,8,8,1,13,4,120.569217,24.233542,2
2448,66000,387130000C,(04)23274275,(04)23288582,2025,08,7,12,41,臺中市,北屯區,0,0,0,7,,,30,,,,,,,,,,,,,,15,,,,,B03,,,1,,2,,,12,12,1,6,4,120.701194,24.185849,3
2449,66000,387130000C,(04)23274275,(04)23288582,2025,08,7,12,44,臺中市,東區,0,0,0,7,,,50,,,,,,,,,,,,,,17,,,,,B03,,,1,,1,,,7,7,1,13,4,120.68742,24.135008,3
2450,66000,387130000C,(04)23274275,(04)23288582,2025,08,7,12,45,臺中市,西區,0,2,0,7,2,6,50,4,1,1,5,4,6,6,4,4,9,4,5,2,17,2,8,1,1,C03,7,15,1,10,2,14,,42,42,1,12,4,120.66239,24.131064,2
2451,66000,387130000C,(04)23274275,(04)23288582,2025,08,7,12,47,臺中市,東區,0,1,0,7,2,6,50,3,1,1,5,4,6,6,2,1,10,5,5,2,16,2,9,2,1,C03,7,11,1,10,2,12,14,38,38,1,12,2,120.686067,24.139078,2
2452,66000,387130000C,(04)23274275,(04)23288582,2025,08,7,12,50,臺中市,北區,0,0,0,7,,,40,,,,,,,,,,,,,,13,,,,,C03,,,1,,1,,,7,7,1,12,4,120.685108,24.16267,3
2453,66000,387130000C,(04)23274275,(04)23288582,2025,08,7,12,50,臺中市,龍井區,0,1,0,7,2,6,50,4,1,1,5,4,6,6,4,4,10,5,5,2,16,3,10,3,1,B03,7,5,1,8,2,2,,85,85,1,6,4,120.548316,24.19187,2
2454,66000,387130000C,(04)23274275,(04)23288582,2025,08,7,12,55,臺中市,清水區,0,0,0,7,,,30,,,,,,,,,,,,,,,,,,,C03,,,1,,2,,,41,41,1,12,4,120.564427,24.27071,3
2455,66000,387130000C,(04)23274275,(04)23288582,2025,08,7,13,2,臺中市,北區,0,1,0,7,2,6,50,4,1,1,5,4,6,6,1,1,10,5,5,2,15,2,9,1,1,C03,7,9,1,10,2,14,,21,21,1,13,4,120.689705,24.157641,2
2456,66000,387130000C,(04)23274275,(04)23288582,2025,08,7,13,2,臺中市,西屯區,0,1,0,7,2,6,50,4,1,1,5,4,6,6,2,1,5,5,5,2,16,2,8,5,4,C03,7,6,1,10,2,13,,11,11,1,13,4,120.660102,24.164309,2
2457,66000,387130000C,(04)23274275,(04)23288582,2025,08,7,13,4,臺中市,梧棲區,0,0,0,7,,,50,,,,,,,,,,,,,,14,,,,,G03,,,7,,1,,,49,49,1,6,4,120.527801,24.235005,3
2458,66000,387130000C,(04)23274275,(04)23288582,2025,08,7,13,7,臺中市,沙鹿區,0,0,0,7,,,50,,,,,,,,,,,,,,,,,,,C02,,,1,,2,,,84,84,1,13,4,120.615374,24.24374,3
2459,66000,387130000C,(04)23274275,(04)23288582,2025,08,7,13,15,臺中市,西區,0,0,0,7,,,50,,,,,,,,,,,,,,,,,,,B03,,,3,,1,,,59,59,1,6,4,120.682212,24.135899,3
2460,66000,387130000C,(04)23274275,(04)23288582,2025,08,7,13,20,臺中市,南屯區,0,1,0,7,1,6,30,13,9,1,5,4,6,6,4,4,10,5,5,2,17,2,9,4,1,F01,7,9,7,21,2,14,,85,85,1,6,4,120.640054,24.137749,2
2461,66000,387130000C,(04)23274275,(04)23288582,2025,08,7,13,20,臺中市,西屯區,0,5,0,7,2,6,30,4,1,1,5,4,6,6,4,4,10,5,5,2,15,2,9,1,1,C02,7,9,1,9,2,14,,12,12,1,13,4,120.644169,24.180403,2
2462,66000,387130000C,(04)23274275,(04)23288582,2025,08,7,13,22,臺中市,烏日區,0,0,0,7,2,6,50,13,7,1,5,4,6,6,4,4,1,4,1,2,13,3,10,3,1,B12,7,9,1,8,1,1,,7,7,1,6,4,120.615204,24.10292,3
2463,66000,387130000C,(04)23274275,(04)23288582,2025,08,7,13,24,臺中市,太平區,0,1,0,7,2,6,50,13,7,1,5,4,6,6,4,4,9,5,4,1,17,3,10,3,1,B12,7,11,1,8,2,4,,45,45,1,12,4,120.728805,24.101248,2
2464,66000,387130000C,(04)23274275,(04)23288582,2025,08,7,13,24,臺中市,豐原區,0,0,0,7,,,50,,,,,,,,,,,,,,15,,,,,C04,,,1,,1,,,51,51,1,13,4,120.717004,24.249469,3
2465,66000,387130000C,(04)23274275,(04)23288582,2025,08,7,13,26,臺中市,西區,0,0,0,7,,,30,,,,,,,,,,,,,,,,,,,B12,,,1,,1,,,49,49,1,12,4,120.656318,24.152313,3
2466,66000,387130000C,(04)23274275,(04)23288582,2025,08,7,13,28,臺中市,西區,0,1,0,6,2,6,40,13,7,1,5,4,6,6,4,4,1,4,4,2,17,2,9,1,1,C03,7,9,1,10,2,11,,7,7,1,13,4,120.657642,24.151295,2
2467,66000,387130000C,(04)23274275,(04)23288582,2025,08,7,13,28,臺中市,大里區,0,2,0,7,2,6,50,13,7,1,5,4,6,6,4,4,5,5,4,1,12,2,9,5,4,C03,7,4,1,10,2,12,,8,8,1,12,4,120.70308,24.089656,2
2468,66000,387130000C,(04)23274275,(04)23288582,2025,08,7,13,35,臺中市,西屯區,0,0,0,7,,,50,,,,,,,,,,,,,,17,,,,,C03,,,1,,1,,,59,59,1,13,4,120.621365,24.184987,3
2469,66000,387130000C,(04)23274275,(04)23288582,2025,08,7,13,35,臺中市,沙鹿區,0,1,0,7,3,6,30,4,1,1,5,4,6,6,4,4,10,5,5,2,15,2,9,2,1,C03,7,9,1,10,2,11,,20,20,1,5,4,120.565136,24.250441,2
2470,66000,387130000C,(04)23274275,(04)23288582,2025,08,7,13,37,臺中市,大里區,0,1,0,7,3,6,60,4,1,1,5,4,6,6,1,1,10,5,5,2,15,2,9,1,1,C03,7,9,1,10,2,11,,21,21,1,13,4,120.687633,24.08581,2
2471,66000,387130000C,(04)23274275,(04)23288582,2025,08,7,13,39,臺中市,西區,0,0,0,7,,,50,,,,,,,,,,,,,,13,,,,,B03,,,1,,1,,,84,84,1,12,4,120.657257,24.150851,3