﻿序號,縣市別代碼,機關代碼,市話,傳真,年,月,日,時,分,縣市,區,死亡數量,受傷數量,2-30,天候,道路照明設備,道路類別,道路速限,道路型態,事故位置,路面鋪裝,路面狀態,路面缺陷,障礙物,視距,號誌種類,號誌動作,分向設施,快車道或一般車道間,快慢車道間,路面邊線,事故類型及型態,受傷程度,主要傷處,保護裝備,行動電話或功能裝置,當事者區分_類別,車輛用途,當事者行動狀態,駕照狀態,駕照種類,飲酒情形,車輛撞擊部位最初,車輛撞擊部位其他,肇事因素個別,肇事因素主要,肇事逃逸,職業,共享經濟或外送平台,GPS座標X,GPS座標Y,事故類別
2810,66000,387130000C,(04)23274275,(04)23288582,2025,08,8,10,19,臺中市,大肚區,0,2,0,7,2,6,30,3,1,1,5,4,6,6,4,4,10,5,5,2,16,2,9,1,1,C03,7,6,1,10,2,12,,12,12,1,6,4,120.579079,24.169283,2
2811,66000,387130000C,(04)23274275,(04)23288582,2025,08,8,10,23,臺中市,太平區,0,0,0,7,2,7,30,11,9,2,5,4,6,6,4,4,10,5,5,2,10,3,10,3,1,B12,7,9,1,8,2,1,,85,85,1,6,4,120.786818,24.103799,3
2812,66000,387130000C,(04)23274275,(04)23288582,2025,08,8,10,24,臺中市,東區,0,1,0,7,2,6,50,4,1,1,5,4,6,6,2,1,3,4,5,2,18,2,9,2,1,C03,7,11,1,10,2,12,,23,23,1,13,4,120.689263,24.140063,2
2813,66000,387130000C,(04)23274275,(04)23288582,2025,08,8,10,27,臺中市,沙鹿區,0,1,0,7,2,6,50,3,1,1,5,4,6,6,4,4,5,4,4,2,17,3,10,3,1,B03,7,5,1,8,2,2,,47,47,1,13,4,120.566459,24.233914,2
2814,66000,387130000C,(04)23274275,(04)23288582,2025,08,8,10,32,臺中市,大里區,0,1,0,7,2,6,50,3,1,1,5,4,6,6,4,4,10,5,5,2,16,3,10,3,1,B03,7,6,1,8,2,1,,14,14,1,6,4,120.714676,24.094342,2
2815,66000,387130000C,(04)23274275,(04)23288582,2025,08,8,10,35,臺中市,太平區,0,0,0,7,2,6,30,13,9,1,5,4,6,6,4,4,10,5,5,2,14,3,10,3,1,B03,7,2,1,8,2,7,,49,49,1,6,4,120.714334,24.144921,3
2816,66000,387130000C,(04)23274275,(04)23288582,2025,08,8,10,37,臺中市,西屯區,0,2,0,7,2,6,50,3,1,1,5,4,6,6,2,1,10,5,5,2,12,2,7,1,1,C03,7,9,1,10,2,14,,8,8,1,12,4,120.647514,24.196515,2
2817,66000,387130000C,(04)23274275,(04)23288582,2025,08,8,10,37,臺中市,豐原區,0,1,0,7,2,6,50,13,9,1,5,4,6,6,4,4,5,5,5,2,17,3,10,3,1,B03,7,4,1,8,2,2,,84,84,1,13,4,120.715141,24.251903,2
2818,66000,387130000C,(04)23274275,(04)23288582,2025,08,8,10,38,臺中市,南屯區,0,1,0,7,2,6,50,11,9,1,5,4,6,6,4,4,10,5,5,2,10,3,10,3,1,B12,7,15,5,19,2,1,,84,84,1,12,4,120.636887,24.146024,2
2819,66000,387130000C,(04)23274275,(04)23288582,2025,08,8,10,40,臺中市,北屯區,0,1,0,7,2,6,50,4,1,1,5,4,6,6,2,1,10,5,5,2,12,3,10,3,1,B12,7,6,1,7,2,4,,84,84,1,12,4,120.690371,24.176874,2
2820,66000,387130000C,(04)23274275,(04)23288582,2025,08,8,10,40,臺中市,西屯區,0,1,0,7,2,6,50,4,2,1,5,4,6,6,2,1,5,2,5,2,13,3,10,5,4,B03,7,9,1,8,2,5,,7,7,1,13,4,120.645618,24.172355,2
2821,66000,387130000C,(04)23274275,(04)23288582,2025,08,8,10,43,臺中市,豐原區,0,1,0,7,2,6,30,3,1,1,5,4,6,1,4,4,10,5,5,2,16,3,10,5,4,B03,7,5,1,8,2,8,,14,14,1,13,4,120.709177,24.246126,2
2822,66000,387130000C,(04)23274275,(04)23288582,2025,08,8,10,44,臺中市,烏日區,0,1,0,7,2,6,50,3,2,1,5,4,6,6,1,1,10,5,5,2,13,3,10,3,1,B11,7,9,1,4,2,7,,7,7,1,6,4,120.646528,24.110521,2
2823,66000,387130000C,(04)23274275,(04)23288582,2025,08,8,10,52,臺中市,北屯區,0,1,0,7,3,6,30,4,1,1,5,4,6,6,1,1,10,5,5,2,3,3,10,3,1,B12,7,6,1,8,2,1,,10,10,1,12,4,120.69338,24.180048,2
2824,66000,387130000C,(04)23274275,(04)23288582,2025,08,8,10,52,臺中市,沙鹿區,0,1,0,7,2,6,40,3,1,1,5,4,6,6,1,1,10,5,5,2,17,2,7,1,1,C03,7,6,1,10,2,14,,48,48,1,12,4,120.564907,24.232561,2
2825,66000,387130000C,(04)23274275,(04)23288582,2025,08,8,10,56,臺中市,東區,0,0,0,7,,,50,,,,,,,,,,,,,,13,,,,,B03,,,1,,1,,,84,84,1,12,4,120.694569,24.149405,3
2826,66000,387130000C,(04)23274275,(04)23288582,2025,08,8,10,57,臺中市,潭子區,0,2,0,7,3,6,50,4,1,1,5,4,6,6,2,1,1,4,5,2,12,3,10,3,1,B12,7,5,1,8,2,5,,85,85,1,13,4,120.718121,24.197412,2
2827,66000,387130000C,(04)23274275,(04)23288582,2025,08,8,10,59,臺中市,東區,0,1,0,7,2,3,80,13,9,1,5,4,6,6,4,4,1,4,5,2,13,2,9,3,1,B01,7,9,1,4,2,1,,7,7,1,12,4,120.7081,24.133416,2
2828,66000,387130000C,(04)23274275,(04)23288582,2025,08,8,11,0,臺中市,南屯區,0,2,0,7,3,6,40,4,1,1,5,4,6,6,4,4,10,5,5,2,15,2,9,2,4,C03,7,9,1,10,2,12,,15,15,1,6,4,120.651165,24.156135,2
2829,66000,387130000C,(04)23274275,(04)23288582,2025,08,8,11,0,臺中市,西屯區,0,0,0,7,3,6,50,13,9,1,5,4,6,6,4,4,5,4,5,1,13,,,,,B12,,,1,,1,,,7,7,1,12,4,120.6067,24.169135,3
2830,66000,387130000C,(04)23274275,(04)23288582,2025,08,8,11,1,臺中市,豐原區,0,1,0,7,3,6,50,13,9,1,5,4,6,6,4,4,9,5,5,1,17,3,10,1,4,C03,7,1,1,10,2,11,,51,51,1,12,4,120.743613,24.254248,2
2831,66000,387130000C,(04)23274275,(04)23288582,2025,08,8,11,3,臺中市,南屯區,0,2,0,7,2,6,50,4,1,1,5,4,6,6,2,1,5,4,5,2,16,2,2,3,1,B03,7,5,1,8,1,2,,84,84,1,12,4,120.649956,24.134835,2
2832,66000,387130000C,(04)23274275,(04)23288582,2025,08,8,11,3,臺中市,北屯區,0,1,0,7,3,6,50,13,9,1,5,4,6,6,4,4,1,4,5,2,18,2,9,2,1,C03,7,12,1,10,2,14,,84,84,1,12,4,120.682242,24.186946,2
2833,66000,387130000C,(04)23274275,(04)23288582,2025,08,8,11,3,臺中市,神岡區,0,1,0,7,2,6,50,5,1,1,5,4,6,6,2,1,10,5,5,2,17,3,10,5,4,B12,7,6,1,8,2,8,,84,84,1,13,4,120.657289,24.264713,2
2834,66000,387130000C,(04)23274275,(04)23288582,2025,08,8,11,6,臺中市,烏日區,0,0,0,7,,,50,,,,,,,,,,,,,,17,,,,,B03,,,1,,1,,,50,50,1,6,4,120.64147,24.109986,3
2835,66000,387130000C,(04)23274275,(04)23288582,2025,08,8,11,8,臺中市,西屯區,0,0,0,7,,,30,,,,,,,,,,,,,,17,,,,,A12,,,1,,2,,,8,8,1,12,4,120.651336,24.209789,3
2836,66000,387130000C,(04)23274275,(04)23288582,2025,08,8,11,9,臺中市,西屯區,0,1,0,7,2,6,50,13,9,1,5,4,6,6,4,4,5,2,5,2,13,3,10,3,1,B03,7,9,1,7,2,1,,59,59,1,12,4,120.656078,24.192131,2
2837,66000,387130000C,(04)23274275,(04)23288582,2025,08,8,11,10,臺中市,沙鹿區,0,0,0,7,,,50,,,,,,,,,,,,,,,,,,,B03,,,1,,1,,,7,7,1,13,4,120.563007,24.233533,3
2838,66000,387130000C,(04)23274275,(04)23288582,2025,08,8,11,13,臺中市,東勢區,0,0,0,7,,,50,,,,,,,,,,,,,,13,,,,,B03,,,1,,1,,,56,56,1,12,4,120.832242,24.247169,3
2839,66000,387130000C,(04)23274275,(04)23288582,2025,08,8,11,14,臺中市,太平區,0,1,0,7,2,6,50,4,1,1,5,4,6,6,2,1,10,5,5,2,15,3,10,2,1,C03,7,9,1,10,2,12,,21,21,1,12,4,120.710097,24.134811,2
2840,66000,387130000C,(04)23274275,(04)23288582,2025,08,8,11,15,臺中市,大里區,0,0,0,7,,,50,,,,,,,,,,,,,,14,,,,,C03,,,1,,1,,,50,50,1,12,4,120.702694,24.088703,3
2841,66000,387130000C,(04)23274275,(04)23288582,2025,08,8,11,23,臺中市,南屯區,0,0,0,7,,,50,,,,,,,,,,,,,,,,,,,B12,,,1,,2,,,48,48,1,6,4,120.617644,24.14512,3
2842,66000,387130000C,(04)23274275,(04)23288582,2025,08,8,11,23,臺中市,太平區,0,0,0,7,,,30,,,,,,,,,,,,,,,,,,,C03,,,1,,2,,,7,7,1,12,4,120.711002,24.126131,3
2843,66000,387130000C,(04)23274275,(04)23288582,2025,08,8,11,25,臺中市,北屯區,0,0,0,7,,,50,,,,,,,,,,,,,,17,,,,,B03,,,1,,1,,,51,51,1,6,4,120.727858,24.176423,3
2844,66000,387130000C,(04)23274275,(04)23288582,2025,08,8,11,25,臺中市,豐原區,0,0,0,7,,,60,,,,,,,,,,,,,,17,,,,,A12,,,1,,2,,,8,8,1,13,4,120.71967,24.236458,3
2845,66000,387130000C,(04)23274275,(04)23288582,2025,08,8,11,27,臺中市,南區,0,1,0,7,3,6,40,13,8,1,5,4,6,6,4,4,5,4,4,2,17,3,10,5,4,B03,7,14,1,8,2,4,,76,76,1,12,4,120.658056,24.125577,2
2846,66000,387130000C,(04)23274275,(04)23288582,2025,08,8,11,29,臺中市,東區,0,0,0,7,,,50,,,,,,,,,,,,,,17,,,,,A02,,,1,,2,,,84,84,1,13,4,120.687556,24.141546,4
2847,66000,387130000C,(04)23274275,(04)23288582,2025,08,8,11,33,臺中市,沙鹿區,0,2,0,7,2,6,50,3,1,1,5,4,6,6,4,4,10,5,5,2,12,3,10,1,1,C03,7,9,1,10,2,14,,7,7,1,12,4,120.57389,24.22886,2
2848,66000,387130000C,(04)23274275,(04)23288582,2025,08,8,11,34,臺中市,南屯區,0,1,0,7,2,6,50,4,1,1,5,4,6,6,4,4,7,4,5,2,16,3,10,3,1,B03,7,5,1,8,2,8,,12,12,1,12,4,120.638688,24.148775,2
2849,66000,387130000C,(04)23274275,(04)23288582,2025,08,8,11,37,臺中市,北屯區,0,0,0,7,,,50,,,,,,,,,,,,,,12,,,,,B03,,,1,,2,,,8,8,1,13,4,120.674449,24.174079,3
2850,66000,387130000C,(04)23274275,(04)23288582,2025,08,8,11,38,臺中市,潭子區,0,1,0,6,3,6,40,4,1,1,5,4,6,6,1,1,1,4,4,1,17,2,9,2,1,C03,7,9,1,10,2,12,,21,21,1,13,4,120.684792,24.216293,2
2851,66000,387130000C,(04)23274275,(04)23288582,2025,08,8,11,39,臺中市,大雅區,0,1,0,7,2,6,50,4,1,1,5,4,6,3,4,4,5,5,5,1,17,2,9,2,1,F03,7,9,7,21,2,11,,4,4,1,13,4,120.652196,24.22388,2
2852,66000,387130000C,(04)23274275,(04)23288582,2025,08,8,11,40,臺中市,中區,0,0,0,7,3,6,50,3,1,1,5,4,6,6,4,4,10,5,5,2,13,,,,,B03,,,1,,1,,,7,7,1,12,4,120.681742,24.136323,3
2853,66000,387130000C,(04)23274275,(04)23288582,2025,08,8,11,43,臺中市,南屯區,0,1,0,7,3,6,40,4,1,1,5,4,6,6,2,1,10,5,5,2,16,3,10,5,4,B03,7,5,1,8,2,2,,47,47,1,6,4,120.62267,24.140394,2
2854,66000,387130000C,(04)23274275,(04)23288582,2025,08,8,11,54,臺中市,沙鹿區,0,0,0,7,,,50,,,,,,,,,,,,,,,,,,,A12,,,1,,2,,,8,8,1,13,4,120.560285,24.238085,3
2855,66000,387130000C,(04)23274275,(04)23288582,2025,08,8,11,56,臺中市,北區,0,0,0,7,,,50,,,,,,,,,,,,,,17,,,,,C03,,,1,,1,,,84,84,1,12,4,120.685198,24.154119,3
2856,66000,387130000C,(04)23274275,(04)23288582,2025,08,8,12,0,臺中市,東區,0,1,0,7,1,6,50,13,9,1,5,4,6,6,4,4,5,5,5,2,17,2,9,1,1,F03,7,9,7,21,2,14,,84,84,1,12,4,120.708104,24.140628,2
2857,66000,387130000C,(04)23274275,(04)23288582,2025,08,8,12,0,臺中市,南屯區,0,1,0,7,1,6,50,13,9,1,5,4,6,6,2,1,1,4,5,2,17,3,10,3,1,B03,7,9,1,8,2,5,,84,84,2,6,4,120.647027,24.150706,2
2858,66000,387130000C,(04)23274275,(04)23288582,2025,08,8,12,0,臺中市,東勢區,0,0,0,7,,,30,,,,,,,,,,,,,,17,,,,,C03,,,1,,2,,,12,12,1,13,4,120.82761,24.258797,3
2859,66000,387130000C,(04)23274275,(04)23288582,2025,08,8,12,2,臺中市,北屯區,0,1,0,7,2,6,50,4,1,1,5,4,6,6,4,4,10,5,5,2,17,2,9,1,1,C03,7,9,1,10,6,14,11,53,53,1,12,4,120.67245,24.175755,2
2860,66000,387130000C,(04)23274275,(04)23288582,2025,08,8,12,3,臺中市,太平區,0,1,0,7,2,6,50,4,1,1,5,4,6,6,2,1,3,4,5,2,12,2,9,1,1,C03,7,8,3,19,2,14,,40,40,1,12,4,120.714216,24.137662,2
2861,66000,387130000C,(04)23274275,(04)23288582,2025,08,8,12,3,臺中市,烏日區,0,0,0,7,,,50,,,,,,,,,,,,,,12,,,,,B03,,,1,,2,,,8,8,1,6,4,120.638945,24.104933,3
2862,66000,387130000C,(04)23274275,(04)23288582,2025,08,8,12,4,臺中市,南屯區,0,1,0,7,2,6,30,4,1,1,5,4,6,6,4,4,10,5,5,2,15,2,9,1,4,C03,7,9,1,10,2,11,14,15,15,1,13,4,120.643002,24.136642,2
2863,66000,387130000C,(04)23274275,(04)23288582,2025,08,8,12,7,臺中市,霧峰區,0,2,0,7,2,6,30,13,9,1,5,4,6,6,4,4,10,5,5,2,11,2,9,2,1,C03,7,9,1,10,2,14,,84,84,1,6,4,120.680192,24.046937,2
2864,66000,387130000C,(04)23274275,(04)23288582,2025,08,8,12,7,臺中市,神岡區,0,1,0,7,2,6,30,13,9,1,5,4,6,6,4,4,1,5,5,1,18,2,9,5,4,C03,7,9,1,10,2,11,,59,59,1,13,4,120.673986,24.268202,2
2865,66000,387130000C,(04)23274275,(04)23288582,2025,08,8,12,10,臺中市,大里區,0,1,0,7,2,6,30,13,9,1,5,4,6,6,4,4,10,5,5,2,17,2,7,5,4,F01,7,1,7,21,2,11,,51,51,1,12,4,120.700022,24.094174,2
2866,66000,387130000C,(04)23274275,(04)23288582,2025,08,8,12,10,臺中市,大肚區,0,0,0,7,,,30,,,,,,,,,,,,,,12,,,,,A11,,,1,,2,,,8,8,1,6,4,120.555647,24.133122,3
2867,66000,387130000C,(04)23274275,(04)23288582,2025,08,8,12,12,臺中市,豐原區,0,2,0,7,3,6,30,3,1,1,5,4,6,6,4,4,10,5,5,2,16,2,9,4,4,F01,7,6,7,21,2,11,,14,14,1,3,4,120.714546,24.239963,2
2868,66000,387130000C,(04)23274275,(04)23288582,2025,08,8,12,19,臺中市,西屯區,0,0,0,7,,,40,,,,,,,,,,,,,,12,,,,,B12,,,1,,1,,,8,8,1,12,4,120.649223,24.158472,3
2869,66000,387130000C,(04)23274275,(04)23288582,2025,08,8,12,20,臺中市,北屯區,0,0,0,7,,,50,,,,,,,,,,,,,,17,,,,,B03,,,1,,9,,,84,84,2,12,4,120.725269,24.164418,3
2870,66000,387130000C,(04)23274275,(04)23288582,2025,08,8,12,20,臺中市,龍井區,0,0,0,7,,,30,,,,,,,,,,,,,,14,,,,,B03,,,1,,1,,,49,49,1,6,4,120.577673,24.180382,3
2871,66000,387130000C,(04)23274275,(04)23288582,2025,08,8,12,21,臺中市,大甲區,0,0,0,7,,,50,,,,,,,,,,,,,,14,,,,,B12,,,1,,2,,,49,49,1,6,4,120.631586,24.342909,3
2872,66000,387130000C,(04)23274275,(04)23288582,2025,08,8,12,23,臺中市,大雅區,0,1,0,7,3,6,50,13,7,1,5,4,6,6,4,4,5,2,4,1,17,3,10,3,1,B03,7,1,1,8,2,4,,51,51,1,12,4,120.65843,24.220071,2
2873,66000,387130000C,(04)23274275,(04)23288582,2025,08,8,12,23,臺中市,西區,0,0,0,7,,,50,,,,,,,,,,,,,,17,,,,,B03,,,1,,9,,,8,8,1,12,4,120.658246,24.152194,3
2874,66000,387130000C,(04)23274275,(04)23288582,2025,08,8,12,24,臺中市,西屯區,0,0,0,7,,,50,,,,,,,,,,,,,,30,,,,,A41,,,1,,2,,,8,8,1,12,4,120.648767,24.168809,3
2875,66000,387130000C,(04)23274275,(04)23288582,2025,08,8,12,33,臺中市,北區,0,0,0,7,,,50,,,,,,,,,,,,,,23,,,,,B02,,,1,,2,,,84,84,1,13,4,120.671837,24.171679,3
2876,66000,387130000C,(04)23274275,(04)23288582,2025,08,8,12,33,臺中市,南屯區,0,2,0,7,2,6,50,4,2,1,5,4,6,6,4,4,10,4,5,2,17,2,9,2,1,C03,7,5,1,10,1,14,,14,14,1,12,4,120.614266,24.146816,2
2877,66000,387130000C,(04)23274275,(04)23288582,2025,08,8,12,38,臺中市,西屯區,0,0,0,7,,,50,,,,,,,,,,,,,,13,,,,,B03,,,1,,1,,,84,84,1,12,4,120.636757,24.174015,3
2878,66000,387130000C,(04)23274275,(04)23288582,2025,08,8,12,42,臺中市,中區,0,1,0,7,2,6,50,4,4,1,5,4,6,6,1,1,10,5,5,2,17,3,10,1,1,C03,7,15,1,10,2,15,,8,8,1,13,4,120.678351,24.146754,2
2879,66000,387130000C,(04)23274275,(04)23288582,2025,08,8,12,43,臺中市,潭子區,0,0,0,7,,,50,,,,,,,,,,,,,,,,,,,B03,,,1,,2,,,21,21,1,13,4,120.705226,24.20107,3
2880,66000,387130000C,(04)23274275,(04)23288582,2025,08,8,12,45,臺中市,太平區,0,0,0,7,,,40,,,,,,,,,,,,,,,,,,,B12,,,1,,2,,,51,51,1,12,4,120.719663,24.149078,3
2881,66000,387130000C,(04)23274275,(04)23288582,2025,08,8,12,48,臺中市,北屯區,0,0,0,7,,,50,,,,,,,,,,,,,,16,,,,,C03,,,1,,2,,,84,84,1,6,4,120.67965,24.172812,3
2882,66000,387130000C,(04)23274275,(04)23288582,2025,08,8,12,50,臺中市,豐原區,0,2,0,7,2,6,50,13,9,1,5,4,6,6,1,1,5,5,4,2,3,2,9,2,1,C03,7,5,3,19,2,11,,84,84,1,13,4,120.700955,24.248876,2
2883,66000,387130000C,(04)23274275,(04)23288582,2025,08,8,12,52,臺中市,石岡區,0,0,0,7,,,30,,,,,,,,,,,,,,14,,,,,B03,,,1,,2,,,49,49,1,13,4,120.809663,24.26577,3
2884,66000,387130000C,(04)23274275,(04)23288582,2025,08,8,12,53,臺中市,南屯區,0,0,0,7,,,60,,,,,,,,,,,,,,17,,,,,C03,,,1,,1,,,46,46,1,12,4,120.633066,24.139279,3
2885,66000,387130000C,(04)23274275,(04)23288582,2025,08,8,12,57,臺中市,南屯區,0,0,0,7,,,50,,,,,,,,,,,,,,13,,,,,B03,,,1,,1,,,84,84,1,13,4,120.646207,24.126137,3
2886,66000,387130000C,(04)23274275,(04)23288582,2025,08,8,12,58,臺中市,大肚區,0,0,0,7,,,50,,,,,,,,,,,,,,12,,,,,A11,,,1,,2,,,40,40,1,6,4,120.553905,24.134257,3
2887,66000,387130000C,(04)23274275,(04)23288582,2025,08,8,13,2,臺中市,北屯區,0,0,0,7,,,30,,,,,,,,,,,,,,17,,,,,A05,,,1,,9,,,50,50,1,12,4,120.672264,24.199251,3
2888,66000,387130000C,(04)23274275,(04)23288582,2025,08,8,13,3,臺中市,大里區,0,0,0,7,,,40,,,,,,,,,,,,,,14,,,,,A12,,,1,,1,,,49,49,1,6,4,120.689378,24.077714,3
2889,66000,387130000C,(04)23274275,(04)23288582,2025,08,8,13,5,臺中市,大雅區,0,0,0,7,,,30,,,,,,,,,,,,,,,,,,,B12,,,1,,1,,,8,8,1,13,4,120.65954,24.209099,3
2890,66000,387130000C,(04)23274275,(04)23288582,2025,08,8,13,8,臺中市,西區,0,0,0,7,,,50,,,,,,,,,,,,,,,,,,,B03,,,6,,1,,,49,49,1,13,4,120.655554,24.146078,3
2891,66000,387130000C,(04)23274275,(04)23288582,2025,08,8,13,8,臺中市,北屯區,0,1,0,7,2,6,50,13,9,1,5,4,6,6,4,4,1,3,5,2,17,3,10,3,1,B03,7,1,1,8,2,7,,51,51,1,13,4,120.689094,24.181857,2
2892,66000,387130000C,(04)23274275,(04)23288582,2025,08,8,13,13,臺中市,西區,0,0,0,7,,,50,,,,,,,,,,,,,,,,,,,B03,,,1,,1,,,8,8,1,12,4,120.661497,24.145893,3
2893,66000,387130000C,(04)23274275,(04)23288582,2025,08,8,13,13,臺中市,豐原區,0,1,0,7,2,6,50,13,9,1,5,4,6,6,4,4,1,4,5,2,13,3,10,5,4,B03,7,8,1,8,2,7,,40,40,1,13,4,120.700276,24.249061,2
2894,66000,387130000C,(04)23274275,(04)23288582,2025,08,8,13,19,臺中市,東區,0,1,0,7,2,6,50,3,1,1,5,4,6,6,2,1,10,5,5,2,16,3,10,3,1,B03,7,11,1,8,2,8,,45,45,1,12,4,120.692427,24.145426,2
2895,66000,387130000C,(04)23274275,(04)23288582,2025,08,8,13,20,臺中市,西屯區,0,0,0,7,,,30,,,,,,,,,,,,,,,,,,,C03,,,1,,1,,,41,41,1,12,4,120.644563,24.177489,3
2896,66000,387130000C,(04)23274275,(04)23288582,2025,08,8,13,21,臺中市,潭子區,0,0,0,7,,,50,,,,,,,,,,,,,,,,,,,B03,,,1,,2,,,8,8,1,13,4,120.686863,24.208354,3
2897,66000,387130000C,(04)23274275,(04)23288582,2025,08,8,13,25,臺中市,南屯區,0,0,0,7,,,50,,,,,,,,,,,,,,,,,,,B12,,,1,,2,,,84,84,1,12,4,120.653028,24.132512,3
2898,66000,387130000C,(04)23274275,(04)23288582,2025,08,8,13,27,臺中市,南屯區,0,0,0,7,,3,80,,,,,,,,,,,,,,,,,,,B12,,,1,,2,,,68,68,1,13,4,120.622916,24.141944,3
2899,66000,387130000C,(04)23274275,(04)23288582,2025,08,8,13,30,臺中市,西區,0,0,0,7,,,50,,,,,,,,,,,,,,17,,,,,C03,,,1,,9,,,8,8,1,12,4,120.660991,24.14657,3
2900,66000,387130000C,(04)23274275,(04)23288582,2025,08,8,13,32,臺中市,北區,0,0,0,7,,,50,,,,,,,,,,,,,,13,,,,,B03,,,1,,1,,,7,7,1,13,4,120.687988,24.146741,3
2901,66000,387130000C,(04)23274275,(04)23288582,2025,08,8,13,37,臺中市,西屯區,0,0,0,7,,,40,,,,,,,,,,,,,,14,,,,,B12,,,1,,1,,,49,49,1,12,4,120.633144,24.161921,3
2902,66000,387130000C,(04)23274275,(04)23288582,2025,08,8,13,42,臺中市,南屯區,0,0,0,7,,,40,,,,,,,,,,,,,,12,,,,,B03,,,1,,9,,,8,8,1,13,4,120.623578,24.148613,3
2903,66000,387130000C,(04)23274275,(04)23288582,2025,08,8,13,43,臺中市,北區,0,0,0,7,,,40,,,,,,,,,,,,,,17,,,,,B03,,,1,,2,,,50,50,1,12,4,120.664175,24.162063,3
2904,66000,387130000C,(04)23274275,(04)23288582,2025,08,8,13,43,臺中市,太平區,0,1,0,7,2,6,50,13,9,1,5,4,6,6,4,4,5,5,5,1,17,2,9,2,1,C03,7,9,1,10,2,11,,84,84,1,6,4,120.712118,24.110499,2
2905,66000,387130000C,(04)23274275,(04)23288582,2025,08,8,13,44,臺中市,北屯區,0,0,0,7,,,60,,,,,,,,,,,,,,13,,,,,B03,,,1,,1,,,57,57,1,12,4,120.711985,24.164698,3
2906,66000,387130000C,(04)23274275,(04)23288582,2025,08,8,13,45,臺中市,沙鹿區,0,0,0,7,,,60,,,,,,,,,,,,,,13,,,,,B03,,,1,,1,,,84,84,1,12,4,120.580858,24.201868,3
2907,66000,387130000C,(04)23274275,(04)23288582,2025,08,8,13,46,臺中市,西區,0,0,0,7,,,50,,,,,,,,,,,,,,,,,,,C03,,,1,,2,,,8,8,1,13,4,120.668392,24.148837,3
2908,66000,387130000C,(04)23274275,(04)23288582,2025,08,8,13,50,臺中市,西區,0,1,0,7,2,6,50,5,1,1,5,4,6,6,1,1,10,5,5,2,17,3,10,3,1,B03,7,9,1,8,2,8,,21,21,1,13,4,120.672156,24.151222,2
2909,66000,387130000C,(04)23274275,(04)23288582,2025,08,8,13,55,臺中市,西區,0,2,0,6,2,6,50,5,1,1,5,4,6,6,1,1,10,5,5,2,15,2,9,2,3,C03,7,9,1,10,2,14,,21,21,1,12,4,120.672156,24.151222,2
2910,66000,387130000C,(04)23274275,(04)23288582,2025,08,8,13,55,臺中市,西屯區,0,0,0,7,,,60,,,,,,,,,,,,,,13,,,,,B12,,,1,,1,,,7,7,1,12,4,120.640272,24.157829,3
2911,66000,387130000C,(04)23274275,(04)23288582,2025,08,8,13,56,臺中市,西屯區,0,1,0,7,2,6,30,3,1,1,5,4,6,6,4,4,10,5,5,2,17,3,10,5,1,C03,7,6,1,10,2,16,,14,14,1,12,2,120.639401,24.170743,2
2912,66000,387130000C,(04)23274275,(04)23288582,2025,08,8,13,58,臺中市,大雅區,0,0,0,7,,,0,,,,,,,,,,,,,,,,,,,B03,,,1,,1,,,49,49,1,12,4,120.658431,24.241972,3
2913,66000,387130000C,(04)23274275,(04)23288582,2025,08,8,13,59,臺中市,西屯區,0,0,0,7,,,30,,,,,,,,,,,,,,30,,,,,B03,,,1,,2,,,50,50,1,12,4,120.645893,24.173111,3
2914,66000,387130000C,(04)23274275,(04)23288582,2025,08,8,14,0,臺中市,南屯區,0,0,0,7,,,50,,,,,,,,,,,,,,,,,,,B03,,,1,,1,,,7,7,1,6,4,120.646965,24.149506,3
2915,66000,387130000C,(04)23274275,(04)23288582,2025,08,8,14,7,臺中市,豐原區,0,0,0,7,,,40,,,,,,,,,,,,,,17,,,,,B03,,,1,,2,,,8,8,1,13,4,120.724182,24.247754,3
2916,66000,387130000C,(04)23274275,(04)23288582,2025,08,8,14,9,臺中市,大里區,0,1,0,7,2,6,50,4,1,1,5,4,6,6,4,4,5,5,4,2,17,3,10,3,1,B03,7,6,1,8,2,2,,14,14,1,12,4,120.686527,24.095206,2
2917,66000,387130000C,(04)23274275,(04)23288582,2025,08,8,14,13,臺中市,南區,0,1,0,7,2,6,50,13,9,1,5,4,6,6,4,4,7,5,5,2,2,3,10,3,1,B03,7,9,1,8,2,2,,8,8,1,12,4,120.683498,24.130018,2
2918,66000,387130000C,(04)23274275,(04)23288582,2025,08,8,14,16,臺中市,西區,0,1,0,7,2,6,50,4,1,1,5,4,6,6,2,1,10,5,5,2,16,3,10,5,1,B03,7,6,1,8,2,5,,11,11,1,6,4,120.667305,24.140607,2
2919,66000,387130000C,(04)23274275,(04)23288582,2025,08,8,14,33,臺中市,北屯區,0,1,0,7,3,6,30,4,1,1,5,4,6,6,4,4,10,5,5,2,15,2,1,2,1,C04,7,9,1,10,2,11,,15,15,1,12,4,120.671259,24.181707,2
2920,66000,387130000C,(04)23274275,(04)23288582,2025,08,8,14,35,臺中市,烏日區,0,2,0,7,3,6,50,4,2,1,5,4,6,6,4,4,5,5,4,2,13,2,9,1,1,C03,7,5,1,10,2,11,,14,14,1,6,4,120.623187,24.102915,2
2921,66000,387130000C,(04)23274275,(04)23288582,2025,08,8,14,36,臺中市,南區,0,0,0,7,,,50,,,,,,,,,,,,,,13,,,,,B03,,,1,,1,,,56,56,1,12,4,120.6685,24.129403,3