﻿序號,縣市別代碼,機關代碼,市話,傳真,年,月,日,時,分,縣市,區,死亡數量,受傷數量,2-30,天候,道路照明設備,道路類別,道路速限,道路型態,事故位置,路面鋪裝,路面狀態,路面缺陷,障礙物,視距,號誌種類,號誌動作,分向設施,快車道或一般車道間,快慢車道間,路面邊線,事故類型及型態,受傷程度,主要傷處,保護裝備,行動電話或功能裝置,當事者區分_類別,車輛用途,當事者行動狀態,駕照狀態,駕照種類,飲酒情形,車輛撞擊部位最初,車輛撞擊部位其他,肇事因素個別,肇事因素主要,肇事逃逸,職業,共享經濟或外送平台,GPS座標X,GPS座標Y,事故類別
2922,66000,387130000C,(04)23274275,(04)23288582,2025,08,8,14,45,臺中市,北屯區,0,1,0,7,3,6,50,11,9,1,5,4,6,6,4,4,9,5,5,2,17,2,9,1,1,C02,7,9,1,9,2,11,,84,84,1,12,4,120.705283,24.16803,2
2923,66000,387130000C,(04)23274275,(04)23288582,2025,08,8,14,49,臺中市,西區,0,1,0,7,2,6,50,13,9,1,5,4,6,6,4,4,5,4,5,2,13,3,10,3,1,B03,7,9,1,8,2,8,,7,7,1,12,4,120.676445,24.140763,2
2924,66000,387130000C,(04)23274275,(04)23288582,2025,08,8,14,56,臺中市,北屯區,0,1,0,7,3,6,50,4,1,1,5,4,6,6,2,1,10,5,5,2,16,3,10,3,1,A11,7,6,1,2,2,4,,84,84,1,12,4,120.722608,24.166912,2
2925,66000,387130000C,(04)23274275,(04)23288582,2025,08,8,14,58,臺中市,北屯區,0,0,0,7,,,,,,,,,,,,,,,,,17,,,,,,,,,,,,,86,86,1,,,120.690318,24.162368,3
2926,66000,387130000C,(04)23274275,(04)23288582,2025,08,8,14,59,臺中市,東區,0,0,0,7,,,30,,,,,,,,,,,,,,,,,,,B02,,,1,,1,,,49,49,1,13,4,120.705953,24.142803,3
2927,66000,387130000C,(04)23274275,(04)23288582,2025,08,8,14,59,臺中市,清水區,0,0,0,7,,,50,,,,,,,,,,,,,,,,,,,B03,,,1,,2,,,78,78,1,12,4,120.575163,24.271245,3
2928,66000,387130000C,(04)23274275,(04)23288582,2025,08,8,15,0,臺中市,南屯區,0,0,0,7,,,50,,,,,,,,,,,,,,,,,,,B02,,,1,,1,,,8,8,1,6,4,120.643119,24.140804,3
2929,66000,387130000C,(04)23274275,(04)23288582,2025,08,8,15,3,臺中市,西屯區,0,1,0,7,2,6,50,4,1,1,5,4,6,6,2,1,10,5,5,2,16,3,10,3,1,B12,7,5,1,8,2,2,,11,11,1,12,4,120.656973,24.200859,2
2930,66000,387130000C,(04)23274275,(04)23288582,2025,08,8,15,5,臺中市,梧棲區,0,0,0,7,,,70,,,,,,,,,,,,,,14,,,,,B03,,,1,,1,,,49,49,1,6,4,120.531401,24.25135,3
2931,66000,387130000C,(04)23274275,(04)23288582,2025,08,8,15,9,臺中市,南區,0,2,0,7,3,6,40,13,8,1,5,4,6,6,4,4,1,4,4,2,17,2,9,1,1,C04,7,1,1,10,2,14,,51,51,1,6,4,120.655737,24.115284,2
2932,66000,387130000C,(04)23274275,(04)23288582,2025,08,8,15,14,臺中市,太平區,0,2,0,7,2,6,50,3,9,1,5,4,6,6,4,4,5,5,5,2,16,3,10,3,1,B03,7,6,1,6,2,8,,14,14,1,6,4,120.715761,24.16006,2
2933,66000,387130000C,(04)23274275,(04)23288582,2025,08,8,15,16,臺中市,北屯區,0,0,0,7,,,50,,,,,,,,,,,,,,,,,,,B03,,,1,,2,,,49,49,1,12,4,120.675443,24.201972,3
2934,66000,387130000C,(04)23274275,(04)23288582,2025,08,8,15,17,臺中市,南屯區,0,0,0,7,,,50,,,,,,,,,,,,,,,,,,,C03,,,1,,1,,,7,7,1,13,4,120.623497,24.149515,3
2935,66000,387130000C,(04)23274275,(04)23288582,2025,08,8,15,19,臺中市,西區,0,2,0,7,2,6,50,13,9,1,5,4,6,6,4,4,5,4,5,2,17,2,9,1,1,C03,7,15,1,10,2,14,,42,42,1,12,4,120.669801,24.150724,2
2936,66000,387130000C,(04)23274275,(04)23288582,2025,08,8,15,22,臺中市,東區,0,1,0,7,3,6,50,4,1,1,5,4,6,5,1,1,5,5,5,2,12,2,9,2,1,C03,7,6,1,10,2,14,,48,48,1,13,4,120.697163,24.136991,2
2937,66000,387130000C,(04)23274275,(04)23288582,2025,08,8,15,23,臺中市,北區,0,1,0,7,2,6,30,13,9,1,5,4,6,6,4,4,10,5,5,2,13,3,10,3,1,B03,7,9,1,8,2,5,,84,84,1,12,4,120.673552,24.173667,2
2938,66000,387130000C,(04)23274275,(04)23288582,2025,08,8,15,28,臺中市,西屯區,0,0,0,7,,,70,,,,,,,,,,,,,,23,,,,,B03,,,1,,2,,,59,59,1,13,4,120.611784,24.184534,3
2939,66000,387130000C,(04)23274275,(04)23288582,2025,08,8,15,30,臺中市,烏日區,0,1,0,7,2,6,40,13,9,1,5,4,6,6,4,4,10,5,5,2,17,3,10,3,1,G03,7,1,7,8,2,17,,51,51,1,6,4,120.633403,24.082971,2
2940,66000,387130000C,(04)23274275,(04)23288582,2025,08,8,15,30,臺中市,神岡區,0,0,0,7,1,6,50,4,1,1,5,,6,6,1,1,10,4,5,1,12,,,,,B03,,,1,,2,,,8,8,1,12,4,120.699541,24.25103,3
2941,66000,387130000C,(04)23274275,(04)23288582,2025,08,8,15,31,臺中市,神岡區,0,1,0,7,2,6,50,13,9,1,5,4,6,6,4,4,1,4,5,2,13,3,10,5,4,B03,7,9,1,8,2,5,,7,7,1,13,4,120.697982,24.248888,2
2942,66000,387130000C,(04)23274275,(04)23288582,2025,08,8,15,33,臺中市,西區,0,1,0,7,2,6,50,4,1,1,5,4,6,6,1,1,10,5,5,2,17,3,10,3,1,B03,7,5,1,8,2,2,,22,22,1,13,4,120.667075,24.140981,2
2943,66000,387130000C,(04)23274275,(04)23288582,2025,08,8,15,37,臺中市,北區,0,0,0,7,,,50,,,,,,,,,,,,,,12,,,,,B03,,,1,,1,,,43,43,1,13,4,120.685093,24.162653,3
2944,66000,387130000C,(04)23274275,(04)23288582,2025,08,8,15,37,臺中市,西屯區,0,2,0,7,2,6,50,4,1,1,5,4,6,6,2,1,10,5,5,2,16,3,10,3,1,B12,7,6,1,8,2,1,,11,11,1,13,4,120.660712,24.172391,2
2945,66000,387130000C,(04)23274275,(04)23288582,2025,08,8,15,38,臺中市,東區,0,1,0,7,3,6,50,4,9,1,5,4,6,6,2,1,5,5,5,2,16,3,10,5,4,B03,7,5,1,8,2,5,,11,11,1,6,4,120.692483,24.147958,2
2946,66000,387130000C,(04)23274275,(04)23288582,2025,08,8,15,38,臺中市,南屯區,0,1,0,7,2,6,50,4,1,1,5,4,6,6,3,1,10,5,5,2,16,2,5,2,4,C03,7,6,1,10,2,14,,87,87,1,13,4,120.634432,24.155706,2
2947,66000,387130000C,(04)23274275,(04)23288582,2025,08,8,15,39,臺中市,北區,0,2,0,7,3,6,50,4,2,1,5,4,6,6,1,1,3,2,5,2,16,2,9,5,4,C03,7,9,1,10,2,12,,4,4,1,13,4,120.67578,24.162807,2
2948,66000,387130000C,(04)23274275,(04)23288582,2025,08,8,15,40,臺中市,太平區,0,0,0,7,,,50,,,,,,,,,,,,,,16,,,,,C03,,,1,,2,,,40,40,1,12,4,120.713141,24.135863,3
2949,66000,387130000C,(04)23274275,(04)23288582,2025,08,8,15,40,臺中市,太平區,0,0,0,7,,,50,,,,,,,,,,,,,,17,,,,,B03,,,1,,2,,,84,84,1,12,4,120.718888,24.133459,3
2950,66000,387130000C,(04)23274275,(04)23288582,2025,08,8,15,45,臺中市,西屯區,0,0,0,7,,,50,,,,,,,,,,,,,,13,,,,,C01,,,1,,1,,,7,7,1,12,4,120.644116,24.171377,3
2951,66000,387130000C,(04)23274275,(04)23288582,2025,08,8,15,45,臺中市,龍井區,0,1,0,7,2,6,50,3,1,1,5,4,6,6,3,1,10,5,5,2,16,3,10,5,4,B12,7,6,1,8,2,4,,20,20,1,12,4,120.574198,24.195809,2
2952,66000,387130000C,(04)23274275,(04)23288582,2025,08,8,15,52,臺中市,豐原區,0,0,0,7,,,30,,,,,,,,,,,,,,17,,,,,C03,,,1,,9,,,8,8,1,12,4,120.714312,24.252936,3
2953,66000,387130000C,(04)23274275,(04)23288582,2025,08,8,15,58,臺中市,西屯區,0,0,0,7,,,50,,,,,,,,,,,,,,13,,,,,B03,,,1,,1,,,7,7,1,12,4,120.647133,24.163894,3
2954,66000,387130000C,(04)23274275,(04)23288582,2025,08,8,15,59,臺中市,大里區,0,2,0,7,2,6,50,3,1,1,5,4,6,6,1,1,10,5,5,2,15,2,9,2,1,C03,7,9,3,19,2,11,,21,21,1,12,4,120.689433,24.12124,2
2955,66000,387130000C,(04)23274275,(04)23288582,2025,08,8,15,59,臺中市,太平區,0,0,0,7,,,50,,,,,,,,,,,,,,13,,,,,B03,,,1,,1,,,7,7,1,12,4,120.713775,24.159109,3
2956,66000,387130000C,(04)23274275,(04)23288582,2025,08,8,16,1,臺中市,太平區,0,1,0,7,2,3,80,13,9,1,5,4,6,6,4,4,2,3,5,1,17,3,10,3,1,B03,7,15,1,8,2,8,,40,40,1,6,4,120.714272,24.148696,2
2957,66000,387130000C,(04)23274275,(04)23288582,2025,08,8,16,3,臺中市,潭子區,0,1,0,7,2,6,50,3,2,1,5,4,6,6,4,4,5,5,5,2,10,2,9,3,1,B03,7,4,1,4,2,1,,34,34,1,13,4,120.707535,24.19757,2
2958,66000,387130000C,(04)23274275,(04)23288582,2025,08,8,16,3,臺中市,北屯區,0,0,0,7,,3,80,,,,,,,,,,,,,,13,,,,,B03,,,1,,2,,,84,84,1,12,4,120.694144,24.201018,3
2959,66000,387130000C,(04)23274275,(04)23288582,2025,08,8,16,5,臺中市,北屯區,0,1,0,7,2,6,50,3,2,1,5,4,6,6,4,4,9,4,5,2,28,2,9,1,1,C03,7,9,1,10,2,11,,58,58,1,12,4,120.747312,24.193543,2
2960,66000,387130000C,(04)23274275,(04)23288582,2025,08,8,16,9,臺中市,北屯區,0,0,0,7,,,50,,,,,,,,,,,,,,,,,,,B03,,,1,,2,,,49,49,1,12,4,120.665068,24.191799,3
2961,66000,387130000C,(04)23274275,(04)23288582,2025,08,8,16,11,臺中市,龍井區,0,0,0,7,,,50,,,,,,,,,,,,,,13,,,,,B03,,,1,,2,,,7,7,1,6,4,120.549803,24.190933,3
2962,66000,387130000C,(04)23274275,(04)23288582,2025,08,8,16,15,臺中市,大里區,0,0,0,7,,,30,,,,,,,,,,,,,,,,,,,B12,,,1,,2,,,76,76,1,6,4,120.703573,24.089916,3
2963,66000,387130000C,(04)23274275,(04)23288582,2025,08,8,16,17,臺中市,神岡區,0,0,0,7,1,6,50,13,9,1,5,4,6,6,1,1,5,5,5,1,13,,,,,B12,,,1,,2,,,59,59,1,12,4,120.664195,24.274816,3
2964,66000,387130000C,(04)23274275,(04)23288582,2025,08,8,16,18,臺中市,北屯區,0,0,0,7,,,50,,,,,,,,,,,,,,13,,,,,B03,,,1,,2,,,7,7,1,13,4,120.686547,24.200752,3
2965,66000,387130000C,(04)23274275,(04)23288582,2025,08,8,16,20,臺中市,龍井區,0,0,0,7,,,30,,,,,,,,,,,,,,,,,,,B03,,,1,,2,,,8,8,1,12,4,120.594303,24.187046,3
2966,66000,387130000C,(04)23274275,(04)23288582,2025,08,8,16,23,臺中市,沙鹿區,0,0,0,7,,,50,,,,,,,,,,,,,,20,,,,,B02,,,1,,2,,,84,84,1,11,4,120.561105,24.241748,3
2967,66000,387130000C,(04)23274275,(04)23288582,2025,08,8,16,24,臺中市,大里區,0,1,0,7,2,6,60,4,1,1,5,4,6,6,4,4,1,2,4,2,16,3,10,3,1,B03,7,5,1,8,2,2,,47,47,1,13,4,120.666995,24.105218,2
2968,66000,387130000C,(04)23274275,(04)23288582,2025,08,8,16,25,臺中市,西屯區,0,0,0,7,,,40,,,,,,,,,,,,,,17,,,,,C03,,,1,,1,,,59,59,1,13,4,120.607036,24.183619,3
2969,66000,387130000C,(04)23274275,(04)23288582,2025,08,8,16,28,臺中市,西屯區,0,0,0,7,,,50,,,,,,,,,,,,,,12,,,,,B01,,,1,,9,,,85,85,1,12,4,120.595555,24.18211,3
2970,66000,387130000C,(04)23274275,(04)23288582,2025,08,8,16,28,臺中市,太平區,0,0,0,7,,,50,,,,,,,,,,,,,,,,,,,B02,,,1,,1,,,7,7,1,12,4,120.717277,24.159855,3
2971,66000,387130000C,(04)23274275,(04)23288582,2025,08,8,16,29,臺中市,南屯區,0,0,0,7,,,50,,,,,,,,,,,,,,,,,,,A05,,,1,,2,,,84,84,1,12,4,120.623497,24.149515,3
2972,66000,387130000C,(04)23274275,(04)23288582,2025,08,8,16,30,臺中市,南屯區,0,0,0,7,,,50,,,,,,,,,,,,,,,,,,,C03,,,1,,2,,,36,36,1,6,4,120.644912,24.140091,3
2973,66000,387130000C,(04)23274275,(04)23288582,2025,08,8,16,30,臺中市,西屯區,0,0,0,7,,,50,,,,,,,,,,,,,,,,,,,B03,,,1,,2,,,84,84,1,11,4,120.655461,24.163041,3
2974,66000,387130000C,(04)23274275,(04)23288582,2025,08,8,16,30,臺中市,沙鹿區,0,0,0,6,,,50,,,,,,,,,,,,,,17,,,,,A11,,,1,,1,,,8,8,1,12,4,120.572323,24.230824,3
2975,66000,387130000C,(04)23274275,(04)23288582,2025,08,8,16,30,臺中市,神岡區,0,0,0,7,,,50,,,,,,,,,,,,,,17,,,,,B03,,,1,,2,,,50,50,1,13,4,120.699322,24.263748,3
2976,66000,387130000C,(04)23274275,(04)23288582,2025,08,8,16,32,臺中市,北屯區,0,0,0,7,,3,50,,,,,,,,,,,,,,,,,,,B03,,,1,,2,,,7,7,1,12,4,120.722432,24.189426,3
2977,66000,387130000C,(04)23274275,(04)23288582,2025,08,8,16,33,臺中市,西區,0,0,0,7,,,50,,,,,,,,,,,,,,17,,,,,B03,,,1,,1,,,51,51,1,12,4,120.664164,24.140066,3
2978,66000,387130000C,(04)23274275,(04)23288582,2025,08,8,16,35,臺中市,沙鹿區,0,1,0,7,2,6,50,13,9,1,5,4,6,6,4,4,5,5,5,1,17,2,9,1,1,C03,7,9,3,19,2,12,,84,84,1,12,4,120.557813,24.207906,2
2979,66000,387130000C,(04)23274275,(04)23288582,2025,08,8,16,37,臺中市,后里區,0,0,0,7,2,6,50,3,2,1,5,4,6,6,4,4,9,5,5,2,13,3,10,3,1,A02,7,9,1,2,2,5,,84,84,1,12,4,120.735844,24.300146,3
2980,66000,387130000C,(04)23274275,(04)23288582,2025,08,8,16,39,臺中市,西區,0,0,0,7,,,40,,,,,,,,,,,,,,,,,,,B03,,,1,,1,,,8,8,1,12,4,120.661008,24.159263,3
2981,66000,387130000C,(04)23274275,(04)23288582,2025,08,8,16,44,臺中市,大里區,0,0,0,7,,,50,,,,,,,,,,,,,,,,,,,B03,,,1,,2,,,8,8,1,13,4,120.701713,24.086679,3
2982,66000,387130000C,(04)23274275,(04)23288582,2025,08,8,16,44,臺中市,清水區,0,0,0,7,,,70,,,,,,,,,,,,,,,,,,,B03,,,1,,1,,,7,7,1,12,4,120.596414,24.303624,3
2983,66000,387130000C,(04)23274275,(04)23288582,2025,08,8,16,46,臺中市,西屯區,0,0,0,7,,,50,,,,,,,,,,,,,,,,,,,B12,,,1,,2,,,8,8,1,13,4,120.657984,24.171289,4
2984,66000,387130000C,(04)23274275,(04)23288582,2025,08,8,16,50,臺中市,北區,0,1,0,7,2,6,50,4,2,1,5,4,6,6,1,1,5,4,5,2,18,2,9,1,1,C03,7,11,1,10,2,12,,84,84,1,12,4,120.682326,24.153988,2
2985,66000,387130000C,(04)23274275,(04)23288582,2025,08,8,16,50,臺中市,北區,0,1,0,7,2,6,50,13,9,1,5,2,6,6,4,4,2,4,5,2,18,2,9,1,1,F01,7,9,7,21,1,11,,84,84,1,12,4,120.684009,24.149726,2
2986,66000,387130000C,(04)23274275,(04)23288582,2025,08,8,16,50,臺中市,南區,0,0,0,7,1,6,50,13,9,1,5,4,6,6,4,4,5,5,5,2,17,3,10,3,1,B03,7,2,1,8,1,3,,49,49,1,12,4,120.656974,24.110831,3
2987,66000,387130000C,(04)23274275,(04)23288582,2025,08,8,16,52,臺中市,北區,0,0,0,7,,,50,,,,,,,,,,,,,,,,,,,B03,,,1,,2,,,84,84,1,13,4,120.679777,24.142419,3
2988,66000,387130000C,(04)23274275,(04)23288582,2025,08,8,16,52,臺中市,南區,0,2,0,7,1,6,50,13,9,1,5,4,6,6,4,4,5,5,5,2,13,2,9,5,4,C03,7,9,1,10,2,11,,84,84,1,13,4,120.656285,24.117858,2
2989,66000,387130000C,(04)23274275,(04)23288582,2025,08,8,16,52,臺中市,梧棲區,0,1,0,7,2,6,50,4,1,1,5,4,6,6,1,1,10,5,5,2,10,2,9,1,1,C03,7,9,1,10,2,11,,2,2,1,12,4,120.537521,24.245471,2
2990,66000,387130000C,(04)23274275,(04)23288582,2025,08,8,16,56,臺中市,大雅區,0,0,0,7,,,30,,,,,,,,,,,,,,,,,,,B03,,,1,,1,,,49,49,1,12,4,120.62263,24.228908,3
2991,66000,387130000C,(04)23274275,(04)23288582,2025,08,8,16,56,臺中市,北屯區,0,0,0,7,,,50,,,,,,,,,,,,,,,,,,,B13,,,1,,1,,,84,84,1,12,4,120.721792,24.18486,3
2992,66000,387130000C,(04)23274275,(04)23288582,2025,08,8,16,56,臺中市,烏日區,0,0,0,7,,,40,,,,,,,,,,,,,,11,,,,,A11,,,1,,1,,,8,8,1,6,4,120.604984,24.10503,3
2993,66000,387130000C,(04)23274275,(04)23288582,2025,08,8,16,58,臺中市,西區,0,0,0,7,,,50,,,,,,,,,,,,,,17,,,,,B03,,,1,,1,,,84,84,1,12,4,120.666616,24.150848,3
2994,66000,387130000C,(04)23274275,(04)23288582,2025,08,8,16,58,臺中市,南區,0,0,0,7,,,50,,,,,,,,,,,,,,13,,,,,C03,,,1,,1,,,7,7,1,6,4,120.655457,24.115199,3
2995,66000,387130000C,(04)23274275,(04)23288582,2025,08,8,17,1,臺中市,北區,0,2,0,7,2,6,50,13,7,1,5,4,6,6,4,4,5,5,4,2,13,3,10,1,1,C04,7,12,1,10,2,13,,84,84,1,13,4,120.689335,24.152385,2
2996,66000,387130000C,(04)23274275,(04)23288582,2025,08,8,17,1,臺中市,大安區,0,2,0,7,3,6,50,13,9,1,5,4,6,6,4,4,9,5,5,1,12,3,10,5,4,B03,7,5,1,8,2,2,,84,84,1,12,4,120.609072,24.378182,2
2997,66000,387130000C,(04)23274275,(04)23288582,2025,08,8,17,3,臺中市,南屯區,0,0,0,7,,,50,,,,,,,,,,,,,,,,,,,B03,,,1,,1,,,59,59,1,13,4,120.624893,24.149243,3
2998,66000,387130000C,(04)23274275,(04)23288582,2025,08,8,17,5,臺中市,南區,0,0,0,7,,,50,,,,,,,,,,,,,,,,,,,B03,,,1,,2,,,7,7,1,6,4,120.66228,24.120862,3
2999,66000,387130000C,(04)23274275,(04)23288582,2025,08,8,17,5,臺中市,南區,0,2,0,7,3,6,50,13,8,1,5,4,6,5,4,4,10,4,4,2,17,2,8,2,1,C03,7,6,1,10,2,11,,42,42,1,6,4,120.658473,24.11306,2
3000,66000,387130000C,(04)23274275,(04)23288582,2025,08,8,17,6,臺中市,清水區,0,0,0,7,,,50,,,,,,,,,,,,,,,,,,,B03,,,3,,2,,,21,21,1,12,4,120.572321,24.262162,3
3001,66000,387130000C,(04)23274275,(04)23288582,2025,08,8,17,9,臺中市,龍井區,0,1,0,7,2,6,40,13,9,1,5,4,6,6,4,4,4,5,5,1,17,3,10,3,1,B03,7,1,1,8,2,4,,51,51,1,6,4,120.524199,24.210014,2
3002,66000,387130000C,(04)23274275,(04)23288582,2025,08,8,17,10,臺中市,西屯區,0,0,0,7,,3,80,,,,,,,,,,,,,,35,,,,,A12,,,1,,1,,,68,68,1,13,4,120.657361,24.20038,3
3003,66000,387130000C,(04)23274275,(04)23288582,2025,08,8,17,10,臺中市,神岡區,0,0,0,7,,,50,,,,,,,,,,,,,,16,,,,,B03,,,1,,2,,,8,8,1,12,4,120.695435,24.236459,3
3004,66000,387130000C,(04)23274275,(04)23288582,2025,08,8,17,12,臺中市,北區,0,0,0,7,,,50,,,,,,,,,,,,,,,,,,,B03,,,1,,1,,,7,7,1,13,4,120.685106,24.160738,3
3005,66000,387130000C,(04)23274275,(04)23288582,2025,08,8,17,12,臺中市,南屯區,0,0,0,7,,,50,,,,,,,,,,,,,,13,,,,,B03,,,1,,10,,,7,7,2,13,4,120.637989,24.135373,3
3006,66000,387130000C,(04)23274275,(04)23288582,2025,08,8,17,13,臺中市,后里區,0,1,0,7,2,6,50,3,1,1,5,4,6,6,1,1,10,5,5,2,16,2,9,1,1,C03,7,9,1,10,2,11,,21,21,1,12,4,120.707687,24.311241,2
3007,66000,387130000C,(04)23274275,(04)23288582,2025,08,8,17,16,臺中市,大甲區,0,1,0,7,3,6,50,13,9,1,5,4,6,6,4,4,9,5,4,2,16,3,10,3,1,B03,7,11,1,8,2,5,,45,45,1,6,4,120.644803,24.408667,2
3008,66000,387130000C,(04)23274275,(04)23288582,2025,08,8,17,17,臺中市,沙鹿區,0,1,0,7,2,6,40,3,1,1,5,4,6,6,1,1,10,5,5,2,12,3,10,3,1,B03,7,6,1,8,2,1,,48,48,1,6,4,120.580178,24.219108,2
3009,66000,387130000C,(04)23274275,(04)23288582,2025,08,8,17,19,臺中市,大里區,0,1,0,7,2,6,50,4,1,1,5,4,6,6,1,1,10,5,5,2,13,2,9,2,1,C03,7,9,1,10,2,11,,7,7,1,12,4,120.68767,24.102465,2
3010,66000,387130000C,(04)23274275,(04)23288582,2025,08,8,17,22,臺中市,西區,0,1,0,7,2,6,50,13,9,1,5,4,6,6,4,4,5,4,4,2,17,2,9,1,1,C03,7,9,1,10,2,12,,43,43,1,12,4,120.653224,24.149333,2
3011,66000,387130000C,(04)23274275,(04)23288582,2025,08,8,17,22,臺中市,東區,0,1,0,7,1,6,50,3,1,1,5,4,6,6,4,4,10,5,5,2,17,3,10,3,1,B03,7,9,1,8,2,5,,87,87,1,12,4,120.690928,24.147593,2
3012,66000,387130000C,(04)23274275,(04)23288582,2025,08,8,17,22,臺中市,西屯區,0,0,0,7,,,50,,,,,,,,,,,,,,17,,,,,C03,,,1,,2,,,50,50,1,12,4,120.662852,24.171909,3
3013,66000,387130000C,(04)23274275,(04)23288582,2025,08,8,17,23,臺中市,大里區,0,2,0,7,2,6,50,4,1,1,5,4,6,6,4,4,10,5,5,2,17,2,9,1,1,C01,7,9,1,9,2,11,,84,84,1,13,4,120.700098,24.098463,2
3014,66000,387130000C,(04)23274275,(04)23288582,2025,08,8,17,26,臺中市,龍井區,0,0,0,7,,,30,,,,,,,,,,,,,,,,,,,B03,,,1,,2,,,51,51,1,12,4,120.592335,24.188401,3
3015,66000,387130000C,(04)23274275,(04)23288582,2025,08,8,17,27,臺中市,南屯區,0,1,0,7,2,6,50,13,9,1,5,4,6,6,4,4,5,4,4,2,17,2,9,2,1,C03,7,8,1,10,2,11,,40,40,1,12,4,120.615681,24.139128,2
3016,66000,387130000C,(04)23274275,(04)23288582,2025,08,8,17,28,臺中市,潭子區,0,0,0,7,,,50,,,,,,,,,,,,,,,,,,,A11,,,1,,11,,,8,8,1,13,4,120.701647,24.188179,3
3017,66000,387130000C,(04)23274275,(04)23288582,2025,08,8,17,30,臺中市,南屯區,0,0,0,7,,,30,,,,,,,,,,,,,,,,,,,B12,,,1,,1,,,49,49,1,6,4,120.650719,24.15478,3
3018,66000,387130000C,(04)23274275,(04)23288582,2025,08,8,17,36,臺中市,大雅區,0,1,0,7,3,6,30,3,1,1,5,4,6,6,4,4,10,5,5,2,17,2,9,2,1,C03,7,6,1,10,2,12,,12,12,1,12,4,120.655297,24.21759,2
3019,66000,387130000C,(04)23274275,(04)23288582,2025,08,8,17,36,臺中市,東區,0,1,0,7,1,6,50,13,9,1,5,4,6,6,4,4,5,4,5,2,17,2,9,5,4,C03,7,9,1,10,2,14,,84,84,1,13,4,120.706198,24.130038,2
3020,66000,387130000C,(04)23274275,(04)23288582,2025,08,8,17,39,臺中市,南屯區,0,0,0,7,,,50,,,,,,,,,,,,,,,,,,,B03,,,1,,1,,,59,59,1,13,4,120.610105,24.14591,3
3021,66000,387130000C,(04)23274275,(04)23288582,2025,08,8,17,39,臺中市,沙鹿區,0,0,0,7,,,50,,,,,,,,,,,,,,17,,,,,B03,,,1,,2,,,85,85,1,12,4,120.559265,24.235329,3
3022,66000,387130000C,(04)23274275,(04)23288582,2025,08,8,17,40,臺中市,南屯區,0,0,0,7,,,50,,,,,,,,,,,,,,,,,,,B03,,,1,,1,,,7,7,1,6,4,120.630811,24.144949,3
3023,66000,387130000C,(04)23274275,(04)23288582,2025,08,8,17,40,臺中市,西屯區,0,0,0,7,,,30,,,,,,,,,,,,,,,,,,,B03,,,1,,1,,,14,14,1,12,4,120.589808,24.176751,4
3024,66000,387130000C,(04)23274275,(04)23288582,2025,08,8,17,40,臺中市,大肚區,0,0,0,7,,,50,,,,,,,,,,,,,,12,,,,,A11,,,1,,2,,,8,8,1,6,4,120.566778,24.122679,3
3025,66000,387130000C,(04)23274275,(04)23288582,2025,08,8,17,42,臺中市,南屯區,0,0,0,7,,,50,,,,,,,,,,,,,,13,,,,,C03,,,1,,1,,,7,7,1,13,4,120.623168,24.150231,3
3026,66000,387130000C,(04)23274275,(04)23288582,2025,08,8,17,43,臺中市,南區,0,0,0,7,,,50,,,,,,,,,,,,,,,,,,,B03,,,1,,2,,,84,84,1,6,4,120.65684,24.133955,3
3027,66000,387130000C,(04)23274275,(04)23288582,2025,08,8,17,45,臺中市,北區,0,3,0,7,3,6,50,3,1,1,5,4,6,6,4,4,10,5,5,2,17,2,9,5,4,C03,7,15,1,10,2,14,,42,42,1,13,4,120.668406,24.16925,2
3028,66000,387130000C,(04)23274275,(04)23288582,2025,08,8,17,45,臺中市,北屯區,0,0,0,7,,,50,,,,,,,,,,,,,,,,,,,C03,,,1,,1,,,7,7,1,6,4,120.672751,24.200742,3
3029,66000,387130000C,(04)23274275,(04)23288582,2025,08,8,17,45,臺中市,北屯區,0,0,0,7,,,40,,,,,,,,,,,,,,9,,,,,B03,,,1,,1,,,43,43,1,12,4,120.701923,24.167207,3
3030,66000,387130000C,(04)23274275,(04)23288582,2025,08,8,17,46,臺中市,西區,0,1,0,7,2,6,50,4,1,1,5,4,6,6,4,4,10,5,5,2,15,3,10,1,1,C03,7,9,1,10,2,12,,15,15,1,12,4,120.67364,24.150956,2
3031,66000,387130000C,(04)23274275,(04)23288582,2025,08,8,17,49,臺中市,西區,0,2,0,7,2,6,50,4,1,1,5,4,6,6,1,1,10,5,5,2,17,3,10,2,1,C03,7,9,1,10,2,16,,21,21,1,12,4,120.660951,24.159175,2
3032,66000,387130000C,(04)23274275,(04)23288582,2025,08,8,17,50,臺中市,太平區,0,1,0,7,2,6,50,4,4,1,5,4,6,6,2,1,5,2,5,2,13,3,10,2,1,C03,7,15,1,10,2,11,,7,7,1,6,4,120.715029,24.149096,2
3033,66000,387130000C,(04)23274275,(04)23288582,2025,08,8,17,53,臺中市,西屯區,0,1,0,7,2,6,50,13,9,1,5,4,6,6,1,1,1,4,5,2,12,3,10,3,1,B03,7,8,1,8,2,4,,40,40,1,12,4,120.657684,24.199874,2
3034,66000,387130000C,(04)23274275,(04)23288582,2025,08,8,17,55,臺中市,西屯區,0,0,0,7,,,50,,,,,,,,,,,,,,12,,,,,B02,,,1,,1,,,8,8,1,12,4,120.621907,24.183578,3