﻿序號,縣市別代碼,機關代碼,市話,傳真,年,月,日,時,分,縣市,區,死亡數量,受傷數量,2-30,天候,道路照明設備,道路類別,道路速限,道路型態,事故位置,路面鋪裝,路面狀態,路面缺陷,障礙物,視距,號誌種類,號誌動作,分向設施,快車道或一般車道間,快慢車道間,路面邊線,事故類型及型態,受傷程度,主要傷處,保護裝備,行動電話或功能裝置,當事者區分_類別,車輛用途,當事者行動狀態,駕照狀態,駕照種類,飲酒情形,車輛撞擊部位最初,車輛撞擊部位其他,肇事因素個別,肇事因素主要,肇事逃逸,職業,共享經濟或外送平台,GPS座標X,GPS座標Y,事故類別
3035,66000,387130000C,(04)23274275,(04)23288582,2025,08,8,17,59,臺中市,北區,0,0,0,7,1,6,40,13,21,4,5,4,6,6,4,4,9,4,4,2,17,3,10,1,1,C03,7,3,1,10,2,11,,39,39,1,12,4,120.682622,24.1486,3
3036,66000,387130000C,(04)23274275,(04)23288582,2025,08,8,18,0,臺中市,東區,0,0,0,7,,,40,,,,,,,,,,,,,,,,,,,B03,,,1,,1,,,85,85,1,13,4,120.705418,24.138402,3
3037,66000,387130000C,(04)23274275,(04)23288582,2025,08,8,18,0,臺中市,豐原區,0,2,0,7,1,6,50,5,1,1,5,4,6,6,1,1,5,4,4,1,17,2,9,1,1,C03,7,9,1,10,2,11,,7,7,1,6,4,120.720695,24.249224,2
3038,66000,387130000C,(04)23274275,(04)23288582,2025,08,8,18,3,臺中市,西屯區,0,0,0,7,,,70,,,,,,,,,,,,,,13,,,,,B03,,,1,,1,,,59,59,1,12,4,120.609813,24.18449,3
3039,66000,387130000C,(04)23274275,(04)23288582,2025,08,8,18,4,臺中市,大肚區,0,2,0,7,2,6,30,3,2,1,5,4,6,6,4,4,10,5,1,2,17,3,10,5,4,B03,7,5,1,8,2,4,,12,12,1,12,4,120.582536,24.170806,2
3040,66000,387130000C,(04)23274275,(04)23288582,2025,08,8,18,5,臺中市,太平區,0,2,0,7,2,6,50,3,4,1,5,4,6,6,1,1,5,4,5,2,13,2,9,1,1,C03,7,9,3,19,2,11,,7,7,1,12,4,120.704613,24.162429,2
3041,66000,387130000C,(04)23274275,(04)23288582,2025,08,8,18,12,臺中市,西屯區,0,2,0,7,2,6,50,4,1,1,5,4,6,6,2,1,10,5,5,2,17,2,7,5,4,C03,7,5,1,10,2,13,,11,11,1,13,4,120.651901,24.166059,2
3042,66000,387130000C,(04)23274275,(04)23288582,2025,08,8,18,18,臺中市,沙鹿區,0,0,0,7,,,50,,,,,,,,,,,,,,13,,,,,B03,,,1,,1,,,7,7,1,6,4,120.560344,24.239362,3
3043,66000,387130000C,(04)23274275,(04)23288582,2025,08,8,18,20,臺中市,南區,0,0,0,7,,,50,,,,,,,,,,,,,,13,,,,,B03,,,1,,2,,,7,7,1,6,4,120.664358,24.113632,3
3044,66000,387130000C,(04)23274275,(04)23288582,2025,08,8,18,20,臺中市,沙鹿區,0,1,0,7,2,6,50,4,1,1,5,4,6,6,4,4,5,4,4,2,10,3,10,3,1,B03,7,9,1,5,2,1,,59,59,1,12,4,120.578635,24.214889,2
3045,66000,387130000C,(04)23274275,(04)23288582,2025,08,8,18,21,臺中市,龍井區,0,0,0,7,,,40,,,,,,,,,,,,,,16,,,,,B03,,,1,,2,,,20,20,1,6,4,120.513144,24.199005,3
3046,66000,387130000C,(04)23274275,(04)23288582,2025,08,8,18,24,臺中市,西區,0,0,0,7,,,50,,,,,,,,,,,,,,,,,,,F01,,,7,,1,,,21,21,1,13,4,120.659687,24.157317,3
3047,66000,387130000C,(04)23274275,(04)23288582,2025,08,8,18,24,臺中市,南區,0,1,0,7,3,6,50,4,9,1,5,4,6,6,4,4,5,5,5,2,17,2,9,5,4,C03,7,9,1,10,2,11,,84,84,1,6,4,120.656021,24.123564,2
3048,66000,387130000C,(04)23274275,(04)23288582,2025,08,8,18,26,臺中市,北屯區,0,1,0,7,1,6,50,4,2,1,5,4,6,6,1,1,5,4,4,2,14,3,10,3,1,B03,7,2,1,8,2,3,,49,49,1,13,4,120.694604,24.174564,2
3049,66000,387130000C,(04)23274275,(04)23288582,2025,08,8,18,30,臺中市,南區,0,1,0,7,1,6,50,13,8,1,5,4,6,6,4,4,1,4,4,2,17,3,10,3,1,B03,7,1,1,8,2,1,,51,51,1,12,4,120.653157,24.11311,2
3050,66000,387130000C,(04)23274275,(04)23288582,2025,08,8,18,33,臺中市,大雅區,0,1,0,7,1,6,40,5,2,1,5,4,6,6,1,1,9,4,4,1,12,3,10,3,1,B02,7,5,1,8,2,2,,84,84,1,13,4,120.650856,24.209882,2
3051,66000,387130000C,(04)23274275,(04)23288582,2025,08,8,18,38,臺中市,南屯區,0,1,0,7,1,6,50,4,2,1,5,4,6,6,1,1,9,5,5,2,17,3,10,3,1,B03,7,6,1,8,2,6,,11,11,1,13,4,120.612558,24.13844,2
3052,66000,387130000C,(04)23274275,(04)23288582,2025,08,8,18,44,臺中市,大里區,0,0,0,7,1,6,30,13,9,1,5,4,6,6,4,4,10,5,5,2,17,,,,,B03,,,1,,2,,,8,8,1,13,4,120.675816,24.102764,3
3053,66000,387130000C,(04)23274275,(04)23288582,2025,08,8,18,45,臺中市,南屯區,0,0,0,6,,,50,,,,,,,,,,,,,,,,,,,B03,,,1,,1,,,59,59,1,12,4,120.637958,24.138752,3
3054,66000,387130000C,(04)23274275,(04)23288582,2025,08,8,18,47,臺中市,潭子區,0,1,0,7,2,6,50,4,1,1,5,4,6,6,4,4,10,5,5,2,3,2,1,1,1,C03,7,9,1,10,2,11,,6,6,1,13,4,120.706727,24.202422,2
3055,66000,387130000C,(04)23274275,(04)23288582,2025,08,8,18,52,臺中市,北屯區,0,0,0,7,,,50,,,,,,,,,,,,,,,,,,,B03,,,1,,1,,,84,84,1,12,4,120.685949,24.180213,3
3056,66000,387130000C,(04)23274275,(04)23288582,2025,08,8,18,57,臺中市,南屯區,0,0,0,7,,,50,,,,,,,,,,,,,,13,,,,,C03,,,1,,2,,,7,7,1,13,4,120.644621,24.138014,3
3057,66000,387130000C,(04)23274275,(04)23288582,2025,08,8,19,0,臺中市,大肚區,0,1,0,7,1,6,60,4,1,1,5,4,6,6,2,1,10,5,5,2,16,3,10,3,1,B03,7,5,4,19,2,6,,11,11,1,6,4,120.544104,24.162058,2
3058,66000,387130000C,(04)23274275,(04)23288582,2025,08,8,19,2,臺中市,西屯區,0,1,0,7,1,6,50,4,1,1,5,4,6,6,2,1,10,5,5,2,18,2,9,1,1,C03,7,9,1,10,2,12,,6,6,1,12,4,120.635358,24.176122,2
3059,66000,387130000C,(04)23274275,(04)23288582,2025,08,8,19,10,臺中市,北區,0,0,0,7,,,50,,,,,,,,,,,,,,,,,,,B03,,,1,,11,,,8,8,1,13,4,120.676567,24.160407,3
3060,66000,387130000C,(04)23274275,(04)23288582,2025,08,8,19,10,臺中市,西屯區,0,0,0,7,,,50,,,,,,,,,,,,,,12,,,,,B03,,,1,,1,,,40,40,1,12,4,120.635048,24.176017,3
3061,66000,387130000C,(04)23274275,(04)23288582,2025,08,8,19,11,臺中市,太平區,0,0,0,7,,,40,,,,,,,,,,,,,,13,,,,,C03,,,1,,2,,,7,7,1,12,4,120.718278,24.159285,3
3062,66000,387130000C,(04)23274275,(04)23288582,2025,08,8,19,12,臺中市,北屯區,0,0,0,7,,,50,,,,,,,,,,,,,,,,,,,B03,,,1,,1,,,7,7,1,12,4,120.731095,24.177244,3
3063,66000,387130000C,(04)23274275,(04)23288582,2025,08,8,19,12,臺中市,西屯區,0,0,0,7,,3,80,,,,,,,,,,,,,,13,,,,,B03,,,1,,1,,,7,7,1,12,4,120.632609,24.171024,3
3064,66000,387130000C,(04)23274275,(04)23288582,2025,08,8,19,14,臺中市,烏日區,0,0,0,7,1,6,60,13,9,1,5,4,6,6,4,4,1,4,5,1,12,3,10,3,1,B03,7,8,1,8,2,8,,40,40,1,6,4,120.617631,24.105597,3
3065,66000,387130000C,(04)23274275,(04)23288582,2025,08,8,19,15,臺中市,豐原區,0,2,0,7,1,6,50,13,9,1,5,4,6,6,1,1,1,4,5,1,17,2,9,2,1,C03,7,9,1,10,2,12,,84,84,1,13,4,120.728427,24.276946,2
3066,66000,387130000C,(04)23274275,(04)23288582,2025,08,8,19,20,臺中市,南屯區,0,1,0,6,1,6,50,13,9,1,5,4,6,6,4,4,5,4,4,2,17,3,10,3,1,B02,7,6,1,8,2,4,,85,85,1,12,4,120.611719,24.137289,2
3067,66000,387130000C,(04)23274275,(04)23288582,2025,08,8,19,20,臺中市,南屯區,0,0,0,7,,,50,,,,,,,,,,,,,,,,,,,C03,,,1,,2,,,84,84,1,6,4,120.63923,24.148751,3
3068,66000,387130000C,(04)23274275,(04)23288582,2025,08,8,19,20,臺中市,大里區,0,0,0,7,,,50,,,,,,,,,,,,,,,,,,,B03,,,1,,1,,,50,50,1,13,4,120.698568,24.094861,3
3069,66000,387130000C,(04)23274275,(04)23288582,2025,08,8,19,22,臺中市,太平區,0,0,0,7,,,50,,,,,,,,,,,,,,16,,,,,B03,,,1,,1,,,11,11,1,12,4,120.715457,24.151943,3
3070,66000,387130000C,(04)23274275,(04)23288582,2025,08,8,19,25,臺中市,潭子區,0,1,0,6,1,6,30,13,9,1,5,4,6,6,4,4,10,4,5,2,2,2,9,1,1,C03,7,9,1,10,2,11,,59,59,1,12,4,120.701813,24.194401,2
3071,66000,387130000C,(04)23274275,(04)23288582,2025,08,8,19,25,臺中市,南屯區,0,0,0,7,,,50,,,,,,,,,,,,,,,,,,,C03,,,1,,2,,,55,55,1,13,4,120.60846,24.128421,3
3072,66000,387130000C,(04)23274275,(04)23288582,2025,08,8,19,26,臺中市,北區,0,1,0,7,3,6,50,4,1,1,5,4,6,6,1,1,10,5,5,2,18,2,9,5,4,C03,7,9,1,10,2,14,,59,59,1,13,4,120.679924,24.159138,2
3073,66000,387130000C,(04)23274275,(04)23288582,2025,08,8,19,26,臺中市,太平區,0,2,0,7,1,6,30,13,9,1,5,4,3,6,4,4,10,5,5,2,16,2,3,1,1,C04,7,1,5,10,2,11,,51,51,1,12,4,120.713824,24.145859,2
3074,66000,387130000C,(04)23274275,(04)23288582,2025,08,8,19,30,臺中市,北屯區,0,1,0,7,1,6,50,4,1,1,5,4,6,6,2,1,10,5,5,2,16,3,10,3,1,B03,7,5,1,8,2,2,,84,84,1,12,4,120.719066,24.174933,2
3075,66000,387130000C,(04)23274275,(04)23288582,2025,08,8,19,32,臺中市,太平區,0,0,0,7,,,40,,,,,,,,,,,,,,17,,,,,B03,,,1,,1,,,84,84,1,12,4,120.719171,24.149062,3
3076,66000,387130000C,(04)23274275,(04)23288582,2025,08,8,19,39,臺中市,北屯區,0,0,0,7,,,50,,,,,,,,,,,,,,17,,,,,B03,,,1,,2,,,11,11,1,12,4,120.688324,24.177134,3
3077,66000,387130000C,(04)23274275,(04)23288582,2025,08,8,19,43,臺中市,外埔區,0,2,0,7,1,6,30,4,1,1,5,4,6,6,4,4,10,5,5,2,15,2,9,1,1,C03,7,9,1,10,2,11,,15,15,1,12,4,120.680285,24.320921,2
3078,66000,387130000C,(04)23274275,(04)23288582,2025,08,8,19,46,臺中市,潭子區,0,1,0,7,1,3,80,13,9,1,5,4,6,6,4,4,1,4,5,1,13,3,10,3,1,B02,7,9,1,4,2,5,,7,7,1,13,4,120.709739,24.200514,2
3079,66000,387130000C,(04)23274275,(04)23288582,2025,08,8,19,49,臺中市,北屯區,0,0,0,7,,,50,,,,,,,,,,,,,,,,,,,B03,,,1,,2,,,7,7,1,6,4,120.668672,24.178276,3
3080,66000,387130000C,(04)23274275,(04)23288582,2025,08,8,19,50,臺中市,霧峰區,0,0,0,7,,,50,,,,,,,,,,,,,,,,,,,B03,,,1,,2,,,50,50,1,6,4,120.699688,24.070671,3
3081,66000,387130000C,(04)23274275,(04)23288582,2025,08,8,19,52,臺中市,太平區,0,2,0,7,1,6,50,4,1,1,5,4,6,6,2,1,10,5,5,2,16,2,9,1,1,C03,7,6,3,19,2,11,,11,11,1,12,4,120.723431,24.131851,2
3082,66000,387130000C,(04)23274275,(04)23288582,2025,08,8,19,55,臺中市,沙鹿區,0,1,0,7,1,6,50,3,2,1,5,4,6,6,4,4,10,5,5,2,17,3,10,2,1,C03,7,6,1,10,2,16,,4,4,1,6,4,120.565597,24.234733,2
3083,66000,387130000C,(04)23274275,(04)23288582,2025,08,8,19,56,臺中市,西區,0,0,0,7,,,50,,,,,,,,,,,,,,14,,,,,B03,,,1,,1,,,49,49,1,12,4,120.660719,24.146801,3
3084,66000,387130000C,(04)23274275,(04)23288582,2025,08,8,19,56,臺中市,西區,0,1,0,7,2,6,40,13,8,2,5,4,6,6,4,4,5,4,4,2,17,3,10,3,1,B03,7,7,1,8,2,2,,40,40,1,12,4,120.662775,24.161378,2
3085,66000,387130000C,(04)23274275,(04)23288582,2025,08,8,20,2,臺中市,大里區,0,0,0,6,,,50,,,,,,,,,,,,,,17,,,,,B03,,,1,,2,,,84,84,1,13,4,120.682515,24.079164,3
3086,66000,387130000C,(04)23274275,(04)23288582,2025,08,8,20,3,臺中市,西屯區,0,1,0,7,1,6,50,13,7,1,5,4,6,6,4,4,5,4,4,2,17,2,7,5,4,C03,7,9,1,10,2,12,,59,59,1,13,4,120.662391,24.165491,2
3087,66000,387130000C,(04)23274275,(04)23288582,2025,08,8,20,10,臺中市,南屯區,0,1,0,7,1,6,50,3,1,1,5,4,6,6,4,4,10,5,5,2,17,3,10,3,1,B03,7,5,1,8,2,5,,14,14,1,6,4,120.616877,24.153987,2
3088,66000,387130000C,(04)23274275,(04)23288582,2025,08,8,20,12,臺中市,梧棲區,0,0,0,7,,,70,,,,,,,,,,,,,,14,,,,,B12,,,1,,1,,,49,49,1,6,4,120.558085,24.255211,3
3089,66000,387130000C,(04)23274275,(04)23288582,2025,08,8,20,16,臺中市,大雅區,0,0,0,7,,,60,,,,,,,,,,,,,,,,,,,B03,,,1,,1,,,7,7,1,13,4,120.657458,24.23062,3
3090,66000,387130000C,(04)23274275,(04)23288582,2025,08,8,20,18,臺中市,豐原區,0,0,0,7,,,30,,,,,,,,,,,,,,14,,,,,C03,,,3,,2,,,49,49,1,13,4,120.710928,24.246216,4
3091,66000,387130000C,(04)23274275,(04)23288582,2025,08,8,20,18,臺中市,豐原區,0,1,0,7,1,6,50,3,9,1,5,4,6,6,4,4,1,4,5,1,17,2,9,1,1,C03,7,9,1,10,2,11,,84,84,1,6,4,120.72621,24.246509,2
3092,66000,387130000C,(04)23274275,(04)23288582,2025,08,8,20,19,臺中市,北區,0,0,0,7,,,40,,,,,,,,,,,,,,17,,,,,B03,,,1,,1,,,8,8,1,13,4,120.674893,24.159005,3
3093,66000,387130000C,(04)23274275,(04)23288582,2025,08,8,20,19,臺中市,烏日區,0,0,0,6,1,6,50,13,9,2,5,4,6,6,4,4,1,4,5,2,12,3,10,3,1,B03,7,8,1,8,1,2,,8,8,1,6,4,120.616113,24.11386,3
3094,66000,387130000C,(04)23274275,(04)23288582,2025,08,8,20,20,臺中市,太平區,0,1,0,7,3,6,50,3,1,1,5,4,6,6,4,4,5,4,5,1,16,3,10,3,1,B03,7,5,1,8,2,8,,14,14,1,6,4,120.721051,24.152392,2
3095,66000,387130000C,(04)23274275,(04)23288582,2025,08,8,20,22,臺中市,太平區,0,1,0,7,1,6,40,13,9,1,5,3,6,6,4,4,5,5,5,1,18,2,9,2,1,C03,7,9,1,10,2,12,,87,87,1,12,4,120.726985,24.120976,2
3096,66000,387130000C,(04)23274275,(04)23288582,2025,08,8,20,24,臺中市,中區,0,0,0,6,,,50,,,,,,,,,,,,,,,,,,,B03,,,1,,1,,,7,7,1,13,4,120.681701,24.144916,3
3097,66000,387130000C,(04)23274275,(04)23288582,2025,08,8,20,26,臺中市,南屯區,0,1,0,7,1,6,50,4,5,1,5,4,6,6,4,4,1,3,4,2,18,2,9,2,4,C03,7,9,1,10,2,11,14,84,84,1,13,4,120.625179,24.145125,2
3098,66000,387130000C,(04)23274275,(04)23288582,2025,08,8,20,28,臺中市,西區,0,2,0,6,2,6,50,13,9,1,5,4,6,6,4,4,5,5,5,2,17,3,10,3,1,B03,7,6,1,8,2,8,,39,39,1,12,4,120.656925,24.150248,2
3099,66000,387130000C,(04)23274275,(04)23288582,2025,08,8,20,36,臺中市,西屯區,0,0,0,7,,,50,,,,,,,,,,,,,,12,,,,,B03,,,1,,1,,,1,1,1,12,4,120.637762,24.167366,3
3100,66000,387130000C,(04)23274275,(04)23288582,2025,08,8,20,40,臺中市,西屯區,0,0,0,7,,,50,,,,,,,,,,,,,,12,,,,,B03,,,1,,2,,,8,8,1,12,4,120.615673,24.184567,3
3101,66000,387130000C,(04)23274275,(04)23288582,2025,08,8,20,50,臺中市,沙鹿區,0,1,0,7,1,6,50,3,1,1,5,4,6,6,4,4,10,5,5,2,16,2,9,4,1,F01,7,6,7,21,2,12,,14,14,1,6,4,120.565895,24.24328,2
3102,66000,387130000C,(04)23274275,(04)23288582,2025,08,8,20,51,臺中市,南屯區,0,0,0,7,,,40,,,,,,,,,,,,,,,,,,,B03,,,1,,1,,,87,87,1,13,4,120.635793,24.13222,3
3103,66000,387130000C,(04)23274275,(04)23288582,2025,08,8,20,57,臺中市,大里區,0,0,0,7,,,50,,,,,,,,,,,,,,,,,,,,,,,,,,,118,118,1,,,120.699965,24.123625,3
3104,66000,387130000C,(04)23274275,(04)23288582,2025,08,8,20,57,臺中市,太平區,0,1,0,7,1,6,50,3,1,1,5,4,6,6,4,4,10,5,5,2,15,2,9,1,1,C03,7,9,1,10,2,12,14,12,12,1,12,4,120.71222,24.157694,2
3105,66000,387130000C,(04)23274275,(04)23288582,2025,08,8,21,0,臺中市,西區,0,0,0,7,,,50,,,,,,,,,,,,,,,,,,,B01,,,1,,2,,,11,11,1,12,4,120.672718,24.131587,3
3106,66000,387130000C,(04)23274275,(04)23288582,2025,08,8,21,4,臺中市,北屯區,0,1,0,7,1,6,50,4,2,1,5,4,6,6,1,1,3,4,4,2,13,3,10,1,1,C03,7,9,1,10,2,11,,59,59,1,13,4,120.717788,24.159796,2
3107,66000,387130000C,(04)23274275,(04)23288582,2025,08,8,21,8,臺中市,北屯區,0,1,0,7,1,6,50,3,1,1,5,4,6,6,4,4,10,5,5,2,16,3,10,3,1,B01,7,6,1,4,2,1,,14,14,1,12,4,120.695091,24.178668,2
3108,66000,387130000C,(04)23274275,(04)23288582,2025,08,8,21,13,臺中市,南區,0,0,0,7,,,40,,,,,,,,,,,,,,,,,,,B03,,,1,,2,,,84,84,1,13,4,120.667378,24.114641,3
3109,66000,387130000C,(04)23274275,(04)23288582,2025,08,8,21,19,臺中市,霧峰區,0,0,0,7,,,50,,,,,,,,,,,,,,,,,,,B03,,,1,,2,,,84,84,1,13,4,120.696525,24.059959,3
3110,66000,387130000C,(04)23274275,(04)23288582,2025,08,8,21,30,臺中市,北屯區,0,0,0,7,,,50,,,,,,,,,,,,,,,,,,,B02,,,1,,2,,,8,8,1,12,4,120.706836,24.170319,3
3111,66000,387130000C,(04)23274275,(04)23288582,2025,08,8,21,30,臺中市,烏日區,0,0,0,7,,,50,,,,,,,,,,,,,,13,,,,,B03,,,1,,2,,,7,7,1,6,4,120.644885,24.109773,3
3112,66000,387130000C,(04)23274275,(04)23288582,2025,08,8,21,36,臺中市,西區,0,0,0,7,,,50,,,,,,,,,,,,,,17,,,,,B03,,,1,,2,,,84,84,1,12,4,120.673494,24.14773,3
3113,66000,387130000C,(04)23274275,(04)23288582,2025,08,8,21,36,臺中市,西屯區,0,0,0,7,,,50,,,,,,,,,,,,,,14,,,,,B03,,,1,,1,,,49,49,1,13,4,120.62165,24.185896,3
3114,66000,387130000C,(04)23274275,(04)23288582,2025,08,8,21,39,臺中市,南屯區,0,0,0,7,,,50,,,,,,,,,,,,,,,,,,,B03,,,1,,1,,,84,84,1,12,4,120.638938,24.142192,3
3115,66000,387130000C,(04)23274275,(04)23288582,2025,08,8,21,41,臺中市,烏日區,0,0,0,7,1,6,60,13,7,1,5,4,6,6,4,4,1,4,4,2,14,3,10,3,1,B12,7,15,1,8,1,3,,84,84,1,6,4,120.614447,24.106538,3
3116,66000,387130000C,(04)23274275,(04)23288582,2025,08,8,21,45,臺中市,西屯區,0,0,0,7,1,3,80,13,7,1,5,4,6,6,4,4,1,4,5,2,30,,,,,B03,,,1,,9,,,87,87,1,13,4,120.634948,24.179291,3
3117,66000,387130000C,(04)23274275,(04)23288582,2025,08,8,21,53,臺中市,西屯區,0,0,0,7,,,60,,,,,,,,,,,,,,12,,,,,B03,,,1,,1,,,8,8,1,12,4,120.653832,24.160677,3
3118,66000,387130000C,(04)23274275,(04)23288582,2025,08,8,22,2,臺中市,西屯區,0,0,0,7,,,50,,,,,,,,,,,,,,13,,,,,C03,,,1,,1,,,7,7,1,12,4,120.653822,24.156038,3
3119,66000,387130000C,(04)23274275,(04)23288582,2025,08,8,22,7,臺中市,西屯區,0,1,0,7,1,6,50,3,1,1,5,4,6,6,2,1,10,5,5,2,16,2,9,5,4,C03,7,6,1,10,2,13,,48,48,1,13,4,120.650351,24.176591,2
3120,66000,387130000C,(04)23274275,(04)23288582,2025,08,8,22,14,臺中市,北屯區,0,1,0,7,1,6,50,4,1,1,5,4,6,6,1,1,10,5,5,2,17,3,10,3,1,B03,7,5,1,8,2,5,,65,65,1,12,4,120.696897,24.176507,2
3121,66000,387130000C,(04)23274275,(04)23288582,2025,08,8,22,16,臺中市,東區,0,0,0,7,,,50,,,,,,,,,,,,,,,,,,,B01,,,3,,2,,,40,40,1,6,4,120.702185,24.138391,3
3122,66000,387130000C,(04)23274275,(04)23288582,2025,08,8,22,16,臺中市,大里區,0,1,0,7,1,6,50,13,9,1,5,4,6,6,3,1,9,4,4,2,13,2,9,2,1,C03,7,9,1,10,2,11,,7,7,1,12,4,120.680396,24.106757,2
3123,66000,387130000C,(04)23274275,(04)23288582,2025,08,8,22,22,臺中市,北屯區,0,0,0,7,,,30,,,,,,,,,,,,,,,,,,,B03,,,1,,2,,,58,58,1,6,4,120.667749,24.173663,3
3124,66000,387130000C,(04)23274275,(04)23288582,2025,08,8,22,23,臺中市,南區,0,0,0,7,,,50,,,,,,,,,,,,,,13,,,,,B03,,,1,,1,,,84,84,1,6,4,120.661476,24.121735,3
3125,66000,387130000C,(04)23274275,(04)23288582,2025,08,8,22,27,臺中市,大里區,0,2,0,7,2,6,50,13,9,1,5,4,6,6,4,4,9,4,5,2,12,2,9,2,1,C03,7,6,1,10,2,13,,48,48,1,12,4,120.695438,24.103045,2
3126,66000,387130000C,(04)23274275,(04)23288582,2025,08,8,22,36,臺中市,豐原區,0,1,0,7,1,6,50,5,1,1,5,4,6,6,1,1,5,5,4,2,16,3,10,5,4,B03,7,6,1,8,2,1,,11,11,1,13,4,120.717491,24.252038,2
3127,66000,387130000C,(04)23274275,(04)23288582,2025,08,8,22,40,臺中市,烏日區,0,1,0,7,2,6,40,13,8,1,5,4,6,6,4,4,1,4,4,1,18,2,9,1,1,C03,7,9,1,10,2,12,,84,84,1,6,4,120.628518,24.100424,2
3128,66000,387130000C,(04)23274275,(04)23288582,2025,08,8,22,45,臺中市,西屯區,0,0,0,7,,,50,,,,,,,,,,,,,,14,,,,,B03,,,1,,1,,,49,49,1,12,4,120.645388,24.178703,3
3129,66000,387130000C,(04)23274275,(04)23288582,2025,08,8,22,57,臺中市,北區,0,0,0,7,,,50,,,,,,,,,,,,,,15,,,,,C03,,,1,,1,,,24,24,1,13,4,120.697361,24.156714,3
3130,66000,387130000C,(04)23274275,(04)23288582,2025,08,8,22,57,臺中市,大肚區,0,0,0,7,1,6,50,13,9,1,5,4,6,6,4,4,9,5,5,1,13,3,10,3,1,B03,7,9,1,8,2,8,,7,7,1,6,4,120.573675,24.158152,3
3131,66000,387130000C,(04)23274275,(04)23288582,2025,08,8,23,0,臺中市,神岡區,0,1,0,6,1,6,40,13,7,1,5,2,6,6,4,4,5,4,4,2,18,2,9,5,4,C03,7,9,2,19,2,16,,59,59,1,12,4,120.700017,24.279272,2
3132,66000,387130000C,(04)23274275,(04)23288582,2025,08,8,23,9,臺中市,南區,0,0,0,7,,,50,,,,,,,,,,,,,,17,,,,,B03,,,1,,1,,,7,7,1,12,4,120.666824,24.119158,3
3133,66000,387130000C,(04)23274275,(04)23288582,2025,08,8,23,11,臺中市,西屯區,0,0,0,7,,,40,,,,,,,,,,,,,,13,,,,,B03,,,1,,1,,,59,59,1,13,4,120.638793,24.169097,3
3134,66000,387130000C,(04)23274275,(04)23288582,2025,08,8,23,15,臺中市,西區,0,1,0,7,1,6,50,4,1,1,5,4,6,6,4,4,10,5,5,2,30,2,9,1,1,C03,7,9,1,10,2,12,13,7,7,1,12,4,120.673982,24.147122,2
3135,66000,387130000C,(04)23274275,(04)23288582,2025,08,8,23,40,臺中市,北屯區,0,1,0,7,1,3,80,13,9,1,5,4,6,6,4,4,1,4,5,2,12,2,1,5,1,B03,7,9,5,19,2,8,,84,84,1,6,4,120.722235,24.186213,2
3136,66000,387130000C,(04)23274275,(04)23288582,2025,08,9,0,25,臺中市,太平區,0,1,0,7,1,6,50,4,2,1,5,4,6,6,2,1,5,2,5,2,13,3,10,5,4,B02,7,6,1,8,2,8,,84,84,1,12,4,120.717252,24.15886,2
3137,66000,387130000C,(04)23274275,(04)23288582,2025,08,9,0,31,臺中市,潭子區,0,1,0,7,1,6,50,4,2,1,5,4,6,6,2,1,3,4,5,1,17,2,9,1,1,C03,7,9,1,10,2,11,,84,84,1,12,4,120.687936,24.21575,2
3138,66000,387130000C,(04)23274275,(04)23288582,2025,08,9,0,53,臺中市,西區,0,0,0,7,,,40,,,,,,,,,,,,,,,,,,,B03,,,1,,2,,,49,49,1,12,4,120.654955,24.14869,3
3139,66000,387130000C,(04)23274275,(04)23288582,2025,08,9,1,10,臺中市,南屯區,0,0,0,7,1,6,50,5,1,1,5,4,6,6,1,1,5,4,5,2,15,,,,,C03,,,1,,2,,,21,21,1,12,4,120.628609,24.140148,3
3140,66000,387130000C,(04)23274275,(04)23288582,2025,08,9,1,13,臺中市,西屯區,0,0,0,7,,,40,,,,,,,,,,,,,,14,,,,,B03,,,1,,2,,,49,49,1,13,4,120.643279,24.170309,4
3141,66000,387130000C,(04)23274275,(04)23288582,2025,08,9,1,19,臺中市,東區,0,1,0,7,1,6,50,4,1,1,5,4,6,6,1,1,10,5,5,2,15,2,9,6,1,F01,7,9,7,21,2,11,,21,21,1,12,4,120.701469,24.138924,2
3142,66000,387130000C,(04)23274275,(04)23288582,2025,08,9,1,50,臺中市,龍井區,0,0,0,7,,,50,,,,,,,,,,,,,,,,,,,B03,,,1,,2,,,59,59,1,6,4,120.549443,24.208013,3
3143,66000,387130000C,(04)23274275,(04)23288582,2025,08,9,2,12,臺中市,北區,0,1,0,7,1,6,50,5,1,1,5,4,6,6,1,1,10,5,5,2,17,3,10,5,4,B03,7,12,1,8,2,1,,84,84,1,13,4,120.682189,24.16487,2
3144,66000,387130000C,(04)23274275,(04)23288582,2025,08,9,2,29,臺中市,東區,0,0,0,7,,,50,,,,,,,,,,,,,,,,,,,C03,,,1,,9,,,8,8,1,6,4,120.694759,24.129353,4
3145,66000,387130000C,(04)23274275,(04)23288582,2025,08,9,5,3,臺中市,大里區,0,1,0,7,1,6,50,4,1,1,5,4,6,6,2,1,1,4,4,1,18,2,9,1,1,C03,7,12,1,10,2,12,,43,43,1,13,4,120.696921,24.111609,2
3146,66000,387130000C,(04)23274275,(04)23288582,2025,08,9,6,45,臺中市,大雅區,0,0,0,7,,,30,,,,,,,,,,,,,,,,,,,B03,,,1,,1,,,49,49,1,13,4,120.640835,24.232649,3