﻿序號,縣市別代碼,機關代碼,市話,傳真,年,月,日,時,分,縣市,區,死亡數量,受傷數量,2-30,天候,道路照明設備,道路類別,道路速限,道路型態,事故位置,路面鋪裝,路面狀態,路面缺陷,障礙物,視距,號誌種類,號誌動作,分向設施,快車道或一般車道間,快慢車道間,路面邊線,事故類型及型態,受傷程度,主要傷處,保護裝備,行動電話或功能裝置,當事者區分_類別,車輛用途,當事者行動狀態,駕照狀態,駕照種類,飲酒情形,車輛撞擊部位最初,車輛撞擊部位其他,肇事因素個別,肇事因素主要,肇事逃逸,職業,共享經濟或外送平台,GPS座標X,GPS座標Y,事故類別
3147,66000,387130000C,(04)23274275,(04)23288582,2025,08,9,6,52,臺中市,北屯區,0,1,0,7,2,6,50,4,1,1,5,4,6,6,2,1,10,5,5,2,12,3,10,1,1,C03,7,15,3,19,2,12,,84,84,1,6,4,120.686582,24.201323,2
3148,66000,387130000C,(04)23274275,(04)23288582,2025,08,9,7,2,臺中市,潭子區,0,1,0,7,3,6,30,13,9,1,5,4,6,6,4,4,10,5,5,2,2,3,10,2,1,C03,7,9,1,10,2,11,,84,84,1,13,4,120.703105,24.210072,2
3149,66000,387130000C,(04)23274275,(04)23288582,2025,08,9,7,5,臺中市,大雅區,0,1,0,7,3,6,30,5,1,1,5,4,6,6,1,1,8,5,5,2,17,3,10,3,4,B03,7,6,1,8,2,5,,84,84,1,13,4,120.650814,24.227002,2
3150,66000,387130000C,(04)23274275,(04)23288582,2025,08,9,7,18,臺中市,北屯區,0,0,0,7,,,50,,,,,,,,,,,,,,13,,,,,C03,,,1,8,2,,,59,59,1,12,4,120.722559,24.161416,3
3151,66000,387130000C,(04)23274275,(04)23288582,2025,08,9,7,24,臺中市,大里區,0,0,0,7,,,50,,,,,,,,,,,,,,17,,,,,C03,,,1,,2,,,59,59,1,12,4,120.677314,24.098788,3
3152,66000,387130000C,(04)23274275,(04)23288582,2025,08,9,7,29,臺中市,北屯區,0,2,0,7,2,6,50,3,9,1,5,4,6,1,4,4,10,5,5,2,17,2,8,1,1,C03,7,1,1,11,2,14,,51,51,1,12,4,120.664796,24.19211,2
3153,66000,387130000C,(04)23274275,(04)23288582,2025,08,9,7,30,臺中市,西屯區,0,0,0,7,,,50,,,,,,,,,,,,,,13,,,,,B03,,,1,,2,,,7,7,1,12,4,120.649763,24.163006,3
3154,66000,387130000C,(04)23274275,(04)23288582,2025,08,9,7,35,臺中市,豐原區,0,1,0,7,3,6,50,13,9,1,5,4,6,6,4,4,5,2,5,1,17,3,10,5,4,B03,7,1,1,8,2,8,,51,51,1,12,4,120.72427,24.225893,2
3155,66000,387130000C,(04)23274275,(04)23288582,2025,08,9,7,40,臺中市,大雅區,0,1,0,7,2,6,30,3,1,1,5,4,6,6,4,4,5,4,4,1,16,2,8,2,1,C03,7,6,1,10,2,11,,14,14,1,13,4,120.643335,24.22007,2
3156,66000,387130000C,(04)23274275,(04)23288582,2025,08,9,7,50,臺中市,霧峰區,0,0,0,7,,,50,,,,,,,,,,,,,,12,,,,,B03,,,1,,1,,,50,50,1,12,4,120.698734,24.065888,3
3157,66000,387130000C,(04)23274275,(04)23288582,2025,08,9,8,6,臺中市,烏日區,0,0,0,7,,,50,,,,,,,,,,,,,,13,,,,,C03,,,1,,1,,,7,7,1,12,4,120.607275,24.122308,3
3158,66000,387130000C,(04)23274275,(04)23288582,2025,08,9,8,8,臺中市,中區,0,0,0,7,,,50,,,,,,,,,,,,,,,,,,,B03,,,5,,11,,,49,49,1,12,4,120.675083,24.143495,3
3159,66000,387130000C,(04)23274275,(04)23288582,2025,08,9,8,11,臺中市,南屯區,0,0,0,7,,,50,,,,,,,,,,,,,,17,,,,,B03,,,1,,1,,,40,40,1,12,4,120.62267,24.140394,3
3160,66000,387130000C,(04)23274275,(04)23288582,2025,08,9,8,12,臺中市,龍井區,0,0,0,7,,,50,,,,,,,,,,,,,,,,,,,B03,,,1,,2,,,49,49,1,6,4,120.542876,24.218395,3
3161,66000,387130000C,(04)23274275,(04)23288582,2025,08,9,8,20,臺中市,東區,0,0,0,7,,,50,,,,,,,,,,,,,,13,,,,,B03,,,1,,9,,,55,55,1,12,4,120.699049,24.138886,3
3162,66000,387130000C,(04)23274275,(04)23288582,2025,08,9,8,21,臺中市,大里區,0,2,0,7,3,6,40,4,2,1,5,4,6,6,1,1,1,3,4,2,12,2,9,1,1,C03,7,10,1,10,2,14,,84,84,1,12,4,120.679337,24.116637,2
3163,66000,387130000C,(04)23274275,(04)23288582,2025,08,9,8,25,臺中市,霧峰區,0,1,0,7,2,6,50,4,1,1,5,4,6,6,4,4,10,5,5,2,16,3,10,3,1,B03,7,11,1,8,2,7,,45,45,1,12,4,120.711031,24.076932,2
3164,66000,387130000C,(04)23274275,(04)23288582,2025,08,9,8,30,臺中市,北屯區,0,1,0,7,3,6,50,13,9,1,5,4,6,6,4,4,1,4,5,2,30,2,9,1,1,C03,7,9,1,10,2,11,,54,54,1,12,4,120.691345,24.182284,2
3165,66000,387130000C,(04)23274275,(04)23288582,2025,08,9,8,30,臺中市,西屯區,0,0,0,7,,,40,,,,,,,,,,,,,,13,,,,,C03,,,1,,2,,,7,7,1,12,4,120.61664,24.182272,4
3166,66000,387130000C,(04)23274275,(04)23288582,2025,08,9,8,34,臺中市,豐原區,0,0,0,7,,,50,,,,,,,,,,,,,,17,,,,,B03,,,1,,2,,,43,43,1,13,4,120.700868,24.249244,3
3167,66000,387130000C,(04)23274275,(04)23288582,2025,08,9,8,35,臺中市,西屯區,0,0,0,7,3,6,50,13,9,1,5,4,6,6,4,4,7,5,5,2,12,,,,,B12,,,1,,1,,,82,82,1,12,4,120.617907,24.176763,3
3168,66000,387130000C,(04)23274275,(04)23288582,2025,08,9,8,37,臺中市,南屯區,0,0,0,7,,,60,,,,,,,,,,,,,,12,,,,,C03,,,1,,1,,,35,35,1,12,4,120.652966,24.140435,3
3169,66000,387130000C,(04)23274275,(04)23288582,2025,08,9,8,40,臺中市,北屯區,0,1,0,7,2,6,50,13,7,1,5,4,6,6,4,4,1,4,4,2,13,3,10,1,1,C03,7,9,1,10,2,11,,7,7,1,6,4,120.685742,24.178992,2
3170,66000,387130000C,(04)23274275,(04)23288582,2025,08,9,8,41,臺中市,霧峰區,0,0,0,7,,,50,,,,,,,,,,,,,,13,,,,,B03,,,1,,2,,,59,59,1,12,4,120.699058,24.068562,3
3171,66000,387130000C,(04)23274275,(04)23288582,2025,08,9,8,42,臺中市,東區,0,2,0,7,2,6,50,13,9,1,5,4,6,6,2,1,1,4,5,2,13,2,9,2,1,C03,7,9,1,10,2,11,12,84,84,1,12,4,120.690263,24.138458,2
3172,66000,387130000C,(04)23274275,(04)23288582,2025,08,9,8,43,臺中市,東區,0,2,0,7,2,6,50,4,1,1,5,4,6,6,2,1,10,5,5,2,17,2,9,1,1,C03,7,4,1,10,2,12,,7,7,1,12,4,120.706401,24.132309,2
3173,66000,387130000C,(04)23274275,(04)23288582,2025,08,9,8,49,臺中市,北區,0,1,0,7,2,6,50,13,9,1,5,4,6,6,4,4,2,4,5,2,17,3,10,3,1,B03,7,1,1,8,2,8,,51,51,1,12,4,120.682719,24.147104,2
3174,66000,387130000C,(04)23274275,(04)23288582,2025,08,9,8,50,臺中市,南區,0,1,0,7,3,6,50,4,1,1,5,4,6,6,2,1,3,5,5,2,12,3,10,2,1,C03,7,10,1,10,9,12,,42,42,1,6,4,120.658228,24.117583,2
3175,66000,387130000C,(04)23274275,(04)23288582,2025,08,9,8,50,臺中市,霧峰區,0,2,0,7,2,6,30,3,1,1,5,4,6,6,4,4,10,5,5,2,17,2,9,1,1,C03,7,11,1,10,2,11,,20,20,1,6,4,120.672752,24.064365,2
3176,66000,387130000C,(04)23274275,(04)23288582,2025,08,9,8,51,臺中市,大肚區,0,0,0,7,,,50,,,,,,,,,,,,,,13,,,,,B03,,,1,,1,,,84,84,1,6,4,120.557773,24.127102,3
3177,66000,387130000C,(04)23274275,(04)23288582,2025,08,9,8,51,臺中市,豐原區,0,1,0,7,2,6,50,13,9,1,5,4,6,6,4,4,1,2,5,1,13,2,8,1,1,C03,7,9,1,10,2,11,,59,59,1,13,4,120.745215,24.264985,2
3178,66000,387130000C,(04)23274275,(04)23288582,2025,08,9,8,53,臺中市,西屯區,0,0,0,7,,,50,,,,,,,,,,,,,,13,,,,,B02,,,1,,1,,,59,59,1,12,4,120.649575,24.163046,3
3179,66000,387130000C,(04)23274275,(04)23288582,2025,08,9,9,8,臺中市,龍井區,0,1,0,7,3,6,30,3,2,1,5,4,6,6,4,4,5,4,5,2,16,3,10,3,1,B03,7,6,1,8,2,8,,14,14,1,6,4,120.54902,24.21166,2
3180,66000,387130000C,(04)23274275,(04)23288582,2025,08,9,9,10,臺中市,南屯區,0,0,0,7,,,50,,,,,,,,,,,,,,13,,,,,C03,,,1,,1,,,34,34,1,12,4,120.627254,24.117183,3
3181,66000,387130000C,(04)23274275,(04)23288582,2025,08,9,9,10,臺中市,沙鹿區,0,0,0,7,2,6,50,13,9,1,5,4,6,6,4,4,4,,4,2,14,,,,,B01,,,1,,2,,,49,49,1,12,4,120.557485,24.234001,3
3182,66000,387130000C,(04)23274275,(04)23288582,2025,08,9,9,10,臺中市,沙鹿區,0,0,0,7,,,30,,,,,,,,,,,,,,17,,,,,B03,,,1,,2,,,8,8,1,6,4,120.598222,24.218178,3
3183,66000,387130000C,(04)23274275,(04)23288582,2025,08,9,9,13,臺中市,南區,0,2,0,7,3,6,50,3,2,1,5,4,6,6,4,4,4,4,4,2,12,2,9,2,1,C03,7,4,1,10,2,14,,1,1,1,6,4,120.67161,24.114889,2
3184,66000,387130000C,(04)23274275,(04)23288582,2025,08,9,9,14,臺中市,大里區,0,1,0,7,3,6,40,8,7,1,5,4,6,6,1,1,1,4,4,2,17,2,8,1,1,C03,7,15,1,10,2,14,,82,82,1,12,4,120.69742,24.111117,2
3185,66000,387130000C,(04)23274275,(04)23288582,2025,08,9,9,15,臺中市,東區,0,2,0,7,2,6,50,13,9,1,5,4,6,6,4,4,5,5,5,2,12,2,9,2,1,C03,7,1,1,10,2,12,,39,39,1,12,4,120.688378,24.133791,2
3186,66000,387130000C,(04)23274275,(04)23288582,2025,08,9,9,18,臺中市,南屯區,0,0,0,7,,,50,,,,,,,,,,,,,,17,,,,,B03,,,1,,1,,,10,10,1,12,4,120.649983,24.133345,3
3187,66000,387130000C,(04)23274275,(04)23288582,2025,08,9,9,20,臺中市,烏日區,0,0,0,7,,,50,,,,,,,,,,,,,,12,,,,,B03,,,1,,1,,,8,8,1,6,4,120.618653,24.116269,3
3188,66000,387130000C,(04)23274275,(04)23288582,2025,08,9,9,25,臺中市,北屯區,0,0,0,7,,3,80,,,,,,,,,,,,,,13,,,,,B03,,,1,,1,,,84,84,1,12,4,120.722469,24.187323,3
3189,66000,387130000C,(04)23274275,(04)23288582,2025,08,9,9,27,臺中市,龍井區,0,2,0,7,2,6,30,4,1,1,5,4,6,6,4,4,10,5,5,2,15,2,9,3,1,B03,7,9,1,8,2,8,,12,12,1,6,4,120.516083,24.213275,2
3190,66000,387130000C,(04)23274275,(04)23288582,2025,08,9,9,29,臺中市,東區,0,1,0,7,2,6,50,4,1,1,5,4,6,6,1,1,10,5,5,2,17,2,9,1,1,C03,7,9,1,10,2,12,,84,84,1,12,4,120.694266,24.142111,2
3191,66000,387130000C,(04)23274275,(04)23288582,2025,08,9,9,30,臺中市,南區,0,0,0,7,1,6,,13,9,1,5,4,6,6,4,4,9,4,5,2,30,,,,,,,,,,,,,87,87,1,,,120.646336,24.120207,3
3192,66000,387130000C,(04)23274275,(04)23288582,2025,08,9,9,33,臺中市,北屯區,0,2,0,7,3,6,50,4,1,1,5,4,6,6,1,1,10,5,5,2,16,2,7,1,1,C03,7,6,1,10,2,12,,11,11,1,12,4,120.672566,24.181009,2
3193,66000,387130000C,(04)23274275,(04)23288582,2025,08,9,9,34,臺中市,烏日區,0,0,0,7,,,50,,,,,,,,,,,,,,13,,,,,B03,,,1,,1,,,84,84,1,12,4,120.614757,24.117967,3
3194,66000,387130000C,(04)23274275,(04)23288582,2025,08,9,9,35,臺中市,太平區,0,1,0,7,2,6,50,3,1,1,5,4,6,6,1,1,10,5,5,2,14,3,10,3,1,B03,7,2,1,8,2,7,,49,49,1,12,4,120.7288,24.096435,2
3195,66000,387130000C,(04)23274275,(04)23288582,2025,08,9,9,36,臺中市,西屯區,0,0,0,7,,,50,,,,,,,,,,,,,,13,,,,,B03,,,1,,1,,,59,59,1,12,4,120.644375,24.194496,3
3196,66000,387130000C,(04)23274275,(04)23288582,2025,08,9,9,37,臺中市,后里區,0,1,0,7,2,6,50,3,2,1,5,4,6,6,1,1,1,4,4,1,17,3,10,3,1,B03,7,9,1,8,2,5,,7,7,1,12,4,120.723658,24.297713,2
3197,66000,387130000C,(04)23274275,(04)23288582,2025,08,9,9,38,臺中市,北屯區,0,0,0,7,,,50,,,,,,,,,,,,,,13,,,,,B12,,,1,,2,,,58,58,1,6,4,120.686376,24.203338,3
3198,66000,387130000C,(04)23274275,(04)23288582,2025,08,9,9,43,臺中市,豐原區,0,1,0,7,3,6,50,5,1,1,5,4,6,6,1,1,5,4,4,1,17,3,10,1,4,C03,7,9,1,10,2,16,,21,21,1,12,4,120.711644,24.239725,2
3199,66000,387130000C,(04)23274275,(04)23288582,2025,08,9,9,45,臺中市,東區,0,1,0,7,1,6,50,4,1,1,5,4,6,6,1,1,5,4,4,2,13,2,8,1,1,C03,7,15,1,10,2,11,,84,84,1,12,4,120.69434,24.146348,2
3200,66000,387130000C,(04)23274275,(04)23288582,2025,08,9,9,46,臺中市,霧峰區,0,1,0,7,3,6,50,4,2,1,5,4,6,6,1,1,1,3,5,1,12,3,10,1,1,C03,7,9,5,19,2,13,,72,72,1,12,4,120.696627,24.070157,2
3201,66000,387130000C,(04)23274275,(04)23288582,2025,08,9,9,47,臺中市,烏日區,0,0,0,7,,,50,,,,,,,,,,,,,,12,,,,,B01,,,1,,1,,,26,26,1,6,4,120.616844,24.116186,3
3202,66000,387130000C,(04)23274275,(04)23288582,2025,08,9,9,49,臺中市,南屯區,0,0,0,7,,,60,,,,,,,,,,,,,,13,,,,,C03,,,1,,2,,,59,59,1,12,4,120.64989,24.146809,4
3203,66000,387130000C,(04)23274275,(04)23288582,2025,08,9,9,50,臺中市,清水區,0,0,0,7,,,50,,,,,,,,,,,,,,,,,,,B03,,,1,,2,,,20,20,1,12,4,120.577799,24.271153,3
3204,66000,387130000C,(04)23274275,(04)23288582,2025,08,9,9,52,臺中市,大里區,0,1,0,7,2,6,50,3,1,1,5,4,6,6,4,4,10,5,5,2,16,2,9,1,1,C03,7,6,1,10,2,12,,14,14,1,12,4,120.7053,24.085337,2
3205,66000,387130000C,(04)23274275,(04)23288582,2025,08,9,9,56,臺中市,西區,0,1,0,7,2,6,50,13,9,1,5,4,1,6,4,4,1,4,5,2,29,2,9,1,1,C03,7,9,1,10,2,11,,85,85,1,6,4,120.670767,24.145322,2
3206,66000,387130000C,(04)23274275,(04)23288582,2025,08,9,9,59,臺中市,西區,0,0,0,7,,,50,,,,,,,,,,,,,,13,,,,,B02,,,1,,1,,,84,84,1,12,4,120.669804,24.148412,3
3207,66000,387130000C,(04)23274275,(04)23288582,2025,08,9,10,2,臺中市,大肚區,0,0,0,7,,,50,,,,,,,,,,,,,,12,,,,,C03,,,1,,2,,,8,8,1,12,4,120.57978,24.170646,3
3208,66000,387130000C,(04)23274275,(04)23288582,2025,08,9,10,4,臺中市,西屯區,0,0,0,7,,,50,,,,,,,,,,,,,,13,,,,,B03,,,1,,1,,,59,59,1,12,4,120.635412,24.171405,3
3209,66000,387130000C,(04)23274275,(04)23288582,2025,08,9,10,13,臺中市,西區,0,1,0,7,1,6,50,4,1,1,5,4,6,6,4,4,10,5,5,2,13,2,9,5,4,C03,7,9,1,10,2,11,,84,84,1,12,4,120.679119,24.13716,2
3210,66000,387130000C,(04)23274275,(04)23288582,2025,08,9,10,14,臺中市,烏日區,0,1,0,7,2,6,50,4,1,1,5,4,6,6,1,1,10,5,5,2,17,3,10,5,4,B03,7,6,1,8,2,6,,11,11,1,6,4,120.624964,24.106272,2
3211,66000,387130000C,(04)23274275,(04)23288582,2025,08,9,10,15,臺中市,太平區,0,1,0,7,3,6,30,4,1,1,5,4,6,6,4,4,10,5,5,2,16,3,10,3,1,B03,7,6,1,11,2,1,,12,12,1,12,4,120.723881,24.12982,2
3212,66000,387130000C,(04)23274275,(04)23288582,2025,08,9,10,19,臺中市,潭子區,0,1,0,7,3,6,30,3,1,1,5,4,6,6,4,4,10,5,5,2,17,2,9,2,1,C03,7,6,3,19,2,12,,14,14,1,13,4,120.708269,24.210297,2
3213,66000,387130000C,(04)23274275,(04)23288582,2025,08,9,10,25,臺中市,北屯區,0,0,0,7,,,50,,,,,,,,,,,,,,17,,,,,B03,,,1,,9,,,51,51,1,12,4,120.685977,24.186468,3
3214,66000,387130000C,(04)23274275,(04)23288582,2025,08,9,10,29,臺中市,神岡區,0,1,0,7,2,6,30,4,1,1,5,4,6,6,4,4,10,5,5,2,15,2,9,5,4,C03,7,9,1,10,2,11,,15,15,1,13,4,120.659574,24.259464,2
3215,66000,387130000C,(04)23274275,(04)23288582,2025,08,9,10,31,臺中市,豐原區,0,0,0,7,,,50,,,,,,,,,,,,,,13,,,,,B03,,,1,,1,,,59,59,1,13,4,120.708428,24.250451,3
3216,66000,387130000C,(04)23274275,(04)23288582,2025,08,9,10,35,臺中市,西區,0,0,0,6,,,50,,,,,,,,,,,,,,17,,,,,C03,,,1,,9,,,1,1,1,11,4,120.662224,24.158471,3
3217,66000,387130000C,(04)23274275,(04)23288582,2025,08,9,10,36,臺中市,烏日區,0,3,0,7,2,6,30,4,1,1,5,4,6,6,4,4,10,5,5,2,15,2,9,2,1,C03,7,9,1,10,2,11,,12,12,1,6,4,120.635036,24.110405,2
3218,66000,387130000C,(04)23274275,(04)23288582,2025,08,9,10,37,臺中市,豐原區,0,0,0,7,,,50,,,,,,,,,,,,,,14,,,,,B03,,,1,,2,,,49,49,1,13,4,120.699212,24.2478,3
3219,66000,387130000C,(04)23274275,(04)23288582,2025,08,9,10,42,臺中市,西屯區,0,1,0,7,2,6,50,13,9,1,5,4,6,6,4,4,1,4,5,2,13,2,9,2,1,C03,7,9,1,10,2,11,,7,7,1,12,4,120.660205,24.201313,2
3220,66000,387130000C,(04)23274275,(04)23288582,2025,08,9,10,45,臺中市,龍井區,0,1,0,7,2,6,50,4,1,1,5,4,6,6,1,1,10,5,5,2,17,2,9,2,1,C03,7,1,1,10,2,15,,51,51,1,6,4,120.551665,24.213057,2
3221,66000,387130000C,(04)23274275,(04)23288582,2025,08,9,10,45,臺中市,沙鹿區,0,1,0,7,2,6,50,13,8,1,5,4,6,6,4,4,1,3,4,2,12,3,10,3,1,B03,7,5,1,8,2,2,,47,47,1,12,4,120.564709,24.232716,2
3222,66000,387130000C,(04)23274275,(04)23288582,2025,08,9,10,47,臺中市,北屯區,0,1,0,7,2,6,50,3,1,1,5,4,6,6,4,4,10,5,5,2,18,2,9,1,1,C03,7,9,3,19,2,12,,5,5,1,6,4,120.688099,24.174922,2
3223,66000,387130000C,(04)23274275,(04)23288582,2025,08,9,10,49,臺中市,北屯區,0,1,0,7,2,6,50,4,1,1,5,4,6,6,2,1,10,5,5,2,16,3,10,3,1,B03,7,6,1,8,2,6,,25,25,1,12,4,120.695377,24.164938,2
3224,66000,387130000C,(04)23274275,(04)23288582,2025,08,9,10,51,臺中市,東區,0,0,0,7,,,50,,,,,,,,,,,,,,17,,,,,B03,,,1,,1,,,87,87,1,12,4,120.70447,24.142728,3
3225,66000,387130000C,(04)23274275,(04)23288582,2025,08,9,10,56,臺中市,豐原區,0,1,0,7,3,6,50,13,8,1,5,4,6,6,4,4,5,5,4,2,17,3,10,5,4,B03,7,7,1,8,2,2,,40,40,1,12,4,120.744498,24.257381,2
3226,66000,387130000C,(04)23274275,(04)23288582,2025,08,9,10,57,臺中市,清水區,0,0,0,7,,,90,,,,,,,,,,,,,,,,,,,A12,,,1,,2,,,75,75,1,12,4,120.556518,24.305638,3
3227,66000,387130000C,(04)23274275,(04)23288582,2025,08,9,11,0,臺中市,東區,0,1,0,7,1,6,50,4,1,1,5,4,6,6,1,1,10,5,5,2,17,3,10,3,1,B03,7,5,1,3,2,2,,84,84,1,12,4,120.692483,24.147958,2
3228,66000,387130000C,(04)23274275,(04)23288582,2025,08,9,11,0,臺中市,大肚區,0,0,0,7,,,50,,,,,,,,,,,,,,12,,,,,A11,,,1,,2,,,40,40,1,6,4,120.556285,24.128723,3
3229,66000,387130000C,(04)23274275,(04)23288582,2025,08,9,11,1,臺中市,大里區,0,3,0,7,2,6,50,13,9,1,5,4,6,6,4,4,5,4,5,2,17,2,9,1,1,C03,7,9,1,10,2,11,,7,7,1,12,4,120.683137,24.115084,2
3230,66000,387130000C,(04)23274275,(04)23288582,2025,08,9,11,4,臺中市,大安區,0,1,0,7,3,6,50,11,9,1,5,4,6,6,4,4,10,5,5,1,27,2,9,2,1,C03,7,9,1,10,2,11,,59,59,1,6,4,120.592785,24.362624,2
3231,66000,387130000C,(04)23274275,(04)23288582,2025,08,9,11,5,臺中市,北屯區,0,0,0,7,,,40,,,,,,,,,,,,,,,,,,,B03,,,1,,1,,,51,51,1,12,4,120.687708,24.183302,3
3232,66000,387130000C,(04)23274275,(04)23288582,2025,08,9,11,6,臺中市,西屯區,0,0,0,7,3,3,80,13,9,1,5,4,6,6,4,4,1,4,5,1,12,,,,,A32,,,1,,2,,,40,40,1,12,4,120.65728,24.200219,3
3233,66000,387130000C,(04)23274275,(04)23288582,2025,08,9,11,10,臺中市,西區,0,0,0,7,,,60,,,,,,,,,,,,,,,,,,,B03,,,1,,1,,,26,26,1,6,4,120.659875,24.156978,3
3234,66000,387130000C,(04)23274275,(04)23288582,2025,08,9,11,10,臺中市,清水區,0,1,0,7,3,6,60,13,9,1,5,4,6,6,4,4,1,4,5,1,13,2,9,2,1,C03,7,9,1,10,2,11,,84,84,1,12,4,120.551967,24.292599,2
3235,66000,387130000C,(04)23274275,(04)23288582,2025,08,9,11,10,臺中市,豐原區,0,0,0,7,,,50,,,,,,,,,,,,,,17,,,,,B03,,,1,,2,,,7,7,1,13,4,120.699207,24.248976,3
3236,66000,387130000C,(04)23274275,(04)23288582,2025,08,9,11,10,臺中市,豐原區,0,1,0,7,2,6,30,13,9,1,5,4,6,6,4,4,10,5,5,2,14,3,10,5,4,B03,7,2,1,8,2,3,,49,49,1,13,4,120.729898,24.244825,2
3237,66000,387130000C,(04)23274275,(04)23288582,2025,08,9,11,14,臺中市,北屯區,0,2,0,7,2,6,50,3,1,1,5,4,6,6,1,1,10,5,5,2,16,2,9,3,1,B01,7,11,1,8,2,2,,85,85,1,12,4,120.714875,24.182205,2
3238,66000,387130000C,(04)23274275,(04)23288582,2025,08,9,11,18,臺中市,大里區,0,0,0,7,,,50,,,,,,,,,,,,,,13,,,,,B03,,,1,,1,,,59,59,1,12,4,120.695544,24.084633,3
3239,66000,387130000C,(04)23274275,(04)23288582,2025,08,9,11,22,臺中市,大里區,0,1,0,7,2,6,30,3,9,1,5,4,6,6,4,4,10,5,5,2,16,3,10,1,1,C03,7,5,1,10,1,14,,14,14,1,6,4,120.694653,24.089888,2
3240,66000,387130000C,(04)23274275,(04)23288582,2025,08,9,11,25,臺中市,北屯區,0,0,0,7,,,50,,,,,,,,,,,,,,12,,,,,B03,,,1,,2,,,84,84,1,12,4,120.686343,24.186714,3
3241,66000,387130000C,(04)23274275,(04)23288582,2025,08,9,11,26,臺中市,北區,0,1,0,7,2,6,50,13,9,1,5,4,6,6,4,4,8,3,5,2,17,3,10,3,1,B03,7,1,1,8,2,8,,39,39,1,13,4,120.675408,24.159302,2
3242,66000,387130000C,(04)23274275,(04)23288582,2025,08,9,11,28,臺中市,西區,0,0,0,7,,,50,,,,,,,,,,,,,,17,,,,,B03,,,1,,1,,,7,7,1,12,4,120.655755,24.134696,3
3243,66000,387130000C,(04)23274275,(04)23288582,2025,08,9,11,29,臺中市,西區,0,0,0,7,,,50,,,,,,,,,,,,,,,,,,,B03,,,1,,2,,,8,8,1,12,4,120.658712,24.135986,3
3244,66000,387130000C,(04)23274275,(04)23288582,2025,08,9,11,30,臺中市,西區,0,0,0,7,,,50,,,,,,,,,,,,,,,,,,,B03,,,1,,2,,,51,51,1,12,4,120.659773,24.146823,3
3245,66000,387130000C,(04)23274275,(04)23288582,2025,08,9,11,30,臺中市,清水區,0,0,0,7,,,50,,,,,,,,,,,,,,17,,,,,B03,,,1,,2,,,84,84,1,12,4,120.57752,24.271341,3
3246,66000,387130000C,(04)23274275,(04)23288582,2025,08,9,11,33,臺中市,西屯區,0,0,0,7,,3,80,,,,,,,,,,,,,,13,,,,,B03,,,1,,1,,,7,7,1,12,4,120.655768,24.199964,3
3247,66000,387130000C,(04)23274275,(04)23288582,2025,08,9,11,34,臺中市,北屯區,0,0,0,7,,,60,,,,,,,,,,,,,,12,,,,,B03,,,1,,2,,,40,40,1,12,4,120.664156,24.200548,3
3248,66000,387130000C,(04)23274275,(04)23288582,2025,08,9,11,35,臺中市,南屯區,0,0,0,7,,,50,,,,,,,,,,,,,,12,,,,,B03,,,1,,1,,,40,40,1,6,4,120.613859,24.154002,3
3249,66000,387130000C,(04)23274275,(04)23288582,2025,08,9,11,36,臺中市,大里區,0,1,0,7,2,6,50,4,1,1,5,4,6,6,1,1,10,5,5,2,17,3,10,1,1,C03,7,15,1,10,2,12,,41,41,1,12,4,120.69648,24.110946,2
3250,66000,387130000C,(04)23274275,(04)23288582,2025,08,9,11,38,臺中市,西區,0,0,0,7,,,50,,,,,,,,,,,,,,13,,,,,C03,,,1,,1,,,7,7,1,12,4,120.661188,24.15601,3
3251,66000,387130000C,(04)23274275,(04)23288582,2025,08,9,11,38,臺中市,大甲區,0,2,0,7,1,6,50,13,9,1,5,4,6,6,4,4,5,5,5,1,17,2,9,1,1,F03,7,9,7,21,2,14,,4,4,1,12,4,120.645329,24.40475,2
3252,66000,387130000C,(04)23274275,(04)23288582,2025,08,9,11,40,臺中市,沙鹿區,0,0,0,7,2,6,50,13,9,1,5,4,6,6,4,4,4,4,5,2,14,,,,,B03,,,1,,1,,,49,49,1,12,4,120.560535,24.236072,3
3253,66000,387130000C,(04)23274275,(04)23288582,2025,08,9,11,41,臺中市,北屯區,0,0,0,7,,,50,,,,,,,,,,,,,,13,,,,,B03,,,1,,1,,,7,7,1,6,4,120.695377,24.164938,3
3254,66000,387130000C,(04)23274275,(04)23288582,2025,08,9,11,42,臺中市,大雅區,0,0,0,7,,,30,,,,,,,,,,,,,,,,,,,B13,,,1,,2,,,8,8,1,12,4,120.654068,24.239799,3
3255,66000,387130000C,(04)23274275,(04)23288582,2025,08,9,11,43,臺中市,西屯區,0,1,0,7,2,6,40,5,1,1,5,4,6,6,2,1,10,5,5,2,13,3,10,5,1,B03,7,5,1,8,1,5,,7,7,1,12,4,120.643643,24.165818,2
3256,66000,387130000C,(04)23274275,(04)23288582,2025,08,9,11,45,臺中市,南屯區,0,0,0,7,,3,60,,,,,,,,,,,,,,12,,,,,B03,,,1,,1,,,84,84,1,12,4,120.621618,24.134699,3
3257,66000,387130000C,(04)23274275,(04)23288582,2025,08,9,11,50,臺中市,清水區,0,2,0,7,3,6,30,3,1,1,5,4,6,6,4,4,10,5,5,1,17,2,9,2,1,C03,7,6,1,10,2,11,,12,12,1,12,4,120.574185,24.308681,2
3258,66000,387130000C,(04)23274275,(04)23288582,2025,08,9,11,50,臺中市,清水區,0,0,0,7,,,40,,,,,,,,,,,,,,,,,,,F01,,,7,,2,,,58,58,1,12,4,120.572105,24.261752,3