﻿序號,縣市別代碼,機關代碼,市話,傳真,年,月,日,時,分,縣市,區,死亡數量,受傷數量,2-30,天候,道路照明設備,道路類別,道路速限,道路型態,事故位置,路面鋪裝,路面狀態,路面缺陷,障礙物,視距,號誌種類,號誌動作,分向設施,快車道或一般車道間,快慢車道間,路面邊線,事故類型及型態,受傷程度,主要傷處,保護裝備,行動電話或功能裝置,當事者區分_類別,車輛用途,當事者行動狀態,駕照狀態,駕照種類,飲酒情形,車輛撞擊部位最初,車輛撞擊部位其他,肇事因素個別,肇事因素主要,肇事逃逸,職業,共享經濟或外送平台,GPS座標X,GPS座標Y,事故類別
3485,66000,387130000C,(04)23274275,(04)23288582,2025,08,9,22,0,臺中市,北屯區,0,0,0,5,,,50,,,,,,,,,,,,,,,,,,,,,,,,,,,119,119,1,,,120.701729,24.16951,3
3486,66000,387130000C,(04)23274275,(04)23288582,2025,08,9,22,0,臺中市,北屯區,0,1,0,5,1,6,30,4,1,1,4,4,6,6,4,4,10,5,5,2,15,3,10,3,1,B03,7,9,1,8,2,1,,12,12,1,12,4,120.693185,24.173109,2
3487,66000,387130000C,(04)23274275,(04)23288582,2025,08,9,22,0,臺中市,西屯區,0,0,0,7,,,30,,,,,,,,,,,,,,,,,,,B03,,,1,,2,,,49,49,1,12,4,120.646657,24.177141,3
3488,66000,387130000C,(04)23274275,(04)23288582,2025,08,9,22,4,臺中市,大里區,0,2,0,5,2,6,50,4,1,1,4,4,6,6,1,1,10,5,5,2,17,2,9,1,1,C03,7,9,1,10,2,11,,21,21,1,12,4,120.679976,24.095263,2
3489,66000,387130000C,(04)23274275,(04)23288582,2025,08,9,22,12,臺中市,北區,0,1,0,5,1,6,50,4,1,1,4,4,6,6,1,1,10,5,5,2,17,3,10,5,4,B03,7,9,1,8,9,16,,21,21,1,13,4,120.677686,24.165054,2
3490,66000,387130000C,(04)23274275,(04)23288582,2025,08,9,22,15,臺中市,北屯區,0,0,0,5,,,50,,,,,,,,,,,,,,,,,,,C03,,,1,,2,,,84,84,1,13,4,120.685268,24.167965,3
3491,66000,387130000C,(04)23274275,(04)23288582,2025,08,9,22,17,臺中市,龍井區,0,0,0,7,,,40,,,,,,,,,,,,,,,,,,,B03,,,1,,2,,,51,51,1,6,4,120.50487,24.20139,3
3492,66000,387130000C,(04)23274275,(04)23288582,2025,08,9,22,25,臺中市,北屯區,0,3,0,5,1,6,50,4,4,1,4,4,6,6,2,1,10,5,5,2,12,3,10,3,1,B03,7,9,1,8,2,1,,84,84,1,12,4,120.658758,24.178091,2
3493,66000,387130000C,(04)23274275,(04)23288582,2025,08,9,22,25,臺中市,西屯區,0,0,0,7,,,50,,,,,,,,,,,,,,14,,,,,B03,,,1,,1,,,49,49,1,12,4,120.63647,24.165306,3
3494,66000,387130000C,(04)23274275,(04)23288582,2025,08,9,22,31,臺中市,西屯區,0,1,0,7,1,6,60,13,9,1,5,4,6,6,4,4,1,4,5,2,13,3,10,3,1,B03,7,9,1,8,1,1,,7,7,1,12,4,120.63531,24.171997,2
3495,66000,387130000C,(04)23274275,(04)23288582,2025,08,9,22,31,臺中市,西屯區,0,0,0,7,,,50,,,,,,,,,,,,,,,,,,,B03,,,1,,1,,,7,7,1,12,4,120.634183,24.172858,3
3496,66000,387130000C,(04)23274275,(04)23288582,2025,08,9,22,32,臺中市,神岡區,0,1,0,6,1,9,30,11,9,1,4,3,6,6,4,4,10,5,5,1,18,2,9,1,4,C03,7,9,1,10,2,11,,87,87,1,12,4,120.66242,24.277947,2
3497,66000,387130000C,(04)23274275,(04)23288582,2025,08,9,22,44,臺中市,西區,0,1,0,7,1,6,50,13,9,1,5,4,6,6,4,4,5,4,5,2,18,2,9,1,1,C03,7,9,1,10,2,12,,85,85,1,6,4,120.661583,24.151633,2
3498,66000,387130000C,(04)23274275,(04)23288582,2025,08,9,22,45,臺中市,東區,0,0,0,6,,,50,,,,,,,,,,,,,,,,,,,B03,,,1,,1,,,7,7,1,13,4,120.689069,24.134083,3
3499,66000,387130000C,(04)23274275,(04)23288582,2025,08,9,22,45,臺中市,大里區,0,1,0,7,1,6,50,4,2,1,5,4,6,6,2,1,3,4,4,1,16,2,9,5,4,C03,7,9,1,10,2,14,,84,84,1,13,4,120.671025,24.102328,2
3500,66000,387130000C,(04)23274275,(04)23288582,2025,08,9,22,49,臺中市,大肚區,0,1,0,7,1,6,50,11,9,1,5,4,6,6,4,4,4,5,5,2,18,2,9,2,1,C03,7,6,1,10,2,12,,84,84,1,6,4,120.551301,24.157906,2
3501,66000,387130000C,(04)23274275,(04)23288582,2025,08,9,22,52,臺中市,西屯區,0,0,0,7,,,50,,,,,,,,,,,,,,12,,,,,B03,,,1,,1,,,8,8,1,13,4,120.635245,24.172619,4
3502,66000,387130000C,(04)23274275,(04)23288582,2025,08,9,22,53,臺中市,西屯區,0,1,0,7,1,6,50,4,2,1,5,4,6,6,1,1,1,5,5,2,17,3,10,5,4,B03,7,9,1,8,9,1,,59,59,1,12,4,120.644164,24.201417,2
3503,66000,387130000C,(04)23274275,(04)23288582,2025,08,9,22,55,臺中市,北屯區,0,0,0,7,,,50,,,,,,,,,,,,,,,,,,,,,,,,,,,85,85,1,,,120.661189,24.191054,3
3504,66000,387130000C,(04)23274275,(04)23288582,2025,08,9,23,5,臺中市,西區,0,1,0,7,1,6,30,13,9,1,5,4,6,6,4,4,10,5,5,2,12,2,8,1,1,C03,7,9,3,19,1,12,,84,84,1,6,4,120.656178,24.152417,2
3505,66000,387130000C,(04)23274275,(04)23288582,2025,08,9,23,44,臺中市,南區,0,0,0,7,,,50,,,,,,,,,,,,,,12,,,,,B03,,,1,,1,,,8,8,1,12,4,120.661476,24.121735,3
3506,66000,387130000C,(04)23274275,(04)23288582,2025,08,9,23,51,臺中市,西屯區,0,1,0,7,1,6,50,3,1,1,5,4,6,6,2,1,10,4,5,2,18,2,9,2,4,C03,7,9,1,10,2,14,,6,6,1,7,4,120.606877,24.193803,2
3507,66000,387130000C,(04)23274275,(04)23288582,2025,08,10,0,0,臺中市,沙鹿區,0,0,0,7,,,50,,,,,,,,,,,,,,,,,,,B03,,,1,,2,,,58,58,1,6,4,120.606244,24.247281,3
3508,66000,387130000C,(04)23274275,(04)23288582,2025,08,10,0,15,臺中市,西屯區,0,0,0,7,,,50,,,,,,,,,,,,,,23,,,,,B03,,,1,,2,,,59,59,1,12,4,120.645896,24.191409,3
3509,66000,387130000C,(04)23274275,(04)23288582,2025,08,10,0,32,臺中市,潭子區,0,0,0,6,,,30,,,,,,,,,,,,,,,,,,,B03,,,1,,2,,,49,49,1,13,4,120.698731,24.192045,3
3510,66000,387130000C,(04)23274275,(04)23288582,2025,08,10,0,44,臺中市,太平區,0,0,0,7,,,50,,,,,,,,,,,,,,,,,,,B12,,,1,,2,,,84,84,1,12,4,120.710847,24.126855,3
3511,66000,387130000C,(04)23274275,(04)23288582,2025,08,10,0,50,臺中市,東勢區,0,1,0,7,1,6,50,13,9,1,5,4,6,6,4,4,8,5,5,1,12,2,9,3,1,B03,7,9,1,8,2,2,,55,55,1,12,4,120.788968,24.28521,2
3512,66000,387130000C,(04)23274275,(04)23288582,2025,08,10,1,15,臺中市,大肚區,0,1,0,7,1,6,50,11,9,1,5,4,6,6,4,4,4,5,5,1,18,2,9,1,1,C03,7,6,1,10,2,14,,84,84,1,5,4,120.552216,24.159929,2
3513,66000,387130000C,(04)23274275,(04)23288582,2025,08,10,1,28,臺中市,大里區,0,1,0,7,1,6,40,13,8,1,5,4,6,6,4,4,3,4,3,1,23,2,9,5,4,C03,7,7,1,10,2,11,,84,84,1,13,4,120.697078,24.111902,2
3514,66000,387130000C,(04)23274275,(04)23288582,2025,08,10,1,52,臺中市,西屯區,0,0,0,7,,,50,,,,,,,,,,,,,,13,,,,,B03,,,1,,1,,,7,7,1,13,4,120.634106,24.173815,3
3515,66000,387130000C,(04)23274275,(04)23288582,2025,08,10,2,1,臺中市,中區,0,0,0,7,,,50,,,,,,,,,,,,,,,,,,,B03,,,1,,1,,,51,51,1,6,4,120.683016,24.141143,3
3516,66000,387130000C,(04)23274275,(04)23288582,2025,08,10,2,48,臺中市,南屯區,0,1,0,7,2,6,40,13,8,1,5,4,6,6,4,4,5,4,4,2,17,2,9,3,1,B03,7,15,1,8,1,1,,84,84,1,13,4,120.616982,24.15687,2
3517,66000,387130000C,(04)23274275,(04)23288582,2025,08,10,2,57,臺中市,中區,0,0,0,7,,,50,,,,,,,,,,,,,,,,,,,B01,,,1,,9,,,51,51,1,6,4,120.683807,24.138724,3
3518,66000,387130000C,(04)23274275,(04)23288582,2025,08,10,3,14,臺中市,西屯區,0,0,0,7,,,60,,,,,,,,,,,,,,12,,,,,B03,,,1,,2,,,85,85,1,13,4,120.592178,24.191725,3
3519,66000,387130000C,(04)23274275,(04)23288582,2025,08,10,3,17,臺中市,西屯區,0,0,0,7,,,40,,,,,,,,,,,,,,13,,,,,B03,,,1,,2,,,7,7,1,12,4,120.646454,24.164454,3
3520,66000,387130000C,(04)23274275,(04)23288582,2025,08,10,3,53,臺中市,中區,0,0,0,7,,,50,,,,,,,,,,,,,,,,,,,B03,,,1,,2,,,84,84,1,12,4,120.681165,24.144905,3
3521,66000,387130000C,(04)23274275,(04)23288582,2025,08,10,4,2,臺中市,中區,0,0,0,7,,,50,,,,,,,,,,,,,,,,,,,B01,,,1,,9,,,84,84,1,12,4,120.685139,24.138655,3
3522,66000,387130000C,(04)23274275,(04)23288582,2025,08,10,4,21,臺中市,南屯區,0,1,0,7,2,6,40,13,8,1,5,4,6,6,4,4,1,4,4,2,17,2,9,3,1,B03,7,9,1,8,2,1,,55,55,1,13,4,120.637661,24.150378,2
3523,66000,387130000C,(04)23274275,(04)23288582,2025,08,10,4,32,臺中市,大雅區,1,0,0,7,1,6,60,3,2,1,5,4,6,6,1,1,1,4,5,1,13,3,10,3,1,B03,7,9,5,8,6,1,,53,53,1,13,4,120.650837,24.209937,1
3524,66000,387130000C,(04)23274275,(04)23288582,2025,08,10,4,50,臺中市,北屯區,0,1,0,7,1,6,50,4,1,1,5,4,6,6,2,1,10,5,5,2,18,2,9,1,1,C03,7,12,1,10,2,14,,84,84,1,6,4,120.703417,24.162757,2
3525,66000,387130000C,(04)23274275,(04)23288582,2025,08,10,4,57,臺中市,豐原區,0,0,0,7,,,50,,,,,,,,,,,,,,13,,,,,B03,,,1,,2,,,59,59,1,13,4,120.72011,24.264311,3
3526,66000,387130000C,(04)23274275,(04)23288582,2025,08,10,6,55,臺中市,北屯區,0,0,0,7,,,50,,,,,,,,,,,,,,17,,,,,C03,,,1,,1,,,84,84,1,12,4,120.671375,24.184836,4
3527,66000,387130000C,(04)23274275,(04)23288582,2025,08,10,7,13,臺中市,沙鹿區,0,2,0,7,3,6,50,4,1,1,5,4,6,6,1,1,10,5,5,2,17,2,9,2,1,C03,7,9,1,10,2,15,,87,87,1,6,4,120.563514,24.24201,2
3528,66000,387130000C,(04)23274275,(04)23288582,2025,08,10,7,29,臺中市,西屯區,0,0,0,7,,,60,,,,,,,,,,,,,,16,,,,,B03,,,1,,1,,,47,47,1,13,4,120.638278,24.159295,3
3529,66000,387130000C,(04)23274275,(04)23288582,2025,08,10,7,40,臺中市,西屯區,0,0,0,7,,,50,,,,,,,,,,,,,,13,,,,,B03,,,1,,1,,,59,59,1,12,4,120.658101,24.194876,3
3530,66000,387130000C,(04)23274275,(04)23288582,2025,08,10,7,40,臺中市,大甲區,0,0,0,7,,,50,,,,,,,,,,,,,,30,,,,,B03,,,1,,2,,,84,84,1,6,4,120.654604,24.380129,3
3531,66000,387130000C,(04)23274275,(04)23288582,2025,08,10,7,47,臺中市,西屯區,0,1,0,7,2,6,50,13,9,1,5,4,6,6,4,4,5,4,5,2,18,2,9,1,1,C03,7,9,1,10,2,16,,59,59,1,12,4,120.609786,24.191753,2
3532,66000,387130000C,(04)23274275,(04)23288582,2025,08,10,7,48,臺中市,石岡區,0,0,0,7,,,70,,,,,,,,,,,,,,13,,,,,B03,,,1,,1,,,7,7,1,13,4,120.790968,24.272963,3
3533,66000,387130000C,(04)23274275,(04)23288582,2025,08,10,8,13,臺中市,后里區,0,1,0,7,2,6,50,4,1,1,5,4,6,6,1,1,4,5,4,1,16,2,9,2,1,C03,7,6,1,10,2,14,,84,84,1,12,4,120.71365,24.306208,2
3534,66000,387130000C,(04)23274275,(04)23288582,2025,08,10,8,31,臺中市,梧棲區,0,2,0,7,3,6,50,4,1,1,5,4,6,6,4,4,10,5,5,2,15,2,9,1,1,C03,7,9,1,10,2,11,,15,15,1,6,4,120.549104,24.2428,2
3535,66000,387130000C,(04)23274275,(04)23288582,2025,08,10,8,33,臺中市,北屯區,0,0,0,7,,,50,,,,,,,,,,,,,,16,,,,,C03,,,1,,1,,,22,22,1,12,4,120.683537,24.1736,3
3536,66000,387130000C,(04)23274275,(04)23288582,2025,08,10,8,35,臺中市,太平區,0,0,0,7,,,50,,,,,,,,,,,,,,,,,,,B03,,,1,,2,,,84,84,1,12,4,120.732597,24.136827,3
3537,66000,387130000C,(04)23274275,(04)23288582,2025,08,10,8,35,臺中市,沙鹿區,0,1,0,7,2,6,50,3,9,1,5,4,6,6,4,4,1,3,4,2,11,2,8,2,1,C03,7,1,1,10,2,14,,51,51,1,12,4,120.559792,24.238426,2
3538,66000,387130000C,(04)23274275,(04)23288582,2025,08,10,8,40,臺中市,北屯區,0,0,0,7,,,50,,,,,,,,,,,,,,17,,,,,B03,,,1,,2,,,59,59,1,12,4,120.708668,24.170824,3
3539,66000,387130000C,(04)23274275,(04)23288582,2025,08,10,8,40,臺中市,北屯區,0,1,0,7,2,6,50,4,1,1,5,4,6,6,1,1,10,5,5,2,16,3,10,5,4,B03,7,6,1,8,2,1,,11,11,1,12,4,120.668248,24.197949,2
3540,66000,387130000C,(04)23274275,(04)23288582,2025,08,10,8,50,臺中市,北區,0,0,0,7,,,50,,,,,,,,,,,,,,,,,,,B02,,,1,,1,,,8,8,1,12,4,120.685187,24.148408,3
3541,66000,387130000C,(04)23274275,(04)23288582,2025,08,10,8,52,臺中市,北屯區,0,1,0,7,3,6,30,12,9,1,5,4,6,6,4,4,10,5,5,2,30,3,10,1,1,C03,7,6,1,10,2,16,,84,84,1,12,4,120.762809,24.195941,2
3542,66000,387130000C,(04)23274275,(04)23288582,2025,08,10,8,53,臺中市,北屯區,0,1,0,7,2,6,50,4,1,1,5,4,6,6,2,1,10,5,5,2,15,2,9,1,1,C03,7,9,1,10,2,11,,21,21,1,12,4,120.683406,24.171026,2
3543,66000,387130000C,(04)23274275,(04)23288582,2025,08,10,8,55,臺中市,龍井區,0,0,0,7,,,50,,,,,,,,,,,,,,13,,,,,B03,,,1,,1,,,57,57,1,12,4,120.592794,24.183045,3
3544,66000,387130000C,(04)23274275,(04)23288582,2025,08,10,9,1,臺中市,清水區,0,0,0,7,,,50,,,,,,,,,,,,,,,,,,,,,,,,,,,87,87,1,,,120.576772,24.2667,4
3545,66000,387130000C,(04)23274275,(04)23288582,2025,08,10,9,3,臺中市,北區,0,0,0,7,,,50,,,,,,,,,,,,,,12,,,,,B03,,,1,,2,,,8,8,1,13,4,120.685204,24.156385,3
3546,66000,387130000C,(04)23274275,(04)23288582,2025,08,10,9,7,臺中市,西屯區,0,0,0,7,,,50,,,,,,,,,,,,,,,,,,,A04,,,1,,2,,,8,8,1,12,4,120.655807,24.199362,3
3547,66000,387130000C,(04)23274275,(04)23288582,2025,08,10,9,11,臺中市,中區,0,0,0,7,,,50,,,,,,,,,,,,,,,,,,,C03,,,1,,11,,,84,84,1,12,4,120.685161,24.140477,3
3548,66000,387130000C,(04)23274275,(04)23288582,2025,08,10,9,16,臺中市,沙鹿區,0,0,0,7,,,30,,,,,,,,,,,,,,14,,,,,B03,,,1,,1,,,49,49,1,6,4,120.569595,24.230357,3
3549,66000,387130000C,(04)23274275,(04)23288582,2025,08,10,9,27,臺中市,南區,0,0,0,7,,,50,,,,,,,,,,,,,,,,,,,B03,,,1,,2,,,84,84,1,12,4,120.681135,24.129367,3
3550,66000,387130000C,(04)23274275,(04)23288582,2025,08,10,9,27,臺中市,大肚區,0,1,0,7,3,6,70,4,1,1,5,4,6,6,2,1,10,5,5,2,12,3,10,3,1,B03,7,5,1,8,2,2,,11,11,1,6,4,120.549659,24.148289,2
3551,66000,387130000C,(04)23274275,(04)23288582,2025,08,10,9,36,臺中市,東區,0,1,0,7,3,6,50,13,9,1,5,4,6,6,4,4,9,5,5,2,17,3,10,2,1,C03,7,1,5,19,2,16,,51,51,1,6,4,120.694659,24.139373,2
3552,66000,387130000C,(04)23274275,(04)23288582,2025,08,10,9,47,臺中市,豐原區,0,2,0,6,2,6,30,3,1,1,5,4,6,6,4,4,10,5,5,2,17,2,9,1,1,C03,7,6,1,10,2,14,,12,12,1,12,4,120.71478,24.242132,2
3553,66000,387130000C,(04)23274275,(04)23288582,2025,08,10,9,51,臺中市,南屯區,0,0,0,7,,,50,,,,,,,,,,,,,,,,,,,B03,,,1,,1,,,84,84,1,13,4,120.628648,24.147818,3
3554,66000,387130000C,(04)23274275,(04)23288582,2025,08,10,9,52,臺中市,北區,0,0,0,7,,,50,,,,,,,,,,,,,,13,,,,,B03,,,1,,1,,,59,59,1,12,4,120.685282,24.154168,3
3555,66000,387130000C,(04)23274275,(04)23288582,2025,08,10,9,53,臺中市,霧峰區,0,0,0,7,,,50,,,,,,,,,,,,,,17,,,,,B03,,,1,8,2,,,84,84,1,13,4,120.700026,24.068063,3
3556,66000,387130000C,(04)23274275,(04)23288582,2025,08,10,10,2,臺中市,大里區,0,0,0,7,3,6,50,13,9,1,5,4,6,6,1,1,5,4,5,2,13,,,,,B03,,,1,,2,,,7,7,1,12,4,120.696675,24.100414,3
3557,66000,387130000C,(04)23274275,(04)23288582,2025,08,10,10,3,臺中市,大里區,0,1,0,7,2,6,50,13,9,1,5,4,6,6,4,4,5,5,5,1,18,2,9,1,1,F03,7,9,7,21,2,14,,84,84,1,12,4,120.698227,24.096749,2
3558,66000,387130000C,(04)23274275,(04)23288582,2025,08,10,10,4,臺中市,潭子區,0,0,0,7,,,50,,,,,,,,,,,,,,16,,,,,B02,,,1,,1,,,8,8,1,13,4,120.70674,24.210018,3
3559,66000,387130000C,(04)23274275,(04)23288582,2025,08,10,10,16,臺中市,霧峰區,0,0,0,5,,,30,,,,,,,,,,,,,,17,,,,,,,,,,,,,119,119,1,,,120.694504,24.044586,3
3560,66000,387130000C,(04)23274275,(04)23288582,2025,08,10,10,18,臺中市,大雅區,0,0,0,7,,,,,,,,,,,,,,,,,,,,,,,,,,,,,,86,86,1,,,120.657717,24.241957,3
3561,66000,387130000C,(04)23274275,(04)23288582,2025,08,10,10,20,臺中市,北屯區,0,0,0,7,,,,,,,,,,,,,,,,,,,,,,,,,,,,,,119,119,1,,,120.669817,24.176776,3
3562,66000,387130000C,(04)23274275,(04)23288582,2025,08,10,10,27,臺中市,東區,0,0,0,7,,,50,,,,,,,,,,,,,,17,,,,,B03,,,5,,1,,,7,7,2,13,4,120.690452,24.14285,3
3563,66000,387130000C,(04)23274275,(04)23288582,2025,08,10,10,30,臺中市,南區,0,1,0,7,1,6,50,13,9,1,5,4,6,6,4,4,9,5,5,2,17,3,10,1,1,C03,7,15,1,10,2,12,,1,1,1,12,4,120.682404,24.129659,2
3564,66000,387130000C,(04)23274275,(04)23288582,2025,08,10,10,30,臺中市,北屯區,0,0,0,7,,,,,,,,,,,,,,,,,17,,,,,,,,,,,,,119,119,1,,,120.68483,24.169344,3
3565,66000,387130000C,(04)23274275,(04)23288582,2025,08,10,10,32,臺中市,西區,0,1,0,7,2,6,50,4,2,1,5,4,6,6,1,1,5,4,5,2,13,2,9,2,1,C03,7,9,1,10,2,11,,7,7,1,11,4,120.671257,24.134417,2
3566,66000,387130000C,(04)23274275,(04)23288582,2025,08,10,10,32,臺中市,北屯區,0,2,0,7,2,6,50,13,8,1,5,4,6,6,4,4,1,4,4,2,17,3,10,3,1,B03,7,7,1,8,2,2,,40,40,1,12,4,120.663307,24.186538,2
3567,66000,387130000C,(04)23274275,(04)23288582,2025,08,10,10,32,臺中市,龍井區,0,0,0,6,,,50,,,,,,,,,,,,,,15,,,,,B03,,,1,,2,,,6,6,1,9,4,120.593807,24.189596,3
3568,66000,387130000C,(04)23274275,(04)23288582,2025,08,10,10,40,臺中市,北屯區,0,1,0,7,2,6,50,3,1,1,5,4,6,6,4,4,10,5,5,2,17,3,10,5,4,C03,7,6,1,10,2,11,,4,4,1,12,4,120.698366,24.169761,2
3569,66000,387130000C,(04)23274275,(04)23288582,2025,08,10,10,40,臺中市,北屯區,0,0,0,7,,,,,,,,,,,,,,,,,,,,,,,,,,,,,,119,119,1,,,120.65864,24.188397,3
3570,66000,387130000C,(04)23274275,(04)23288582,2025,08,10,10,46,臺中市,龍井區,0,2,0,7,3,6,0,4,1,1,5,4,6,6,1,1,10,5,5,2,11,2,7,1,1,C03,7,9,3,19,2,11,,4,4,1,7,4,120.523908,24.180284,2
3571,66000,387130000C,(04)23274275,(04)23288582,2025,08,10,10,52,臺中市,沙鹿區,0,0,0,7,,,50,,,,,,,,,,,,,,17,,,,,B03,,,1,,1,,,40,40,1,6,4,120.559752,24.238127,3
3572,66000,387130000C,(04)23274275,(04)23288582,2025,08,10,10,54,臺中市,大里區,0,1,0,7,3,6,30,4,1,1,5,4,6,6,4,4,10,5,5,2,15,2,8,1,1,C03,7,9,1,10,2,14,,20,20,1,12,4,120.687908,24.113138,2
3573,66000,387130000C,(04)23274275,(04)23288582,2025,08,10,10,55,臺中市,南屯區,0,0,0,7,,,30,,,,,,,,,,,,,,17,,,,,,,,,,,,,119,119,1,,,120.645124,24.138303,3
3574,66000,387130000C,(04)23274275,(04)23288582,2025,08,10,11,2,臺中市,南屯區,0,1,0,7,2,6,60,4,1,1,5,4,6,6,1,1,5,2,5,2,16,2,9,1,1,C03,7,6,1,10,2,14,,36,36,1,12,4,120.596491,24.153245,2
3575,66000,387130000C,(04)23274275,(04)23288582,2025,08,10,11,5,臺中市,北屯區,0,0,0,7,,,50,,,,,,,,,,,,,,17,,,,,B03,,,1,,1,,,50,50,1,12,4,120.669154,24.177853,3
3576,66000,387130000C,(04)23274275,(04)23288582,2025,08,10,11,9,臺中市,北區,0,0,0,7,,,50,,,,,,,,,,,,,,17,,,,,C03,,,1,,1,,,84,84,1,12,4,120.669477,24.163157,4
3577,66000,387130000C,(04)23274275,(04)23288582,2025,08,10,11,10,臺中市,北屯區,0,1,0,7,3,6,30,3,2,1,5,4,6,6,4,4,10,5,5,2,17,2,8,1,1,C03,7,9,1,10,2,11,,59,59,1,12,4,120.683782,24.194267,2
3578,66000,387130000C,(04)23274275,(04)23288582,2025,08,10,11,18,臺中市,東區,0,0,0,7,,,50,,,,,,,,,,,,,,13,,,,,B03,,,1,,1,,,84,84,1,12,4,120.683379,24.134347,3
3579,66000,387130000C,(04)23274275,(04)23288582,2025,08,10,11,24,臺中市,西屯區,0,0,0,7,,,50,,,,,,,,,,,,,,9,,,,,C03,,,1,,1,,,84,84,1,12,4,120.661971,24.17172,3
3580,66000,387130000C,(04)23274275,(04)23288582,2025,08,10,11,29,臺中市,西區,0,1,0,7,2,6,50,4,1,1,5,4,6,6,1,1,10,5,5,2,17,3,10,2,1,C03,7,9,1,10,2,14,,84,84,1,12,4,120.682321,24.136117,2
3581,66000,387130000C,(04)23274275,(04)23288582,2025,08,10,11,30,臺中市,太平區,0,0,0,7,,,50,,,,,,,,,,,,,,,,,,,B03,,,1,,2,,,49,49,1,12,4,120.713639,24.149349,3
3582,66000,387130000C,(04)23274275,(04)23288582,2025,08,10,11,30,臺中市,大甲區,0,1,0,7,1,6,50,4,1,1,5,4,6,6,4,4,10,5,5,2,16,3,10,3,1,B03,7,11,1,8,2,4,,45,45,1,6,4,120.640927,24.366047,2
3583,66000,387130000C,(04)23274275,(04)23288582,2025,08,10,11,31,臺中市,南屯區,0,0,0,7,,,50,,,,,,,,,,,,,,,,,,,B03,,,1,,1,,,84,84,1,13,4,120.654558,24.144754,3
3584,66000,387130000C,(04)23274275,(04)23288582,2025,08,10,11,33,臺中市,烏日區,0,0,0,7,,,40,,,,,,,,,,,,,,,,,,,B03,,,1,,2,,,57,57,1,13,4,120.607592,24.112008,3
3585,66000,387130000C,(04)23274275,(04)23288582,2025,08,10,11,35,臺中市,大里區,0,0,0,7,,,50,,,,,,,,,,,,,,12,,,,,B12,,,1,,2,,,84,84,1,12,4,120.699027,24.096291,3
3586,66000,387130000C,(04)23274275,(04)23288582,2025,08,10,11,37,臺中市,南屯區,0,0,0,7,,,50,,,,,,,,,,,,,,17,,,,,B03,,,1,,1,,,40,40,1,12,4,120.626061,24.148516,3
3587,66000,387130000C,(04)23274275,(04)23288582,2025,08,10,11,37,臺中市,太平區,0,1,0,7,3,6,50,3,2,1,5,4,6,6,1,1,5,4,5,2,13,3,10,1,1,C03,7,9,1,10,2,11,,7,7,1,12,4,120.722456,24.149174,2
3588,66000,387130000C,(04)23274275,(04)23288582,2025,08,10,11,38,臺中市,后里區,0,1,0,7,2,6,60,13,9,1,5,4,6,6,1,1,1,2,4,1,27,2,9,2,1,C03,7,9,1,10,2,11,,84,84,1,12,4,120.722643,24.284701,2
3589,66000,387130000C,(04)23274275,(04)23288582,2025,08,10,11,45,臺中市,豐原區,0,1,0,6,2,6,30,3,1,1,5,4,6,6,4,4,10,5,5,1,16,3,10,5,4,B03,7,1,1,8,2,7,,51,51,1,13,4,120.749334,24.274051,2
3590,66000,387130000C,(04)23274275,(04)23288582,2025,08,10,11,50,臺中市,龍井區,0,0,0,6,,,50,,,,,,,,,,,,,,12,,,,,B03,,,1,,2,,,84,84,1,12,4,120.591454,24.181177,3
3591,66000,387130000C,(04)23274275,(04)23288582,2025,08,10,11,52,臺中市,南區,0,0,0,7,,,30,,,,,,,,,,,,,,,,,,,C03,,,1,,9,,,49,49,2,13,4,120.655227,24.120485,3
3592,66000,387130000C,(04)23274275,(04)23288582,2025,08,10,11,58,臺中市,潭子區,0,0,0,7,,,50,,,,,,,,,,,,,,,,,,,B03,,,1,,9,,,49,49,1,12,4,120.698655,24.194548,3
3593,66000,387130000C,(04)23274275,(04)23288582,2025,08,10,11,59,臺中市,西區,0,0,0,7,,,50,,,,,,,,,,,,,,,,,,,B03,,,1,,1,,,7,7,1,6,4,120.680119,24.13497,3
3594,66000,387130000C,(04)23274275,(04)23288582,2025,08,10,12,0,臺中市,南屯區,0,0,0,7,,3,60,,,,,,,,,,,,,,12,,,,,B03,,,1,,1,,,8,8,1,12,4,120.621618,24.134699,3
3595,66000,387130000C,(04)23274275,(04)23288582,2025,08,10,12,0,臺中市,西屯區,0,1,0,7,2,6,50,3,9,1,5,4,6,6,4,4,1,4,5,2,18,2,9,2,1,C03,7,9,1,10,2,14,,84,84,1,12,4,120.653455,24.198483,2
3596,66000,387130000C,(04)23274275,(04)23288582,2025,08,10,12,1,臺中市,沙鹿區,0,1,0,7,2,6,50,3,1,1,5,4,6,6,4,4,10,5,5,2,16,3,10,3,1,B03,7,6,1,8,2,8,,39,39,1,6,4,120.553543,24.231064,2
3597,66000,387130000C,(04)23274275,(04)23288582,2025,08,10,12,5,臺中市,大里區,0,0,0,7,,,50,,,,,,,,,,,,,,17,,,,,B03,,,1,,2,,,50,50,1,12,4,120.689858,24.114577,3
3598,66000,387130000C,(04)23274275,(04)23288582,2025,08,10,12,8,臺中市,東區,0,0,0,7,,,30,,,,,,,,,,,,,,,,,,,B12,,,1,,1,,,84,84,2,12,4,120.695285,24.14035,3