﻿序號,縣市別代碼,機關代碼,市話,傳真,年,月,日,時,分,縣市,區,死亡數量,受傷數量,2-30,天候,道路照明設備,道路類別,道路速限,道路型態,事故位置,路面鋪裝,路面狀態,路面缺陷,障礙物,視距,號誌種類,號誌動作,分向設施,快車道或一般車道間,快慢車道間,路面邊線,事故類型及型態,受傷程度,主要傷處,保護裝備,行動電話或功能裝置,當事者區分_類別,車輛用途,當事者行動狀態,駕照狀態,駕照種類,飲酒情形,車輛撞擊部位最初,車輛撞擊部位其他,肇事因素個別,肇事因素主要,肇事逃逸,職業,共享經濟或外送平台,GPS座標X,GPS座標Y,事故類別
3710,66000,387130000C,(04)23274275,(04)23288582,2025,08,10,18,34,臺中市,大雅區,0,0,0,7,,,70,,,,,,,,,,,,,,17,,,,,G02,,,3,,11,,,78,78,1,12,4,120.639733,24.231796,3
3711,66000,387130000C,(04)23274275,(04)23288582,2025,08,10,18,36,臺中市,潭子區,0,0,0,5,,,50,,,,,,,,,,,,,,,,,,,B03,,,1,,2,,,56,56,1,12,4,120.702037,24.200944,3
3712,66000,387130000C,(04)23274275,(04)23288582,2025,08,10,18,40,臺中市,沙鹿區,0,1,0,7,1,6,50,3,2,1,5,4,6,6,4,4,5,5,5,1,28,2,9,2,1,C03,7,9,1,10,2,11,,87,87,1,10,4,120.620762,24.238408,2
3713,66000,387130000C,(04)23274275,(04)23288582,2025,08,10,18,41,臺中市,中區,0,0,0,5,,,50,,,,,,,,,,,,,,12,,,,,A02,,,1,,1,,,84,84,1,6,4,120.684718,24.139193,3
3714,66000,387130000C,(04)23274275,(04)23288582,2025,08,10,18,42,臺中市,南屯區,0,0,0,7,,,50,,,,,,,,,,,,,,12,,,,,B03,,,1,,2,,,51,51,1,13,4,120.642379,24.151128,3
3715,66000,387130000C,(04)23274275,(04)23288582,2025,08,10,18,45,臺中市,大雅區,0,2,0,7,1,6,50,5,1,1,5,4,6,6,2,1,1,4,5,1,16,3,10,3,1,B03,7,6,1,8,2,6,,39,39,1,13,4,120.667559,24.215642,2
3716,66000,387130000C,(04)23274275,(04)23288582,2025,08,10,18,47,臺中市,豐原區,0,0,0,7,,,50,,,,,,,,,,,,,,,,,,,B03,,,1,,2,,,84,84,1,13,4,120.720099,24.235673,3
3717,66000,387130000C,(04)23274275,(04)23288582,2025,08,10,18,52,臺中市,北屯區,0,2,0,7,1,6,50,13,7,1,4,4,6,6,4,4,5,4,4,2,12,3,10,3,1,B01,7,4,1,4,2,2,,1,1,1,12,4,120.706468,24.168401,2
3718,66000,387130000C,(04)23274275,(04)23288582,2025,08,10,18,53,臺中市,北區,0,0,0,7,,,0,,,,,,,,,,,,,,17,,,,,C03,,,1,,1,,,84,84,1,13,4,120.67076,24.163034,3
3719,66000,387130000C,(04)23274275,(04)23288582,2025,08,10,18,53,臺中市,南區,0,1,0,7,1,6,50,4,1,1,5,4,6,5,1,1,1,4,4,2,17,3,10,3,1,B03,7,6,1,8,2,2,,11,11,1,13,4,120.67003,24.112779,2
3720,66000,387130000C,(04)23274275,(04)23288582,2025,08,10,18,54,臺中市,西屯區,0,1,0,7,1,6,50,4,1,1,5,4,6,3,4,4,10,5,5,2,15,3,10,5,4,B03,7,9,1,8,2,5,,15,15,1,13,4,120.651183,24.160381,2
3721,66000,387130000C,(04)23274275,(04)23288582,2025,08,10,19,0,臺中市,太平區,0,0,0,5,,,50,,,,,,,,,,,,,,13,,,,,B03,,,1,,2,,,84,84,1,12,4,120.73768,24.131252,3
3722,66000,387130000C,(04)23274275,(04)23288582,2025,08,10,19,6,臺中市,豐原區,0,0,0,6,,,50,,,,,,,,,,,,,,13,,,,,B12,,,1,,2,,,84,84,1,12,4,120.70916,24.250305,3
3723,66000,387130000C,(04)23274275,(04)23288582,2025,08,10,19,7,臺中市,沙鹿區,0,0,0,7,,,50,,,,,,,,,,,,,,30,,,,,B03,,,1,,9,,,85,85,1,6,4,120.567066,24.242677,3
3724,66000,387130000C,(04)23274275,(04)23288582,2025,08,10,19,8,臺中市,大里區,0,1,0,5,1,6,50,3,2,1,4,4,6,6,3,1,5,4,5,1,29,2,9,1,1,C03,7,9,1,10,2,14,,84,84,1,13,4,120.686749,24.121136,2
3725,66000,387130000C,(04)23274275,(04)23288582,2025,08,10,19,15,臺中市,北屯區,0,0,0,7,,,50,,,,,,,,,,,,,,13,,,,,B03,,,1,,1,,,7,7,1,12,4,120.707859,24.18383,3
3726,66000,387130000C,(04)23274275,(04)23288582,2025,08,10,19,20,臺中市,大里區,0,0,0,7,,3,80,,,,,,,,,,,,,,13,,,,,B03,,,1,,1,,,59,59,1,6,4,120.682435,24.078751,3
3727,66000,387130000C,(04)23274275,(04)23288582,2025,08,10,19,26,臺中市,沙鹿區,1,0,0,7,1,6,60,13,7,1,5,4,6,6,3,1,10,5,5,2,3,3,10,3,1,B03,7,9,5,19,2,1,,24,24,1,6,4,120.583333,24.249846,1
3728,66000,387130000C,(04)23274275,(04)23288582,2025,08,10,19,26,臺中市,沙鹿區,0,2,0,7,1,6,40,5,1,1,5,4,6,6,2,1,10,5,5,2,13,2,9,1,1,C03,7,9,1,10,2,12,,7,7,1,6,4,120.56906,24.237463,2
3729,66000,387130000C,(04)23274275,(04)23288582,2025,08,10,19,35,臺中市,中區,0,0,0,6,,,50,,,,,,,,,,,,,,,,,,,C03,,,1,,2,,,39,39,1,13,4,120.684403,24.142256,3
3730,66000,387130000C,(04)23274275,(04)23288582,2025,08,10,19,37,臺中市,北屯區,0,1,0,6,1,6,50,13,8,1,5,4,6,6,4,4,1,4,4,2,12,3,10,3,1,B03,7,7,1,8,2,2,,40,40,1,6,4,120.665422,24.183683,2
3731,66000,387130000C,(04)23274275,(04)23288582,2025,08,10,19,42,臺中市,大雅區,0,0,0,7,,,50,,,,,,,,,,,,,,12,,,,,B03,,,1,,2,,,45,45,1,13,4,120.629838,24.2095,3
3732,66000,387130000C,(04)23274275,(04)23288582,2025,08,10,19,43,臺中市,清水區,0,2,0,7,1,6,50,4,1,1,5,4,6,6,3,1,5,4,4,2,16,2,8,1,1,C03,7,6,1,10,2,11,,24,24,1,12,4,120.559096,24.27495,2
3733,66000,387130000C,(04)23274275,(04)23288582,2025,08,10,19,50,臺中市,龍井區,0,1,0,6,1,6,50,3,1,1,5,4,6,6,4,4,10,5,5,2,16,2,9,1,1,F03,7,9,7,21,2,11,,39,39,1,6,4,120.591239,24.182771,2
3734,66000,387130000C,(04)23274275,(04)23288582,2025,08,10,19,53,臺中市,西屯區,0,0,0,7,,,50,,,,,,,,,,,,,,12,,,,,C03,,,1,,1,,,8,8,1,12,4,120.639865,24.165715,3
3735,66000,387130000C,(04)23274275,(04)23288582,2025,08,10,20,0,臺中市,沙鹿區,0,2,0,7,1,6,50,13,9,1,5,4,6,6,2,1,3,2,5,2,13,2,1,2,1,C03,7,9,1,10,2,11,,84,84,1,6,4,120.568002,24.25387,2
3736,66000,387130000C,(04)23274275,(04)23288582,2025,08,10,20,2,臺中市,西區,0,0,0,7,,,50,,,,,,,,,,,,,,,,,,,B02,,,1,,2,,,84,84,1,12,4,120.655908,24.150229,3
3737,66000,387130000C,(04)23274275,(04)23288582,2025,08,10,20,3,臺中市,豐原區,0,0,0,6,,,60,,,,,,,,,,,,,,,,,,,B03,,,1,,2,,,49,49,1,13,4,120.737494,24.249288,3
3738,66000,387130000C,(04)23274275,(04)23288582,2025,08,10,20,15,臺中市,北屯區,0,0,0,7,,,50,,,,,,,,,,,,,,13,,,,,B03,,,3,,1,,,7,7,1,6,4,120.697869,24.173293,3
3739,66000,387130000C,(04)23274275,(04)23288582,2025,08,10,20,18,臺中市,西區,0,0,0,7,,,50,,,,,,,,,,,,,,17,,,,,B03,,,1,,1,,,84,84,1,12,4,120.664922,24.149005,3
3740,66000,387130000C,(04)23274275,(04)23288582,2025,08,10,20,19,臺中市,東區,0,1,0,7,1,6,50,3,1,1,5,4,6,6,4,4,10,5,5,2,17,2,8,2,1,C03,7,1,1,10,2,11,,51,51,1,13,4,120.684668,24.122347,2
3741,66000,387130000C,(04)23274275,(04)23288582,2025,08,10,20,19,臺中市,龍井區,0,2,0,6,1,6,40,4,1,1,5,4,6,6,2,1,10,5,5,2,16,3,10,1,1,C03,7,5,1,10,2,12,,8,8,1,6,4,120.581785,24.17616,2
3742,66000,387130000C,(04)23274275,(04)23288582,2025,08,10,20,21,臺中市,北屯區,0,0,0,7,,,50,,,,,,,,,,,,,,,,,,,B03,,,1,,2,,,84,84,1,12,4,120.770443,24.197421,3
3743,66000,387130000C,(04)23274275,(04)23288582,2025,08,10,20,22,臺中市,后里區,0,1,0,6,2,6,50,3,1,1,4,4,6,6,1,1,1,4,4,1,16,3,10,3,1,B03,7,5,1,8,2,6,,11,11,1,12,4,120.723696,24.297884,2
3744,66000,387130000C,(04)23274275,(04)23288582,2025,08,10,20,25,臺中市,龍井區,0,0,0,6,,,60,,,,,,,,,,,,,,13,,,,,B03,,,1,,1,,,78,78,1,10,4,120.581729,24.175796,3
3745,66000,387130000C,(04)23274275,(04)23288582,2025,08,10,20,27,臺中市,烏日區,0,0,0,7,,,30,,,,,,,,,,,,,,12,,,,,B02,,,1,,2,,,51,51,1,6,4,120.616684,24.113986,3
3746,66000,387130000C,(04)23274275,(04)23288582,2025,08,10,20,29,臺中市,北區,0,0,0,7,,,50,,,,,,,,,,,,,,17,,,,,B03,,,1,,2,,,65,65,1,12,4,120.672088,24.166873,3
3747,66000,387130000C,(04)23274275,(04)23288582,2025,08,10,20,30,臺中市,南屯區,0,0,0,7,,,40,,,,,,,,,,,,,,,,,,,B12,,,1,,1,,,49,49,1,6,4,120.626551,24.151663,3
3748,66000,387130000C,(04)23274275,(04)23288582,2025,08,10,20,30,臺中市,大里區,0,0,0,5,,,50,,,,,,,,,,,,,,17,,,,,B03,,,1,,1,,,84,84,1,13,4,120.70384,24.107088,4
3749,66000,387130000C,(04)23274275,(04)23288582,2025,08,10,20,33,臺中市,大里區,0,1,0,7,1,6,50,4,1,1,5,4,6,6,2,1,5,5,4,2,12,2,8,1,1,C03,7,1,1,10,2,16,,51,51,1,6,4,120.692056,24.109794,2
3750,66000,387130000C,(04)23274275,(04)23288582,2025,08,10,20,34,臺中市,豐原區,0,1,0,6,1,6,50,13,7,1,5,4,6,6,4,4,1,4,4,1,18,2,9,1,1,C03,7,12,1,10,2,12,,7,7,1,12,4,120.713781,24.243065,2
3751,66000,387130000C,(04)23274275,(04)23288582,2025,08,10,20,36,臺中市,北區,0,0,0,7,,,0,,,,,,,,,,,,,,17,,,,,B03,,,1,,9,,,51,51,1,12,4,120.685727,24.154052,3
3752,66000,387130000C,(04)23274275,(04)23288582,2025,08,10,20,38,臺中市,西屯區,0,1,0,7,1,6,50,4,1,1,5,4,6,6,2,1,10,5,5,2,13,2,9,1,1,C03,7,9,1,10,2,11,,7,7,1,13,4,120.65263,24.166498,2
3753,66000,387130000C,(04)23274275,(04)23288582,2025,08,10,20,40,臺中市,北屯區,0,0,0,7,,,50,,,,,,,,,,,,,,,,,,,B03,,,1,,1,,,51,51,1,12,4,120.707987,24.180201,3
3754,66000,387130000C,(04)23274275,(04)23288582,2025,08,10,20,40,臺中市,豐原區,0,0,0,7,,,30,,,,,,,,,,,,,,11,,,,,B03,,,1,,9,,,8,8,1,12,4,120.728641,24.260753,3
3755,66000,387130000C,(04)23274275,(04)23288582,2025,08,10,20,44,臺中市,北區,0,2,0,7,1,6,50,13,8,1,5,4,6,6,4,4,8,3,4,2,14,3,10,3,1,B03,7,2,1,8,2,3,,49,49,1,13,4,120.679431,24.159353,2
3756,66000,387130000C,(04)23274275,(04)23288582,2025,08,10,20,46,臺中市,潭子區,0,0,0,6,,3,80,,,,,,,,,,,,,,,,,,,B03,,,1,,2,,,7,7,1,13,4,120.709739,24.200514,3
3757,66000,387130000C,(04)23274275,(04)23288582,2025,08,10,20,46,臺中市,烏日區,0,1,0,7,1,6,70,13,14,1,5,1,6,6,4,4,1,4,4,1,13,2,9,5,1,F01,7,9,7,21,2,11,,7,7,1,6,4,120.603243,24.110206,2
3758,66000,387130000C,(04)23274275,(04)23288582,2025,08,10,20,49,臺中市,潭子區,0,0,0,5,,3,80,,,,,,,,,,,,,,,,,,,B03,,,1,,2,,,7,7,1,12,4,120.717792,24.198004,3
3759,66000,387130000C,(04)23274275,(04)23288582,2025,08,10,20,57,臺中市,東區,0,0,0,7,,,50,,,,,,,,,,,,,,,,,,,C03,,,1,,2,,,7,7,1,13,4,120.705984,24.129779,3
3760,66000,387130000C,(04)23274275,(04)23288582,2025,08,10,20,59,臺中市,西屯區,0,2,0,7,1,6,30,4,1,1,5,4,6,5,4,4,10,5,5,2,15,2,9,2,4,C03,7,9,1,10,2,12,14,15,15,1,12,4,120.607483,24.162853,2
3761,66000,387130000C,(04)23274275,(04)23288582,2025,08,10,21,7,臺中市,烏日區,0,0,0,7,,,30,,,,,,,,,,,,,,12,,,,,B03,,,1,,1,,,84,84,1,6,4,120.637548,24.106021,3
3762,66000,387130000C,(04)23274275,(04)23288582,2025,08,10,21,8,臺中市,西屯區,0,0,0,7,,,40,,,,,,,,,,,,,,13,,,,,B03,,,1,,1,,,59,59,1,12,4,120.653841,24.160499,3
3763,66000,387130000C,(04)23274275,(04)23288582,2025,08,10,21,16,臺中市,北屯區,0,0,0,7,,3,80,,,,,,,,,,,,,,13,,,,,B03,,,1,8,1,,,84,84,1,6,4,120.720348,24.169528,3
3764,66000,387130000C,(04)23274275,(04)23288582,2025,08,10,21,19,臺中市,清水區,0,0,0,7,,,50,,,,,,,,,,,,,,,,,,,B03,,,1,,1,,,50,50,1,12,4,120.564215,24.280429,3
3765,66000,387130000C,(04)23274275,(04)23288582,2025,08,10,21,21,臺中市,太平區,0,0,0,7,,,50,,,,,,,,,,,,,,13,,,,,B03,,,1,,2,,,59,59,1,6,4,120.720072,24.114973,3
3766,66000,387130000C,(04)23274275,(04)23288582,2025,08,10,21,25,臺中市,西區,0,0,0,7,,,50,,,,,,,,,,,,,,15,,,,,C04,,,1,10,1,,,15,15,1,13,4,120.660506,24.135842,3
3767,66000,387130000C,(04)23274275,(04)23288582,2025,08,10,21,34,臺中市,潭子區,0,1,0,6,1,6,40,13,14,1,5,4,6,6,4,4,1,4,4,1,17,2,9,1,1,C03,7,9,1,10,2,11,,43,43,1,12,4,120.704328,24.203252,2
3768,66000,387130000C,(04)23274275,(04)23288582,2025,08,10,21,40,臺中市,南屯區,0,0,0,7,1,6,40,13,9,1,5,4,6,6,4,4,5,5,4,2,12,,,,,C03,,,2,,1,,,7,7,1,6,4,120.65215,24.153539,3
3769,66000,387130000C,(04)23274275,(04)23288582,2025,08,10,21,41,臺中市,西屯區,0,1,0,7,1,6,50,4,1,1,5,4,6,6,1,1,10,5,5,2,16,3,10,3,1,B03,7,9,1,8,2,5,,87,87,1,12,4,120.637962,24.17272,2
3770,66000,387130000C,(04)23274275,(04)23288582,2025,08,10,21,45,臺中市,大里區,0,1,0,7,1,6,50,3,2,1,4,4,6,6,4,4,5,5,5,1,17,2,9,5,4,C02,7,9,3,19,2,16,,84,84,1,12,4,120.699569,24.089121,2
3771,66000,387130000C,(04)23274275,(04)23288582,2025,08,10,21,46,臺中市,烏日區,0,0,0,7,,,50,,,,,,,,,,,,,,12,,,,,B03,,,1,,1,,,8,8,1,6,4,120.616844,24.116186,3
3772,66000,387130000C,(04)23274275,(04)23288582,2025,08,10,22,0,臺中市,大里區,0,0,0,7,,,,,,,,,,,,,,,,,30,,,,,,,,,,,,,119,119,1,,,120.717249,24.087849,3
3773,66000,387130000C,(04)23274275,(04)23288582,2025,08,10,22,6,臺中市,北屯區,0,0,0,7,,,0,,,,,,,,,,,,,,25,,,,,C03,,,1,9,9,,,84,84,1,6,4,120.667118,24.179908,3
3774,66000,387130000C,(04)23274275,(04)23288582,2025,08,10,22,10,臺中市,中區,0,0,0,7,,,40,,,,,,,,,,,,,,,,,,,B02,,,1,,1,,,45,45,1,6,4,120.676467,24.144548,3
3775,66000,387130000C,(04)23274275,(04)23288582,2025,08,10,22,12,臺中市,西屯區,0,0,0,7,,,50,,,,,,,,,,,,,,17,,,,,B03,,,1,,2,,,43,43,1,12,4,120.661963,24.166412,3
3776,66000,387130000C,(04)23274275,(04)23288582,2025,08,10,22,15,臺中市,西屯區,0,1,0,7,1,6,50,4,1,1,5,4,6,6,1,1,10,5,5,2,16,3,10,5,4,B03,7,6,1,8,2,2,,25,25,1,12,4,120.614483,24.186648,2
3777,66000,387130000C,(04)23274275,(04)23288582,2025,08,10,22,18,臺中市,沙鹿區,0,0,0,7,,,30,,,,,,,,,,,,,,11,,,,,B03,,,1,,2,,,8,8,1,12,4,120.568518,24.249255,3
3778,66000,387130000C,(04)23274275,(04)23288582,2025,08,10,22,30,臺中市,大里區,0,0,0,7,,,50,,,,,,,,,,,,,,13,,,,,B03,,,1,,2,,,7,7,1,6,4,120.697078,24.111902,3
3779,66000,387130000C,(04)23274275,(04)23288582,2025,08,10,22,33,臺中市,北區,0,2,0,7,1,6,50,3,1,1,5,4,6,6,2,1,10,5,5,2,17,2,9,5,4,C03,7,9,1,10,2,11,,7,7,1,13,4,120.680976,24.163174,2
3780,66000,387130000C,(04)23274275,(04)23288582,2025,08,10,22,43,臺中市,大里區,0,1,0,7,1,6,50,13,9,1,5,4,6,6,4,4,3,4,5,1,13,2,9,5,4,C03,7,9,1,10,2,11,,7,7,1,13,4,120.68107,24.106217,2
3781,66000,387130000C,(04)23274275,(04)23288582,2025,08,10,22,48,臺中市,南區,0,1,0,7,3,6,50,4,1,1,5,4,6,6,2,1,5,5,5,2,12,3,10,3,1,B03,7,5,1,8,2,5,,47,47,1,6,4,120.653845,24.122318,2
3782,66000,387130000C,(04)23274275,(04)23288582,2025,08,10,22,55,臺中市,大雅區,0,1,0,7,1,6,30,4,1,1,5,4,6,6,1,1,5,5,5,1,15,3,10,2,1,C03,7,9,3,19,2,12,,85,85,1,13,4,120.650332,24.243556,2
3783,66000,387130000C,(04)23274275,(04)23288582,2025,08,10,23,4,臺中市,大雅區,0,1,0,7,1,6,50,3,2,1,5,4,6,6,4,4,5,5,5,1,18,2,9,2,1,C03,7,9,1,10,2,12,,6,6,1,13,4,120.654366,24.234061,2
3784,66000,387130000C,(04)23274275,(04)23288582,2025,08,10,23,10,臺中市,東區,0,1,0,7,1,6,50,4,1,1,5,4,6,6,2,1,10,5,5,2,17,3,10,3,1,B01,7,11,1,4,2,7,,44,44,1,12,4,120.689181,24.140923,2
3785,66000,387130000C,(04)23274275,(04)23288582,2025,08,10,23,10,臺中市,西屯區,0,1,0,7,1,6,40,4,9,1,5,4,6,6,1,1,10,5,5,2,12,2,9,2,1,C03,7,9,1,10,2,14,,7,7,1,12,4,120.645545,24.172416,2
3786,66000,387130000C,(04)23274275,(04)23288582,2025,08,10,23,21,臺中市,太平區,0,2,0,7,1,6,50,4,1,1,5,4,6,6,1,1,10,5,5,2,16,2,9,2,1,C03,7,9,1,10,2,12,,7,7,1,13,4,120.733249,24.142574,2
3787,66000,387130000C,(04)23274275,(04)23288582,2025,08,10,23,22,臺中市,烏日區,0,0,0,7,,,50,,,,,,,,,,,,,,13,,,,,B03,,,1,,1,,,7,7,1,12,4,120.653314,24.089932,3
3788,66000,387130000C,(04)23274275,(04)23288582,2025,08,10,23,22,臺中市,大安區,0,0,0,7,,,50,,,,,,,,,,,,,,,,,,,B03,,,1,,2,,,7,7,1,6,4,120.605096,24.373322,3
3789,66000,387130000C,(04)23274275,(04)23288582,2025,08,10,23,24,臺中市,西屯區,0,1,0,7,1,6,50,3,1,1,5,4,6,6,2,1,10,5,5,2,12,3,10,5,4,B03,7,6,1,8,2,8,,8,8,1,13,4,120.648002,24.174082,2
3790,66000,387130000C,(04)23274275,(04)23288582,2025,08,10,23,30,臺中市,太平區,0,1,0,7,1,6,50,5,1,1,5,4,6,6,2,1,10,5,5,2,16,3,10,3,1,B03,7,6,1,4,2,1,,11,11,1,12,4,120.724538,24.149691,2
3791,66000,387130000C,(04)23274275,(04)23288582,2025,08,10,23,32,臺中市,中區,0,1,0,7,1,6,50,5,1,1,5,4,1,6,1,1,10,5,5,2,16,3,10,3,1,B03,7,5,1,8,2,2,,11,11,1,6,4,120.681797,24.144496,2
3792,66000,387130000C,(04)23274275,(04)23288582,2025,08,10,23,36,臺中市,西屯區,0,0,0,7,,,50,,,,,,,,,,,,,,17,,,,,B03,,,1,,1,,,87,,1,12,4,120.641671,24.177512,3
3793,66000,387130000C,(04)23274275,(04)23288582,2025,08,11,0,24,臺中市,西屯區,0,0,0,7,,,60,,,,,,,,,,,,,,13,,,,,B03,,,1,,1,,,7,7,1,12,4,120.644033,24.160964,3
3794,66000,387130000C,(04)23274275,(04)23288582,2025,08,11,1,5,臺中市,豐原區,0,1,0,7,1,6,50,13,14,1,5,4,6,6,4,4,5,4,5,1,17,2,9,3,1,B03,7,9,3,19,2,5,,84,84,1,12,4,120.722746,24.236786,2
3795,66000,387130000C,(04)23274275,(04)23288582,2025,08,11,1,13,臺中市,西屯區,0,0,0,7,,,50,,,,,,,,,,,,,,12,,,,,B03,,,,,,,,8,8,1,13,4,120.661874,24.165651,3
3796,66000,387130000C,(04)23274275,(04)23288582,2025,08,11,1,39,臺中市,北屯區,0,0,0,7,,,40,,,,,,,,,,,,,,13,,,,,B03,,,1,,1,,,59,59,1,6,4,120.719034,24.162008,3
3797,66000,387130000C,(04)23274275,(04)23288582,2025,08,11,2,13,臺中市,西屯區,0,0,0,7,,,40,,,,,,,,,,,,,,14,,,,,B01,,,1,,2,,,49,49,1,12,4,120.661874,24.165651,3
3798,66000,387130000C,(04)23274275,(04)23288582,2025,08,11,6,31,臺中市,南區,0,0,0,7,,,50,,,,,,,,,,,,,,17,,,,,B03,,,1,,2,,,84,84,1,12,4,120.670201,24.116913,3
3799,66000,387130000C,(04)23274275,(04)23288582,2025,08,11,6,53,臺中市,西區,0,1,0,7,3,6,50,4,1,1,5,4,6,6,1,1,10,5,5,2,13,2,9,1,1,C03,7,9,1,10,2,11,13,7,7,1,12,4,120.672721,24.1359,2
3800,66000,387130000C,(04)23274275,(04)23288582,2025,08,11,7,1,臺中市,潭子區,0,0,0,7,,,30,,,,,,,,,,,,,,16,,,,,B03,,,1,,2,,,51,51,1,13,4,120.687075,24.231913,3
3801,66000,387130000C,(04)23274275,(04)23288582,2025,08,11,7,5,臺中市,后里區,0,0,0,7,2,6,30,3,1,1,5,4,6,6,4,4,10,5,5,2,16,3,10,2,1,C03,7,6,1,10,2,11,,14,14,1,12,4,120.725261,24.308502,3
3802,66000,387130000C,(04)23274275,(04)23288582,2025,08,11,7,6,臺中市,東區,0,1,0,7,2,6,50,3,1,1,5,4,6,6,4,4,10,5,5,2,16,3,10,3,1,B12,7,6,1,8,2,8,,14,14,1,12,4,120.693596,24.146312,2
3803,66000,387130000C,(04)23274275,(04)23288582,2025,08,11,7,7,臺中市,西屯區,0,1,0,7,2,6,30,3,1,1,5,4,6,6,4,4,5,4,5,2,17,3,10,5,4,B03,7,5,1,8,2,8,,13,13,1,12,4,120.656873,24.163457,2
3804,66000,387130000C,(04)23274275,(04)23288582,2025,08,11,7,9,臺中市,霧峰區,0,0,0,7,,,50,,,,,,,,,,,,,,,,,,,A12,,,1,,1,,,26,26,1,13,4,120.691164,24.070468,3
3805,66000,387130000C,(04)23274275,(04)23288582,2025,08,11,7,10,臺中市,大肚區,0,0,0,7,,,40,,,,,,,,,,,,,,25,,,,,B03,,,1,,2,,,84,84,1,13,4,120.543433,24.168975,3
3806,66000,387130000C,(04)23274275,(04)23288582,2025,08,11,7,12,臺中市,南屯區,0,0,0,7,,,50,,,,,,,,,,,,,,,,,,,B03,,,1,,2,,,43,43,1,13,4,120.646564,24.134687,3
3807,66000,387130000C,(04)23274275,(04)23288582,2025,08,11,7,14,臺中市,沙鹿區,0,0,0,7,,,30,,,,,,,,,,,,,,15,,,,,B03,,,1,,2,,,24,24,1,6,4,120.562309,24.252389,3
3808,66000,387130000C,(04)23274275,(04)23288582,2025,08,11,7,15,臺中市,沙鹿區,0,1,0,7,2,6,50,3,1,1,5,4,6,6,4,4,5,4,4,2,16,3,10,3,1,B03,7,6,1,8,2,2,,14,14,1,12,4,120.568583,24.206647,2
3809,66000,387130000C,(04)23274275,(04)23288582,2025,08,11,7,16,臺中市,豐原區,0,0,0,7,,,50,,,,,,,,,,,,,,16,,,,,C03,,,1,,2,,,84,84,1,12,4,120.715128,24.248075,3
3810,66000,387130000C,(04)23274275,(04)23288582,2025,08,11,7,17,臺中市,南屯區,0,0,0,7,,,50,,,,,,,,,,,,,,,,,,,B03,,,1,,1,,,84,84,1,13,4,120.63604,24.121043,3
3811,66000,387130000C,(04)23274275,(04)23288582,2025,08,11,7,18,臺中市,東勢區,0,0,0,7,,,60,,,,,,,,,,,,,,17,,,,,B12,,,1,,2,,,84,84,1,12,4,120.82937,24.249335,3
3812,66000,387130000C,(04)23274275,(04)23288582,2025,08,11,7,20,臺中市,北屯區,1,1,0,7,3,6,30,4,1,1,5,4,6,6,4,4,10,5,5,2,15,2,1,3,1,B03,7,9,3,19,2,4,,12,12,2,6,4,120.677892,24.180607,1
3813,66000,387130000C,(04)23274275,(04)23288582,2025,08,11,7,20,臺中市,太平區,0,0,0,7,,,50,,,,,,,,,,,,,,13,,,,,B12,,,1,,2,,,84,84,1,12,4,120.706327,24.117049,3
3814,66000,387130000C,(04)23274275,(04)23288582,2025,08,11,7,24,臺中市,豐原區,0,0,0,7,,,50,,,,,,,,,,,,,,13,,,,,B03,,,1,,2,,,59,59,1,12,4,120.720492,24.262987,3
3815,66000,387130000C,(04)23274275,(04)23288582,2025,08,11,7,26,臺中市,北屯區,0,0,0,7,,,30,,,,,,,,,,,,,,14,,,,,A12,,,1,,2,,,49,49,1,13,4,120.70896,24.164167,3
3816,66000,387130000C,(04)23274275,(04)23288582,2025,08,11,7,28,臺中市,太平區,0,2,0,7,3,6,50,5,1,1,5,4,6,6,1,1,5,5,5,2,13,2,1,2,1,C03,7,9,1,8,2,11,,7,7,1,12,4,120.703152,24.14814,2
3817,66000,387130000C,(04)23274275,(04)23288582,2025,08,11,7,29,臺中市,烏日區,0,1,0,7,2,6,30,4,1,1,5,4,6,6,4,4,10,5,5,2,17,2,8,5,4,C03,7,6,5,19,4,14,,14,14,1,6,4,120.644286,24.075374,2
3818,66000,387130000C,(04)23274275,(04)23288582,2025,08,11,7,30,臺中市,太平區,0,1,0,7,3,6,30,4,1,1,5,4,6,6,4,4,10,5,5,2,16,3,10,3,1,B03,7,6,1,8,2,8,,84,84,1,12,4,120.727692,24.154941,2
3819,66000,387130000C,(04)23274275,(04)23288582,2025,08,11,7,30,臺中市,豐原區,0,1,0,7,2,6,50,3,9,1,5,4,6,6,4,4,10,5,4,2,18,2,9,1,1,C03,7,6,1,10,9,16,14,48,48,1,12,4,120.721112,24.276656,2
3820,66000,387130000C,(04)23274275,(04)23288582,2025,08,11,7,30,臺中市,神岡區,0,0,0,7,,,50,,,,,,,,,,,,,,12,,,,,B03,,,1,,1,,,40,40,1,13,4,120.671192,24.256122,3
3821,66000,387130000C,(04)23274275,(04)23288582,2025,08,11,7,32,臺中市,龍井區,0,0,0,7,,,30,,,,,,,,,,,,,,16,,,,,B03,,,1,,1,,,12,12,1,12,4,120.582026,24.185765,3