﻿序號,縣市別代碼,機關代碼,市話,傳真,年,月,日,時,分,縣市,區,死亡數量,受傷數量,2-30,天候,道路照明設備,道路類別,道路速限,道路型態,事故位置,路面鋪裝,路面狀態,路面缺陷,障礙物,視距,號誌種類,號誌動作,分向設施,快車道或一般車道間,快慢車道間,路面邊線,事故類型及型態,受傷程度,主要傷處,保護裝備,行動電話或功能裝置,當事者區分_類別,車輛用途,當事者行動狀態,駕照狀態,駕照種類,飲酒情形,車輛撞擊部位最初,車輛撞擊部位其他,肇事因素個別,肇事因素主要,肇事逃逸,職業,共享經濟或外送平台,GPS座標X,GPS座標Y,事故類別
3933,66000,387130000C,(04)23274275,(04)23288582,2025,08,11,11,0,臺中市,沙鹿區,0,1,0,7,2,6,40,5,8,1,5,4,6,6,2,1,1,4,1,1,9,3,10,1,1,C03,7,6,1,10,2,11,,10,10,1,12,4,120.568274,24.238024,2
3934,66000,387130000C,(04)23274275,(04)23288582,2025,08,11,11,5,臺中市,大里區,0,0,0,7,,,50,,,,,,,,,,,,,,,,,,,B03,,,1,,2,,,7,7,1,12,4,120.70051,24.093814,3
3935,66000,387130000C,(04)23274275,(04)23288582,2025,08,11,11,6,臺中市,沙鹿區,0,1,0,7,3,6,30,3,1,1,5,4,6,6,4,4,10,5,5,2,14,3,10,3,1,B03,7,2,1,8,2,6,,49,49,1,12,4,120.566745,24.241953,2
3936,66000,387130000C,(04)23274275,(04)23288582,2025,08,11,11,7,臺中市,北區,0,1,0,7,2,6,50,13,9,1,5,4,6,6,4,4,5,5,5,2,16,3,10,3,1,B03,7,5,1,8,2,5,,47,47,1,13,4,120.683379,24.155111,2
3937,66000,387130000C,(04)23274275,(04)23288582,2025,08,11,11,15,臺中市,西區,0,0,0,7,,,50,,,,,,,,,,,,,,,,,,,B03,,,1,,1,,,84,84,1,6,4,120.657461,24.148791,3
3938,66000,387130000C,(04)23274275,(04)23288582,2025,08,11,11,17,臺中市,大里區,0,1,0,7,2,6,40,4,2,1,5,4,6,6,4,4,10,5,5,2,2,3,10,1,1,C03,7,9,1,10,2,11,,84,84,1,12,4,120.687791,24.114077,2
3939,66000,387130000C,(04)23274275,(04)23288582,2025,08,11,11,18,臺中市,北屯區,0,0,0,7,,,30,,,,,,,,,,,,,,13,,,,,C03,,,1,,1,,,7,7,1,6,4,120.67538,24.176751,3
3940,66000,387130000C,(04)23274275,(04)23288582,2025,08,11,11,18,臺中市,西屯區,0,0,0,7,,,50,,,,,,,,,,,,,,17,,,,,B03,,,1,,2,,,51,51,1,12,4,120.651823,24.16673,3
3941,66000,387130000C,(04)23274275,(04)23288582,2025,08,11,11,21,臺中市,中區,0,1,0,7,2,6,50,3,2,1,5,4,6,6,4,4,5,4,5,1,12,2,9,2,1,C03,7,8,1,10,2,14,,40,40,1,13,4,120.680347,24.138247,2
3942,66000,387130000C,(04)23274275,(04)23288582,2025,08,11,11,31,臺中市,北屯區,0,0,0,7,,,30,,,,,,,,,,,,,,17,,,,,A11,,,1,,9,,,8,8,1,6,4,120.726973,24.177334,3
3943,66000,387130000C,(04)23274275,(04)23288582,2025,08,11,11,34,臺中市,西區,0,1,0,7,2,6,50,4,2,1,5,4,6,6,1,1,5,4,5,2,17,2,9,1,1,C03,7,15,1,10,2,13,,40,40,1,12,4,120.663094,24.136558,2
3944,66000,387130000C,(04)23274275,(04)23288582,2025,08,11,11,34,臺中市,和平區,0,1,0,7,3,6,25,11,8,1,4,4,6,6,4,4,5,4,4,2,18,2,9,2,1,C03,7,6,1,10,2,14,,43,43,1,7,4,120.910977,24.292186,2
3945,66000,387130000C,(04)23274275,(04)23288582,2025,08,11,11,35,臺中市,潭子區,0,0,0,7,,,50,,,,,,,,,,,,,,,,,,,B12,,,1,,2,,,78,78,1,13,4,120.70446,24.206984,3
3946,66000,387130000C,(04)23274275,(04)23288582,2025,08,11,11,40,臺中市,西屯區,0,0,0,7,,,50,,,,,,,,,,,,,,14,,,,,B03,,,1,,1,,,50,50,1,12,4,120.647861,24.173952,3
3947,66000,387130000C,(04)23274275,(04)23288582,2025,08,11,11,40,臺中市,烏日區,0,0,0,7,,,30,,,,,,,,,,,,,,14,,,,,B03,,,1,,2,,,49,49,1,6,4,120.657202,24.057618,3
3948,66000,387130000C,(04)23274275,(04)23288582,2025,08,11,11,41,臺中市,南屯區,0,2,0,7,1,6,50,4,1,1,5,4,6,6,1,1,5,5,5,2,3,2,9,6,5,H01,8,18,7,21,10,17,,96,96,1,13,5,120.647803,24.147741,2
3949,66000,387130000C,(04)23274275,(04)23288582,2025,08,11,11,42,臺中市,中區,0,0,0,7,,,50,,,,,,,,,,,,,,,,,,,C03,,,1,,2,,,7,7,1,6,4,120.681077,24.145094,3
3950,66000,387130000C,(04)23274275,(04)23288582,2025,08,11,11,42,臺中市,新社區,0,1,0,7,2,6,50,13,9,1,5,4,6,6,4,4,5,5,5,1,18,2,9,1,4,C03,7,9,1,10,2,12,,84,84,1,12,4,120.810554,24.225749,2
3951,66000,387130000C,(04)23274275,(04)23288582,2025,08,11,11,44,臺中市,西屯區,0,0,0,7,,,50,,,,,,,,,,,,,,12,,,,,B12,,,1,,2,,,50,50,1,13,4,120.660181,24.166153,3
3952,66000,387130000C,(04)23274275,(04)23288582,2025,08,11,11,45,臺中市,南屯區,0,0,0,7,,,50,,,,,,,,,,,,,,17,,,,,C03,,,3,,1,,,39,39,1,12,4,120.633828,24.136696,3
3953,66000,387130000C,(04)23274275,(04)23288582,2025,08,11,11,50,臺中市,太平區,0,1,0,7,3,6,50,4,1,1,5,4,6,6,1,1,1,4,5,2,16,2,9,2,1,C03,7,9,1,10,2,14,,84,84,1,12,4,120.712193,24.144456,2
3954,66000,387130000C,(04)23274275,(04)23288582,2025,08,11,11,54,臺中市,北區,0,1,0,7,3,6,50,4,1,1,5,4,6,6,4,4,5,4,5,2,17,3,10,3,1,B03,7,9,1,8,2,2,,20,20,1,12,4,120.691322,24.155865,2
3955,66000,387130000C,(04)23274275,(04)23288582,2025,08,11,11,55,臺中市,潭子區,0,1,0,7,2,6,30,11,9,1,5,4,6,6,4,4,10,5,5,1,18,2,9,1,1,C03,7,9,1,10,2,14,,85,85,1,13,4,120.683944,24.215293,2
3956,66000,387130000C,(04)23274275,(04)23288582,2025,08,11,11,56,臺中市,西區,0,0,0,7,,,50,,,,,,,,,,,,,,14,,,,,B03,,,1,,11,,,49,49,1,13,4,120.667274,24.148363,3
3957,66000,387130000C,(04)23274275,(04)23288582,2025,08,11,12,0,臺中市,北屯區,0,1,0,7,2,6,50,3,1,1,5,4,6,6,3,1,10,5,5,2,18,2,9,5,4,C03,7,9,1,10,2,12,,59,59,1,13,4,120.678691,24.187607,2
3958,66000,387130000C,(04)23274275,(04)23288582,2025,08,11,12,1,臺中市,沙鹿區,0,0,0,7,,,30,,,,,,,,,,,,,,17,,,,,A12,,,1,,2,,,8,8,1,6,4,120.569028,24.211537,3
3959,66000,387130000C,(04)23274275,(04)23288582,2025,08,11,12,2,臺中市,大雅區,0,0,0,7,,,40,,,,,,,,,,,,,,,,,,,B03,,,1,,1,,,8,8,1,13,4,120.628378,24.206508,3
3960,66000,387130000C,(04)23274275,(04)23288582,2025,08,11,12,4,臺中市,豐原區,0,1,0,7,2,6,30,4,1,1,5,4,6,6,1,1,5,5,5,1,17,3,10,1,1,C03,7,6,1,10,2,14,,65,65,1,12,4,120.700324,24.235251,2
3961,66000,387130000C,(04)23274275,(04)23288582,2025,08,11,12,6,臺中市,北區,0,2,0,7,2,6,50,3,1,1,5,4,6,6,2,1,10,5,5,2,16,2,9,1,1,C03,7,6,1,10,2,11,,11,11,1,12,4,120.684085,24.149878,2
3962,66000,387130000C,(04)23274275,(04)23288582,2025,08,11,12,8,臺中市,龍井區,0,1,0,6,2,6,50,4,1,1,5,4,6,6,1,1,10,5,5,2,15,3,10,3,1,B03,7,9,1,8,2,8,,6,6,1,12,4,120.575777,24.175559,2
3963,66000,387130000C,(04)23274275,(04)23288582,2025,08,11,12,9,臺中市,太平區,0,2,0,7,2,6,50,13,9,1,5,4,6,6,4,4,9,5,5,2,16,2,9,1,1,C03,7,6,1,10,2,11,,84,84,1,12,4,120.708948,24.157468,2
3964,66000,387130000C,(04)23274275,(04)23288582,2025,08,11,12,10,臺中市,北屯區,0,1,0,7,2,6,50,3,1,1,5,4,6,6,4,4,1,5,5,2,16,3,10,3,1,B03,7,5,1,8,2,5,,14,14,1,12,4,120.663311,24.187124,2
3965,66000,387130000C,(04)23274275,(04)23288582,2025,08,11,12,12,臺中市,北區,0,2,0,7,2,6,50,4,1,1,5,4,6,6,4,4,10,5,5,2,16,2,9,1,1,C03,7,5,1,10,2,12,14,14,14,1,13,4,120.672069,24.15649,2
3966,66000,387130000C,(04)23274275,(04)23288582,2025,08,11,12,15,臺中市,東區,0,0,0,7,,,30,,,,,,,,,,,,,,,,,,,C03,,,1,,9,,,49,49,1,13,4,120.695886,24.15052,3
3967,66000,387130000C,(04)23274275,(04)23288582,2025,08,11,12,25,臺中市,烏日區,0,0,0,7,,,30,,,,,,,,,,,,,,17,,,,,B01,,,1,,2,,,51,51,1,6,4,120.616684,24.113986,3
3968,66000,387130000C,(04)23274275,(04)23288582,2025,08,11,12,26,臺中市,北屯區,0,1,0,7,3,6,50,3,2,1,5,4,6,6,4,4,1,4,5,2,12,2,9,2,1,C03,7,15,1,10,2,14,,84,84,1,6,4,120.693708,24.163433,2
3969,66000,387130000C,(04)23274275,(04)23288582,2025,08,11,12,29,臺中市,豐原區,0,0,0,7,,,60,,,,,,,,,,,,,,13,,,,,B03,,,1,,1,,,7,7,1,12,4,120.703794,24.23813,3
3970,66000,387130000C,(04)23274275,(04)23288582,2025,08,11,12,30,臺中市,南區,0,0,0,7,,,40,,,,,,,,,,,,,,17,,,,,C03,,,1,,1,,,84,84,1,12,4,120.675338,24.124923,3
3971,66000,387130000C,(04)23274275,(04)23288582,2025,08,11,12,32,臺中市,北區,0,0,0,7,,,50,,,,,,,,,,,,,,,,,,,B03,,,1,,9,,,7,7,1,12,4,120.685033,24.159058,3
3972,66000,387130000C,(04)23274275,(04)23288582,2025,08,11,12,38,臺中市,大里區,0,1,0,7,2,6,50,4,1,1,5,4,6,6,1,1,10,5,5,1,15,2,9,1,1,C03,7,9,1,10,2,11,,21,21,1,12,4,120.664502,24.086427,2
3973,66000,387130000C,(04)23274275,(04)23288582,2025,08,11,12,38,臺中市,梧棲區,0,2,0,7,3,6,50,13,9,1,5,4,6,6,4,4,5,5,5,1,28,2,9,1,1,C03,7,9,1,10,2,11,,87,87,1,6,4,120.548796,24.235852,2
3974,66000,387130000C,(04)23274275,(04)23288582,2025,08,11,12,42,臺中市,西屯區,0,0,0,7,,,50,,,,,,,,,,,,,,13,,,,,B03,,,1,,1,,,7,7,1,12,4,120.59745,24.191535,3
3975,66000,387130000C,(04)23274275,(04)23288582,2025,08,11,12,43,臺中市,后里區,0,1,0,7,2,6,50,4,1,1,5,4,6,6,1,1,5,5,4,1,16,3,10,2,1,C03,7,6,1,10,2,12,,23,23,1,12,4,120.71847,24.311498,2
3976,66000,387130000C,(04)23274275,(04)23288582,2025,08,11,12,45,臺中市,潭子區,0,1,0,6,3,6,40,4,2,1,5,4,6,6,1,1,1,5,5,1,17,3,10,2,1,C03,7,9,1,10,9,16,,85,85,1,13,4,120.716468,24.204692,2
3977,66000,387130000C,(04)23274275,(04)23288582,2025,08,11,12,45,臺中市,中區,0,3,0,7,2,6,30,4,1,1,5,4,6,6,4,4,10,5,5,2,15,2,9,2,1,C03,7,9,1,10,2,11,,15,15,1,12,4,120.680724,24.137786,2
3978,66000,387130000C,(04)23274275,(04)23288582,2025,08,11,12,45,臺中市,沙鹿區,0,0,0,7,,,50,,,,,,,,,,,,,,14,,,,,B03,,,1,,2,,,49,49,1,12,4,120.560242,24.234555,3
3979,66000,387130000C,(04)23274275,(04)23288582,2025,08,11,12,48,臺中市,中區,0,0,0,7,,,50,,,,,,,,,,,,,,,,,,,C03,,,1,,1,,,7,7,1,6,4,120.679202,24.142078,4
3980,66000,387130000C,(04)23274275,(04)23288582,2025,08,11,12,53,臺中市,西屯區,0,3,0,7,2,6,40,3,1,1,5,4,6,6,4,4,5,5,4,2,3,2,7,2,1,C03,7,9,1,10,2,14,,10,10,1,12,4,120.639224,24.17258,2
3981,66000,387130000C,(04)23274275,(04)23288582,2025,08,11,13,0,臺中市,北屯區,0,1,0,7,3,6,50,13,9,1,5,4,6,6,4,4,1,4,5,2,13,3,10,3,1,B03,7,9,1,8,9,1,,7,7,1,12,4,120.694646,24.166168,2
3982,66000,387130000C,(04)23274275,(04)23288582,2025,08,11,13,0,臺中市,西屯區,0,0,0,7,,,60,,,,,,,,,,,,,,16,,,,,B03,,,1,,9,,,40,40,1,12,4,120.646454,24.164454,3
3983,66000,387130000C,(04)23274275,(04)23288582,2025,08,11,13,10,臺中市,南區,0,2,0,7,2,6,50,3,1,1,5,4,6,6,2,1,10,5,5,2,17,2,9,1,1,C03,7,9,1,10,2,12,,21,21,1,12,4,120.659907,24.12476,2
3984,66000,387130000C,(04)23274275,(04)23288582,2025,08,11,13,10,臺中市,南屯區,0,1,0,7,3,6,50,5,1,1,5,4,6,6,1,1,10,5,5,2,17,2,9,2,1,C03,7,6,1,10,2,11,,23,23,1,12,4,120.646142,24.142676,2
3985,66000,387130000C,(04)23274275,(04)23288582,2025,08,11,13,10,臺中市,西屯區,0,1,0,5,2,6,50,5,1,1,4,4,6,6,1,1,10,5,5,2,18,2,9,5,4,C03,7,5,1,10,11,14,,59,59,1,12,4,120.616471,24.19097,2
3986,66000,387130000C,(04)23274275,(04)23288582,2025,08,11,13,16,臺中市,北屯區,0,1,0,7,2,6,50,4,1,1,5,2,6,6,2,1,1,3,5,2,18,2,9,2,1,C03,7,5,1,10,2,12,,84,84,1,13,4,120.668466,24.195411,2
3987,66000,387130000C,(04)23274275,(04)23288582,2025,08,11,13,22,臺中市,西區,0,1,0,7,1,6,50,4,1,1,5,4,6,6,1,1,10,5,5,1,17,2,9,5,4,C03,7,9,1,10,2,14,,85,85,1,12,4,120.657257,24.150851,2
3988,66000,387130000C,(04)23274275,(04)23288582,2025,08,11,13,23,臺中市,西區,0,2,0,7,2,6,50,4,2,1,5,4,6,6,2,1,5,3,5,1,16,2,9,2,1,C03,7,5,1,10,2,12,,11,11,1,13,4,120.670483,24.146154,2
3989,66000,387130000C,(04)23274275,(04)23288582,2025,08,11,13,26,臺中市,南區,0,1,0,7,3,6,50,4,1,1,5,4,6,6,2,1,10,5,5,2,15,3,10,2,1,C03,7,9,1,10,2,14,,21,21,1,5,4,120.682159,24.128329,2
3990,66000,387130000C,(04)23274275,(04)23288582,2025,08,11,13,30,臺中市,清水區,0,1,0,7,3,6,30,4,1,1,5,4,6,6,4,4,10,5,5,2,15,2,9,2,1,C03,7,9,2,19,2,12,,15,15,1,12,4,120.576509,24.302863,2
3991,66000,387130000C,(04)23274275,(04)23288582,2025,08,11,13,34,臺中市,北屯區,0,0,0,7,,,50,,,,,,,,,,,,,,17,,,,,B12,,,1,,1,,,84,84,1,12,4,120.686394,24.175571,4
3992,66000,387130000C,(04)23274275,(04)23288582,2025,08,11,13,35,臺中市,南屯區,0,1,0,7,2,6,50,4,1,1,5,4,6,6,2,1,10,5,5,2,15,3,10,3,1,B03,7,9,1,8,1,2,,21,21,1,12,4,120.638314,24.133759,2
3993,66000,387130000C,(04)23274275,(04)23288582,2025,08,11,13,35,臺中市,沙鹿區,0,0,0,7,,,30,,,,,,,,,,,,,,17,,,,,B03,,,1,,2,,,51,51,1,12,4,120.575153,24.201372,3
3994,66000,387130000C,(04)23274275,(04)23288582,2025,08,11,13,40,臺中市,西屯區,0,0,0,7,,,50,,,,,,,,,,,,,,17,,,,,C03,,,1,,2,,,59,59,1,12,4,120.610803,24.191005,3
3995,66000,387130000C,(04)23274275,(04)23288582,2025,08,11,13,40,臺中市,大里區,0,1,0,7,2,6,40,13,9,1,5,4,6,6,4,4,10,5,5,1,17,2,9,1,1,C03,7,15,3,19,2,11,,84,84,1,12,4,120.66977,24.109735,2
3996,66000,387130000C,(04)23274275,(04)23288582,2025,08,11,13,43,臺中市,潭子區,0,0,0,7,,,0,,,,,,,,,,,,,,,,,,,C03,,,1,,2,,,49,49,1,12,4,120.705388,24.214268,3
3997,66000,387130000C,(04)23274275,(04)23288582,2025,08,11,13,51,臺中市,大雅區,0,0,0,7,,,50,,,,,,,,,,,,,,13,,,,,B01,,,1,,1,,,7,7,1,12,4,120.638041,24.217931,3
3998,66000,387130000C,(04)23274275,(04)23288582,2025,08,11,13,55,臺中市,西區,0,0,0,7,,,50,,,,,,,,,,,,,,,,,,,B03,,,1,,2,,,51,51,1,12,4,120.663553,24.152323,3
3999,66000,387130000C,(04)23274275,(04)23288582,2025,08,11,13,55,臺中市,北區,0,0,0,7,,,50,,,,,,,,,,,,,,17,,,,,B03,,,3,,2,,,58,58,1,13,4,120.667443,24.166273,3
4000,66000,387130000C,(04)23274275,(04)23288582,2025,08,11,13,58,臺中市,南屯區,0,1,0,7,2,6,50,4,1,1,5,4,6,6,1,1,10,5,5,2,16,3,10,3,1,B03,7,6,1,8,2,2,,11,11,1,12,4,120.653157,24.132022,2
4001,66000,387130000C,(04)23274275,(04)23288582,2025,08,11,13,59,臺中市,太平區,0,1,0,7,3,6,50,4,1,1,5,4,6,6,1,1,5,5,5,1,16,2,9,2,1,C03,7,6,1,10,2,13,,8,8,1,12,4,120.724719,24.141939,2
4002,66000,387130000C,(04)23274275,(04)23288582,2025,08,11,14,2,臺中市,神岡區,0,0,0,7,,,50,,,,,,,,,,,,,,13,,,,,B03,,,1,,1,,,59,59,1,13,4,120.693262,24.24867,3
4003,66000,387130000C,(04)23274275,(04)23288582,2025,08,11,14,4,臺中市,沙鹿區,0,0,0,7,,,60,,,,,,,,,,,,,,13,,,,,B03,,,1,,1,,,59,59,1,6,4,120.577156,24.2254,3
4004,66000,387130000C,(04)23274275,(04)23288582,2025,08,11,14,5,臺中市,大肚區,0,0,0,7,,,50,,,,,,,,,,,,,,,,,,,A41,,,1,,2,,,84,84,1,6,4,120.542995,24.150451,3
4005,66000,387130000C,(04)23274275,(04)23288582,2025,08,11,14,7,臺中市,霧峰區,0,2,0,7,2,6,50,4,1,1,5,4,6,6,1,1,5,5,5,1,16,2,9,2,1,C03,7,9,1,10,2,12,,21,21,1,13,4,120.684471,24.050971,2
4006,66000,387130000C,(04)23274275,(04)23288582,2025,08,11,14,8,臺中市,西區,0,1,0,7,2,6,50,5,1,1,5,4,6,6,1,1,10,5,5,2,17,2,9,1,1,C03,7,4,1,10,2,14,,84,84,1,12,4,120.672718,24.131587,2
4007,66000,387130000C,(04)23274275,(04)23288582,2025,08,11,14,9,臺中市,西區,0,1,0,7,2,6,30,13,9,1,5,4,6,6,4,4,10,5,5,2,17,3,10,5,1,B03,7,1,1,8,2,1,,51,51,1,6,4,120.665703,24.133927,2
4008,66000,387130000C,(04)23274275,(04)23288582,2025,08,11,14,10,臺中市,北屯區,0,1,0,7,3,6,50,5,1,1,5,4,6,6,1,1,10,5,5,2,18,2,9,2,1,C03,7,9,1,10,2,11,,84,84,1,6,4,120.70566,24.172837,2
4009,66000,387130000C,(04)23274275,(04)23288582,2025,08,11,14,12,臺中市,潭子區,0,0,0,7,,,50,,,,,,,,,,,,,,13,,,,,B03,,,1,,2,,,84,84,1,12,4,120.7078,24.211171,3
4010,66000,387130000C,(04)23274275,(04)23288582,2025,08,11,14,14,臺中市,北屯區,0,0,0,7,,,50,,,,,,,,,,,,,,13,,,,,C03,,,3,,1,,,59,59,1,13,4,120.721089,24.178298,3
4011,66000,387130000C,(04)23274275,(04)23288582,2025,08,11,14,17,臺中市,南屯區,0,1,0,7,3,6,50,4,1,1,5,4,6,6,2,1,10,5,5,2,12,3,10,5,1,B03,7,5,1,8,2,6,,11,11,1,12,4,120.641649,24.151081,2
4012,66000,387130000C,(04)23274275,(04)23288582,2025,08,11,14,19,臺中市,太平區,0,0,0,7,,,50,,,,,,,,,,,,,,13,,,,,C03,,,1,,2,,,7,7,1,12,4,120.718129,24.116896,3
4013,66000,387130000C,(04)23274275,(04)23288582,2025,08,11,14,20,臺中市,西區,0,0,0,7,,,50,,,,,,,,,,,,,,,,,,,B03,,,1,,1,,,7,7,1,12,4,120.67613,24.134239,3
4014,66000,387130000C,(04)23274275,(04)23288582,2025,08,11,14,20,臺中市,豐原區,0,2,0,7,2,6,50,3,1,1,5,4,6,6,4,4,1,4,4,1,16,3,10,1,1,C03,7,6,1,10,2,11,,48,48,1,12,4,120.734103,24.260006,2
4015,66000,387130000C,(04)23274275,(04)23288582,2025,08,11,14,27,臺中市,太平區,0,0,0,7,,,50,,,,,,,,,,,,,,17,,,,,B03,,,1,,2,,,40,40,1,12,4,120.714101,24.149706,3
4016,66000,387130000C,(04)23274275,(04)23288582,2025,08,11,14,30,臺中市,北區,0,0,0,7,,,50,,,,,,,,,,,,,,,,,,,B03,,,1,,9,,,45,45,1,12,4,120.688198,24.151809,3
4017,66000,387130000C,(04)23274275,(04)23288582,2025,08,11,14,30,臺中市,南區,0,1,0,7,2,6,50,4,1,1,5,4,6,6,2,1,3,2,4,2,13,3,10,3,1,B12,7,9,1,8,2,1,,7,7,1,13,4,120.679112,24.126971,2
4018,66000,387130000C,(04)23274275,(04)23288582,2025,08,11,14,30,臺中市,烏日區,0,0,0,7,,,30,,,,,,,,,,,,,,9,,,,,A12,,,1,,1,,,8,8,1,6,4,120.603794,24.1147,3
4019,66000,387130000C,(04)23274275,(04)23288582,2025,08,11,14,30,臺中市,沙鹿區,0,1,0,7,2,6,50,3,2,1,5,4,6,6,2,1,1,4,5,1,16,3,10,3,1,B03,7,5,1,8,2,2,,59,59,1,12,4,120.614882,24.243943,2
4020,66000,387130000C,(04)23274275,(04)23288582,2025,08,11,14,33,臺中市,北屯區,0,2,0,7,2,6,30,13,9,1,5,4,6,6,4,4,10,5,5,2,9,2,9,6,5,H01,8,16,7,21,10,17,,109,109,1,12,5,120.68329,24.194744,2
4021,66000,387130000C,(04)23274275,(04)23288582,2025,08,11,14,40,臺中市,西屯區,0,1,0,7,2,6,40,3,8,1,5,4,6,6,2,1,1,3,1,2,3,3,10,5,4,B03,7,9,3,19,2,8,,10,10,1,13,4,120.648732,24.1635,2
4022,66000,387130000C,(04)23274275,(04)23288582,2025,08,11,14,40,臺中市,霧峰區,0,0,0,7,,,50,,,,,,,,,,,,,,,,,,,B03,,,1,,1,,,84,84,1,13,4,120.690263,24.014382,3
4023,66000,387130000C,(04)23274275,(04)23288582,2025,08,11,14,40,臺中市,梧棲區,0,1,0,7,2,6,50,13,9,1,5,4,6,6,4,4,9,4,5,2,12,2,9,2,3,C03,7,9,1,10,2,11,,58,58,1,12,4,120.528863,24.24888,2
4024,66000,387130000C,(04)23274275,(04)23288582,2025,08,11,14,43,臺中市,北屯區,0,1,0,7,2,6,50,13,9,1,5,4,6,6,4,4,1,4,5,2,12,3,10,1,1,C03,7,9,1,10,2,12,,85,85,1,12,4,120.702349,24.182098,2
4025,66000,387130000C,(04)23274275,(04)23288582,2025,08,11,14,46,臺中市,烏日區,0,0,0,7,,,50,,,,,,,,,,,,,,,,,,,B03,,,1,,2,,,49,49,1,13,4,120.598287,24.110882,3
4026,66000,387130000C,(04)23274275,(04)23288582,2025,08,11,14,46,臺中市,烏日區,0,2,0,7,1,6,50,3,2,1,5,4,6,6,4,4,1,4,4,1,16,2,9,1,1,C03,7,5,1,10,2,14,,12,12,1,6,4,120.63922,24.108059,2
4027,66000,387130000C,(04)23274275,(04)23288582,2025,08,11,14,47,臺中市,潭子區,0,0,0,7,,,50,,,,,,,,,,,,,,,,,,,B03,,,1,,2,,,56,56,1,13,4,120.690807,24.215454,3
4028,66000,387130000C,(04)23274275,(04)23288582,2025,08,11,14,47,臺中市,西屯區,0,0,0,7,,3,80,,,,,,,,,,,,,,,,,,,A21,,,1,,1,,,85,85,1,12,4,120.634948,24.179291,3
4029,66000,387130000C,(04)23274275,(04)23288582,2025,08,11,14,49,臺中市,北屯區,0,0,0,7,,,50,,,,,,,,,,,,,,9,,,,,B03,,,1,,2,,,38,38,1,6,4,120.719349,24.163382,4
4030,66000,387130000C,(04)23274275,(04)23288582,2025,08,11,14,49,臺中市,沙鹿區,0,0,0,7,,,50,,,,,,,,,,,,,,13,,,,,B03,,,1,,2,,,7,7,1,6,4,120.571136,24.242385,3
4031,66000,387130000C,(04)23274275,(04)23288582,2025,08,11,14,52,臺中市,北區,0,1,0,7,3,6,50,13,9,1,5,4,6,6,4,4,5,4,5,2,9,3,10,3,1,B03,7,1,1,8,2,8,,51,51,1,12,4,120.681039,24.157076,2
4032,66000,387130000C,(04)23274275,(04)23288582,2025,08,11,14,52,臺中市,和平區,0,0,0,7,,,30,,,,,,,,,,,,,,,,,,,,,,,,,,,86,86,1,,,121.299992,24.32445,3
4033,66000,387130000C,(04)23274275,(04)23288582,2025,08,11,14,56,臺中市,潭子區,0,1,0,7,2,6,30,4,1,1,5,4,6,6,3,1,10,5,5,1,16,3,10,3,1,B03,7,6,1,8,2,4,,84,84,1,12,4,120.687041,24.231724,2
4034,66000,387130000C,(04)23274275,(04)23288582,2025,08,11,14,59,臺中市,西屯區,0,0,0,7,,,30,,,,,,,,,,,,,,16,,,,,B03,,,1,,1,,,12,12,1,12,4,120.635562,24.1679,3
4035,66000,387130000C,(04)23274275,(04)23288582,2025,08,11,15,1,臺中市,南屯區,0,0,0,7,3,6,50,13,9,1,5,4,6,6,4,4,5,5,4,2,16,,,,,B03,,,1,,1,,,14,14,1,12,4,120.632914,24.148409,3
4036,66000,387130000C,(04)23274275,(04)23288582,2025,08,11,15,4,臺中市,太平區,0,1,0,7,2,6,50,4,1,1,5,4,6,6,3,1,5,5,4,2,16,3,10,3,1,B03,7,5,1,8,2,5,,11,11,1,6,4,120.71594,24.134373,2
4037,66000,387130000C,(04)23274275,(04)23288582,2025,08,11,15,6,臺中市,霧峰區,0,1,0,7,3,6,50,13,12,1,5,4,6,6,4,4,5,5,4,1,17,3,10,1,1,C03,7,1,1,10,2,11,,51,51,1,12,4,120.698335,24.060754,2
4038,66000,387130000C,(04)23274275,(04)23288582,2025,08,11,15,10,臺中市,北屯區,0,0,0,7,,,50,,,,,,,,,,,,,,13,,,,,C03,,,1,,2,,,7,7,1,6,4,120.696928,24.169045,3
4039,66000,387130000C,(04)23274275,(04)23288582,2025,08,11,15,13,臺中市,大雅區,0,0,0,7,,,0,,,,,,,,,,,,,,17,,,,,B03,,,1,,1,,,51,51,1,13,4,120.642099,24.228911,3
4040,66000,387130000C,(04)23274275,(04)23288582,2025,08,11,15,20,臺中市,西屯區,0,0,0,7,,,50,,,,,,,,,,,,,,17,,,,,C03,,,1,,1,,,8,8,1,13,4,120.656169,24.170212,3
4041,66000,387130000C,(04)23274275,(04)23288582,2025,08,11,15,21,臺中市,南區,0,1,0,7,2,6,50,4,1,1,5,4,1,6,2,1,10,5,5,2,15,2,9,1,1,C03,7,9,1,10,2,11,,21,21,1,12,4,120.657763,24.118094,2
4042,66000,387130000C,(04)23274275,(04)23288582,2025,08,11,15,22,臺中市,北屯區,0,0,0,7,,,50,,,,,,,,,,,,,,,,,,,C03,,,1,,9,,,84,84,1,12,4,120.726176,24.176225,3