﻿序號,縣市別代碼,機關代碼,市話,傳真,年,月,日,時,分,縣市,區,死亡數量,受傷數量,2-30,天候,道路照明設備,道路類別,道路速限,道路型態,事故位置,路面鋪裝,路面狀態,路面缺陷,障礙物,視距,號誌種類,號誌動作,分向設施,快車道或一般車道間,快慢車道間,路面邊線,事故類型及型態,受傷程度,主要傷處,保護裝備,行動電話或功能裝置,當事者區分_類別,車輛用途,當事者行動狀態,駕照狀態,駕照種類,飲酒情形,車輛撞擊部位最初,車輛撞擊部位其他,肇事因素個別,肇事因素主要,肇事逃逸,職業,共享經濟或外送平台,GPS座標X,GPS座標Y,事故類別
4043,66000,387130000C,(04)23274275,(04)23288582,2025,08,11,15,23,臺中市,神岡區,0,0,0,7,,,50,,,,,,,,,,,,,,14,,,,,B12,,,5,,2,,,49,49,1,13,4,120.663948,24.272743,3
4044,66000,387130000C,(04)23274275,(04)23288582,2025,08,11,15,25,臺中市,龍井區,0,0,0,7,,,50,,,,,,,,,,,,,,17,,,,,B03,,,1,,2,,,8,8,1,6,4,120.584769,24.183378,3
4045,66000,387130000C,(04)23274275,(04)23288582,2025,08,11,15,30,臺中市,大里區,0,0,0,7,2,6,50,13,9,5,5,4,6,6,4,4,9,5,5,2,17,,,,,B03,,,1,,2,,,59,59,1,6,4,120.702725,24.091642,3
4046,66000,387130000C,(04)23274275,(04)23288582,2025,08,11,15,31,臺中市,南屯區,0,0,0,7,,,50,,,,,,,,,,,,,,16,,,,,B03,,,1,,1,,,12,12,1,13,4,120.613969,24.150324,3
4047,66000,387130000C,(04)23274275,(04)23288582,2025,08,11,15,31,臺中市,南屯區,0,0,0,7,,,50,,,,,,,,,,,,,,13,,,,,C03,,,1,,2,,,7,7,1,12,4,120.637265,24.15099,3
4048,66000,387130000C,(04)23274275,(04)23288582,2025,08,11,15,32,臺中市,北屯區,0,0,0,7,,,50,,,,,,,,,,,,,,,,,,,B03,,,1,,9,,,49,49,1,12,4,120.680172,24.174747,3
4049,66000,387130000C,(04)23274275,(04)23288582,2025,08,11,15,32,臺中市,西屯區,0,1,0,7,2,6,50,13,7,1,5,4,6,6,4,4,5,4,1,2,13,3,10,5,4,B03,7,9,1,10,1,1,,84,84,1,12,4,120.641076,24.167898,2
4050,66000,387130000C,(04)23274275,(04)23288582,2025,08,11,15,35,臺中市,北屯區,0,0,0,7,,,50,,,,,,,,,,,,,,,,,,,C03,,,1,,1,,,45,45,1,13,4,120.696312,24.177369,4
4051,66000,387130000C,(04)23274275,(04)23288582,2025,08,11,15,38,臺中市,西屯區,0,2,0,7,2,6,0,13,9,1,5,4,6,6,4,4,10,5,5,2,16,2,8,1,1,C03,7,1,1,10,2,14,,51,51,1,12,4,120.646678,24.160069,2
4052,66000,387130000C,(04)23274275,(04)23288582,2025,08,11,15,38,臺中市,豐原區,0,0,0,6,,,50,,,,,,,,,,,,,,14,,,,,A02,,,1,,2,,,50,50,1,12,4,120.722329,24.25465,3
4053,66000,387130000C,(04)23274275,(04)23288582,2025,08,11,15,39,臺中市,梧棲區,0,0,0,7,,,40,,,,,,,,,,,,,,13,,,,,B03,,,1,,1,,,7,7,1,6,4,120.525779,24.224664,3
4054,66000,387130000C,(04)23274275,(04)23288582,2025,08,11,15,40,臺中市,北屯區,0,1,0,7,3,6,50,13,9,1,5,4,6,6,4,4,9,4,5,2,17,3,10,5,1,B03,7,15,1,4,9,4,,76,76,1,12,4,120.687171,24.186431,2
4055,66000,387130000C,(04)23274275,(04)23288582,2025,08,11,15,40,臺中市,神岡區,0,0,0,7,,,30,,,,,,,,,,,,,,14,,,,,B12,,,1,,1,,,49,49,1,13,4,120.681439,24.272048,3
4056,66000,387130000C,(04)23274275,(04)23288582,2025,08,11,15,40,臺中市,豐原區,0,1,0,6,2,6,50,4,1,1,5,4,6,6,1,1,10,5,5,2,14,3,10,5,4,B12,7,2,1,8,2,3,,49,49,1,7,4,120.722969,24.272605,2
4057,66000,387130000C,(04)23274275,(04)23288582,2025,08,11,15,45,臺中市,潭子區,0,0,0,7,,,50,,,,,,,,,,,,,,,,,,,C03,,,1,,2,,,7,7,1,13,4,120.701759,24.208221,3
4058,66000,387130000C,(04)23274275,(04)23288582,2025,08,11,15,45,臺中市,北區,0,0,0,7,,,50,,,,,,,,,,,,,,17,,,,,B03,,,6,,2,,,85,85,1,13,4,120.691715,24.16141,4
4059,66000,387130000C,(04)23274275,(04)23288582,2025,08,11,15,49,臺中市,西屯區,0,0,0,7,,,30,,,,,,,,,,,,,,13,,,,,B03,,,1,,2,,,7,7,1,12,4,120.663718,24.201276,3
4060,66000,387130000C,(04)23274275,(04)23288582,2025,08,11,15,52,臺中市,大里區,0,0,0,7,,,50,,,,,,,,,,,,,,16,,,,,B03,,,1,,2,,,11,11,1,6,4,120.699136,24.109925,3
4061,66000,387130000C,(04)23274275,(04)23288582,2025,08,11,15,53,臺中市,沙鹿區,0,0,0,7,,,50,,,,,,,,,,,,,,13,,,,,B03,,,1,,1,,,59,59,1,6,4,120.57334,24.222493,3
4062,66000,387130000C,(04)23274275,(04)23288582,2025,08,11,15,55,臺中市,北屯區,0,0,0,5,,3,40,,,,,,,,,,,,,,13,,,,,B03,,,1,8,1,,,7,7,1,6,4,120.68046,24.200814,3
4063,66000,387130000C,(04)23274275,(04)23288582,2025,08,11,15,55,臺中市,西屯區,0,0,0,7,,,50,,,,,,,,,,,,,,12,,,,,B03,,,1,,1,,,59,59,1,13,4,120.658883,24.164948,3
4064,66000,387130000C,(04)23274275,(04)23288582,2025,08,11,15,56,臺中市,西屯區,0,1,0,7,1,6,30,3,1,1,5,4,6,6,4,4,10,5,5,1,16,3,10,2,1,C03,7,11,1,10,2,11,,45,45,1,12,4,120.646343,24.181124,2
4065,66000,387130000C,(04)23274275,(04)23288582,2025,08,11,16,0,臺中市,大雅區,0,1,0,6,1,6,30,13,7,1,5,4,6,6,4,4,5,5,4,1,16,2,9,2,1,C03,7,1,1,10,2,14,,51,51,1,12,4,120.64983,24.222241,2
4066,66000,387130000C,(04)23274275,(04)23288582,2025,08,11,16,0,臺中市,北屯區,0,0,0,7,,,50,,,,,,,,,,,,,,13,,,,,C03,,,1,,1,,,7,7,1,6,4,120.704076,24.16939,4
4067,66000,387130000C,(04)23274275,(04)23288582,2025,08,11,16,1,臺中市,沙鹿區,0,0,0,7,,,50,,,,,,,,,,,,,,16,,,,,B03,,,1,,2,,,12,12,1,6,4,120.55974,24.238919,3
4068,66000,387130000C,(04)23274275,(04)23288582,2025,08,11,16,2,臺中市,烏日區,0,1,0,7,2,6,50,3,2,1,5,4,6,6,4,4,1,4,4,1,17,2,7,5,4,C01,7,8,1,9,2,12,,43,43,1,12,4,120.632091,24.105226,2
4069,66000,387130000C,(04)23274275,(04)23288582,2025,08,11,16,4,臺中市,北區,0,0,0,7,,,50,,,,,,,,,,,,,,17,,,,,B01,,,1,,1,,,84,84,1,13,4,120.684484,24.167195,3
4070,66000,387130000C,(04)23274275,(04)23288582,2025,08,11,16,4,臺中市,南區,0,0,0,7,,,50,,,,,,,,,,,,,,13,,,,,B03,,,1,,1,,,84,84,1,13,4,120.666824,24.119158,3
4071,66000,387130000C,(04)23274275,(04)23288582,2025,08,11,16,4,臺中市,龍井區,0,0,0,6,,,30,,,,,,,,,,,,,,11,,,,,C03,,,1,,2,,,6,6,1,6,4,120.570461,24.17635,3
4072,66000,387130000C,(04)23274275,(04)23288582,2025,08,11,16,5,臺中市,沙鹿區,0,0,0,7,,,50,,,,,,,,,,,,,,,,,,,B03,,,1,,1,,,82,82,1,6,4,120.564418,24.240028,3
4073,66000,387130000C,(04)23274275,(04)23288582,2025,08,11,16,8,臺中市,北屯區,0,2,0,5,2,6,50,5,1,1,4,4,6,6,4,4,10,5,5,2,11,2,9,2,1,C03,7,9,5,19,2,11,,85,85,1,12,4,120.700675,24.18398,2
4074,66000,387130000C,(04)23274275,(04)23288582,2025,08,11,16,12,臺中市,大雅區,0,2,0,5,2,6,50,4,1,1,4,4,6,6,2,1,5,4,5,1,16,3,10,3,1,B03,7,6,1,8,2,2,,48,48,1,13,4,120.645257,24.225544,2
4075,66000,387130000C,(04)23274275,(04)23288582,2025,08,11,16,12,臺中市,北屯區,0,2,0,7,3,6,50,3,8,1,5,4,6,6,4,4,1,4,4,2,13,2,9,2,1,C03,7,9,1,10,2,11,,84,84,1,12,4,120.690407,24.162896,2
4076,66000,387130000C,(04)23274275,(04)23288582,2025,08,11,16,14,臺中市,西屯區,0,1,0,7,2,6,30,11,24,1,5,4,6,6,4,4,10,5,5,2,17,3,10,5,4,B03,7,6,1,8,2,8,,84,84,1,12,4,120.639181,24.17588,2
4077,66000,387130000C,(04)23274275,(04)23288582,2025,08,11,16,14,臺中市,梧棲區,0,1,0,7,2,6,40,13,8,1,5,4,6,6,1,1,3,5,3,1,13,2,8,2,1,C03,7,9,1,10,2,11,,7,7,1,12,4,120.539071,24.249267,2
4078,66000,387130000C,(04)23274275,(04)23288582,2025,08,11,16,20,臺中市,豐原區,0,2,0,5,2,6,50,4,1,1,4,4,6,6,4,4,5,5,5,2,17,2,7,2,1,C03,7,5,1,10,2,12,,84,84,1,12,4,120.718001,24.248194,2
4079,66000,387130000C,(04)23274275,(04)23288582,2025,08,11,16,27,臺中市,東勢區,0,1,0,7,2,6,50,4,4,1,4,4,6,6,2,1,2,2,4,1,17,3,10,3,1,B03,7,1,1,8,1,5,,84,84,1,12,4,120.822571,24.261491,2
4080,66000,387130000C,(04)23274275,(04)23288582,2025,08,11,16,30,臺中市,后里區,0,0,0,7,2,6,50,13,9,1,4,4,6,6,4,4,5,5,5,2,30,,,,,,,,,,,,,116,116,1,,,120.739517,24.318047,3
4081,66000,387130000C,(04)23274275,(04)23288582,2025,08,11,16,33,臺中市,太平區,0,0,0,5,,,50,,,,,,,,,,,,,,13,,,,,B12,,,1,,1,,,7,7,1,12,4,120.708765,24.159166,3
4082,66000,387130000C,(04)23274275,(04)23288582,2025,08,11,16,36,臺中市,大里區,0,1,0,6,3,6,60,13,12,1,5,4,6,6,4,4,1,4,4,2,16,3,10,3,1,B03,7,5,1,8,2,2,,20,20,1,13,4,120.66949,24.10377,2
4083,66000,387130000C,(04)23274275,(04)23288582,2025,08,11,16,38,臺中市,神岡區,0,2,0,7,3,6,40,13,9,1,5,4,6,6,4,4,9,4,4,1,16,2,9,1,1,C03,7,6,1,10,2,12,,20,20,1,13,4,120.669008,24.256977,2
4084,66000,387130000C,(04)23274275,(04)23288582,2025,08,11,16,39,臺中市,豐原區,0,1,0,5,2,6,50,4,1,1,4,4,6,6,1,1,5,4,5,2,16,2,9,1,1,C03,7,4,1,10,2,14,,84,84,1,12,4,120.710964,24.268705,2
4085,66000,387130000C,(04)23274275,(04)23288582,2025,08,11,16,43,臺中市,神岡區,0,0,0,5,,,50,,,,,,,,,,,,,,14,,,,,B03,,,1,,2,,,49,49,1,13,4,120.678972,24.245677,3
4086,66000,387130000C,(04)23274275,(04)23288582,2025,08,11,16,44,臺中市,北區,0,0,0,7,,,50,,,,,,,,,,,,,,14,,,,,B02,,,1,,2,,,49,49,1,12,4,120.674928,24.14624,3
4087,66000,387130000C,(04)23274275,(04)23288582,2025,08,11,16,44,臺中市,南屯區,0,1,0,7,2,6,50,3,1,1,5,4,6,6,4,4,10,5,5,2,12,3,10,3,1,B03,7,5,1,8,2,2,,42,42,1,12,4,120.645353,24.153642,2
4088,66000,387130000C,(04)23274275,(04)23288582,2025,08,11,16,50,臺中市,沙鹿區,0,0,0,7,,,30,,,,,,,,,,,,,,14,,,,,B03,,,1,,9,,,85,85,1,6,4,120.558667,24.217597,3
4089,66000,387130000C,(04)23274275,(04)23288582,2025,08,11,16,52,臺中市,北屯區,0,2,0,5,2,6,50,3,2,1,4,4,6,6,4,4,5,4,5,2,13,2,8,1,1,C03,7,9,1,10,2,11,,7,7,1,6,4,120.700661,24.170107,2
4090,66000,387130000C,(04)23274275,(04)23288582,2025,08,11,16,52,臺中市,西屯區,0,0,0,7,,,50,,,,,,,,,,,,,,13,,,,,C03,,,1,,1,,,7,7,1,13,4,120.635271,24.182018,3
4091,66000,387130000C,(04)23274275,(04)23288582,2025,08,11,16,52,臺中市,豐原區,0,0,0,6,,,50,,,,,,,,,,,,,,13,,,,,C03,,,1,,1,,,84,84,1,12,4,120.720784,24.25228,3
4092,66000,387130000C,(04)23274275,(04)23288582,2025,08,11,16,57,臺中市,北屯區,0,0,0,5,,,50,,,,,,,,,,,,,,13,,,,,B03,,,1,8,2,,,7,7,1,6,4,120.719087,24.160233,3
4093,66000,387130000C,(04)23274275,(04)23288582,2025,08,11,16,57,臺中市,西屯區,0,0,0,7,,,50,,,,,,,,,,,,,,,,,,,B03,,,1,,1,,,87,87,1,12,4,120.617498,24.185346,3
4094,66000,387130000C,(04)23274275,(04)23288582,2025,08,11,16,57,臺中市,龍井區,0,1,0,6,3,6,30,3,1,1,5,4,6,6,4,4,10,5,5,2,16,3,10,3,1,B03,7,6,1,8,2,8,,14,14,1,6,4,120.548664,24.186961,2
4095,66000,387130000C,(04)23274275,(04)23288582,2025,08,11,16,58,臺中市,西區,0,0,0,5,,,50,,,,,,,,,,,,,,13,,,,,C03,,,1,,2,,,7,7,1,13,4,120.666736,24.141067,3
4096,66000,387130000C,(04)23274275,(04)23288582,2025,08,11,16,59,臺中市,霧峰區,0,0,0,7,,,50,,,,,,,,,,,,,,,,,,,B03,,,1,,2,,,12,12,1,12,4,120.696956,24.065085,3
4097,66000,387130000C,(04)23274275,(04)23288582,2025,08,11,17,0,臺中市,北屯區,0,0,0,5,,,50,,,,,,,,,,,,,,9,,,,,B03,,,1,,1,,,22,22,1,6,4,120.721003,24.175968,3
4098,66000,387130000C,(04)23274275,(04)23288582,2025,08,11,17,5,臺中市,霧峰區,0,2,0,5,1,6,40,5,1,1,4,4,6,6,1,1,5,5,5,1,15,2,9,1,1,C03,7,9,1,10,2,14,11,21,21,1,12,4,120.679146,24.064693,2
4099,66000,387130000C,(04)23274275,(04)23288582,2025,08,11,17,6,臺中市,太平區,0,0,0,5,,,50,,,,,,,,,,,,,,12,,,,,B03,,,1,,1,,,40,40,1,12,4,120.711943,24.141007,3
4100,66000,387130000C,(04)23274275,(04)23288582,2025,08,11,17,6,臺中市,神岡區,0,0,0,7,,,50,,,,,,,,,,,,,,2,,,,,F03,,,1,,2,,,51,51,1,12,4,120.638105,24.28853,3
4101,66000,387130000C,(04)23274275,(04)23288582,2025,08,11,17,8,臺中市,南屯區,0,0,0,7,,,50,,,,,,,,,,,,,,12,,,,,B03,,,1,,1,,,42,42,1,13,4,120.640719,24.146487,3
4102,66000,387130000C,(04)23274275,(04)23288582,2025,08,11,17,8,臺中市,神岡區,0,1,0,7,2,6,30,13,9,1,5,4,6,6,4,4,10,5,5,2,30,2,9,5,4,C03,7,9,1,10,2,14,,85,85,1,13,4,120.667218,24.269303,2
4103,66000,387130000C,(04)23274275,(04)23288582,2025,08,11,17,9,臺中市,北屯區,0,0,0,5,,,50,,,,,,,,,,,,,,,,,,,B03,,,1,,1,,,51,51,1,12,4,120.683854,24.176043,3
4104,66000,387130000C,(04)23274275,(04)23288582,2025,08,11,17,10,臺中市,西屯區,0,0,0,7,,3,80,,,,,,,,,,,,,,24,,,,,B01,,,1,,2,,,59,59,1,12,4,120.647074,24.195966,3
4105,66000,387130000C,(04)23274275,(04)23288582,2025,08,11,17,10,臺中市,霧峰區,0,1,0,5,2,6,30,13,9,5,4,4,6,6,4,4,10,5,5,1,16,3,10,3,1,B03,7,6,1,8,2,2,,20,20,1,6,4,120.66473,24.058824,2
4106,66000,387130000C,(04)23274275,(04)23288582,2025,08,11,17,10,臺中市,外埔區,0,0,0,7,,,50,,,,,,,,,,,,,,16,,,,,A12,,,1,,1,,,87,87,1,12,4,120.638641,24.341983,3
4107,66000,387130000C,(04)23274275,(04)23288582,2025,08,11,17,11,臺中市,西屯區,0,0,0,7,,,50,,,,,,,,,,,,,,17,,,,,C03,,,1,,2,,,8,8,1,12,4,120.639181,24.17588,3
4108,66000,387130000C,(04)23274275,(04)23288582,2025,08,11,17,12,臺中市,南屯區,0,1,0,7,2,6,50,13,7,1,5,4,6,6,4,4,1,4,4,2,13,3,10,2,1,C03,7,9,1,10,2,11,,7,7,1,13,4,120.623669,24.1407,2
4109,66000,387130000C,(04)23274275,(04)23288582,2025,08,11,17,14,臺中市,北區,0,0,0,7,,,50,,,,,,,,,,,,,,13,,,,,B03,,,1,,1,,,84,84,1,12,4,120.678246,24.151257,3
4110,66000,387130000C,(04)23274275,(04)23288582,2025,08,11,17,14,臺中市,大里區,0,1,0,6,3,6,50,3,2,1,5,4,6,6,4,4,5,4,5,1,17,3,10,3,1,B03,7,15,1,8,2,16,,26,26,1,13,4,120.674447,24.102139,2
4111,66000,387130000C,(04)23274275,(04)23288582,2025,08,11,17,14,臺中市,梧棲區,0,0,0,7,,,30,,,,,,,,,,,,,,15,,,,,C03,,,1,,2,,,15,15,1,12,4,120.54468,24.233082,3
4112,66000,387130000C,(04)23274275,(04)23288582,2025,08,11,17,15,臺中市,北屯區,0,0,0,5,,,50,,,,,,,,,,,,,,,,,,,C03,,,1,,2,,,84,84,1,12,4,120.682138,24.172286,3
4113,66000,387130000C,(04)23274275,(04)23288582,2025,08,11,17,16,臺中市,東區,0,0,0,5,,,50,,,,,,,,,,,,,,,,,,,B03,,,1,,2,,,7,7,1,13,4,120.709363,24.140735,3
4114,66000,387130000C,(04)23274275,(04)23288582,2025,08,11,17,17,臺中市,西區,0,0,0,6,,,50,,,,,,,,,,,,,,,,,,,B12,,,1,,1,,,40,40,1,12,4,120.666186,24.140477,3
4115,66000,387130000C,(04)23274275,(04)23288582,2025,08,11,17,18,臺中市,豐原區,0,1,0,5,2,6,50,5,1,1,4,4,6,6,1,1,1,2,5,1,16,3,10,5,4,A11,7,6,1,1,9,7,,25,25,2,13,4,120.72231,24.277967,2
4116,66000,387130000C,(04)23274275,(04)23288582,2025,08,11,17,19,臺中市,中區,0,1,0,5,2,6,50,3,1,1,4,4,6,6,4,4,10,5,5,2,17,2,9,2,1,C03,7,5,1,10,2,13,,12,12,1,12,4,120.681625,24.14599,2
4117,66000,387130000C,(04)23274275,(04)23288582,2025,08,11,17,19,臺中市,南屯區,0,1,0,6,2,6,50,4,1,1,5,4,6,6,1,1,10,5,5,2,16,3,10,3,1,B03,7,6,1,8,2,5,,11,11,1,12,4,120.649925,24.138858,2
4118,66000,387130000C,(04)23274275,(04)23288582,2025,08,11,17,19,臺中市,豐原區,0,1,0,6,2,6,50,4,4,1,4,4,6,6,2,1,5,4,4,1,13,3,10,5,4,B03,7,9,1,8,2,1,,59,59,1,12,4,120.7269,24.247554,2
4119,66000,387130000C,(04)23274275,(04)23288582,2025,08,11,17,20,臺中市,北屯區,0,0,0,5,,,50,,,,,,,,,,,,,,9,,,,,B03,,,1,,9,,,87,87,1,6,4,120.71998,24.16043,3
4120,66000,387130000C,(04)23274275,(04)23288582,2025,08,11,17,20,臺中市,大里區,0,0,0,7,,,50,,,,,,,,,,,,,,,,,,,B12,,,1,,1,,,49,49,1,12,4,120.697139,24.083455,3
4121,66000,387130000C,(04)23274275,(04)23288582,2025,08,11,17,20,臺中市,沙鹿區,0,0,0,7,,,50,,,,,,,,,,,,,,,,,,,B03,,,1,,2,,,47,47,1,6,4,120.569942,24.225283,3
4122,66000,387130000C,(04)23274275,(04)23288582,2025,08,11,17,20,臺中市,后里區,0,0,0,7,1,2,50,13,7,1,5,4,6,6,1,1,1,1,1,1,13,3,10,3,1,B03,,9,1,8,1,11,,7,7,1,6,4,120.698576,24.312901,3
4123,66000,387130000C,(04)23274275,(04)23288582,2025,08,11,17,23,臺中市,大甲區,0,0,0,7,,,50,,,,,,,,,,,,,,14,,,,,B12,,,1,,1,,,49,49,1,6,4,120.637726,24.36094,3
4124,66000,387130000C,(04)23274275,(04)23288582,2025,08,11,17,24,臺中市,西屯區,0,0,0,7,,3,80,,,,,,,,,,,,,,16,,,,,B03,,,1,,1,,,40,40,1,13,4,120.629467,24.163103,3
4125,66000,387130000C,(04)23274275,(04)23288582,2025,08,11,17,25,臺中市,北屯區,0,0,0,5,,,50,,,,,,,,,,,,,,17,,,,,B03,,,1,,1,,,84,84,1,6,4,120.707003,24.174533,3
4126,66000,387130000C,(04)23274275,(04)23288582,2025,08,11,17,25,臺中市,豐原區,0,1,0,5,2,6,50,5,1,1,4,4,6,6,2,1,1,4,4,1,16,3,10,3,1,B03,7,5,1,8,2,2,,47,47,1,12,4,120.711261,24.239654,2
4127,66000,387130000C,(04)23274275,(04)23288582,2025,08,11,17,26,臺中市,北區,0,0,0,5,,,50,,,,,,,,,,,,,,17,,,,,B03,,,1,,1,,,84,84,1,13,4,120.676517,24.150808,3
4128,66000,387130000C,(04)23274275,(04)23288582,2025,08,11,17,27,臺中市,北屯區,0,1,0,5,3,6,50,13,9,1,4,4,6,6,4,4,1,4,5,2,12,3,10,3,1,A05,7,9,1,2,2,2,,8,8,1,6,4,120.680556,24.17268,2
4129,66000,387130000C,(04)23274275,(04)23288582,2025,08,11,17,29,臺中市,西區,0,0,0,5,,,50,,,,,,,,,,,,,,13,,,,,B03,,,1,,1,,,84,84,1,12,4,120.674391,24.148597,3
4130,66000,387130000C,(04)23274275,(04)23288582,2025,08,11,17,31,臺中市,南屯區,0,0,0,7,,,50,,,,,,,,,,,,,,17,,,,,B03,,,1,,2,,,50,50,1,12,4,120.647788,24.154676,3
4131,66000,387130000C,(04)23274275,(04)23288582,2025,08,11,17,31,臺中市,清水區,0,2,0,7,3,6,30,11,9,1,5,4,6,6,4,4,9,4,5,1,11,2,9,1,1,C03,7,9,1,10,2,14,,8,8,1,12,4,120.564127,24.317737,2
4132,66000,387130000C,(04)23274275,(04)23288582,2025,08,11,17,32,臺中市,北區,0,2,0,5,2,6,50,4,2,1,4,4,6,6,2,1,10,5,5,2,12,2,9,2,1,C03,7,9,1,10,2,14,,7,7,1,13,4,120.682121,24.154049,2
4133,66000,387130000C,(04)23274275,(04)23288582,2025,08,11,17,33,臺中市,西區,0,1,0,5,1,6,50,4,1,1,4,4,6,6,1,1,10,5,5,1,17,2,9,5,4,C03,7,9,1,10,2,11,,84,84,1,12,4,120.663185,24.156515,2
4134,66000,387130000C,(04)23274275,(04)23288582,2025,08,11,17,33,臺中市,太平區,0,0,0,5,2,6,50,,,,,,,,,,,,,,,,,,,B02,,,1,,2,1,,84,84,1,12,4,120.713401,24.125866,3
4135,66000,387130000C,(04)23274275,(04)23288582,2025,08,11,17,34,臺中市,豐原區,0,0,0,6,,,50,,,,,,,,,,,,,,13,,,,,B03,,,1,,2,,,7,7,1,12,4,120.709822,24.240461,3
4136,66000,387130000C,(04)23274275,(04)23288582,2025,08,11,17,37,臺中市,南屯區,0,0,0,7,,,50,,,,,,,,,,,,,,13,,,,,B03,,,1,,2,,,7,7,1,13,4,120.643319,24.13471,3
4137,66000,387130000C,(04)23274275,(04)23288582,2025,08,11,17,39,臺中市,北屯區,0,1,0,5,2,6,50,4,4,1,4,4,6,6,2,1,10,5,5,2,13,2,9,2,1,C03,7,9,1,10,2,11,,7,7,1,12,4,120.705738,24.1648,2
4138,66000,387130000C,(04)23274275,(04)23288582,2025,08,11,17,40,臺中市,神岡區,0,0,0,7,,,50,,,,,,,,,,,,,,2,,,,,A12,,,1,,1,,,84,84,1,12,4,120.655836,24.259642,3
4139,66000,387130000C,(04)23274275,(04)23288582,2025,08,11,17,45,臺中市,烏日區,0,1,0,5,1,6,50,4,1,1,4,4,6,6,1,1,5,4,5,1,13,3,10,1,1,C03,7,9,1,10,2,11,,7,7,1,6,4,120.643899,24.083254,2
4140,66000,387130000C,(04)23274275,(04)23288582,2025,08,11,17,47,臺中市,南屯區,0,0,0,7,,,50,,,,,,,,,,,,,,13,,,,,B03,,,1,,1,,,7,7,1,12,4,120.636408,24.146347,3
4141,66000,387130000C,(04)23274275,(04)23288582,2025,08,11,17,47,臺中市,梧棲區,0,0,0,7,,,30,,,,,,,,,,,,,,27,,,,,B03,,,1,,2,,,59,59,1,6,4,120.522958,24.230209,3
4142,66000,387130000C,(04)23274275,(04)23288582,2025,08,11,17,48,臺中市,北屯區,0,0,0,5,,,50,,,,,,,,,,,,,,,,,,,B03,,,1,,1,,,7,7,1,12,4,120.695377,24.164938,3
4143,66000,387130000C,(04)23274275,(04)23288582,2025,08,11,17,48,臺中市,神岡區,0,1,0,7,2,6,50,13,9,1,5,4,6,6,4,4,5,4,4,2,13,2,9,5,4,C03,7,9,1,10,2,11,,59,59,1,13,4,120.656363,24.261334,2
4144,66000,387130000C,(04)23274275,(04)23288582,2025,08,11,17,50,臺中市,大里區,0,0,0,5,,,50,,,,,,,,,,,,,,14,,,,,B03,,,1,,2,,,50,50,1,6,4,120.684012,24.097601,3
4145,66000,387130000C,(04)23274275,(04)23288582,2025,08,11,17,52,臺中市,大里區,0,1,0,5,2,6,50,13,9,1,4,4,6,6,4,4,5,5,5,1,13,3,10,3,1,B03,7,9,1,8,2,1,,7,7,1,6,4,120.695111,24.108854,2
4146,66000,387130000C,(04)23274275,(04)23288582,2025,08,11,17,54,臺中市,北屯區,0,1,0,5,1,6,50,13,9,1,4,4,6,6,4,4,5,4,5,2,18,2,9,2,1,C03,7,9,1,10,2,14,,84,84,1,12,4,120.699552,24.165834,2
4147,66000,387130000C,(04)23274275,(04)23288582,2025,08,11,17,56,臺中市,潭子區,0,0,0,5,,,40,,,,,,,,,,,,,,13,,,,,C03,,,1,,2,,,84,84,1,12,4,120.699426,24.215539,3
4148,66000,387130000C,(04)23274275,(04)23288582,2025,08,11,17,58,臺中市,潭子區,0,1,0,5,3,6,40,11,9,1,4,4,6,6,4,4,1,5,5,1,17,3,10,3,1,B03,7,9,1,8,2,6,,8,8,1,13,4,120.714316,24.202697,2
4149,66000,387130000C,(04)23274275,(04)23288582,2025,08,11,17,58,臺中市,西區,0,1,0,5,2,6,50,4,1,1,4,4,6,6,1,1,10,5,5,2,18,2,9,2,1,C03,7,5,1,10,2,12,,84,84,1,12,4,120.659437,24.154959,2
4150,66000,387130000C,(04)23274275,(04)23288582,2025,08,11,17,58,臺中市,西區,0,0,0,5,,,50,,,,,,,,,,,,,,15,,,,,B03,,,1,,1,,,12,12,1,13,4,120.660775,24.14661,4
4151,66000,387130000C,(04)23274275,(04)23288582,2025,08,11,17,59,臺中市,北屯區,0,0,0,5,,,50,,,,,,,,,,,,,,13,,,,,B03,,,1,,1,,,82,82,1,6,4,120.707984,24.182278,3
4152,66000,387130000C,(04)23274275,(04)23288582,2025,08,11,17,59,臺中市,沙鹿區,0,0,0,7,,,30,,,,,,,,,,,,,,,,,,,B03,,,1,,2,,,50,50,1,13,4,120.567484,24.253349,3
4153,66000,387130000C,(04)23274275,(04)23288582,2025,08,11,18,0,臺中市,南區,0,2,0,5,1,6,50,4,1,1,4,4,6,6,2,1,10,5,5,2,17,3,10,5,4,B03,7,5,5,8,2,5,,11,11,1,13,4,120.652746,24.110971,2
4154,66000,387130000C,(04)23274275,(04)23288582,2025,08,11,18,0,臺中市,北屯區,0,0,0,5,,,50,,,,,,,,,,,,,,9,,,,,B03,,,1,,1,,,45,45,1,6,4,120.72563,24.16693,4
4155,66000,387130000C,(04)23274275,(04)23288582,2025,08,11,18,3,臺中市,南區,0,0,0,5,,,50,,,,,,,,,,,,,,17,,,,,C03,,,1,,2,,,85,85,1,12,4,120.654423,24.107969,3