﻿序號,縣市別代碼,機關代碼,市話,傳真,年,月,日,時,分,縣市,區,死亡數量,受傷數量,2-30,天候,道路照明設備,道路類別,道路速限,道路型態,事故位置,路面鋪裝,路面狀態,路面缺陷,障礙物,視距,號誌種類,號誌動作,分向設施,快車道或一般車道間,快慢車道間,路面邊線,事故類型及型態,受傷程度,主要傷處,保護裝備,行動電話或功能裝置,當事者區分_類別,車輛用途,當事者行動狀態,駕照狀態,駕照種類,飲酒情形,車輛撞擊部位最初,車輛撞擊部位其他,肇事因素個別,肇事因素主要,肇事逃逸,職業,共享經濟或外送平台,GPS座標X,GPS座標Y,事故類別
4156,66000,387130000C,(04)23274275,(04)23288582,2025,08,11,18,4,臺中市,龍井區,0,2,0,7,3,6,50,3,2,1,5,4,6,6,3,1,1,4,4,2,16,2,9,1,1,C03,7,8,1,10,2,14,,40,40,1,6,4,120.546517,24.198062,2
4157,66000,387130000C,(04)23274275,(04)23288582,2025,08,11,18,6,臺中市,南屯區,0,1,0,5,1,6,50,13,9,1,4,4,6,6,1,1,5,4,5,2,17,2,9,1,1,C03,7,5,1,10,2,12,,84,84,1,12,4,120.646789,24.146405,2
4158,66000,387130000C,(04)23274275,(04)23288582,2025,08,11,18,6,臺中市,大里區,0,0,0,5,,,,,,,,,,,,,,,,,17,,,,,,,,,,,,,85,85,1,,4,120.694286,24.09113,3
4159,66000,387130000C,(04)23274275,(04)23288582,2025,08,11,18,8,臺中市,西屯區,0,0,0,7,,,50,,,,,,,,,,,,,,12,,,,,B03,,,1,,2,,,50,50,1,13,4,120.614796,24.18155,3
4160,66000,387130000C,(04)23274275,(04)23288582,2025,08,11,18,8,臺中市,太平區,0,0,0,5,,,50,,,,,,,,,,,,,,16,,,,,B03,,,1,,2,,,47,47,1,12,4,120.724544,24.149617,3
4161,66000,387130000C,(04)23274275,(04)23288582,2025,08,11,18,10,臺中市,大里區,0,2,0,5,2,6,50,13,9,1,4,4,6,6,4,4,9,5,5,1,16,2,7,1,1,C03,7,6,1,10,2,14,,20,20,1,6,4,120.707084,24.087166,2
4162,66000,387130000C,(04)23274275,(04)23288582,2025,08,11,18,13,臺中市,新社區,0,1,0,5,1,6,30,4,1,1,4,4,6,6,1,1,10,5,5,2,15,3,10,5,4,B12,7,9,1,8,2,8,,21,21,1,12,4,120.803289,24.219357,2
4163,66000,387130000C,(04)23274275,(04)23288582,2025,08,11,18,14,臺中市,南屯區,0,0,0,7,,,50,,,,,,,,,,,,,,16,,,,,B12,,,1,,1,,,85,85,1,13,4,120.63525,24.131482,3
4164,66000,387130000C,(04)23274275,(04)23288582,2025,08,11,18,14,臺中市,北屯區,0,0,0,5,,,50,,,,,,,,,,,,,,,,,,,B03,,,1,,1,,,84,84,1,12,4,120.687956,24.170506,3
4165,66000,387130000C,(04)23274275,(04)23288582,2025,08,11,18,18,臺中市,西屯區,0,0,0,7,,3,80,,,,,,,,,,,,,,13,,,,,B03,,,1,,1,,,59,59,1,12,4,120.632439,24.170639,3
4166,66000,387130000C,(04)23274275,(04)23288582,2025,08,11,18,20,臺中市,南屯區,0,2,0,5,2,6,50,4,1,1,4,4,6,6,2,1,1,4,5,2,12,2,8,2,1,C03,7,9,1,10,2,14,,84,84,1,13,4,120.646697,24.15091,2
4167,66000,387130000C,(04)23274275,(04)23288582,2025,08,11,18,21,臺中市,北區,0,1,0,5,2,6,30,13,9,4,4,2,6,6,4,4,1,4,5,1,18,2,8,1,1,C03,7,9,1,10,2,14,,85,85,1,12,4,120.66751,24.157614,2
4168,66000,387130000C,(04)23274275,(04)23288582,2025,08,11,18,21,臺中市,北屯區,0,0,0,5,,3,80,,,,,,,,,,,,,,,,,,,B03,,,1,,2,,,7,7,1,12,4,120.694144,24.201018,3
4169,66000,387130000C,(04)23274275,(04)23288582,2025,08,11,18,22,臺中市,大肚區,0,0,0,6,,,50,,,,,,,,,,,,,,14,,,,,B03,,,1,,1,,,85,85,1,6,4,120.576801,24.164215,4
4170,66000,387130000C,(04)23274275,(04)23288582,2025,08,11,18,23,臺中市,西屯區,0,0,0,7,,,60,,,,,,,,,,,,,,,,,,,B03,,,1,,1,,,7,7,1,12,4,120.655911,24.158976,3
4171,66000,387130000C,(04)23274275,(04)23288582,2025,08,11,18,25,臺中市,西屯區,0,0,0,7,,,50,,,,,,,,,,,,,,13,,,,,B03,,,1,,1,,,58,58,1,12,4,120.587542,24.166913,3
4172,66000,387130000C,(04)23274275,(04)23288582,2025,08,11,18,26,臺中市,南區,0,0,0,5,,,50,,,,,,,,,,,,,,12,,,,,B11,,,1,,2,,,51,51,1,13,4,120.683931,24.13024,3
4173,66000,387130000C,(04)23274275,(04)23288582,2025,08,11,18,26,臺中市,南屯區,0,0,0,7,,,50,,,,,,,,,,,,,,13,,,,,C03,,,1,,2,,,68,68,1,12,4,120.620236,24.145179,4
4174,66000,387130000C,(04)23274275,(04)23288582,2025,08,11,18,26,臺中市,大里區,0,0,0,5,,,50,,,,,,,,,,,,,,16,,,,,B03,,,1,,2,,,11,11,1,13,4,120.686527,24.095206,3
4175,66000,387130000C,(04)23274275,(04)23288582,2025,08,11,18,27,臺中市,大里區,0,0,0,7,,,50,,,,,,,,,,,,,,,,,,,B12,,,1,,11,,,59,59,1,12,4,120.729562,24.092386,3
4176,66000,387130000C,(04)23274275,(04)23288582,2025,08,11,18,29,臺中市,北區,0,1,0,5,1,6,50,3,1,1,4,4,6,6,1,1,5,5,5,2,18,2,9,1,1,C03,7,6,1,10,2,14,,84,84,1,12,4,120.686635,24.159061,2
4177,66000,387130000C,(04)23274275,(04)23288582,2025,08,11,18,31,臺中市,北屯區,0,0,0,5,,,50,,,,,,,,,,,,,,16,,,,,F03,,,7,,2,,,11,11,1,4,4,120.70375,24.186387,3
4178,66000,387130000C,(04)23274275,(04)23288582,2025,08,11,18,33,臺中市,東區,0,0,0,6,,,50,,,,,,,,,,,,,,,,,,,C03,,,1,,1,,,7,7,1,13,4,120.686512,24.135825,3
4179,66000,387130000C,(04)23274275,(04)23288582,2025,08,11,18,35,臺中市,南區,0,1,0,5,1,6,50,13,9,1,4,4,6,6,4,4,9,5,5,2,18,2,9,1,1,C03,7,9,1,10,2,12,,84,84,1,12,4,120.650026,24.123887,2
4180,66000,387130000C,(04)23274275,(04)23288582,2025,08,11,18,35,臺中市,太平區,0,0,0,6,,,50,,,,,,,,,,,,,,17,,,,,B03,,,1,,9,,,84,84,1,12,4,120.715204,24.116881,3
4181,66000,387130000C,(04)23274275,(04)23288582,2025,08,11,18,40,臺中市,霧峰區,0,1,0,5,3,6,30,11,9,1,3,4,6,6,4,4,10,5,5,1,18,2,8,1,1,C03,7,9,1,10,2,14,,84,84,1,12,4,120.757006,24.06803,2
4182,66000,387130000C,(04)23274275,(04)23288582,2025,08,11,18,42,臺中市,潭子區,0,1,0,5,1,6,60,3,1,1,4,4,6,6,1,1,10,5,5,2,18,2,9,2,1,C03,7,9,1,10,2,12,,84,84,1,12,4,120.708368,24.228709,2
4183,66000,387130000C,(04)23274275,(04)23288582,2025,08,11,18,49,臺中市,南屯區,0,0,0,7,,,50,,,,,,,,,,,,,,,,,,,B12,,,1,,2,,,50,50,1,13,4,120.643137,24.140403,3
4184,66000,387130000C,(04)23274275,(04)23288582,2025,08,11,18,50,臺中市,西屯區,0,0,0,7,,,50,,,,,,,,,,,,,,17,,,,,B03,,,1,,2,,,11,11,1,12,4,120.667123,24.173226,3
4185,66000,387130000C,(04)23274275,(04)23288582,2025,08,11,18,54,臺中市,南區,0,0,0,5,,,50,,,,,,,,,,,,,,13,,,,,B12,,,1,,1,,,84,84,1,13,4,120.65578,24.115604,3
4186,66000,387130000C,(04)23274275,(04)23288582,2025,08,11,18,58,臺中市,潭子區,0,0,0,5,,,50,,,,,,,,,,,,,,,,,,,B03,,,1,,2,,,40,40,1,12,4,120.702037,24.200944,3
4187,66000,387130000C,(04)23274275,(04)23288582,2025,08,11,19,0,臺中市,大里區,0,0,0,7,,,30,,,,,,,,,,,,,,17,,,,,B03,,,1,,2,,,51,51,1,6,4,120.700955,24.106986,3
4188,66000,387130000C,(04)23274275,(04)23288582,2025,08,11,19,3,臺中市,北屯區,0,0,0,5,,,50,,,,,,,,,,,,,,13,,,,,B03,,,1,8,1,,,84,84,1,6,4,120.698341,24.172756,3
4189,66000,387130000C,(04)23274275,(04)23288582,2025,08,11,19,5,臺中市,西屯區,0,0,0,7,,,30,,,,,,,,,,,,,,17,,,,,B02,,,1,,9,,,59,59,1,13,4,120.644622,24.175506,3
4190,66000,387130000C,(04)23274275,(04)23288582,2025,08,11,19,10,臺中市,北屯區,0,0,0,7,,3,80,,,,,,,,,,,,,,17,,,,,A05,,,1,,1,,,40,40,1,6,4,120.722442,24.189396,3
4191,66000,387130000C,(04)23274275,(04)23288582,2025,08,11,19,16,臺中市,西屯區,0,0,0,7,,,50,,,,,,,,,,,,,,13,,,,,B02,,,1,,2,,,59,59,1,12,4,120.649763,24.167861,3
4192,66000,387130000C,(04)23274275,(04)23288582,2025,08,11,19,17,臺中市,沙鹿區,0,0,0,6,,,30,,,,,,,,,,,,,,,,,,,,,,,,,,,86,86,2,,,120.583289,24.200468,3
4193,66000,387130000C,(04)23274275,(04)23288582,2025,08,11,19,19,臺中市,梧棲區,0,0,0,7,,,50,,,,,,,,,,,,,,24,,,,,A41,,,1,,2,,,71,71,1,12,4,120.543632,24.248127,3
4194,66000,387130000C,(04)23274275,(04)23288582,2025,08,11,19,21,臺中市,北屯區,0,0,0,5,,3,80,,,,,,,,,,,,,,,,,,,B03,,,1,,2,,,7,7,1,12,4,120.720809,24.169389,3
4195,66000,387130000C,(04)23274275,(04)23288582,2025,08,11,19,22,臺中市,西屯區,0,0,0,7,,,40,,,,,,,,,,,,,,13,,,,,B03,,,1,,1,,,59,59,1,13,4,120.64114,24.167848,3
4196,66000,387130000C,(04)23274275,(04)23288582,2025,08,11,19,23,臺中市,太平區,0,0,0,6,1,6,50,,,,,,,,,,,,,,,,,,,C03,,,1,,2,11,12,7,7,1,12,4,120.724721,24.14935,3
4197,66000,387130000C,(04)23274275,(04)23288582,2025,08,11,19,25,臺中市,南屯區,0,0,0,7,,,30,,,,,,,,,,,,,,,,,,,B03,,,1,,1,,,84,84,1,13,4,120.617249,24.153552,3
4198,66000,387130000C,(04)23274275,(04)23288582,2025,08,11,19,29,臺中市,大里區,0,0,0,5,,,50,,,,,,,,,,,,,,12,,,,,B03,,,1,,2,,,84,84,1,13,4,120.685239,24.115299,3
4199,66000,387130000C,(04)23274275,(04)23288582,2025,08,11,19,30,臺中市,大里區,0,0,0,7,1,6,50,13,7,1,5,4,6,6,4,4,1,4,5,1,24,,,,,B03,,,1,,2,,,59,59,1,6,4,120.682656,24.08246,3
4200,66000,387130000C,(04)23274275,(04)23288582,2025,08,11,19,36,臺中市,北屯區,0,1,0,5,1,6,50,13,9,1,4,4,6,6,4,4,1,4,5,2,17,3,10,2,1,C03,7,7,1,10,2,12,,84,84,1,12,4,120.700445,24.178122,2
4201,66000,387130000C,(04)23274275,(04)23288582,2025,08,11,19,37,臺中市,北屯區,0,0,0,5,,3,80,,,,,,,,,,,,,,17,,,,,B12,,,1,,2,,,7,7,1,6,4,120.722491,24.189038,3
4202,66000,387130000C,(04)23274275,(04)23288582,2025,08,11,19,40,臺中市,北屯區,0,1,0,5,1,6,50,3,1,1,4,4,6,6,4,4,10,5,5,2,18,2,9,2,1,C03,7,9,1,10,2,12,,85,85,1,12,4,120.699484,24.16401,2
4203,66000,387130000C,(04)23274275,(04)23288582,2025,08,11,19,43,臺中市,北屯區,0,0,0,5,,,40,,,,,,,,,,,,,,13,,,,,A11,,,1,3,1,,,84,84,1,6,4,120.726592,24.160904,3
4204,66000,387130000C,(04)23274275,(04)23288582,2025,08,11,19,48,臺中市,太平區,0,0,0,6,1,6,50,,,,,,,,,,,,,,,,,,,C03,,,1,,2,12,,7,7,1,12,4,120.717135,24.124099,3
4205,66000,387130000C,(04)23274275,(04)23288582,2025,08,11,19,52,臺中市,大安區,0,1,0,7,1,6,40,13,9,1,5,4,6,6,4,4,7,4,5,2,12,2,9,1,1,C03,7,9,1,10,2,12,,8,8,1,12,4,120.587505,24.333821,2
4206,66000,387130000C,(04)23274275,(04)23288582,2025,08,11,19,55,臺中市,大里區,0,1,0,7,1,6,50,3,2,1,5,3,6,6,3,1,5,5,4,2,18,2,9,1,1,C03,7,9,1,10,2,12,11,58,58,1,6,4,120.686785,24.121193,2
4207,66000,387130000C,(04)23274275,(04)23288582,2025,08,11,19,55,臺中市,龍井區,0,0,0,6,,,50,,,,,,,,,,,,,,13,,,,,B03,,,1,,1,,,7,7,1,6,4,120.574453,24.19589,3
4208,66000,387130000C,(04)23274275,(04)23288582,2025,08,11,20,2,臺中市,大里區,0,1,0,6,1,6,40,5,1,1,5,4,6,6,1,1,10,5,5,2,12,3,10,1,1,C03,7,5,1,10,2,12,,11,11,1,13,4,120.686573,24.095395,2
4209,66000,387130000C,(04)23274275,(04)23288582,2025,08,11,20,5,臺中市,南屯區,0,2,0,6,1,6,50,13,9,1,5,4,6,6,4,4,5,4,5,2,17,3,10,3,1,B03,7,2,1,8,2,8,,49,49,1,12,4,120.652918,24.139824,2
4210,66000,387130000C,(04)23274275,(04)23288582,2025,08,11,20,10,臺中市,西屯區,0,0,0,7,,,50,,,,,,,,,,,,,,13,,,,,B03,,,1,,1,,,58,58,1,12,4,120.613517,24.172724,3
4211,66000,387130000C,(04)23274275,(04)23288582,2025,08,11,20,16,臺中市,西屯區,0,1,0,7,1,6,0,4,24,1,5,4,6,6,1,1,10,5,5,2,13,3,10,5,4,A41,7,9,1,1,2,1,,59,59,1,12,4,120.642433,24.176976,2
4212,66000,387130000C,(04)23274275,(04)23288582,2025,08,11,20,22,臺中市,東區,0,2,0,6,1,6,30,4,1,1,5,4,6,6,4,4,10,5,5,2,15,2,9,5,4,C03,7,9,1,10,2,12,,15,15,1,13,4,120.695854,24.150583,2
4213,66000,387130000C,(04)23274275,(04)23288582,2025,08,11,20,34,臺中市,北區,0,2,0,5,1,6,50,3,9,1,4,4,6,6,4,4,9,5,5,2,16,2,9,5,4,C03,7,6,1,10,2,12,,14,14,1,13,4,120.676501,24.163799,2
4214,66000,387130000C,(04)23274275,(04)23288582,2025,08,11,20,39,臺中市,北屯區,0,0,0,7,,,50,,,,,,,,,,,,,,9,,,,,C03,,,6,,11,,,84,84,1,13,4,120.721216,24.162706,3
4215,66000,387130000C,(04)23274275,(04)23288582,2025,08,11,20,42,臺中市,清水區,0,2,0,7,1,6,30,4,1,1,5,4,6,6,3,1,10,5,5,2,15,2,9,1,1,C03,7,9,1,10,2,11,,12,12,1,12,4,120.565793,24.266879,2
4216,66000,387130000C,(04)23274275,(04)23288582,2025,08,11,20,45,臺中市,南屯區,0,0,0,7,,,,,,,,,,,,,,,,,,,,,,,,,,,,,,85,85,1,,,120.635702,24.149843,3
4217,66000,387130000C,(04)23274275,(04)23288582,2025,08,11,21,0,臺中市,北屯區,0,0,0,7,,,30,,,,,,,,,,,,,,14,,,,,B03,,,1,,2,,,49,49,1,6,4,120.709423,24.185085,3
4218,66000,387130000C,(04)23274275,(04)23288582,2025,08,11,21,2,臺中市,北屯區,0,0,0,7,,,50,,,,,,,,,,,,,,,,,,,B01,,,1,,2,,,84,84,1,12,4,120.692794,24.162343,3
4219,66000,387130000C,(04)23274275,(04)23288582,2025,08,11,21,7,臺中市,南區,0,0,0,7,,,50,,,,,,,,,,,,,,12,,,,,A02,,,1,,2,,,84,84,1,12,4,120.682803,24.134673,3
4220,66000,387130000C,(04)23274275,(04)23288582,2025,08,11,21,11,臺中市,豐原區,0,0,0,7,,,50,,,,,,,,,,,,,,17,,,,,B03,,,1,,2,,,84,84,1,12,4,120.721501,24.25375,3
4221,66000,387130000C,(04)23274275,(04)23288582,2025,08,11,21,13,臺中市,烏日區,0,1,0,7,1,6,50,3,1,1,5,4,6,6,4,4,5,5,4,2,16,3,10,3,1,B03,7,6,1,8,2,2,,48,48,1,6,4,120.60873,24.115777,2
4222,66000,387130000C,(04)23274275,(04)23288582,2025,08,11,21,20,臺中市,沙鹿區,0,0,0,7,,,60,,,,,,,,,,,,,,17,,,,,B03,,,1,,2,,,85,85,1,6,4,120.583374,24.226191,3
4223,66000,387130000C,(04)23274275,(04)23288582,2025,08,11,21,23,臺中市,南屯區,0,0,0,7,,,50,,,,,,,,,,,,,,13,,,,,B03,,,1,,1,,,7,7,1,6,4,120.646632,24.143832,3
4224,66000,387130000C,(04)23274275,(04)23288582,2025,08,11,21,24,臺中市,太平區,0,0,0,7,,,50,,,,,,,,,,,,,,17,,,,,B03,,,1,,2,,,59,59,1,12,4,120.729332,24.126709,3
4225,66000,387130000C,(04)23274275,(04)23288582,2025,08,11,21,26,臺中市,北屯區,0,1,0,6,1,6,50,4,1,1,5,4,6,6,1,1,10,5,5,2,16,3,10,3,1,B03,7,6,1,7,2,2,,48,48,1,6,4,120.683853,24.179173,2
4226,66000,387130000C,(04)23274275,(04)23288582,2025,08,11,21,31,臺中市,中區,0,1,0,7,1,6,50,4,2,1,5,4,6,6,4,4,5,4,5,2,12,3,10,3,1,B03,7,7,1,8,2,6,,40,40,1,12,4,120.676938,24.144553,2
4227,66000,387130000C,(04)23274275,(04)23288582,2025,08,11,21,31,臺中市,東勢區,0,1,0,6,1,6,60,3,2,1,2,4,6,6,4,4,1,4,5,1,17,2,9,1,4,C03,7,15,1,10,2,12,,84,84,1,12,4,120.822801,24.260994,2
4228,66000,387130000C,(04)23274275,(04)23288582,2025,08,11,21,34,臺中市,北區,0,0,0,7,,,50,,,,,,,,,,,,,,14,,,,,B03,,,1,,2,,,84,84,1,13,4,120.688088,24.151732,3
4229,66000,387130000C,(04)23274275,(04)23288582,2025,08,11,21,34,臺中市,太平區,0,0,0,7,,,50,,,,,,,,,,,,,,13,,,,,C03,,,1,,1,,,84,84,1,13,4,120.710692,24.126806,3
4230,66000,387130000C,(04)23274275,(04)23288582,2025,08,11,21,41,臺中市,西區,0,0,0,7,,,50,,,,,,,,,,,,,,,,,,,B03,,,1,8,1,,,84,84,1,13,4,120.671994,24.135147,3
4231,66000,387130000C,(04)23274275,(04)23288582,2025,08,11,21,59,臺中市,后里區,0,1,0,7,1,6,50,4,1,1,5,4,6,6,1,1,5,4,4,1,18,2,9,1,1,C03,7,6,1,10,2,14,,59,59,1,12,4,120.717781,24.309763,2
4232,66000,387130000C,(04)23274275,(04)23288582,2025,08,11,22,9,臺中市,西屯區,0,1,0,7,1,6,50,3,1,1,5,4,6,6,4,4,10,5,5,2,17,2,9,1,1,C03,7,9,1,10,2,14,,84,84,1,5,4,120.634982,24.162169,2
4233,66000,387130000C,(04)23274275,(04)23288582,2025,08,11,22,10,臺中市,北區,0,1,0,7,1,6,50,3,1,1,5,4,6,6,1,1,10,5,5,2,17,3,10,5,4,B03,7,5,1,8,2,8,,2,2,1,13,4,120.688877,24.153525,2
4234,66000,387130000C,(04)23274275,(04)23288582,2025,08,11,22,12,臺中市,西區,0,1,0,7,1,6,50,3,1,1,5,4,6,6,4,4,10,5,5,1,17,2,9,5,4,C03,7,5,1,10,2,14,,20,20,1,12,4,120.657262,24.140026,2
4235,66000,387130000C,(04)23274275,(04)23288582,2025,08,11,22,14,臺中市,西屯區,0,0,0,7,,,50,,,,,,,,,,,,,,17,,,,,A31,,,1,,1,,,59,59,1,12,4,120.656756,24.170426,3
4236,66000,387130000C,(04)23274275,(04)23288582,2025,08,11,22,15,臺中市,北區,0,0,0,7,,,50,,,,,,,,,,,,,,12,,,,,B03,,,1,,1,,,40,40,1,12,4,120.69144,24.159087,3
4237,66000,387130000C,(04)23274275,(04)23288582,2025,08,11,22,37,臺中市,南區,0,1,0,7,1,6,50,4,2,1,5,4,6,6,4,4,5,4,5,2,18,2,9,2,1,C03,7,12,1,10,2,12,,85,85,1,13,4,120.662012,24.129407,2
4238,66000,387130000C,(04)23274275,(04)23288582,2025,08,11,22,47,臺中市,太平區,0,1,0,7,1,6,50,4,1,1,4,4,6,6,1,1,10,5,5,2,16,3,10,3,1,B03,7,6,1,8,2,2,,11,11,1,12,4,120.716407,24.133396,2
4239,66000,387130000C,(04)23274275,(04)23288582,2025,08,11,23,1,臺中市,北區,0,0,0,7,,,50,,,,,,,,,,,,,,16,,,,,B03,,,1,,2,,,11,11,1,12,4,120.691661,24.160221,3
4240,66000,387130000C,(04)23274275,(04)23288582,2025,08,11,23,8,臺中市,西屯區,0,0,0,7,,,50,,,,,,,,,,,,,,13,,,,,B03,,,1,,1,,,7,7,1,12,4,120.615468,24.189164,3
4241,66000,387130000C,(04)23274275,(04)23288582,2025,08,11,23,25,臺中市,大里區,0,2,0,7,1,6,50,13,9,1,5,4,6,6,4,4,5,5,5,2,17,2,9,5,4,C03,7,9,1,10,2,11,,84,84,1,13,4,120.701718,24.086717,2
4242,66000,387130000C,(04)23274275,(04)23288582,2025,08,11,23,46,臺中市,梧棲區,0,0,0,7,,,30,,,,,,,,,,,,,,12,,,,,B03,,,1,,2,,,8,8,1,12,4,120.557464,24.256567,3
4243,66000,387130000C,(04)23274275,(04)23288582,2025,08,11,23,48,臺中市,沙鹿區,0,1,0,6,1,6,40,13,8,1,5,4,6,6,4,4,3,3,3,1,17,2,9,5,4,C03,7,9,1,10,2,11,,59,59,1,13,4,120.580631,24.200724,2
4244,66000,387130000C,(04)23274275,(04)23288582,2025,08,12,0,13,臺中市,西屯區,0,0,0,7,,,40,,,,,,,,,,,,,,15,,,,,B03,,,1,,2,,,12,12,1,12,4,120.654623,24.161942,3
4245,66000,387130000C,(04)23274275,(04)23288582,2025,08,12,0,17,臺中市,西屯區,0,1,0,7,1,6,50,4,2,1,5,4,6,6,1,1,1,5,1,2,23,2,9,2,1,C03,7,9,1,10,2,11,,59,59,1,12,4,120.645896,24.191409,2
4246,66000,387130000C,(04)23274275,(04)23288582,2025,08,12,0,22,臺中市,北區,0,0,0,7,,,30,,,,,,,,,,,,,,17,,,,,C03,,,7,,10,,,85,85,1,13,4,120.68475,24.150555,3
4247,66000,387130000C,(04)23274275,(04)23288582,2025,08,12,0,25,臺中市,東區,0,0,0,7,,,50,,,,,,,,,,,,,,17,,,,,B03,,,1,,2,,,49,49,1,13,4,120.70042,24.133577,3
4248,66000,387130000C,(04)23274275,(04)23288582,2025,08,12,1,0,臺中市,東區,0,0,0,7,,,30,,,,,,,,,,,,,,14,,,,,B12,,,1,,1,,,49,49,1,12,4,120.693933,24.134003,3
4249,66000,387130000C,(04)23274275,(04)23288582,2025,08,12,1,21,臺中市,北區,0,1,0,7,1,6,50,4,1,1,5,4,6,6,1,1,5,4,4,2,17,3,10,5,1,B03,7,9,1,8,2,5,,21,21,1,13,4,120.666109,24.159567,2
4250,66000,387130000C,(04)23274275,(04)23288582,2025,08,12,1,44,臺中市,太平區,0,0,0,7,,,50,,,,,,,,,,,,,,13,,,,,C03,,,3,,2,,,59,59,1,12,4,120.701661,24.153666,3
4251,66000,387130000C,(04)23274275,(04)23288582,2025,08,12,1,49,臺中市,西屯區,0,0,0,7,,,50,,,,,,,,,,,,,,17,,,,,B03,,,1,,1,,,55,55,1,12,4,120.643242,24.195352,3
4252,66000,387130000C,(04)23274275,(04)23288582,2025,08,12,1,57,臺中市,潭子區,0,0,0,7,,,50,,,,,,,,,,,,,,,,,,,B11,,,1,,2,,,49,49,1,13,4,120.679584,24.205659,3
4253,66000,387130000C,(04)23274275,(04)23288582,2025,08,12,4,1,臺中市,西屯區,0,0,0,7,,,30,,,,,,,,,,,,,,17,,,,,A12,,,1,,1,,,8,8,1,12,4,120.646802,24.175542,3
4254,66000,387130000C,(04)23274275,(04)23288582,2025,08,12,5,7,臺中市,太平區,0,1,0,7,1,6,30,3,1,1,5,4,6,6,4,4,10,5,5,2,16,3,10,3,1,B03,7,6,3,19,2,8,,14,14,1,12,4,120.727709,24.151292,2
4255,66000,387130000C,(04)23274275,(04)23288582,2025,08,12,5,36,臺中市,豐原區,0,1,0,7,2,6,40,13,7,1,5,4,6,6,4,4,9,4,4,2,17,3,10,3,1,B12,7,14,1,8,2,4,,76,76,1,6,4,120.705992,24.251197,2
4256,66000,387130000C,(04)23274275,(04)23288582,2025,08,12,5,52,臺中市,烏日區,0,0,0,7,,,50,,,,,,,,,,,,,,,,,,,B01,,,1,,1,,,83,83,1,6,4,120.629638,24.109032,3
4257,66000,387130000C,(04)23274275,(04)23288582,2025,08,12,6,17,臺中市,大雅區,0,1,0,7,1,6,30,4,1,1,5,4,6,6,4,4,10,5,5,2,15,2,9,2,1,C03,7,9,1,10,2,11,,12,12,1,12,4,120.656808,24.225753,2
4258,66000,387130000C,(04)23274275,(04)23288582,2025,08,12,6,17,臺中市,大雅區,0,2,0,7,1,6,60,3,1,1,5,4,6,6,1,1,10,5,5,2,13,2,9,2,1,C03,7,9,1,10,7,11,,53,53,1,12,4,120.650625,24.210074,2
4259,66000,387130000C,(04)23274275,(04)23288582,2025,08,12,6,50,臺中市,沙鹿區,0,1,0,7,2,6,60,4,1,1,5,4,6,6,1,1,1,4,1,1,16,2,3,3,1,B03,7,9,1,6,2,8,,21,21,1,12,4,120.583367,24.249953,2
4260,66000,387130000C,(04)23274275,(04)23288582,2025,08,12,6,54,臺中市,外埔區,0,1,0,7,2,6,50,3,1,1,5,4,6,6,4,4,10,5,5,2,16,3,10,5,1,B03,7,5,3,19,1,8,,14,14,2,5,4,120.641744,24.341153,2
4261,66000,387130000C,(04)23274275,(04)23288582,2025,08,12,6,59,臺中市,南區,0,0,0,7,,,30,,,,,,,,,,,,,,,,,,,A12,,,1,,2,,,49,49,1,6,4,120.67271,24.124844,3
4262,66000,387130000C,(04)23274275,(04)23288582,2025,08,12,7,1,臺中市,南屯區,0,0,0,7,,,50,,,,,,,,,,,,,,,,,,,B03,,,1,,2,,,49,49,1,12,4,120.622888,24.140467,3
4263,66000,387130000C,(04)23274275,(04)23288582,2025,08,12,7,2,臺中市,西屯區,0,0,0,7,,,50,,,,,,,,,,,,,,13,,,,,B03,,,5,,2,,,59,59,1,13,4,120.616581,24.183247,3
4264,66000,387130000C,(04)23274275,(04)23288582,2025,08,12,7,9,臺中市,烏日區,0,0,0,7,,,30,,,,,,,,,,,,,,,,,,,B03,,,1,,2,,,7,7,1,13,4,120.615737,24.115223,3
4265,66000,387130000C,(04)23274275,(04)23288582,2025,08,12,7,11,臺中市,西屯區,0,0,0,7,,,40,,,,,,,,,,,,,,13,,,,,C03,,,1,,1,,,7,7,1,12,4,120.608202,24.184021,3
4266,66000,387130000C,(04)23274275,(04)23288582,2025,08,12,7,15,臺中市,北屯區,0,0,0,7,,3,80,,,,,,,,,,,,,,13,,,,,B03,,,1,,1,,,7,7,1,12,4,120.694144,24.201018,3
4267,66000,387130000C,(04)23274275,(04)23288582,2025,08,12,7,15,臺中市,沙鹿區,0,0,0,7,,,50,,,,,,,,,,,,,,17,,,,,B03,,,1,,2,,,45,45,1,6,4,120.571552,24.256221,3
4268,66000,387130000C,(04)23274275,(04)23288582,2025,08,12,7,20,臺中市,烏日區,0,0,0,7,,,40,,,,,,,,,,,,,,13,,,,,B03,,,1,,1,,,7,7,1,6,4,120.647007,24.11041,3
4269,66000,387130000C,(04)23274275,(04)23288582,2025,08,12,7,22,臺中市,豐原區,0,1,0,7,2,6,50,13,9,1,5,4,6,6,4,4,9,5,5,2,17,3,10,5,4,C03,7,11,1,10,2,11,,84,84,1,13,4,120.719484,24.262085,2