﻿序號,縣市別代碼,機關代碼,市話,傳真,年,月,日,時,分,縣市,區,死亡數量,受傷數量,2-30,天候,道路照明設備,道路類別,道路速限,道路型態,事故位置,路面鋪裝,路面狀態,路面缺陷,障礙物,視距,號誌種類,號誌動作,分向設施,快車道或一般車道間,快慢車道間,路面邊線,事故類型及型態,受傷程度,主要傷處,保護裝備,行動電話或功能裝置,當事者區分_類別,車輛用途,當事者行動狀態,駕照狀態,駕照種類,飲酒情形,車輛撞擊部位最初,車輛撞擊部位其他,肇事因素個別,肇事因素主要,肇事逃逸,職業,共享經濟或外送平台,GPS座標X,GPS座標Y,事故類別
4382,66000,387130000C,(04)23274275,(04)23288582,2025,08,12,11,15,臺中市,太平區,0,0,0,7,,,50,,,,,,,,,,,,,,,,,,,B02,,,1,,2,,,50,50,1,12,4,120.72242,24.142023,3
4383,66000,387130000C,(04)23274275,(04)23288582,2025,08,12,11,16,臺中市,西區,0,0,0,7,,,50,,,,,,,,,,,,,,,,,,,C03,,,1,,1,,,84,84,1,12,4,120.661207,24.157634,3
4384,66000,387130000C,(04)23274275,(04)23288582,2025,08,12,11,16,臺中市,大里區,0,0,0,7,,,60,,,,,,,,,,,,,,,,,,,B03,,,1,,1,,,7,7,1,13,4,120.688833,24.078591,3
4385,66000,387130000C,(04)23274275,(04)23288582,2025,08,12,11,18,臺中市,龍井區,0,0,0,7,,,40,,,,,,,,,,,,,,,,,,,B03,,,1,,1,,,49,49,1,6,4,120.563107,24.200162,3
4386,66000,387130000C,(04)23274275,(04)23288582,2025,08,12,11,20,臺中市,大里區,0,0,0,7,,,50,,,,,,,,,,,,,,,,,,,A12,,,1,,2,,,50,50,1,12,4,120.679341,24.095464,3
4387,66000,387130000C,(04)23274275,(04)23288582,2025,08,12,11,20,臺中市,太平區,0,0,0,7,,,30,,,,,,,,,,,,,,14,,,,,B03,,,1,,2,,,49,49,1,12,4,120.722108,24.130787,3
4388,66000,387130000C,(04)23274275,(04)23288582,2025,08,12,11,30,臺中市,烏日區,0,0,0,7,,,40,,,,,,,,,,,,,,13,,,,,B03,,,1,,1,,,7,7,1,6,4,120.644793,24.092963,3
4389,66000,387130000C,(04)23274275,(04)23288582,2025,08,12,11,32,臺中市,烏日區,0,0,0,7,,,40,,,,,,,,,,,,,,,,,,,B12,,,1,,1,,,84,84,1,13,4,120.640114,24.117084,3
4390,66000,387130000C,(04)23274275,(04)23288582,2025,08,12,11,33,臺中市,南屯區,0,1,0,7,3,6,50,4,1,1,5,4,6,6,1,1,10,5,5,2,16,3,10,3,1,B02,7,6,1,8,2,2,,11,11,1,6,4,120.620854,24.13999,2
4391,66000,387130000C,(04)23274275,(04)23288582,2025,08,12,11,36,臺中市,北區,0,1,0,7,3,6,50,4,2,1,5,4,6,6,1,1,5,4,4,2,16,3,10,5,4,B03,7,6,1,8,2,1,,11,11,1,13,4,120.673755,24.155568,2
4392,66000,387130000C,(04)23274275,(04)23288582,2025,08,12,11,37,臺中市,西區,0,0,0,7,,,50,,,,,,,,,,,,,,12,,,,,C03,,,1,,2,,,84,84,1,13,4,120.667057,24.129251,3
4393,66000,387130000C,(04)23274275,(04)23288582,2025,08,12,11,38,臺中市,南屯區,0,0,0,7,,,50,,,,,,,,,,,,,,,,,,,B12,,,1,,1,,,40,40,1,13,4,120.626287,24.113533,3
4394,66000,387130000C,(04)23274275,(04)23288582,2025,08,12,11,38,臺中市,豐原區,0,1,0,7,2,6,50,5,9,1,5,4,6,6,4,4,5,5,5,2,15,3,10,3,1,B03,7,14,1,8,2,5,,15,15,1,12,4,120.718816,24.252498,2
4395,66000,387130000C,(04)23274275,(04)23288582,2025,08,12,11,40,臺中市,大里區,0,2,0,7,2,6,50,3,1,1,5,4,6,6,1,1,5,5,4,2,16,2,9,1,1,C03,7,6,1,10,2,12,,11,11,1,13,4,120.692415,24.118244,2
4396,66000,387130000C,(04)23274275,(04)23288582,2025,08,12,11,41,臺中市,北屯區,0,0,0,7,,,50,,,,,,,,,,,,,,13,,,,,B03,,,1,,1,,,84,84,1,13,4,120.674974,24.17397,3
4397,66000,387130000C,(04)23274275,(04)23288582,2025,08,12,11,42,臺中市,豐原區,0,0,0,7,,,50,,,,,,,,,,,,,,17,,,,,B03,,,1,,2,,,8,8,1,13,4,120.716249,24.240071,3
4398,66000,387130000C,(04)23274275,(04)23288582,2025,08,12,11,44,臺中市,南區,0,1,0,7,3,6,50,4,9,1,5,4,6,6,4,4,5,5,5,2,17,3,10,5,4,B12,7,2,1,8,2,7,,49,49,1,6,4,120.656018,24.127773,2
4399,66000,387130000C,(04)23274275,(04)23288582,2025,08,12,11,53,臺中市,南屯區,0,1,0,7,1,6,50,4,1,1,5,4,6,6,2,1,5,5,5,2,9,3,10,5,4,B03,7,9,1,8,2,5,,84,84,1,13,4,120.611394,24.138321,2
4400,66000,387130000C,(04)23274275,(04)23288582,2025,08,12,11,54,臺中市,東區,0,0,0,7,,,30,,,,,,,,,,,,,,14,,,,,B13,,,1,,1,,,49,49,1,12,4,120.69191,24.145644,3
4401,66000,387130000C,(04)23274275,(04)23288582,2025,08,12,12,0,臺中市,石岡區,0,0,0,7,,,70,,,,,,,,,,,,,,,,,,,B03,,,1,,1,,,8,8,1,12,4,120.767405,24.275976,3
4402,66000,387130000C,(04)23274275,(04)23288582,2025,08,12,12,4,臺中市,大肚區,0,0,0,7,,,30,,,,,,,,,,,,,,12,,,,,B12,,,1,,2,,,85,85,1,6,4,120.578535,24.174537,3
4403,66000,387130000C,(04)23274275,(04)23288582,2025,08,12,12,5,臺中市,大里區,0,1,0,7,2,6,40,3,2,1,5,4,6,6,4,4,5,5,4,2,18,2,9,1,1,C03,7,9,1,10,2,12,,84,84,1,13,4,120.715128,24.097895,2
4404,66000,387130000C,(04)23274275,(04)23288582,2025,08,12,12,7,臺中市,太平區,0,2,0,7,3,6,50,4,1,1,5,4,6,6,1,1,5,4,5,1,16,2,8,2,1,C03,7,6,1,10,2,11,,48,48,1,12,4,120.703637,24.111351,2
4405,66000,387130000C,(04)23274275,(04)23288582,2025,08,12,12,9,臺中市,北屯區,0,0,0,7,,,30,,,,,,,,,,,,,,16,,,,,C03,,,1,,2,,,20,20,1,12,4,120.687268,24.19339,3
4406,66000,387130000C,(04)23274275,(04)23288582,2025,08,12,12,10,臺中市,西屯區,0,0,0,7,,,40,,,,,,,,,,,,,,13,,,,,B03,,,1,,2,,,59,59,1,13,4,120.654717,24.159412,3
4407,66000,387130000C,(04)23274275,(04)23288582,2025,08,12,12,10,臺中市,大里區,0,0,0,7,,,50,,,,,,,,,,,,,,,,,,,B03,,,1,,2,,,8,8,1,12,4,120.699972,24.102587,3
4408,66000,387130000C,(04)23274275,(04)23288582,2025,08,12,12,11,臺中市,霧峰區,0,1,0,7,2,6,40,4,1,1,5,4,6,6,1,1,5,5,5,1,15,3,10,3,1,B12,7,9,5,19,2,4,,21,21,1,13,4,120.664648,24.059994,2
4409,66000,387130000C,(04)23274275,(04)23288582,2025,08,12,12,13,臺中市,北屯區,0,2,0,7,1,6,50,4,2,1,5,4,6,6,1,1,3,4,5,2,12,2,9,1,1,C03,7,9,1,10,2,14,,84,84,1,13,4,120.701941,24.182,2
4410,66000,387130000C,(04)23274275,(04)23288582,2025,08,12,12,13,臺中市,豐原區,0,0,0,7,,,50,,,,,,,,,,,,,,13,,,,,B12,,,1,,2,,,84,84,1,12,4,120.714541,24.245307,3
4411,66000,387130000C,(04)23274275,(04)23288582,2025,08,12,12,15,臺中市,南屯區,0,0,0,7,,,50,,,,,,,,,,,,,,17,,,,,B03,,,1,,1,,,51,51,1,12,4,120.613793,24.142863,3
4412,66000,387130000C,(04)23274275,(04)23288582,2025,08,12,12,15,臺中市,北屯區,0,1,0,7,2,6,50,5,1,1,5,4,6,6,2,1,10,5,5,2,16,3,10,3,1,B03,7,5,1,8,2,2,,42,42,1,12,4,120.659876,24.192706,2
4413,66000,387130000C,(04)23274275,(04)23288582,2025,08,12,12,15,臺中市,西屯區,0,1,0,7,2,6,50,4,4,1,5,4,6,6,1,1,5,4,5,2,13,3,10,5,4,B03,7,5,1,8,2,5,,7,7,1,12,4,120.635185,24.182059,2
4414,66000,387130000C,(04)23274275,(04)23288582,2025,08,12,12,15,臺中市,西屯區,0,1,0,7,2,6,50,13,8,1,5,4,6,6,4,4,5,4,5,2,16,3,10,5,4,B03,7,5,1,8,2,5,,42,42,1,13,4,120.652646,24.176464,2
4415,66000,387130000C,(04)23274275,(04)23288582,2025,08,12,12,18,臺中市,南屯區,0,0,0,7,,,50,,,,,,,,,,,,,,,,,,,B03,,,1,,1,,,59,59,1,12,4,120.651057,24.13411,3
4416,66000,387130000C,(04)23274275,(04)23288582,2025,08,12,12,20,臺中市,清水區,0,0,0,7,,,40,,,,,,,,,,,,,,,,,,,B03,,,1,,1,,,84,84,1,12,4,120.575563,24.268953,3
4417,66000,387130000C,(04)23274275,(04)23288582,2025,08,12,12,22,臺中市,東區,0,3,0,7,2,6,50,3,1,1,5,4,6,6,2,1,10,5,5,2,13,2,9,1,1,C03,7,9,1,10,2,11,,7,7,1,12,4,120.69096,24.140038,2
4418,66000,387130000C,(04)23274275,(04)23288582,2025,08,12,12,22,臺中市,東區,0,0,0,7,,,50,,,,,,,,,,,,,,,,,,,B03,,,1,,1,,,8,8,1,6,4,120.704804,24.130636,4
4419,66000,387130000C,(04)23274275,(04)23288582,2025,08,12,12,29,臺中市,北區,0,0,0,7,,,50,,,,,,,,,,,,,,,,,,,B03,,,1,,1,,,47,47,1,12,4,120.681553,24.155745,3
4420,66000,387130000C,(04)23274275,(04)23288582,2025,08,12,12,31,臺中市,西屯區,0,0,0,7,,,50,,,,,,,,,,,,,,21,,,,,B03,,,1,,2,,,59,59,1,12,4,120.654623,24.161942,3
4421,66000,387130000C,(04)23274275,(04)23288582,2025,08,12,12,33,臺中市,西屯區,0,2,0,7,2,6,50,3,1,1,5,4,6,6,4,4,1,4,5,2,12,2,9,1,4,C03,7,9,1,10,1,14,,84,84,1,13,4,120.646654,24.154658,2
4422,66000,387130000C,(04)23274275,(04)23288582,2025,08,12,12,38,臺中市,霧峰區,0,0,0,7,,,30,,,,,,,,,,,,,,16,,,,,B03,,,1,,1,,,45,45,1,13,4,120.695023,24.043154,3
4423,66000,387130000C,(04)23274275,(04)23288582,2025,08,12,12,39,臺中市,北區,0,0,0,7,,,50,,,,,,,,,,,,,,,,,,,C03,,,1,,1,,,84,84,1,12,4,120.67749,24.146936,3
4424,66000,387130000C,(04)23274275,(04)23288582,2025,08,12,12,40,臺中市,西屯區,0,1,0,7,2,6,0,3,1,1,5,4,6,6,2,1,1,3,5,2,13,2,9,5,4,F01,7,9,7,21,2,11,,59,59,1,13,4,120.657905,24.170417,2
4425,66000,387130000C,(04)23274275,(04)23288582,2025,08,12,12,40,臺中市,大肚區,0,1,0,7,2,6,50,13,9,1,5,4,6,6,4,4,5,4,5,1,12,3,10,3,1,B03,7,1,1,8,2,8,,51,51,1,6,4,120.544469,24.153922,2
4426,66000,387130000C,(04)23274275,(04)23288582,2025,08,12,12,45,臺中市,太平區,0,1,0,7,2,6,50,4,1,1,5,4,6,6,1,1,10,5,5,2,17,3,10,3,1,B03,7,9,1,8,2,8,,59,59,1,12,4,120.716869,24.131566,2
4427,66000,387130000C,(04)23274275,(04)23288582,2025,08,12,12,47,臺中市,北屯區,0,0,0,7,,,50,,,,,,,,,,,,,,13,,,,,B03,,,1,,2,,,7,7,1,13,4,120.685153,24.200783,3
4428,66000,387130000C,(04)23274275,(04)23288582,2025,08,12,12,50,臺中市,豐原區,0,0,0,7,,,50,,,,,,,,,,,,,,13,,,,,B03,,,1,,2,,,56,56,1,13,4,120.709459,24.250184,3
4429,66000,387130000C,(04)23274275,(04)23288582,2025,08,12,12,52,臺中市,北屯區,0,1,0,7,2,6,50,3,1,1,5,4,6,6,1,1,10,4,5,2,12,2,9,5,4,C03,7,9,1,10,2,14,,8,8,1,12,4,120.766284,24.197175,2
4430,66000,387130000C,(04)23274275,(04)23288582,2025,08,12,13,0,臺中市,烏日區,0,0,0,7,,,50,,,,,,,,,,,,,,17,,,,,B03,,,1,,1,,,49,49,1,6,4,120.62648,24.106004,3
4431,66000,387130000C,(04)23274275,(04)23288582,2025,08,12,13,5,臺中市,北區,0,0,0,7,,,30,,,,,,,,,,,,,,17,,,,,B03,,,1,,2,,,58,58,1,13,4,120.681343,24.161249,3
4432,66000,387130000C,(04)23274275,(04)23288582,2025,08,12,13,5,臺中市,北區,0,2,0,7,2,6,50,3,1,1,5,4,6,6,4,4,9,5,5,2,16,2,9,1,1,C03,7,11,1,10,2,14,,84,84,1,12,2,120.682369,24.160032,2
4433,66000,387130000C,(04)23274275,(04)23288582,2025,08,12,13,6,臺中市,南區,0,1,0,7,3,6,50,5,9,1,5,4,6,6,1,1,5,4,4,2,16,3,10,5,4,C03,7,6,1,10,2,14,,48,48,1,6,4,120.674457,24.128176,2
4434,66000,387130000C,(04)23274275,(04)23288582,2025,08,12,13,22,臺中市,西屯區,0,0,0,7,,,0,,,,,,,,,,,,,,17,,,,,C03,,,1,,1,,,84,84,1,12,4,120.648554,24.160444,3
4435,66000,387130000C,(04)23274275,(04)23288582,2025,08,12,13,27,臺中市,東區,0,0,0,7,,,50,,,,,,,,,,,,,,14,,,,,B01,,,1,,1,,,49,49,1,12,4,120.689698,24.146284,3
4436,66000,387130000C,(04)23274275,(04)23288582,2025,08,12,13,31,臺中市,大肚區,0,1,0,7,2,6,30,4,1,1,5,4,6,6,4,4,10,5,5,2,15,3,10,3,1,B03,7,9,1,8,2,8,,12,12,1,6,4,120.538215,24.156681,2
4437,66000,387130000C,(04)23274275,(04)23288582,2025,08,12,13,36,臺中市,大甲區,0,1,0,7,1,6,50,3,1,1,5,4,6,6,4,4,1,3,4,1,16,3,10,3,1,B02,7,5,1,8,2,2,,14,14,1,12,4,120.617039,24.346186,2
4438,66000,387130000C,(04)23274275,(04)23288582,2025,08,12,13,37,臺中市,南屯區,0,2,0,7,1,6,50,5,1,1,5,4,6,6,4,4,8,3,5,1,15,2,8,1,1,C03,7,9,1,10,1,11,,12,12,1,12,4,120.647775,24.1426,2
4439,66000,387130000C,(04)23274275,(04)23288582,2025,08,12,13,38,臺中市,南屯區,0,2,0,7,3,6,50,4,1,1,5,4,6,6,1,1,10,5,5,2,16,2,9,1,1,C03,7,6,1,10,2,13,,87,87,1,12,4,120.65222,24.149934,2
4440,66000,387130000C,(04)23274275,(04)23288582,2025,08,12,13,44,臺中市,西屯區,0,0,0,7,,,50,,,,,,,,,,,,,,12,,,,,B03,,,1,,1,,,8,8,1,13,4,120.63732,24.181039,3
4441,66000,387130000C,(04)23274275,(04)23288582,2025,08,12,13,44,臺中市,西屯區,0,0,0,7,,3,80,,,,,,,,,,,,,,13,,,,,B03,,,1,,1,,,59,59,1,12,4,120.631121,24.167956,3
4442,66000,387130000C,(04)23274275,(04)23288582,2025,08,12,13,46,臺中市,西區,0,0,0,7,,,50,,,,,,,,,,,,,,,,,,,B03,,,1,,2,,,7,7,1,12,4,120.675422,24.133556,3
4443,66000,387130000C,(04)23274275,(04)23288582,2025,08,12,13,48,臺中市,南區,0,1,0,7,3,6,50,13,9,1,5,4,6,6,4,4,9,5,5,2,16,3,10,3,1,B03,7,1,1,8,2,1,,51,51,1,12,4,120.662381,24.118532,2
4444,66000,387130000C,(04)23274275,(04)23288582,2025,08,12,13,49,臺中市,西屯區,0,0,0,7,,3,40,,,,,,,,,,,,,,13,,,,,B03,,,1,,1,,,58,58,1,13,4,120.629094,24.163284,3
4445,66000,387130000C,(04)23274275,(04)23288582,2025,08,12,13,55,臺中市,北屯區,0,2,0,7,3,6,50,4,1,1,5,4,6,6,4,4,10,5,5,2,17,2,9,1,1,C03,7,9,1,10,2,11,,15,15,1,11,4,120.692654,24.16681,2
4446,66000,387130000C,(04)23274275,(04)23288582,2025,08,12,13,58,臺中市,北區,0,0,0,7,,,40,,,,,,,,,,,,,,,,,,,B01,,,1,,2,,,84,84,1,12,4,120.674849,24.161751,3
4447,66000,387130000C,(04)23274275,(04)23288582,2025,08,12,13,58,臺中市,西屯區,0,0,0,7,,,50,,,,,,,,,,,,,,11,,,,,B03,,,1,,11,,,8,8,1,13,4,120.649112,24.175185,3
4448,66000,387130000C,(04)23274275,(04)23288582,2025,08,12,14,5,臺中市,西屯區,0,0,0,7,,,50,,,,,,,,,,,,,,16,,,,,C03,,,1,,1,,,11,11,1,12,4,120.638827,24.180171,3
4449,66000,387130000C,(04)23274275,(04)23288582,2025,08,12,14,6,臺中市,潭子區,0,1,0,7,1,6,50,4,1,1,5,4,6,6,2,1,1,4,4,2,3,3,10,3,1,B12,7,6,1,8,2,8,,10,10,1,12,4,120.70072,24.216181,2
4450,66000,387130000C,(04)23274275,(04)23288582,2025,08,12,14,8,臺中市,西屯區,0,2,0,7,2,6,50,13,9,1,5,4,6,6,4,4,5,4,5,2,17,2,9,1,1,C03,7,11,1,10,2,12,,26,26,1,12,4,120.627328,24.201239,2
4451,66000,387130000C,(04)23274275,(04)23288582,2025,08,12,14,10,臺中市,東區,0,0,0,7,,,50,,,,,,,,,,,,,,13,,,,,B03,,,1,,1,,,7,7,1,12,4,120.705008,24.130357,3
4452,66000,387130000C,(04)23274275,(04)23288582,2025,08,12,14,11,臺中市,西區,0,0,0,7,,,50,,,,,,,,,,,,,,30,,,,,B03,,,1,,2,,,84,84,1,12,4,120.665246,24.149438,3
4453,66000,387130000C,(04)23274275,(04)23288582,2025,08,12,14,12,臺中市,西屯區,0,0,0,7,,3,80,,,,,,,,,,,,,,13,,,,,B03,,,1,,1,,,7,7,1,12,4,120.632528,24.171298,3
4454,66000,387130000C,(04)23274275,(04)23288582,2025,08,12,14,13,臺中市,霧峰區,0,0,0,7,,,40,,,,,,,,,,,,,,,,,,,B03,,,1,,2,,,49,49,1,13,4,120.68865,24.051957,3
4455,66000,387130000C,(04)23274275,(04)23288582,2025,08,12,14,14,臺中市,西區,0,1,0,7,2,6,50,13,9,1,5,4,6,6,4,4,5,5,5,2,30,2,7,3,1,B03,7,6,1,8,2,5,,84,84,1,12,4,120.665979,24.144577,2
4456,66000,387130000C,(04)23274275,(04)23288582,2025,08,12,14,15,臺中市,南屯區,0,0,0,7,,,50,,,,,,,,,,,,,,,,,,,B12,,,1,,1,,,7,7,1,12,4,120.612851,24.15002,3
4457,66000,387130000C,(04)23274275,(04)23288582,2025,08,12,14,18,臺中市,豐原區,0,1,0,7,2,6,50,4,1,1,5,4,6,6,2,1,5,4,4,2,16,3,10,5,4,B02,7,5,1,8,2,2,,85,85,1,12,4,120.714271,24.25179,2
4458,66000,387130000C,(04)23274275,(04)23288582,2025,08,12,14,23,臺中市,大雅區,0,1,0,7,2,6,50,13,9,1,5,4,6,6,4,4,5,4,5,1,13,2,8,2,3,C03,7,9,1,10,2,11,,84,84,1,13,4,120.647095,24.226064,2
4459,66000,387130000C,(04)23274275,(04)23288582,2025,08,12,14,31,臺中市,南屯區,0,0,0,7,,,50,,,,,,,,,,,,,,,,,,,B03,,,1,,1,,,22,22,1,13,4,120.649983,24.133345,3
4460,66000,387130000C,(04)23274275,(04)23288582,2025,08,12,14,32,臺中市,烏日區,0,0,0,7,,,50,,,,,,,,,,,,,,,,,,,B03,,,1,,1,,,84,84,1,13,4,120.638687,24.108145,3
4461,66000,387130000C,(04)23274275,(04)23288582,2025,08,12,14,33,臺中市,北屯區,0,0,0,7,,,50,,,,,,,,,,,,,,13,,,,,B01,,,1,,1,,,84,84,1,13,4,120.672648,24.174234,3
4462,66000,387130000C,(04)23274275,(04)23288582,2025,08,12,14,33,臺中市,石岡區,0,1,0,6,2,6,50,3,1,1,5,4,6,6,4,4,10,5,5,2,17,3,10,3,1,B03,7,11,1,8,2,8,,45,45,1,12,4,120.774077,24.275751,2
4463,66000,387130000C,(04)23274275,(04)23288582,2025,08,12,14,35,臺中市,南屯區,0,0,0,7,3,6,50,13,9,1,5,4,6,6,4,4,3,4,5,2,12,,,,,C03,,,1,,1,,,84,84,1,12,4,120.648937,24.140358,3
4464,66000,387130000C,(04)23274275,(04)23288582,2025,08,12,14,36,臺中市,東勢區,0,2,0,6,2,6,50,13,9,1,5,4,6,6,4,4,8,5,5,1,20,2,9,3,1,B03,7,9,1,8,2,1,,59,59,1,12,4,120.836269,24.26561,2
4465,66000,387130000C,(04)23274275,(04)23288582,2025,08,12,14,39,臺中市,北區,0,1,0,7,2,6,50,13,9,1,5,4,6,6,4,4,2,4,5,2,17,3,10,3,1,B01,7,1,1,4,2,4,,51,51,1,6,4,120.684805,24.152243,2
4466,66000,387130000C,(04)23274275,(04)23288582,2025,08,12,14,40,臺中市,西屯區,0,0,0,7,,,70,,,,,,,,,,,,,,14,,,,,B12,,,1,,1,,,78,78,1,13,4,120.625462,24.178581,3
4467,66000,387130000C,(04)23274275,(04)23288582,2025,08,12,14,42,臺中市,南屯區,0,0,0,7,,,50,,,,,,,,,,,,,,13,,,,,B03,,,1,,1,,,84,84,1,12,4,120.646411,24.149197,3
4468,66000,387130000C,(04)23274275,(04)23288582,2025,08,12,14,43,臺中市,北屯區,0,0,0,7,,,50,,,,,,,,,,,,,,13,,,,,B03,,,1,2,1,,,59,59,1,12,4,120.686101,24.181523,3
4469,66000,387130000C,(04)23274275,(04)23288582,2025,08,12,14,45,臺中市,西屯區,0,1,0,7,2,6,50,13,9,1,5,4,6,6,4,4,1,4,5,2,13,3,10,3,1,B03,7,9,1,8,2,1,,59,59,1,12,4,120.623015,24.173594,2
4470,66000,387130000C,(04)23274275,(04)23288582,2025,08,12,14,46,臺中市,神岡區,0,0,0,7,,,50,,,,,,,,,,,,,,,,,,,B03,,,1,,2,,,8,8,1,12,4,120.710425,24.258642,3
4471,66000,387130000C,(04)23274275,(04)23288582,2025,08,12,14,47,臺中市,南屯區,0,0,0,7,,,0,,,,,,,,,,,,,,14,,,,,B03,,,1,,1,,,49,49,1,6,4,120.614391,24.139367,3
4472,66000,387130000C,(04)23274275,(04)23288582,2025,08,12,14,48,臺中市,北區,0,1,0,7,3,6,50,4,2,1,5,4,6,6,1,1,10,4,5,2,16,2,9,2,1,C03,7,6,1,10,2,14,,65,65,1,12,4,120.664943,24.165071,2
4473,66000,387130000C,(04)23274275,(04)23288582,2025,08,12,14,48,臺中市,大里區,0,0,0,7,,,50,,,,,,,,,,,,,,13,,,,,C03,,,1,,2,,,7,7,1,12,4,120.684826,24.118613,3
4474,66000,387130000C,(04)23274275,(04)23288582,2025,08,12,14,49,臺中市,北區,0,0,0,7,,,50,,,,,,,,,,,,,,17,,,,,B03,,,1,,2,,,50,50,1,13,4,120.6809,24.159275,3
4475,66000,387130000C,(04)23274275,(04)23288582,2025,08,12,14,51,臺中市,西屯區,0,0,0,7,,,0,,,,,,,,,,,,,,14,,,,,C03,,,1,,2,,,49,49,1,12,4,120.661908,24.170099,3
4476,66000,387130000C,(04)23274275,(04)23288582,2025,08,12,14,54,臺中市,西區,0,2,0,7,1,6,50,4,1,1,5,4,6,6,1,1,10,5,5,1,17,2,9,5,4,C03,7,9,1,10,2,12,,84,84,1,12,4,120.674256,24.14284,2
4477,66000,387130000C,(04)23274275,(04)23288582,2025,08,12,14,56,臺中市,太平區,0,1,0,7,3,6,30,11,9,1,5,4,6,6,4,4,10,5,5,2,11,2,8,6,1,F01,7,5,7,21,2,14,,41,41,1,2,4,120.726062,24.125272,2
4478,66000,387130000C,(04)23274275,(04)23288582,2025,08,12,14,57,臺中市,西屯區,0,0,0,7,,,50,,,,,,,,,,,,,,,,,,,C03,,,1,,9,,,40,40,1,13,4,120.655359,24.158092,3
4479,66000,387130000C,(04)23274275,(04)23288582,2025,08,12,14,58,臺中市,南屯區,0,2,0,7,2,6,50,13,9,1,5,4,6,6,4,4,10,4,5,2,17,3,10,2,1,C03,7,6,1,10,2,14,,65,65,1,12,4,120.649112,24.147603,2
4480,66000,387130000C,(04)23274275,(04)23288582,2025,08,12,15,0,臺中市,南屯區,0,0,0,7,3,6,30,13,9,1,5,4,6,6,4,4,10,5,5,2,14,,,,,B03,,,1,,1,,,49,49,1,12,4,120.591586,24.139758,3
4481,66000,387130000C,(04)23274275,(04)23288582,2025,08,12,15,0,臺中市,大肚區,0,1,0,7,2,6,50,4,2,1,5,4,6,6,4,4,10,5,5,2,16,2,9,1,1,C03,7,6,3,19,9,12,,48,48,2,12,4,120.539094,24.15762,2
4482,66000,387130000C,(04)23274275,(04)23288582,2025,08,12,15,4,臺中市,大甲區,0,0,0,7,,,50,,,,,,,,,,,,,,15,,,,,B03,,,1,,1,,,85,85,1,6,4,120.630797,24.36805,3
4483,66000,387130000C,(04)23274275,(04)23288582,2025,08,12,15,6,臺中市,北區,0,0,0,7,,,30,,,,,,,,,,,,,,17,,,,,B03,,,1,,2,,,8,8,1,13,4,120.683692,24.147268,3
4484,66000,387130000C,(04)23274275,(04)23288582,2025,08,12,15,12,臺中市,西屯區,0,1,0,7,1,6,50,3,1,1,5,4,6,6,1,1,10,5,5,1,16,3,10,3,1,B03,7,5,1,5,2,2,,47,47,1,12,4,120.647847,24.196114,2
4485,66000,387130000C,(04)23274275,(04)23288582,2025,08,12,15,17,臺中市,南區,0,1,0,7,3,6,50,4,1,1,5,4,6,6,4,4,10,5,5,2,15,3,10,5,4,B03,7,9,3,19,2,5,,15,15,1,12,4,120.658679,24.124247,2
4486,66000,387130000C,(04)23274275,(04)23288582,2025,08,12,15,18,臺中市,北屯區,0,2,0,7,3,6,50,13,9,1,5,4,6,6,4,4,1,4,5,2,12,2,1,3,1,B03,7,1,1,8,2,15,,51,51,1,6,4,120.668598,24.173676,2
4487,66000,387130000C,(04)23274275,(04)23288582,2025,08,12,15,23,臺中市,北區,0,0,0,7,,,50,,,,,,,,,,,,,,13,,,,,B03,,,1,,1,,,59,59,1,12,4,120.685204,24.156385,3
4488,66000,387130000C,(04)23274275,(04)23288582,2025,08,12,15,25,臺中市,南屯區,0,1,0,7,3,6,50,13,7,1,5,4,6,6,4,4,1,4,4,2,17,2,9,2,1,C03,7,9,1,10,2,14,,58,58,1,12,4,120.631712,24.150796,2
4489,66000,387130000C,(04)23274275,(04)23288582,2025,08,12,15,31,臺中市,東區,0,1,0,7,3,6,30,4,1,1,5,4,6,6,4,4,10,5,5,2,15,3,10,3,1,B12,7,9,1,8,2,1,,12,12,1,13,4,120.708282,24.141207,2
4490,66000,387130000C,(04)23274275,(04)23288582,2025,08,12,15,31,臺中市,清水區,0,1,0,7,3,6,30,13,9,1,5,4,6,6,4,4,9,4,5,2,17,3,10,3,1,B01,7,1,1,3,2,8,,51,51,1,12,4,120.550368,24.310726,2
4491,66000,387130000C,(04)23274275,(04)23288582,2025,08,12,15,35,臺中市,北區,0,1,0,7,2,6,50,4,9,1,5,4,6,6,1,1,5,5,5,2,17,3,10,5,4,C03,7,6,1,10,9,12,,84,84,2,13,4,120.676783,24.149636,2
4492,66000,387130000C,(04)23274275,(04)23288582,2025,08,12,15,35,臺中市,北屯區,0,2,0,7,3,6,50,3,1,1,5,4,6,6,4,4,1,4,5,2,13,2,9,2,1,C03,7,9,1,8,2,11,,7,7,1,6,4,120.72129,24.177777,2
4493,66000,387130000C,(04)23274275,(04)23288582,2025,08,12,15,35,臺中市,大里區,0,0,0,7,,,50,,,,,,,,,,,,,,14,,,,,B03,,,3,,2,,,84,84,1,13,4,120.685496,24.11041,3