﻿序號,縣市別代碼,機關代碼,市話,傳真,年,月,日,時,分,縣市,區,死亡數量,受傷數量,2-30,天候,道路照明設備,道路類別,道路速限,道路型態,事故位置,路面鋪裝,路面狀態,路面缺陷,障礙物,視距,號誌種類,號誌動作,分向設施,快車道或一般車道間,快慢車道間,路面邊線,事故類型及型態,受傷程度,主要傷處,保護裝備,行動電話或功能裝置,當事者區分_類別,車輛用途,當事者行動狀態,駕照狀態,駕照種類,飲酒情形,車輛撞擊部位最初,車輛撞擊部位其他,肇事因素個別,肇事因素主要,肇事逃逸,職業,共享經濟或外送平台,GPS座標X,GPS座標Y,事故類別
4606,66000,387130000C,(04)23274275,(04)23288582,2025,08,12,18,47,臺中市,西屯區,0,0,0,6,,,50,,,,,,,,,,,,,,,,,,,B03,,,1,,1,,,7,7,1,13,4,120.64227,24.177771,3
4607,66000,387130000C,(04)23274275,(04)23288582,2025,08,12,18,47,臺中市,大里區,0,1,0,7,1,6,30,4,1,1,5,4,6,6,4,4,10,5,5,2,15,3,10,1,1,C03,7,9,1,10,2,11,,12,12,1,6,4,120.683647,24.105966,2
4608,66000,387130000C,(04)23274275,(04)23288582,2025,08,12,18,48,臺中市,大里區,0,0,0,7,,,50,,,,,,,,,,,,,,,,,,,B03,,,1,,2,,,85,85,1,13,4,120.698292,24.094508,3
4609,66000,387130000C,(04)23274275,(04)23288582,2025,08,12,18,50,臺中市,南屯區,0,0,0,7,1,6,50,13,9,1,5,4,6,6,4,4,9,5,5,2,13,,,,,B03,,,1,,1,,,7,7,1,12,4,120.61167,24.147798,3
4610,66000,387130000C,(04)23274275,(04)23288582,2025,08,12,18,50,臺中市,北屯區,0,2,0,7,3,6,50,13,9,1,5,4,6,6,4,4,9,5,4,2,17,2,9,2,1,C03,7,11,1,10,1,14,,45,45,1,6,4,120.686459,24.175833,2
4611,66000,387130000C,(04)23274275,(04)23288582,2025,08,12,18,51,臺中市,北屯區,0,3,0,6,1,6,50,5,1,1,5,4,6,6,2,1,10,5,5,2,13,2,9,2,1,C03,7,9,1,10,2,11,,7,7,1,6,4,120.697458,24.170316,2
4612,66000,387130000C,(04)23274275,(04)23288582,2025,08,12,18,55,臺中市,大里區,0,0,0,7,,,40,,,,,,,,,,,,,,13,,,,,C03,,,1,,2,,,50,50,1,13,4,120.681001,24.109714,3
4613,66000,387130000C,(04)23274275,(04)23288582,2025,08,12,18,58,臺中市,西區,0,2,0,7,2,6,50,4,1,1,5,4,6,6,2,1,10,5,5,2,16,3,10,3,1,B03,7,5,1,8,2,5,,11,11,1,12,4,120.66934,24.138788,2
4614,66000,387130000C,(04)23274275,(04)23288582,2025,08,12,18,59,臺中市,北屯區,0,0,0,7,,,50,,,,,,,,,,,,,,,,,,,B12,,,1,,9,,,49,49,2,12,4,120.682455,24.18914,3
4615,66000,387130000C,(04)23274275,(04)23288582,2025,08,12,19,0,臺中市,大甲區,0,0,0,7,,,40,,,,,,,,,,,,,,,,,,,B03,,,1,,1,,,8,8,1,12,4,120.655453,24.380647,3
4616,66000,387130000C,(04)23274275,(04)23288582,2025,08,12,19,3,臺中市,北屯區,0,1,0,7,1,6,50,13,9,1,5,4,6,6,4,4,5,4,5,2,16,3,10,3,1,B03,7,5,1,8,2,5,,20,20,1,6,4,120.710614,24.17175,2
4617,66000,387130000C,(04)23274275,(04)23288582,2025,08,12,19,5,臺中市,烏日區,0,0,0,7,,,50,,,,,,,,,,,,,,17,,,,,B03,,,1,,1,,,49,49,1,6,4,120.627892,24.111787,3
4618,66000,387130000C,(04)23274275,(04)23288582,2025,08,12,19,9,臺中市,北區,0,2,0,7,1,6,50,3,1,1,5,4,6,6,1,1,10,5,5,2,17,2,9,5,4,C03,7,9,1,10,2,12,,4,4,1,13,4,120.66639,24.156494,2
4619,66000,387130000C,(04)23274275,(04)23288582,2025,08,12,19,14,臺中市,清水區,0,0,0,7,,,50,,,,,,,,,,,,,,,,,,,B03,,,1,,2,,,12,12,1,12,4,120.577794,24.271157,3
4620,66000,387130000C,(04)23274275,(04)23288582,2025,08,12,19,14,臺中市,豐原區,0,0,0,7,,,50,,,,,,,,,,,,,,13,,,,,B03,,,1,,2,,,7,7,1,12,4,120.708038,24.250443,3
4621,66000,387130000C,(04)23274275,(04)23288582,2025,08,12,19,17,臺中市,西屯區,0,0,0,7,,,60,,,,,,,,,,,,,,16,,,,,B03,,,1,,2,,,25,25,1,12,4,120.637546,24.185697,3
4622,66000,387130000C,(04)23274275,(04)23288582,2025,08,12,19,22,臺中市,太平區,0,0,0,7,,,50,,,,,,,,,,,,,,13,,,,,B03,,,1,,2,,,84,84,1,12,4,120.724486,24.149171,3
4623,66000,387130000C,(04)23274275,(04)23288582,2025,08,12,19,24,臺中市,沙鹿區,0,0,0,7,,,50,,,,,,,,,,,,,,17,,,,,C03,,,1,,2,,,84,84,1,6,4,120.560043,24.233814,3
4624,66000,387130000C,(04)23274275,(04)23288582,2025,08,12,19,25,臺中市,東區,0,0,0,7,,,50,,,,,,,,,,,,,,12,,,,,B03,,,1,,2,,,84,84,1,12,4,120.703995,24.134613,3
4625,66000,387130000C,(04)23274275,(04)23288582,2025,08,12,19,28,臺中市,大里區,0,2,0,7,1,6,30,4,1,1,5,4,6,6,4,4,5,5,5,1,15,2,7,1,1,C03,7,9,3,19,2,12,,15,15,1,6,4,120.686259,24.109659,2
4626,66000,387130000C,(04)23274275,(04)23288582,2025,08,12,19,30,臺中市,大雅區,0,1,0,7,1,6,30,4,9,1,5,4,6,6,4,4,10,5,5,2,9,3,10,6,5,H01,8,20,7,21,10,17,,99,99,1,12,5,120.625695,24.226649,2
4627,66000,387130000C,(04)23274275,(04)23288582,2025,08,12,19,31,臺中市,西屯區,0,1,0,7,2,6,50,13,9,1,5,4,6,6,4,4,5,4,5,2,17,2,8,5,4,C03,7,9,1,10,1,12,,8,8,1,13,4,120.656169,24.170212,2
4628,66000,387130000C,(04)23274275,(04)23288582,2025,08,12,19,38,臺中市,南屯區,0,1,0,7,1,6,50,13,9,1,5,4,6,6,4,4,3,4,5,2,12,2,9,1,1,F03,7,9,7,21,2,12,,27,27,1,12,4,120.618482,24.154629,2
4629,66000,387130000C,(04)23274275,(04)23288582,2025,08,12,19,38,臺中市,大肚區,0,0,0,6,,,30,,,,,,,,,,,,,,25,,,,,B12,,,1,,2,,,8,8,1,6,4,120.580016,24.174819,3
4630,66000,387130000C,(04)23274275,(04)23288582,2025,08,12,19,47,臺中市,西屯區,0,0,0,7,,,50,,,,,,,,,,,,,,13,,,,,C03,,,1,,1,,,7,7,1,12,4,120.650871,24.166529,3
4631,66000,387130000C,(04)23274275,(04)23288582,2025,08,12,19,49,臺中市,北區,0,0,0,7,,,50,,,,,,,,,,,,,,17,,,,,B12,,,1,,1,,,84,84,1,13,4,120.680442,24.149213,3
4632,66000,387130000C,(04)23274275,(04)23288582,2025,08,12,19,52,臺中市,東勢區,0,0,0,7,,,50,,,,,,,,,,,,,,14,,,,,B03,,,1,,1,,,49,49,1,13,4,120.823481,24.260166,3
4633,66000,387130000C,(04)23274275,(04)23288582,2025,08,12,19,55,臺中市,西屯區,0,0,0,7,,,50,,,,,,,,,,,,,,13,,,,,C03,,,1,,1,,,7,7,1,12,4,120.6427,24.177225,4
4634,66000,387130000C,(04)23274275,(04)23288582,2025,08,12,19,58,臺中市,潭子區,0,0,0,7,,,30,,,,,,,,,,,,,,,,,,,B03,,,1,,2,,,14,14,1,13,4,120.704704,24.209918,3
4635,66000,387130000C,(04)23274275,(04)23288582,2025,08,12,20,0,臺中市,南屯區,0,0,0,7,,,50,,,,,,,,,,,,,,17,,,,,C03,,,1,,1,,,8,8,1,12,4,120.652921,24.151239,3
4636,66000,387130000C,(04)23274275,(04)23288582,2025,08,12,20,0,臺中市,大里區,0,0,0,7,,,50,,,,,,,,,,,,,,,,,,,B03,,,1,,1,,,84,84,1,6,4,120.709688,24.094527,3
4637,66000,387130000C,(04)23274275,(04)23288582,2025,08,12,20,0,臺中市,神岡區,0,0,0,7,,,50,,,,,,,,,,,,,,2,,,,,B03,,,1,,1,,,59,59,1,12,4,120.692097,24.24804,3
4638,66000,387130000C,(04)23274275,(04)23288582,2025,08,12,20,8,臺中市,南屯區,0,0,0,7,,,50,,,,,,,,,,,,,,,,,,,B03,,,1,,1,,,51,51,1,13,4,120.649534,24.15278,3
4639,66000,387130000C,(04)23274275,(04)23288582,2025,08,12,20,11,臺中市,大肚區,0,1,0,6,1,6,40,11,8,1,5,4,6,6,4,4,3,3,3,2,30,2,9,1,1,C03,7,9,1,10,2,11,,81,81,1,6,4,120.582042,24.1692,2
4640,66000,387130000C,(04)23274275,(04)23288582,2025,08,12,20,13,臺中市,大里區,0,1,0,7,1,6,50,4,2,1,5,4,6,6,4,4,5,5,4,1,12,3,10,1,1,C03,7,9,1,10,2,11,,39,39,1,12,4,120.703661,24.092291,2
4641,66000,387130000C,(04)23274275,(04)23288582,2025,08,12,20,14,臺中市,大里區,0,2,0,7,1,6,50,13,9,1,5,4,6,6,4,4,5,5,4,1,17,2,7,1,1,C03,7,21,1,10,2,13,,85,85,1,6,4,120.68376,24.112121,2
4642,66000,387130000C,(04)23274275,(04)23288582,2025,08,12,20,20,臺中市,梧棲區,0,1,0,7,3,6,30,13,9,1,5,2,6,6,4,4,10,5,5,2,18,2,9,2,1,C03,7,9,1,10,2,14,,83,83,1,12,4,120.547455,24.2316,2
4643,66000,387130000C,(04)23274275,(04)23288582,2025,08,12,20,23,臺中市,太平區,0,2,0,7,1,6,50,4,1,1,5,4,6,6,1,1,10,5,5,2,16,3,10,3,1,B03,7,6,1,8,2,8,,11,11,1,12,4,120.721955,24.149341,2
4644,66000,387130000C,(04)23274275,(04)23288582,2025,08,12,20,26,臺中市,西區,0,0,0,7,,,30,,,,,,,,,,,,,,,,,,,C03,,,6,,11,,,87,87,1,12,4,120.65834,24.156637,3
4645,66000,387130000C,(04)23274275,(04)23288582,2025,08,12,20,28,臺中市,后里區,0,0,0,6,1,6,50,13,9,1,5,4,6,6,4,4,9,4,5,1,14,,,,,B03,,,1,,2,,,49,49,1,6,4,120.688646,24.314338,3
4646,66000,387130000C,(04)23274275,(04)23288582,2025,08,12,20,52,臺中市,北屯區,0,1,0,7,1,6,50,4,9,1,5,4,6,6,2,1,5,4,5,1,30,,,,,,,,,,,,,119,119,1,,,120.676073,24.201411,2
4647,66000,387130000C,(04)23274275,(04)23288582,2025,08,12,20,54,臺中市,南屯區,0,0,0,7,,,50,,,,,,,,,,,,,,16,,,,,C03,,,1,,1,,,11,11,1,12,4,120.652995,24.149932,3
4648,66000,387130000C,(04)23274275,(04)23288582,2025,08,12,20,56,臺中市,東區,0,0,0,7,,,50,,,,,,,,,,,,,,,,,,,B03,,,1,,2,,,49,49,1,13,4,120.703945,24.134139,3
4649,66000,387130000C,(04)23274275,(04)23288582,2025,08,12,20,56,臺中市,西屯區,0,0,0,6,,,30,,,,,,,,,,,,,,,,,,,A12,,,1,3,2,,,8,8,1,13,4,120.61808,24.17548,3
4650,66000,387130000C,(04)23274275,(04)23288582,2025,08,12,21,4,臺中市,大雅區,0,0,0,7,,,30,,,,,,,,,,,,,,,,,,,C03,,,1,,1,,,1,1,1,12,4,120.655328,24.237384,4
4651,66000,387130000C,(04)23274275,(04)23288582,2025,08,12,21,12,臺中市,南屯區,0,1,0,7,1,6,50,4,2,1,5,4,6,6,4,4,10,5,5,2,28,2,9,2,1,C03,7,9,1,10,2,12,,59,59,1,12,4,120.613566,24.151993,2
4652,66000,387130000C,(04)23274275,(04)23288582,2025,08,12,21,29,臺中市,北屯區,0,0,0,7,,,50,,,,,,,,,,,,,,12,,,,,B02,,,1,8,2,,,8,8,1,6,4,120.698127,24.170439,3
4653,66000,387130000C,(04)23274275,(04)23288582,2025,08,12,21,49,臺中市,沙鹿區,0,0,0,7,,,70,,,,,,,,,,,,,,,,,,,A11,,,1,,2,,,84,84,1,12,4,120.621284,24.242363,3
4654,66000,387130000C,(04)23274275,(04)23288582,2025,08,12,22,0,臺中市,大安區,0,0,0,7,,,30,,,,,,,,,,,,,,,,,,,B03,,,1,,2,,,59,59,1,6,4,120.601908,24.358128,4
4655,66000,387130000C,(04)23274275,(04)23288582,2025,08,12,22,5,臺中市,北區,0,1,0,7,1,6,50,4,1,1,5,4,6,6,1,1,5,4,4,2,17,3,10,5,1,C01,7,6,1,10,2,11,,48,48,1,13,4,120.672284,24.170095,2
4656,66000,387130000C,(04)23274275,(04)23288582,2025,08,12,22,17,臺中市,西區,0,0,0,7,,,50,,,,,,,,,,,,,,,,,,,B01,,,1,,2,,,49,49,1,12,4,120.654522,24.146601,3
4657,66000,387130000C,(04)23274275,(04)23288582,2025,08,12,22,25,臺中市,南屯區,0,1,0,7,1,6,50,4,9,1,5,4,6,6,4,4,5,2,5,2,17,3,10,3,1,B03,7,11,1,8,2,5,,39,39,1,6,4,120.645077,24.129514,2
4658,66000,387130000C,(04)23274275,(04)23288582,2025,08,12,22,44,臺中市,南屯區,0,0,0,7,,3,50,,,,,,,,,,,,,,12,,,,,B03,,,1,,2,,,40,40,1,12,4,120.623331,24.14938,3
4659,66000,387130000C,(04)23274275,(04)23288582,2025,08,12,22,47,臺中市,西屯區,0,0,0,7,,,50,,,,,,,,,,,,,,,,,,,B03,,,1,6,1,,,51,51,1,12,4,120.645472,24.175895,3
4660,66000,387130000C,(04)23274275,(04)23288582,2025,08,12,23,8,臺中市,北區,0,1,0,7,1,6,50,5,9,1,5,4,6,6,1,1,1,2,5,2,13,3,10,3,4,B03,7,9,1,8,2,1,,59,59,1,13,4,120.686245,24.154437,2
4661,66000,387130000C,(04)23274275,(04)23288582,2025,08,12,23,19,臺中市,北屯區,0,2,0,7,1,6,50,13,7,1,5,4,6,6,4,4,9,4,4,2,13,2,8,2,1,C03,7,9,3,19,2,11,,7,7,1,12,4,120.684784,24.177718,2
4662,66000,387130000C,(04)23274275,(04)23288582,2025,08,12,23,25,臺中市,北區,0,0,0,7,,,30,,,,,,,,,,,,,,17,,,,,B03,,,1,,1,,,84,84,1,12,4,120.685447,24.162027,3
4663,66000,387130000C,(04)23274275,(04)23288582,2025,08,12,23,33,臺中市,西屯區,0,0,0,7,,,50,,,,,,,,,,,,,,13,,,,,B03,,,1,,1,,,59,59,1,13,4,120.615611,24.189088,3
4664,66000,387130000C,(04)23274275,(04)23288582,2025,08,13,1,19,臺中市,北屯區,0,1,0,7,1,6,50,4,1,1,5,4,6,6,2,1,3,5,5,2,16,3,10,3,1,B03,7,6,5,19,2,6,,25,25,1,12,4,120.721072,24.174065,2
4665,66000,387130000C,(04)23274275,(04)23288582,2025,08,13,2,1,臺中市,大里區,0,0,0,7,,,50,,,,,,,,,,,,,,13,,,,,B03,,,1,,2,,,7,7,1,13,4,120.688633,24.106334,3
4666,66000,387130000C,(04)23274275,(04)23288582,2025,08,13,3,30,臺中市,西屯區,0,0,0,7,,,50,,,,,,,,,,,,,,14,,,,,A21,,,1,,1,,,49,49,1,13,4,120.61826,24.167184,3
4667,66000,387130000C,(04)23274275,(04)23288582,2025,08,13,4,50,臺中市,神岡區,0,0,0,7,,,50,,,,,,,,,,,,,,12,,,,,B03,,,1,,2,,,59,59,1,13,4,120.659216,24.275129,3
4668,66000,387130000C,(04)23274275,(04)23288582,2025,08,13,5,1,臺中市,北屯區,0,1,0,7,1,6,40,4,9,1,5,4,6,6,2,1,5,4,5,2,17,2,9,2,1,C03,7,5,2,19,4,11,,53,53,1,12,4,120.699815,24.160366,2
4669,66000,387130000C,(04)23274275,(04)23288582,2025,08,13,6,35,臺中市,太平區,0,1,0,7,3,6,30,11,9,1,5,4,6,6,4,4,5,5,5,1,18,2,9,2,1,C03,7,9,1,10,2,14,,84,84,1,12,4,120.809443,24.096921,2
4670,66000,387130000C,(04)23274275,(04)23288582,2025,08,13,6,37,臺中市,大雅區,0,1,0,6,2,6,40,13,8,1,5,4,6,6,4,4,1,4,4,1,17,2,9,2,1,C03,7,9,1,10,2,11,,84,84,1,13,4,120.672336,24.215578,2
4671,66000,387130000C,(04)23274275,(04)23288582,2025,08,13,6,41,臺中市,北屯區,0,0,0,6,,,30,,,,,,,,,,,,,,17,,,,,B03,,,1,,2,,,8,8,1,12,4,120.692083,24.178206,3
4672,66000,387130000C,(04)23274275,(04)23288582,2025,08,13,6,49,臺中市,梧棲區,0,1,0,7,3,6,50,4,1,1,5,4,6,6,1,1,10,5,5,2,15,2,9,1,1,C03,7,9,3,19,2,14,,21,21,1,6,4,120.542495,24.219318,2
4673,66000,387130000C,(04)23274275,(04)23288582,2025,08,13,6,58,臺中市,北區,0,1,0,7,2,6,50,13,9,1,5,4,6,6,4,4,2,4,5,2,17,2,9,5,1,C03,7,9,1,10,2,11,,7,7,1,13,4,120.683943,24.1491,2
4674,66000,387130000C,(04)23274275,(04)23288582,2025,08,13,7,0,臺中市,南屯區,0,0,0,7,,,50,,,,,,,,,,,,,,,,,,,B03,,,1,,1,,,59,59,1,6,4,120.613599,24.139002,3
4675,66000,387130000C,(04)23274275,(04)23288582,2025,08,13,7,9,臺中市,沙鹿區,0,1,0,6,2,6,50,3,1,1,5,4,6,6,4,4,10,5,5,2,16,3,10,3,1,B03,7,6,1,8,2,4,,14,14,1,6,4,120.557063,24.208399,2
4676,66000,387130000C,(04)23274275,(04)23288582,2025,08,13,7,17,臺中市,大肚區,0,0,0,5,,,30,,,,,,,,,,,,,,,,,,,B03,,,1,,1,,,8,8,1,6,4,120.5712,24.123207,3
4677,66000,387130000C,(04)23274275,(04)23288582,2025,08,13,7,22,臺中市,西屯區,0,0,0,5,,,50,,,,,,,,,,,,,,13,,,,,B03,,,1,,1,,,59,59,1,13,4,120.609398,24.184456,3
4678,66000,387130000C,(04)23274275,(04)23288582,2025,08,13,7,24,臺中市,西屯區,0,1,0,5,2,6,50,4,1,1,4,4,6,6,2,1,10,5,5,2,16,3,10,2,1,C03,7,9,1,10,2,13,,1,1,1,13,4,120.638827,24.180171,2
4679,66000,387130000C,(04)23274275,(04)23288582,2025,08,13,7,24,臺中市,西屯區,0,1,0,5,2,6,35,4,1,1,4,4,6,6,4,4,10,5,5,1,13,2,9,5,4,C03,7,6,1,10,2,11,,7,7,1,12,4,120.628495,24.173063,2
4680,66000,387130000C,(04)23274275,(04)23288582,2025,08,13,7,25,臺中市,北區,0,0,0,7,,,50,,,,,,,,,,,,,,,,,,,C03,,,1,,2,,,84,84,1,13,4,120.677915,24.149416,3
4681,66000,387130000C,(04)23274275,(04)23288582,2025,08,13,7,26,臺中市,西屯區,0,2,0,5,2,6,50,4,4,1,4,4,6,6,2,1,10,4,5,2,13,2,9,5,4,C03,7,9,3,19,2,11,,7,7,1,13,4,120.637283,24.173182,2
4682,66000,387130000C,(04)23274275,(04)23288582,2025,08,13,7,27,臺中市,北屯區,0,1,0,5,2,6,50,5,1,1,4,4,6,6,2,1,10,5,5,2,17,3,10,3,1,B03,7,11,1,8,2,16,,45,45,1,13,4,120.70944,24.171242,2
4683,66000,387130000C,(04)23274275,(04)23288582,2025,08,13,7,28,臺中市,西屯區,0,1,0,5,3,6,50,3,2,1,4,4,6,6,4,4,1,4,5,2,13,2,9,5,4,C03,7,9,1,10,2,11,12,7,7,1,12,4,120.65094,24.164841,2
4684,66000,387130000C,(04)23274275,(04)23288582,2025,08,13,7,30,臺中市,西屯區,0,2,0,5,2,6,30,4,1,1,4,4,6,6,4,4,10,5,5,2,15,2,7,2,1,C03,7,9,1,10,1,11,,12,12,1,13,2,120.644521,24.175649,2
4685,66000,387130000C,(04)23274275,(04)23288582,2025,08,13,7,30,臺中市,沙鹿區,0,0,0,5,,,60,,,,,,,,,,,,,,13,,,,,B03,,,1,,2,,,84,84,1,12,4,120.585878,24.24998,3
4686,66000,387130000C,(04)23274275,(04)23288582,2025,08,13,7,31,臺中市,潭子區,0,1,0,5,2,6,60,3,12,1,4,4,6,6,4,4,1,4,4,1,13,3,10,1,1,C03,7,9,1,10,2,11,,8,8,1,13,4,120.708949,24.23216,2
4687,66000,387130000C,(04)23274275,(04)23288582,2025,08,13,7,33,臺中市,西屯區,0,1,0,5,2,6,50,13,9,1,4,4,6,6,4,4,1,4,5,2,12,3,10,1,4,C04,7,7,1,10,2,12,,40,40,1,13,4,120.603314,24.184962,2
4688,66000,387130000C,(04)23274275,(04)23288582,2025,08,13,7,34,臺中市,潭子區,0,0,0,5,,,50,,,,,,,,,,,,,,,,,,,B03,,,1,,2,,,84,84,1,13,4,120.70359,24.201162,3
4689,66000,387130000C,(04)23274275,(04)23288582,2025,08,13,7,35,臺中市,北屯區,0,3,0,7,2,6,50,3,8,1,5,4,6,6,4,4,9,4,4,2,16,2,9,5,4,C03,7,6,1,10,2,12,,14,14,1,12,4,120.695197,24.19044,2
4690,66000,387130000C,(04)23274275,(04)23288582,2025,08,13,7,35,臺中市,太平區,0,1,0,5,3,6,50,13,9,1,4,4,6,6,4,4,1,5,5,2,17,2,1,3,1,B03,7,9,1,8,2,5,,84,84,1,6,4,120.711935,24.148934,2
4691,66000,387130000C,(04)23274275,(04)23288582,2025,08,13,7,35,臺中市,大肚區,0,1,0,5,2,6,50,11,9,1,4,4,6,6,4,4,4,4,5,2,18,2,9,1,1,C03,7,9,1,10,2,12,,84,84,1,6,4,120.555312,24.151014,2
4692,66000,387130000C,(04)23274275,(04)23288582,2025,08,13,7,36,臺中市,南屯區,0,0,0,5,,,50,,,,,,,,,,,,,,,,,,,B03,,,1,,1,,,47,47,1,12,4,120.613269,24.139701,3
4693,66000,387130000C,(04)23274275,(04)23288582,2025,08,13,7,36,臺中市,大安區,0,2,0,6,1,6,50,3,1,1,4,4,6,6,4,4,10,5,5,1,16,2,9,1,1,C03,7,6,1,10,2,11,,14,14,1,12,4,120.627438,24.381249,2
4694,66000,387130000C,(04)23274275,(04)23288582,2025,08,13,7,37,臺中市,外埔區,0,1,0,5,3,6,40,4,1,1,4,4,6,6,4,4,5,4,4,1,13,3,10,3,1,B03,7,6,1,8,2,8,,58,58,1,6,4,120.638293,24.342128,2
4695,66000,387130000C,(04)23274275,(04)23288582,2025,08,13,7,37,臺中市,神岡區,0,1,0,5,2,6,30,4,1,1,4,4,6,6,3,1,10,5,5,2,16,3,10,1,1,C03,7,6,1,10,2,11,,24,24,1,12,4,120.707783,24.273568,2
4696,66000,387130000C,(04)23274275,(04)23288582,2025,08,13,7,39,臺中市,西屯區,0,0,0,5,,,50,,,,,,,,,,,,,,2,,,,,C03,,,1,,1,,,8,8,1,13,4,120.638138,24.170071,3
4697,66000,387130000C,(04)23274275,(04)23288582,2025,08,13,7,40,臺中市,北屯區,0,0,0,5,,,50,,,,,,,,,,,,,,13,,,,,B03,,,1,,1,,,84,84,1,12,4,120.721811,24.181854,3
4698,66000,387130000C,(04)23274275,(04)23288582,2025,08,13,7,40,臺中市,大里區,0,0,0,6,,,50,,,,,,,,,,,,,,,,,,,B03,,,1,,1,,,7,7,1,6,4,120.697034,24.083974,3
4699,66000,387130000C,(04)23274275,(04)23288582,2025,08,13,7,42,臺中市,西屯區,0,2,0,5,2,6,50,3,1,1,4,4,6,6,4,4,10,5,5,2,16,2,9,6,1,F01,7,6,7,21,2,14,,11,11,1,13,4,120.638574,24.18167,2
4700,66000,387130000C,(04)23274275,(04)23288582,2025,08,13,7,44,臺中市,西屯區,0,0,0,7,,,60,,,,,,,,,,,,,,16,,,,,B03,,,1,,1,,,40,40,1,12,4,120.612598,24.184605,3
4701,66000,387130000C,(04)23274275,(04)23288582,2025,08,13,7,45,臺中市,北區,0,0,0,5,,,50,,,,,,,,,,,,,,,,,,,B03,,,1,,1,,,7,7,1,12,4,120.674084,24.163084,3
4702,66000,387130000C,(04)23274275,(04)23288582,2025,08,13,7,47,臺中市,太平區,0,2,0,6,3,6,30,4,9,1,5,4,6,6,4,4,5,5,5,2,15,2,9,2,1,F01,7,9,7,21,2,14,,12,12,1,12,4,120.709613,24.151459,2
4703,66000,387130000C,(04)23274275,(04)23288582,2025,08,13,7,48,臺中市,北屯區,0,0,0,7,,,50,,,,,,,,,,,,,,16,,,,,B03,,,1,,2,,,84,84,1,13,4,120.712517,24.168994,3
4704,66000,387130000C,(04)23274275,(04)23288582,2025,08,13,7,49,臺中市,新社區,0,2,0,7,2,6,50,3,1,1,5,4,6,6,4,4,10,5,5,2,17,2,9,2,1,C03,7,15,1,10,2,13,,40,40,1,12,4,120.808583,24.251353,2
4705,66000,387130000C,(04)23274275,(04)23288582,2025,08,13,7,50,臺中市,豐原區,0,2,0,6,2,6,30,3,7,1,4,4,6,6,4,4,5,5,4,2,17,2,9,2,1,C03,7,5,1,10,2,13,,13,13,1,13,4,120.720319,24.251695,2
4706,66000,387130000C,(04)23274275,(04)23288582,2025,08,13,7,52,臺中市,太平區,0,0,0,5,,,50,,,,,,,,,,,,,,12,,,,,B03,,,1,,1,,,40,40,1,6,4,120.717699,24.158471,3
4707,66000,387130000C,(04)23274275,(04)23288582,2025,08,13,7,52,臺中市,神岡區,0,1,0,5,1,6,50,13,7,1,4,4,6,6,4,4,5,5,4,2,13,3,10,3,1,B03,7,9,1,8,2,1,,7,7,1,12,4,120.707791,24.25983,2
4708,66000,387130000C,(04)23274275,(04)23288582,2025,08,13,7,53,臺中市,烏日區,0,1,0,5,2,6,50,4,1,1,4,4,6,6,4,4,10,5,5,2,15,2,9,2,1,C03,7,9,1,10,2,11,,6,6,1,6,4,120.625759,24.102734,2
4709,66000,387130000C,(04)23274275,(04)23288582,2025,08,13,7,58,臺中市,梧棲區,0,1,0,5,3,6,50,3,1,1,4,4,6,6,4,4,10,5,5,2,16,2,9,1,1,C03,7,6,1,10,2,14,,13,13,1,6,4,120.561501,24.254399,2
4710,66000,387130000C,(04)23274275,(04)23288582,2025,08,13,8,0,臺中市,南屯區,0,0,0,6,,,50,,,,,,,,,,,,,,,,,,,B12,,,1,,1,,,51,51,1,13,4,120.650094,24.143286,3
4711,66000,387130000C,(04)23274275,(04)23288582,2025,08,13,8,2,臺中市,西屯區,0,0,0,5,,,50,,,,,,,,,,,,,,13,,,,,B03,,,1,,1,,,7,7,1,13,4,120.621787,24.183341,3
4712,66000,387130000C,(04)23274275,(04)23288582,2025,08,13,8,4,臺中市,中區,0,1,0,7,3,6,50,4,1,1,5,4,6,6,2,1,10,5,5,2,18,2,9,1,1,C03,7,9,1,10,2,12,,87,87,1,12,4,120.677572,24.144109,2
4713,66000,387130000C,(04)23274275,(04)23288582,2025,08,13,8,5,臺中市,北區,0,0,0,7,,,50,,,,,,,,,,,,,,12,,,,,B03,,,1,,1,,,40,40,1,13,4,120.688352,24.162962,3
4714,66000,387130000C,(04)23274275,(04)23288582,2025,08,13,8,6,臺中市,西屯區,0,0,0,5,,,50,,,,,,,,,,,,,,17,,,,,C03,,,1,,2,,,82,82,1,12,4,120.659825,24.165863,3
4715,66000,387130000C,(04)23274275,(04)23288582,2025,08,13,8,8,臺中市,東區,0,1,0,7,3,6,50,13,9,1,4,4,6,6,2,1,5,5,5,2,18,2,9,5,4,C03,7,9,1,10,2,15,,84,84,1,6,4,120.703252,24.142704,2
4716,66000,387130000C,(04)23274275,(04)23288582,2025,08,13,8,8,臺中市,大里區,0,1,0,6,2,6,50,4,2,1,4,4,6,6,1,1,1,4,5,1,17,2,9,1,1,C03,7,9,1,10,2,16,,84,84,1,13,4,120.68185,24.102646,2
4717,66000,387130000C,(04)23274275,(04)23288582,2025,08,13,8,9,臺中市,西區,0,1,0,6,2,6,50,3,1,1,4,4,6,6,1,1,10,5,5,2,18,2,9,1,1,C03,7,9,1,10,2,12,,43,43,1,13,4,120.676871,24.13642,2