﻿序號,縣市別代碼,機關代碼,市話,傳真,年,月,日,時,分,縣市,區,死亡數量,受傷數量,2-30,天候,道路照明設備,道路類別,道路速限,道路型態,事故位置,路面鋪裝,路面狀態,路面缺陷,障礙物,視距,號誌種類,號誌動作,分向設施,快車道或一般車道間,快慢車道間,路面邊線,事故類型及型態,受傷程度,主要傷處,保護裝備,行動電話或功能裝置,當事者區分_類別,車輛用途,當事者行動狀態,駕照狀態,駕照種類,飲酒情形,車輛撞擊部位最初,車輛撞擊部位其他,肇事因素個別,肇事因素主要,肇事逃逸,職業,共享經濟或外送平台,GPS座標X,GPS座標Y,事故類別
4718,66000,387130000C,(04)23274275,(04)23288582,2025,08,13,8,10,臺中市,北區,0,0,0,7,,,50,,,,,,,,,,,,,,13,,,,,B03,,,1,,2,,,7,7,1,13,4,120.679712,24.16336,3
4719,66000,387130000C,(04)23274275,(04)23288582,2025,08,13,8,10,臺中市,南屯區,0,1,0,5,3,6,50,13,9,1,4,4,6,6,1,1,1,4,5,2,18,2,9,1,1,C03,7,9,1,10,2,14,,59,59,1,12,4,120.646836,24.14254,2
4720,66000,387130000C,(04)23274275,(04)23288582,2025,08,13,8,10,臺中市,北屯區,0,0,0,7,,,30,,,,,,,,,,,,,,17,,,,,A41,,,1,,1,,,73,73,1,12,4,120.681906,24.197849,3
4721,66000,387130000C,(04)23274275,(04)23288582,2025,08,13,8,10,臺中市,霧峰區,0,1,0,6,2,6,50,3,1,1,4,4,6,6,1,1,5,5,4,2,16,3,10,3,1,B03,7,5,1,8,2,2,,47,47,1,6,4,120.699623,24.059534,2
4722,66000,387130000C,(04)23274275,(04)23288582,2025,08,13,8,10,臺中市,和平區,0,0,0,7,,,40,,,,,,,,,,,,,,9,,,,,B03,,,1,,2,,,43,43,1,7,4,120.883098,24.17464,3
4723,66000,387130000C,(04)23274275,(04)23288582,2025,08,13,8,11,臺中市,西屯區,0,1,0,6,2,6,50,13,9,1,4,4,6,6,4,4,1,4,5,2,17,2,9,1,4,C03,7,9,1,10,2,14,,84,84,1,13,4,120.657995,24.200981,2
4724,66000,387130000C,(04)23274275,(04)23288582,2025,08,13,8,12,臺中市,北區,0,0,0,7,,,50,,,,,,,,,,,,,,,,,,,C03,,,1,,1,,,12,12,1,13,4,120.689278,24.153931,3
4725,66000,387130000C,(04)23274275,(04)23288582,2025,08,13,8,13,臺中市,南屯區,0,0,0,6,,,50,,,,,,,,,,,,,,17,,,,,C03,,,1,,2,,,59,59,1,6,4,120.611623,24.136098,3
4726,66000,387130000C,(04)23274275,(04)23288582,2025,08,13,8,13,臺中市,龍井區,0,1,0,5,2,6,30,11,9,1,4,4,6,6,4,4,10,5,5,1,18,2,9,1,1,C03,7,9,1,10,2,16,,59,59,1,6,4,120.574542,24.190847,2
4727,66000,387130000C,(04)23274275,(04)23288582,2025,08,13,8,15,臺中市,西屯區,0,1,0,5,2,6,40,13,8,1,4,4,6,6,4,4,10,5,5,2,18,2,9,5,4,C03,7,9,1,10,2,14,,84,84,1,13,4,120.634166,24.176149,2
4728,66000,387130000C,(04)23274275,(04)23288582,2025,08,13,8,17,臺中市,大雅區,0,0,0,6,,,50,,,,,,,,,,,,,,13,,,,,B03,,,1,,1,,,7,7,1,13,4,120.644653,24.223489,3
4729,66000,387130000C,(04)23274275,(04)23288582,2025,08,13,8,17,臺中市,北區,0,0,0,7,,,30,,,,,,,,,,,,,,,,,,,B03,,,1,,11,,,84,84,1,13,4,120.68072,24.152308,3
4730,66000,387130000C,(04)23274275,(04)23288582,2025,08,13,8,18,臺中市,太平區,0,1,0,6,3,6,50,13,9,1,5,4,6,6,1,1,5,5,4,2,16,3,10,3,1,B03,7,7,1,8,2,2,,40,40,1,12,4,120.712551,24.149755,2
4731,66000,387130000C,(04)23274275,(04)23288582,2025,08,13,8,18,臺中市,神岡區,0,1,0,6,2,6,50,4,7,1,4,4,6,6,1,1,4,4,4,2,18,2,9,1,1,C03,7,9,1,8,2,16,,82,82,1,12,4,120.683051,24.246644,2
4732,66000,387130000C,(04)23274275,(04)23288582,2025,08,13,8,20,臺中市,南區,0,1,0,7,2,6,30,4,1,1,5,4,6,6,4,4,10,5,5,2,18,2,9,1,1,C03,7,9,1,10,2,14,,85,85,1,12,4,120.681798,24.125568,2
4733,66000,387130000C,(04)23274275,(04)23288582,2025,08,13,8,21,臺中市,南區,0,1,0,7,3,6,50,3,1,1,5,4,6,6,3,1,10,5,5,2,18,2,9,1,1,C03,7,9,1,10,2,12,,85,85,1,6,4,120.651669,24.115058,2
4734,66000,387130000C,(04)23274275,(04)23288582,2025,08,13,8,21,臺中市,西屯區,0,1,0,5,2,6,30,4,1,1,4,4,6,6,4,4,10,5,5,2,16,2,9,3,1,B03,7,6,1,8,2,2,,14,14,1,13,4,120.623401,24.180148,2
4735,66000,387130000C,(04)23274275,(04)23288582,2025,08,13,8,22,臺中市,南區,0,1,0,5,2,6,50,3,2,1,4,4,6,6,2,1,3,2,4,2,18,2,9,1,1,C03,7,9,1,10,2,12,,84,84,1,12,4,120.652279,24.112742,2
4736,66000,387130000C,(04)23274275,(04)23288582,2025,08,13,8,23,臺中市,龍井區,0,0,0,7,,,30,,,,,,,,,,,,,,,,,,,B12,,,1,,1,,,49,49,1,6,4,120.547565,24.192747,3
4737,66000,387130000C,(04)23274275,(04)23288582,2025,08,13,8,24,臺中市,北屯區,0,0,0,7,,,50,,,,,,,,,,,,,,9,,,,,B03,,,1,,1,,,11,11,1,12,4,120.72472,24.176146,3
4738,66000,387130000C,(04)23274275,(04)23288582,2025,08,13,8,25,臺中市,西區,0,1,0,7,2,6,50,4,2,1,4,4,6,6,1,1,10,5,5,2,18,2,9,2,1,C03,7,15,1,10,2,16,,59,59,1,12,4,120.662421,24.155325,2
4739,66000,387130000C,(04)23274275,(04)23288582,2025,08,13,8,25,臺中市,東區,0,1,0,7,3,6,50,13,9,1,5,4,6,6,4,4,5,5,5,2,17,3,10,5,4,B03,7,3,1,8,2,3,,50,50,1,6,4,120.70804,24.139855,2
4740,66000,387130000C,(04)23274275,(04)23288582,2025,08,13,8,26,臺中市,大里區,0,0,0,7,,,50,,,,,,,,,,,,,,,,,,,B03,,,1,,2,,,8,8,1,12,4,120.691911,24.101047,3
4741,66000,387130000C,(04)23274275,(04)23288582,2025,08,13,8,26,臺中市,大里區,0,1,0,6,2,6,50,5,1,1,4,4,6,6,1,1,5,5,4,1,17,3,10,3,1,B12,7,7,1,8,11,16,,42,42,1,6,4,120.716006,24.094556,2
4742,66000,387130000C,(04)23274275,(04)23288582,2025,08,13,8,27,臺中市,北屯區,0,0,0,7,,3,40,,,,,,,,,,,,,,13,,,,,B03,,,1,,1,,,84,84,1,13,4,120.720918,24.167339,3
4743,66000,387130000C,(04)23274275,(04)23288582,2025,08,13,8,34,臺中市,西區,0,0,0,6,,,40,,,,,,,,,,,,,,,,,,,C03,,,1,,1,,,7,7,1,12,4,120.661491,24.147766,3
4744,66000,387130000C,(04)23274275,(04)23288582,2025,08,13,8,38,臺中市,神岡區,0,0,0,7,1,6,50,5,1,1,5,4,6,6,1,1,10,5,5,2,13,,,,,B03,,,1,,2,,,7,7,1,12,4,120.663669,24.258353,3
4745,66000,387130000C,(04)23274275,(04)23288582,2025,08,13,8,41,臺中市,北區,0,0,0,7,,,50,,,,,,,,,,,,,,,,,,,C03,,,1,,1,,,8,8,1,12,4,120.684527,24.142453,3
4746,66000,387130000C,(04)23274275,(04)23288582,2025,08,13,8,41,臺中市,梧棲區,0,0,0,7,,,40,,,,,,,,,,,,,,16,,,,,C03,,,1,,1,,,84,84,1,6,4,120.541746,24.247761,3
4747,66000,387130000C,(04)23274275,(04)23288582,2025,08,13,8,47,臺中市,西區,0,0,0,7,,,50,,,,,,,,,,,,,,17,,,,,B03,,,1,,1,,,7,7,1,12,4,120.659687,24.157317,3
4748,66000,387130000C,(04)23274275,(04)23288582,2025,08,13,8,56,臺中市,大雅區,0,1,0,7,2,6,50,4,1,1,5,4,6,6,1,1,5,5,4,1,16,2,9,2,1,C03,7,6,1,10,2,12,,11,11,1,13,4,120.644293,24.209415,2
4749,66000,387130000C,(04)23274275,(04)23288582,2025,08,13,8,56,臺中市,西屯區,0,1,0,7,2,6,50,4,1,1,5,4,6,6,1,1,10,5,5,2,16,2,9,1,1,C03,7,6,1,10,2,11,,11,11,1,13,4,120.630395,24.183223,2
4750,66000,387130000C,(04)23274275,(04)23288582,2025,08,13,8,59,臺中市,大雅區,0,1,0,6,3,6,0,3,2,1,5,4,6,6,4,4,5,2,5,2,17,3,10,3,1,B03,7,1,5,19,2,1,,51,51,1,12,4,120.668836,24.221525,2
4751,66000,387130000C,(04)23274275,(04)23288582,2025,08,13,9,2,臺中市,東區,0,0,0,7,,,40,,,,,,,,,,,,,,17,,,,,C03,,,1,,9,,,22,22,1,6,4,120.705236,24.131399,3
4752,66000,387130000C,(04)23274275,(04)23288582,2025,08,13,9,4,臺中市,北區,0,0,0,7,,,50,,,,,,,,,,,,,,13,,,,,B03,,,1,,1,,,7,7,1,13,4,120.668328,24.172762,3
4753,66000,387130000C,(04)23274275,(04)23288582,2025,08,13,9,4,臺中市,北屯區,0,0,0,6,,,50,,,,,,,,,,,,,,14,,,,,B12,,,1,,1,,,49,49,1,13,4,120.721394,24.166738,3
4754,66000,387130000C,(04)23274275,(04)23288582,2025,08,13,9,10,臺中市,南屯區,0,2,0,6,1,6,50,4,1,1,4,4,6,6,2,1,10,5,5,2,17,2,9,1,1,C03,7,6,1,10,2,12,,11,11,1,6,4,120.611568,24.138461,2
4755,66000,387130000C,(04)23274275,(04)23288582,2025,08,13,9,16,臺中市,神岡區,0,1,0,6,2,6,30,3,1,1,5,4,6,6,4,4,10,5,5,2,16,3,10,3,1,B12,7,5,1,8,2,8,,14,14,1,12,4,120.671035,24.244989,2
4756,66000,387130000C,(04)23274275,(04)23288582,2025,08,13,9,20,臺中市,烏日區,0,1,0,7,2,6,30,4,1,1,5,4,6,6,4,4,10,5,5,1,15,3,10,3,1,A12,7,9,1,3,9,6,,15,15,1,6,4,120.640819,24.10053,2
4757,66000,387130000C,(04)23274275,(04)23288582,2025,08,13,9,20,臺中市,神岡區,0,0,0,7,1,6,50,3,1,1,5,4,6,6,4,4,10,5,5,1,13,,,,,B03,,,1,,1,,,59,59,1,12,4,120.682656,24.243715,3
4758,66000,387130000C,(04)23274275,(04)23288582,2025,08,13,9,21,臺中市,西區,0,0,0,7,,,50,,,,,,,,,,,,,,13,,,,,B03,,,1,,1,,,84,84,1,12,4,120.662416,24.155354,3
4759,66000,387130000C,(04)23274275,(04)23288582,2025,08,13,9,21,臺中市,北區,0,1,0,7,2,6,50,4,2,1,5,4,6,6,1,1,3,2,4,2,13,2,9,5,4,C03,7,9,1,10,2,11,,7,7,1,13,4,120.675489,24.159461,2
4760,66000,387130000C,(04)23274275,(04)23288582,2025,08,13,9,22,臺中市,中區,0,1,0,6,2,6,50,4,1,1,5,4,6,6,1,1,10,5,5,2,18,2,9,1,1,C03,7,9,1,10,2,12,,84,84,1,12,4,120.677256,24.145725,2
4761,66000,387130000C,(04)23274275,(04)23288582,2025,08,13,9,28,臺中市,南屯區,0,1,0,7,2,6,50,3,2,1,5,4,6,6,4,4,9,5,5,2,18,2,9,2,1,C03,7,9,1,10,2,12,,59,59,1,13,4,120.652814,24.135417,2
4762,66000,387130000C,(04)23274275,(04)23288582,2025,08,13,9,32,臺中市,南屯區,0,0,0,7,,,50,,,,,,,,,,,,,,,,,,,B03,,,1,,1,,,39,39,1,12,4,120.635711,24.143383,3
4763,66000,387130000C,(04)23274275,(04)23288582,2025,08,13,9,33,臺中市,豐原區,0,1,0,6,2,6,50,4,7,1,5,4,6,6,1,1,5,5,4,2,13,2,8,5,4,C03,7,9,1,10,2,11,,7,7,1,13,4,120.706847,24.254784,2
4764,66000,387130000C,(04)23274275,(04)23288582,2025,08,13,9,40,臺中市,北屯區,0,0,0,7,,,50,,,,,,,,,,,,,,9,,,,,B03,,,2,8,1,,,8,8,1,12,4,120.693459,24.182818,3
4765,66000,387130000C,(04)23274275,(04)23288582,2025,08,13,9,47,臺中市,中區,0,2,0,7,2,6,50,4,1,1,5,4,6,6,1,1,10,5,5,2,17,2,9,1,1,C03,7,5,1,10,2,11,,84,84,1,13,4,120.684474,24.142151,2
4766,66000,387130000C,(04)23274275,(04)23288582,2025,08,13,9,50,臺中市,西屯區,0,0,0,7,,,50,,,,,,,,,,,,,,12,,,,,B03,,,1,,1,,,8,8,1,12,4,120.633749,24.161646,3
4767,66000,387130000C,(04)23274275,(04)23288582,2025,08,13,9,50,臺中市,大甲區,0,1,0,7,1,6,50,3,1,1,5,4,6,6,4,4,5,5,5,1,16,2,9,1,1,C03,7,6,1,10,2,12,,12,12,1,12,4,120.627472,24.349904,2
4768,66000,387130000C,(04)23274275,(04)23288582,2025,08,13,9,52,臺中市,西區,0,1,0,7,2,6,50,5,4,1,5,4,6,6,1,1,5,5,5,2,17,2,9,1,1,C03,7,12,1,10,2,16,,85,85,1,12,4,120.668775,24.13206,2
4769,66000,387130000C,(04)23274275,(04)23288582,2025,08,13,9,52,臺中市,北區,0,1,0,7,2,6,50,13,9,1,4,4,6,6,4,4,3,4,5,2,13,2,9,1,1,C03,7,9,1,10,2,11,12,7,7,1,13,4,120.692002,24.161153,2
4770,66000,387130000C,(04)23274275,(04)23288582,2025,08,13,9,53,臺中市,豐原區,0,2,0,6,2,6,40,13,9,1,5,4,6,6,4,4,5,5,5,1,17,2,9,1,1,C03,7,1,1,10,2,14,,51,51,1,12,4,120.723888,24.235019,2
4771,66000,387130000C,(04)23274275,(04)23288582,2025,08,13,9,55,臺中市,后里區,0,0,0,7,3,6,30,13,9,1,5,,6,6,4,4,10,5,5,2,14,3,10,3,1,B03,7,2,1,8,1,7,,49,49,1,6,4,120.720784,24.313374,3
4772,66000,387130000C,(04)23274275,(04)23288582,2025,08,13,9,58,臺中市,北屯區,0,0,0,7,,,50,,,,,,,,,,,,,,13,,,,,C03,,,5,,11,,,7,7,1,12,4,120.692794,24.162343,3
4773,66000,387130000C,(04)23274275,(04)23288582,2025,08,13,9,58,臺中市,西屯區,0,0,0,7,,,50,,,,,,,,,,,,,,12,,,,,B03,,,1,,1,,,8,8,1,13,4,120.603872,24.186067,3
4774,66000,387130000C,(04)23274275,(04)23288582,2025,08,13,10,0,臺中市,南區,0,0,0,7,,,30,,,,,,,,,,,,,,17,,,,,B03,,,1,,1,,,14,14,1,12,4,120.681271,24.130074,3
4775,66000,387130000C,(04)23274275,(04)23288582,2025,08,13,10,0,臺中市,北屯區,0,0,0,7,,,50,,,,,,,,,,,,,,,,,,,B03,,,1,,1,,,49,49,1,12,4,120.725739,24.175789,3
4776,66000,387130000C,(04)23274275,(04)23288582,2025,08,13,10,1,臺中市,西屯區,0,1,0,6,3,6,50,4,1,1,5,4,6,6,1,1,5,4,4,2,12,3,10,5,4,B12,7,5,1,8,2,2,,8,8,1,12,4,120.635989,24.169183,2
4777,66000,387130000C,(04)23274275,(04)23288582,2025,08,13,10,2,臺中市,中區,0,1,0,6,2,6,50,4,1,1,5,4,6,6,1,1,10,5,5,2,1,3,10,3,1,B03,7,6,1,8,2,1,,84,84,1,12,4,120.681386,24.140824,2
4778,66000,387130000C,(04)23274275,(04)23288582,2025,08,13,10,2,臺中市,大里區,0,1,0,6,3,6,50,4,2,1,5,4,6,6,1,1,5,5,4,1,17,3,10,3,1,B03,7,11,1,8,2,1,,45,45,1,13,4,120.675978,24.101693,2
4779,66000,387130000C,(04)23274275,(04)23288582,2025,08,13,10,4,臺中市,大里區,0,0,0,7,,,50,,,,,,,,,,,,,,,,,,,B03,,,1,,1,,,50,50,1,12,4,120.664464,24.096892,3
4780,66000,387130000C,(04)23274275,(04)23288582,2025,08,13,10,7,臺中市,西區,0,0,0,6,,,50,,,,,,,,,,,,,,,,,,,B03,,,1,,10,,,84,84,2,12,4,120.665268,24.146718,3
4781,66000,387130000C,(04)23274275,(04)23288582,2025,08,13,10,9,臺中市,西屯區,0,0,0,7,,,50,,,,,,,,,,,,,,17,,,,,,,,,,,,,87,87,1,,,120.603157,24.18474,3
4782,66000,387130000C,(04)23274275,(04)23288582,2025,08,13,10,25,臺中市,南屯區,0,2,0,7,3,6,50,13,8,1,5,4,6,6,4,4,9,5,4,2,12,3,10,3,1,B03,7,7,1,8,2,2,,40,40,1,12,4,120.635302,24.149527,2
4783,66000,387130000C,(04)23274275,(04)23288582,2025,08,13,10,33,臺中市,梧棲區,0,0,0,7,,,50,,,,,,,,,,,,,,14,,,,,B03,,,1,,1,,,49,49,1,6,4,120.533086,24.254226,3
4784,66000,387130000C,(04)23274275,(04)23288582,2025,08,13,10,33,臺中市,東勢區,0,1,0,6,2,6,60,3,1,1,5,4,6,6,1,1,10,5,5,2,12,3,10,5,4,B12,7,5,1,8,2,5,,11,11,1,12,4,120.827705,24.251138,2
4785,66000,387130000C,(04)23274275,(04)23288582,2025,08,13,10,35,臺中市,太平區,0,0,0,7,,,30,,,,,,,,,,,,,,14,,,,,B03,,,1,,2,,,49,49,1,6,4,120.718878,24.144899,3
4786,66000,387130000C,(04)23274275,(04)23288582,2025,08,13,10,40,臺中市,南屯區,0,1,0,6,3,6,50,13,9,1,5,4,6,6,4,4,1,4,5,2,17,2,9,1,1,C03,7,8,1,10,2,14,,40,40,1,6,4,120.616286,24.146186,2
4787,66000,387130000C,(04)23274275,(04)23288582,2025,08,13,10,44,臺中市,北屯區,0,1,0,6,2,6,50,13,9,1,5,4,6,6,4,4,9,5,5,2,13,2,9,1,1,C03,7,6,1,10,2,14,,84,84,1,13,4,120.694586,24.171785,2
4788,66000,387130000C,(04)23274275,(04)23288582,2025,08,13,10,46,臺中市,西屯區,0,1,0,7,2,6,50,13,7,1,5,4,6,6,4,4,8,4,4,2,18,2,8,5,4,C03,7,12,1,10,2,16,,84,84,1,13,4,120.61403,24.192177,2
4789,66000,387130000C,(04)23274275,(04)23288582,2025,08,13,10,47,臺中市,北區,0,1,0,7,2,6,50,13,9,1,5,4,6,6,4,4,4,5,5,2,17,3,10,3,1,B03,7,1,1,8,2,4,,51,51,1,13,4,120.68102,24.153152,2
4790,66000,387130000C,(04)23274275,(04)23288582,2025,08,13,10,54,臺中市,西屯區,0,1,0,6,2,6,40,4,1,1,4,4,6,6,2,1,10,5,5,2,16,2,9,2,1,C03,7,5,1,10,2,12,,47,47,1,12,4,120.620158,24.178572,2
4791,66000,387130000C,(04)23274275,(04)23288582,2025,08,13,10,54,臺中市,烏日區,0,1,0,7,2,6,50,4,1,1,5,4,6,6,1,1,1,4,5,2,16,3,10,3,1,B03,7,11,1,8,2,5,,45,45,1,6,4,120.615638,24.11393,2
4792,66000,387130000C,(04)23274275,(04)23288582,2025,08,13,10,56,臺中市,東區,0,0,0,6,,,50,,,,,,,,,,,,,,,,,,,B03,,,1,,1,,,7,7,1,12,4,120.709269,24.135319,3
4793,66000,387130000C,(04)23274275,(04)23288582,2025,08,13,11,0,臺中市,西屯區,0,1,0,7,2,6,35,11,9,1,5,4,6,6,4,4,10,5,5,1,30,2,9,5,4,C03,7,6,1,10,2,14,,84,84,1,12,4,120.632208,24.178418,2
4794,66000,387130000C,(04)23274275,(04)23288582,2025,08,13,11,0,臺中市,豐原區,0,0,0,7,,,50,,,,,,,,,,,,,,17,,,,,A12,,,1,,2,,,8,8,1,13,4,120.722363,24.276768,3
4795,66000,387130000C,(04)23274275,(04)23288582,2025,08,13,11,1,臺中市,西屯區,0,1,0,7,2,6,50,3,1,1,5,4,6,6,4,4,10,5,5,2,12,3,10,5,4,B03,7,9,1,8,2,5,,7,7,1,13,4,120.637442,24.180161,2
4796,66000,387130000C,(04)23274275,(04)23288582,2025,08,13,11,5,臺中市,南區,0,0,0,7,,,50,,,,,,,,,,,,,,17,,,,,C03,,,1,,1,,,50,50,1,6,4,120.660869,24.118455,3
4797,66000,387130000C,(04)23274275,(04)23288582,2025,08,13,11,15,臺中市,西區,0,0,0,7,,,50,,,,,,,,,,,,,,13,,,,,B03,,,1,,1,,,78,78,1,12,4,120.672555,24.14028,3
4798,66000,387130000C,(04)23274275,(04)23288582,2025,08,13,11,17,臺中市,后里區,0,2,0,6,3,6,50,4,1,1,5,4,6,6,1,1,5,4,4,1,16,2,9,1,1,C03,7,6,1,10,1,12,,11,11,1,6,4,120.70973,24.305207,2
4799,66000,387130000C,(04)23274275,(04)23288582,2025,08,13,11,19,臺中市,潭子區,0,0,0,7,,,40,,,,,,,,,,,,,,1,,,,,B12,,,1,,2,,,8,8,1,12,4,120.704479,24.230375,3
4800,66000,387130000C,(04)23274275,(04)23288582,2025,08,13,11,23,臺中市,大里區,0,2,0,6,2,6,50,5,2,1,5,4,6,6,1,1,1,4,5,1,17,2,8,1,1,C03,7,15,3,19,2,12,,84,84,1,13,4,120.681056,24.104903,2
4801,66000,387130000C,(04)23274275,(04)23288582,2025,08,13,11,28,臺中市,西屯區,0,0,0,7,,,30,,,,,,,,,,,,,,17,,,,,B03,,,1,,2,,,8,8,1,13,4,120.61245,24.159881,3
4802,66000,387130000C,(04)23274275,(04)23288582,2025,08,13,11,28,臺中市,清水區,0,1,0,6,3,6,70,13,8,1,5,4,6,6,4,4,1,4,4,1,12,3,10,3,1,B03,7,7,1,8,2,2,,40,40,1,12,4,120.569057,24.272993,2
4803,66000,387130000C,(04)23274275,(04)23288582,2025,08,13,11,31,臺中市,西屯區,0,0,0,6,,,50,,,,,,,,,,,,,,17,,,,,B02,,,1,,1,,,45,45,1,12,4,120.607485,24.195133,3
4804,66000,387130000C,(04)23274275,(04)23288582,2025,08,13,11,36,臺中市,東區,0,1,0,7,3,6,50,4,9,1,5,4,6,6,1,1,5,5,5,2,17,3,10,5,4,B12,7,9,1,8,2,5,,7,7,1,6,4,120.705302,24.130285,2
4805,66000,387130000C,(04)23274275,(04)23288582,2025,08,13,11,38,臺中市,潭子區,0,0,0,7,,,50,,,,,,,,,,,,,,,,,,,B01,,,1,,2,,,49,49,1,13,4,120.704292,24.21079,3
4806,66000,387130000C,(04)23274275,(04)23288582,2025,08,13,11,50,臺中市,北屯區,0,0,0,7,,,50,,,,,,,,,,,,,,12,,,,,B03,,,1,,2,,,40,40,1,12,4,120.721811,24.181854,3
4807,66000,387130000C,(04)23274275,(04)23288582,2025,08,13,11,52,臺中市,大雅區,0,0,0,7,,,0,,,,,,,,,,,,,,,,,,,B03,,,1,,1,,,50,50,1,13,4,120.643478,24.220147,3
4808,66000,387130000C,(04)23274275,(04)23288582,2025,08,13,11,55,臺中市,南屯區,0,0,0,7,,,50,,,,,,,,,,,,,,,,,,,B11,,,1,,1,,,85,85,1,12,4,120.643381,24.133244,3
4809,66000,387130000C,(04)23274275,(04)23288582,2025,08,13,11,59,臺中市,北區,0,0,0,7,,,30,,,,,,,,,,,,,,,,,,,B03,,,1,,1,,,43,43,1,12,4,120.680515,24.15872,3
4810,66000,387130000C,(04)23274275,(04)23288582,2025,08,13,12,0,臺中市,南屯區,0,0,0,7,,,50,,,,,,,,,,,,,,,,,,,B02,,,1,,1,,,51,51,1,6,4,120.654025,24.138344,3
4811,66000,387130000C,(04)23274275,(04)23288582,2025,08,13,12,4,臺中市,東區,0,0,0,6,,,50,,,,,,,,,,,,,,,,,,,B12,,,1,,1,,,7,7,1,12,4,120.693024,24.134762,3
4812,66000,387130000C,(04)23274275,(04)23288582,2025,08,13,12,5,臺中市,西屯區,0,2,0,7,2,6,50,4,1,1,4,4,6,6,4,4,10,5,5,2,12,2,9,2,1,F03,7,6,7,21,2,14,,48,48,1,13,4,120.663148,24.177472,2
4813,66000,387130000C,(04)23274275,(04)23288582,2025,08,13,12,5,臺中市,烏日區,0,0,0,7,,,30,,,,,,,,,,,,,,17,,,,,B03,,,1,,2,,,8,8,1,6,4,120.64372,24.077261,3
4814,66000,387130000C,(04)23274275,(04)23288582,2025,08,13,12,7,臺中市,南區,0,0,0,7,,,50,,,,,,,,,,,,,,17,,,,,B03,,,1,,1,,,45,45,1,12,4,120.662013,24.129572,3
4815,66000,387130000C,(04)23274275,(04)23288582,2025,08,13,12,11,臺中市,北區,0,1,0,7,3,6,50,4,2,1,5,4,6,6,1,1,5,2,5,2,18,2,9,5,4,C03,7,9,1,10,2,12,,84,84,1,13,4,120.684317,24.165454,2
4816,66000,387130000C,(04)23274275,(04)23288582,2025,08,13,12,11,臺中市,南屯區,0,1,0,7,2,6,50,4,9,1,5,4,6,6,1,1,9,4,5,2,12,2,9,1,1,C03,7,1,1,10,2,11,,51,51,1,12,4,120.60182,24.139314,2
4817,66000,387130000C,(04)23274275,(04)23288582,2025,08,13,12,14,臺中市,大甲區,0,1,0,6,3,6,50,5,1,1,5,4,6,6,1,1,5,5,5,1,13,3,10,3,1,B03,7,9,1,8,2,1,,59,59,1,6,4,120.617421,24.349349,2
4818,66000,387130000C,(04)23274275,(04)23288582,2025,08,13,12,15,臺中市,西屯區,0,0,0,7,,,30,,,,,,,,,,,,,,14,,,,,B03,,,1,6,1,,,49,49,1,12,4,120.61699,24.183385,3
4819,66000,387130000C,(04)23274275,(04)23288582,2025,08,13,12,16,臺中市,大里區,0,1,0,6,3,6,50,4,2,1,5,4,6,6,1,1,1,4,4,1,2,3,10,3,1,B02,7,5,1,3,2,5,,10,10,1,13,4,120.680076,24.104644,2
4820,66000,387130000C,(04)23274275,(04)23288582,2025,08,13,12,17,臺中市,中區,0,1,0,6,2,6,50,13,9,1,5,4,6,6,4,4,10,4,5,2,12,2,9,1,1,C03,7,8,1,10,2,14,,40,40,1,12,4,120.680066,24.143397,2
4821,66000,387130000C,(04)23274275,(04)23288582,2025,08,13,12,24,臺中市,后里區,0,1,0,7,3,6,50,13,14,1,5,4,6,6,4,4,9,5,5,1,17,2,9,1,1,F03,7,9,7,21,2,11,,58,58,1,12,4,120.712927,24.299189,2
4822,66000,387130000C,(04)23274275,(04)23288582,2025,08,13,12,25,臺中市,南屯區,0,1,0,7,3,6,50,13,9,1,5,4,6,6,4,4,1,4,5,2,12,3,10,3,1,B03,7,7,1,8,1,2,,8,8,1,12,4,120.646996,24.148139,2
4823,66000,387130000C,(04)23274275,(04)23288582,2025,08,13,12,38,臺中市,北區,0,1,0,7,2,6,50,13,9,1,5,4,6,6,4,4,5,4,5,2,12,3,10,3,1,B03,7,1,1,8,2,8,,51,51,1,13,4,120.676662,24.166858,2
4824,66000,387130000C,(04)23274275,(04)23288582,2025,08,13,12,46,臺中市,豐原區,0,0,0,7,,,50,,,,,,,,,,,,,,17,,,,,F01,,,1,,1,,,59,59,1,12,1,120.724491,24.244027,3
4825,66000,387130000C,(04)23274275,(04)23288582,2025,08,13,12,55,臺中市,西區,0,0,0,7,,,50,,,,,,,,,,,,,,,,,,,B01,,,1,,2,,,84,84,1,12,4,120.660911,24.150843,3
4826,66000,387130000C,(04)23274275,(04)23288582,2025,08,13,12,57,臺中市,太平區,0,1,0,7,3,6,50,5,1,1,5,4,6,6,2,1,5,5,4,2,3,3,10,3,1,B03,7,6,1,8,2,5,,84,84,1,12,4,120.713128,24.143407,2
4827,66000,387130000C,(04)23274275,(04)23288582,2025,08,13,12,59,臺中市,南屯區,0,0,0,7,,,50,,,,,,,,,,,,,,17,,,,,B01,,,1,,1,,,51,51,1,6,4,120.645639,24.134488,3
4828,66000,387130000C,(04)23274275,(04)23288582,2025,08,13,13,0,臺中市,北區,0,0,0,7,,,30,,,,,,,,,,,,,,,,,,,H04,,,1,,2,,,109,109,1,13,4,120.670498,24.172726,3