﻿序號,縣市別代碼,機關代碼,市話,傳真,年,月,日,時,分,縣市,區,死亡數量,受傷數量,2-30,天候,道路照明設備,道路類別,道路速限,道路型態,事故位置,路面鋪裝,路面狀態,路面缺陷,障礙物,視距,號誌種類,號誌動作,分向設施,快車道或一般車道間,快慢車道間,路面邊線,事故類型及型態,受傷程度,主要傷處,保護裝備,行動電話或功能裝置,當事者區分_類別,車輛用途,當事者行動狀態,駕照狀態,駕照種類,飲酒情形,車輛撞擊部位最初,車輛撞擊部位其他,肇事因素個別,肇事因素主要,肇事逃逸,職業,共享經濟或外送平台,GPS座標X,GPS座標Y,事故類別
4829,66000,387130000C,(04)23274275,(04)23288582,2025,08,13,13,15,臺中市,西區,0,0,0,6,,,50,,,,,,,,,,,,,,,,,,,B03,,,1,,1,,,7,7,1,12,4,120.667532,24.141802,3
4830,66000,387130000C,(04)23274275,(04)23288582,2025,08,13,13,19,臺中市,大里區,0,2,0,7,2,6,50,13,9,1,5,4,6,3,4,4,5,5,5,2,17,2,9,2,1,C03,7,1,1,10,2,11,,51,51,1,12,4,120.688889,24.116446,2
4831,66000,387130000C,(04)23274275,(04)23288582,2025,08,13,13,20,臺中市,北區,0,0,0,7,,,50,,,,,,,,,,,,,,,,,,,B01,,,1,,1,,,51,51,1,12,4,120.66938,24.164756,4
4832,66000,387130000C,(04)23274275,(04)23288582,2025,08,13,13,23,臺中市,大里區,0,1,0,6,2,6,50,4,1,1,5,4,6,6,1,1,5,5,5,2,16,3,10,3,1,B12,7,5,1,1,2,5,,11,11,1,13,4,120.699067,24.110198,2
4833,66000,387130000C,(04)23274275,(04)23288582,2025,08,13,13,26,臺中市,南區,0,1,0,7,3,6,50,3,1,1,5,4,6,6,4,4,10,5,5,2,30,,,,,,,,,,,,,116,116,1,,,120.681284,24.126543,2
4834,66000,387130000C,(04)23274275,(04)23288582,2025,08,13,13,30,臺中市,北屯區,0,1,0,7,2,6,50,3,1,1,5,4,6,6,4,4,4,4,5,2,17,2,9,2,1,C03,7,5,1,10,2,12,,84,84,1,13,4,120.680727,24.171998,2
4835,66000,387130000C,(04)23274275,(04)23288582,2025,08,13,13,32,臺中市,北屯區,0,0,0,7,,,50,,,,,,,,,,,,,,13,,,,,B12,,,1,,1,,,58,58,1,6,4,120.663799,24.199678,3
4836,66000,387130000C,(04)23274275,(04)23288582,2025,08,13,13,34,臺中市,沙鹿區,0,1,0,6,2,6,50,13,8,1,5,4,6,6,4,4,1,4,4,2,17,3,10,3,1,B03,7,9,1,7,2,5,,59,59,1,6,4,120.569292,24.255665,2
4837,66000,387130000C,(04)23274275,(04)23288582,2025,08,13,13,36,臺中市,西區,0,0,0,7,,,50,,,,,,,,,,,,,,,,,,,B12,,,1,,1,,,75,75,1,13,4,120.676918,24.141797,3
4838,66000,387130000C,(04)23274275,(04)23288582,2025,08,13,13,36,臺中市,北屯區,0,0,0,7,,,50,,,,,,,,,,,,,,17,,,,,B03,,,1,,1,,,50,50,1,12,4,120.716495,24.166175,3
4839,66000,387130000C,(04)23274275,(04)23288582,2025,08,13,13,52,臺中市,北區,0,0,0,7,,,40,,,,,,,,,,,,,,12,,,,,B03,,,1,,1,,,40,40,1,13,4,120.671744,24.171146,3
4840,66000,387130000C,(04)23274275,(04)23288582,2025,08,13,13,53,臺中市,北屯區,0,1,0,7,3,6,50,4,1,1,5,4,6,6,1,1,10,5,5,2,17,2,9,1,1,C03,7,9,3,19,9,14,,85,85,1,12,4,120.677078,24.185883,2
4841,66000,387130000C,(04)23274275,(04)23288582,2025,08,13,13,54,臺中市,北屯區,0,0,0,7,,,50,,,,,,,,,,,,,,13,,,,,B03,,,1,,2,,,59,59,1,13,4,120.671249,24.174139,3
4842,66000,387130000C,(04)23274275,(04)23288582,2025,08,13,13,57,臺中市,北區,0,0,0,7,,,50,,,,,,,,,,,,,,,,,,,A05,,,1,,11,,,84,84,1,13,4,120.694808,24.155121,3
4843,66000,387130000C,(04)23274275,(04)23288582,2025,08,13,14,1,臺中市,西屯區,0,0,0,6,,,60,,,,,,,,,,,,,,13,,,,,B03,,,1,,1,,,7,7,1,12,4,120.636724,24.170849,3
4844,66000,387130000C,(04)23274275,(04)23288582,2025,08,13,14,4,臺中市,東區,0,1,0,7,3,6,30,13,9,1,5,4,6,6,4,4,10,5,5,2,14,3,10,5,4,B12,7,2,1,8,2,7,,49,49,1,6,4,120.691558,24.131762,2
4845,66000,387130000C,(04)23274275,(04)23288582,2025,08,13,14,4,臺中市,大里區,0,0,0,7,,,50,,,,,,,,,,,,,,12,,,,,B03,,,1,,1,,,8,8,1,13,4,120.691222,24.080939,3
4846,66000,387130000C,(04)23274275,(04)23288582,2025,08,13,14,4,臺中市,烏日區,0,0,0,7,,,50,,,,,,,,,,,,,,23,,,,,B03,,,1,,2,,,58,58,1,6,4,120.618445,24.11171,3
4847,66000,387130000C,(04)23274275,(04)23288582,2025,08,13,14,5,臺中市,太平區,0,0,0,6,,,50,,,,,,,,,,,,,,17,,,,,B03,,,1,,2,,,45,45,1,6,4,120.701181,24.153,3
4848,66000,387130000C,(04)23274275,(04)23288582,2025,08,13,14,10,臺中市,太平區,0,0,0,7,,,50,,,,,,,,,,,,,,,,,,,A11,,,1,,1,,,84,84,1,12,4,120.705297,24.148729,3
4849,66000,387130000C,(04)23274275,(04)23288582,2025,08,13,14,15,臺中市,西屯區,0,0,0,7,,3,40,,,,,,,,,,,,,,17,,,,,B03,,,1,,1,,,8,8,1,13,4,120.627997,24.161463,3
4850,66000,387130000C,(04)23274275,(04)23288582,2025,08,13,14,20,臺中市,后里區,0,1,0,6,3,6,40,13,7,1,5,4,6,6,4,4,5,4,4,2,17,2,9,1,1,C03,7,1,1,10,2,11,,51,51,1,6,4,120.696202,24.313246,2
4851,66000,387130000C,(04)23274275,(04)23288582,2025,08,13,14,21,臺中市,南屯區,0,2,0,7,2,6,50,5,2,1,5,4,6,6,2,1,5,4,4,2,17,3,10,3,1,B03,7,9,1,8,2,1,,7,7,1,12,4,120.628399,24.140188,2
4852,66000,387130000C,(04)23274275,(04)23288582,2025,08,13,14,23,臺中市,南區,0,0,0,7,,,50,,,,,,,,,,,,,,13,,,,,B03,,,1,,1,,,84,84,1,12,4,120.679277,24.127174,3
4853,66000,387130000C,(04)23274275,(04)23288582,2025,08,13,14,24,臺中市,中區,0,1,0,7,2,6,50,4,1,1,5,4,6,6,4,4,10,5,5,2,12,2,9,5,4,F01,7,8,7,21,2,14,,84,84,1,12,4,120.680507,24.137605,2
4854,66000,387130000C,(04)23274275,(04)23288582,2025,08,13,14,26,臺中市,神岡區,0,0,0,7,,,50,,,,,,,,,,,,,,17,,,,,B03,,,1,,2,,,4,4,1,6,4,120.644952,24.277819,3
4855,66000,387130000C,(04)23274275,(04)23288582,2025,08,13,14,30,臺中市,西屯區,0,0,0,7,,,50,,,,,,,,,,,,,,13,,,,,B03,,,1,6,2,,,7,7,1,12,4,120.642153,24.16443,3
4856,66000,387130000C,(04)23274275,(04)23288582,2025,08,13,14,35,臺中市,西屯區,0,1,0,7,2,6,40,3,7,1,5,4,6,6,4,4,5,5,4,2,17,3,10,5,4,B03,7,13,1,8,2,5,,76,76,1,13,4,120.651559,24.170216,2
4857,66000,387130000C,(04)23274275,(04)23288582,2025,08,13,14,40,臺中市,中區,0,0,0,7,2,6,50,13,9,1,5,4,6,6,4,4,10,2,5,2,,,,,,B01,,,1,,2,,,40,40,1,12,4,120.677572,24.144109,3
4858,66000,387130000C,(04)23274275,(04)23288582,2025,08,13,14,40,臺中市,北屯區,0,0,0,7,,,50,,,,,,,,,,,,,,14,,,,,B03,,,1,,2,,,49,49,1,13,4,120.684239,24.187375,3
4859,66000,387130000C,(04)23274275,(04)23288582,2025,08,13,14,43,臺中市,北屯區,0,3,0,7,2,6,30,11,9,1,5,4,6,6,4,4,10,5,5,2,11,2,9,1,1,C03,7,9,3,19,2,14,,41,41,1,6,4,120.745266,24.19284,2
4860,66000,387130000C,(04)23274275,(04)23288582,2025,08,13,14,50,臺中市,北區,0,0,0,7,,,30,,,,,,,,,,,,,,,,,,,,,,,,,,,119,119,1,,,120.676651,24.154564,3
4861,66000,387130000C,(04)23274275,(04)23288582,2025,08,13,14,50,臺中市,南屯區,0,0,0,7,,,50,,,,,,,,,,,,,,,,,,,B12,,,1,,1,,,49,49,1,12,4,120.650922,24.153733,3
4862,66000,387130000C,(04)23274275,(04)23288582,2025,08,13,14,50,臺中市,豐原區,0,1,0,7,2,6,50,13,9,1,5,4,6,6,4,4,5,5,5,1,17,3,10,5,1,B03,7,13,1,8,2,4,,76,76,1,13,4,120.729157,24.243801,2
4863,66000,387130000C,(04)23274275,(04)23288582,2025,08,13,14,59,臺中市,西區,0,1,0,7,1,6,50,4,1,1,5,4,6,6,4,4,10,5,5,1,30,2,9,5,4,C03,7,9,1,10,2,16,,84,84,1,12,4,120.663021,24.149034,2
4864,66000,387130000C,(04)23274275,(04)23288582,2025,08,13,14,59,臺中市,西屯區,0,0,0,7,,,40,,,,,,,,,,,,,,12,,,,,A11,,,1,3,2,,,35,35,1,12,4,120.645191,24.162759,3
4865,66000,387130000C,(04)23274275,(04)23288582,2025,08,13,15,6,臺中市,神岡區,0,1,0,6,2,6,50,13,9,1,5,4,6,6,4,4,5,5,5,1,17,3,10,3,1,B03,7,9,1,8,2,7,,42,42,1,12,4,120.694892,24.233161,2
4866,66000,387130000C,(04)23274275,(04)23288582,2025,08,13,15,9,臺中市,沙鹿區,0,2,0,7,2,6,50,4,2,1,5,4,6,6,1,1,8,3,4,1,17,2,9,5,4,C03,7,8,1,10,2,14,,40,40,1,13,4,120.561315,24.242652,2
4867,66000,387130000C,(04)23274275,(04)23288582,2025,08,13,15,10,臺中市,南區,0,0,0,7,,,50,,,,,,,,,,,,,,17,,,,,A12,,,1,,2,,,51,51,1,12,4,120.66556,24.115399,3
4868,66000,387130000C,(04)23274275,(04)23288582,2025,08,13,15,30,臺中市,西屯區,0,0,0,7,,,30,,,,,,,,,,,,,,17,,,,,B11,,,1,3,1,,,8,8,1,13,4,120.64589,24.179303,4
4869,66000,387130000C,(04)23274275,(04)23288582,2025,08,13,15,37,臺中市,東勢區,0,1,0,7,3,6,50,13,9,1,5,4,5,6,4,4,9,5,5,1,24,2,9,5,4,C03,7,9,1,10,2,11,,59,59,1,12,4,120.827824,24.258401,2
4870,66000,387130000C,(04)23274275,(04)23288582,2025,08,13,15,40,臺中市,東區,0,0,0,7,,,30,,,,,,,,,,,,,,14,,,,,B12,,,1,,1,,,49,49,1,12,4,120.701926,24.133394,3
4871,66000,387130000C,(04)23274275,(04)23288582,2025,08,13,15,40,臺中市,南屯區,0,0,0,6,,,50,,,,,,,,,,,,,,,,,,,B12,,,1,,9,,,84,84,1,12,4,120.584406,24.168009,3
4872,66000,387130000C,(04)23274275,(04)23288582,2025,08,13,15,42,臺中市,北區,0,0,0,7,3,6,50,3,2,1,5,4,6,6,2,1,4,5,5,2,17,,,,,C03,,,1,,1,,,42,42,1,13,4,120.683564,24.153406,4
4873,66000,387130000C,(04)23274275,(04)23288582,2025,08,13,15,43,臺中市,大里區,0,0,0,7,,,50,,,,,,,,,,,,,,17,,,,,B03,,,1,,2,,,84,84,1,12,4,120.706873,24.110342,3
4874,66000,387130000C,(04)23274275,(04)23288582,2025,08,13,15,45,臺中市,清水區,0,0,0,7,,,40,,,,,,,,,,,,,,,,,,,B12,,,1,,2,,,50,50,1,12,4,120.558153,24.271961,3
4875,66000,387130000C,(04)23274275,(04)23288582,2025,08,13,15,46,臺中市,東區,0,2,0,7,2,6,50,4,1,1,5,4,6,6,1,1,10,5,5,2,13,2,8,1,1,C03,7,9,1,10,2,11,,84,84,1,12,4,120.698104,24.142796,2
4876,66000,387130000C,(04)23274275,(04)23288582,2025,08,13,15,46,臺中市,西屯區,0,0,0,7,,,30,,,,,,,,,,,,,,,,,,,B03,,,1,,2,,,8,8,1,13,4,120.647938,24.200235,3
4877,66000,387130000C,(04)23274275,(04)23288582,2025,08,13,15,52,臺中市,西屯區,0,0,0,7,,,30,,,,,,,,,,,,,,,,,,,B03,,,1,,1,,,59,59,1,12,4,120.61638,24.185844,3
4878,66000,387130000C,(04)23274275,(04)23288582,2025,08,13,15,54,臺中市,南區,0,0,0,7,,,30,,,,,,,,,,,,,,,,,,,B12,,,1,,1,,,7,7,1,13,4,120.662511,24.120528,3
4879,66000,387130000C,(04)23274275,(04)23288582,2025,08,13,15,56,臺中市,西屯區,0,0,0,7,,,30,,,,,,,,,,,,,,14,,,,,B03,,,1,,1,,,50,50,1,12,4,120.641697,24.174332,3
4880,66000,387130000C,(04)23274275,(04)23288582,2025,08,13,15,59,臺中市,中區,0,1,0,7,2,6,50,5,1,1,5,4,6,6,1,1,10,5,5,2,18,2,9,1,1,C03,7,9,1,10,2,12,,59,59,1,12,4,120.684916,24.137577,2
4881,66000,387130000C,(04)23274275,(04)23288582,2025,08,13,15,59,臺中市,北屯區,0,0,0,7,,,50,,,,,,,,,,,,,,,,,,,B03,,,1,,1,,,40,40,1,13,4,120.718288,24.175561,3
4882,66000,387130000C,(04)23274275,(04)23288582,2025,08,13,16,1,臺中市,西區,0,0,0,7,,,50,,,,,,,,,,,,,,,,,,,C03,,,1,,2,,,84,84,1,13,4,120.663802,24.146808,3
4883,66000,387130000C,(04)23274275,(04)23288582,2025,08,13,16,3,臺中市,太平區,0,0,0,7,,,50,,,,,,,,,,,,,,30,,,,,A11,,,1,,2,,,84,84,1,6,4,120.715985,24.116005,3
4884,66000,387130000C,(04)23274275,(04)23288582,2025,08,13,16,9,臺中市,沙鹿區,0,2,0,6,2,6,50,3,1,1,5,4,6,6,4,4,10,5,5,2,16,2,9,2,1,C03,7,6,1,10,2,12,,48,48,1,6,4,120.566447,24.236993,2
4885,66000,387130000C,(04)23274275,(04)23288582,2025,08,13,16,10,臺中市,南屯區,0,1,0,7,2,6,50,4,7,1,5,4,6,6,3,1,9,4,4,2,17,2,9,1,1,C03,7,9,1,10,2,11,,24,24,1,12,4,120.641377,24.136076,2
4886,66000,387130000C,(04)23274275,(04)23288582,2025,08,13,16,13,臺中市,南屯區,0,1,0,7,2,6,50,4,1,1,5,4,6,6,4,4,10,5,5,2,15,3,10,3,1,B03,7,9,1,8,2,8,,12,12,1,13,4,120.639867,24.149969,2
4887,66000,387130000C,(04)23274275,(04)23288582,2025,08,13,16,15,臺中市,南屯區,0,0,0,7,,,50,,,,,,,,,,,,,,17,,,,,C03,,,1,,1,,,87,87,1,12,4,120.64972,24.129786,3
4888,66000,387130000C,(04)23274275,(04)23288582,2025,08,13,16,15,臺中市,大里區,0,3,0,7,2,6,50,3,1,1,5,4,6,6,1,1,10,5,5,2,17,2,8,2,1,C03,7,6,1,10,2,12,,20,20,1,6,4,120.715346,24.094402,2
4889,66000,387130000C,(04)23274275,(04)23288582,2025,08,13,16,18,臺中市,東區,0,1,0,7,2,6,50,3,1,1,5,4,6,6,4,4,9,4,5,2,17,2,9,1,1,C03,7,4,1,10,2,16,,1,1,1,12,4,120.69849,24.125614,2
4890,66000,387130000C,(04)23274275,(04)23288582,2025,08,13,16,20,臺中市,北屯區,0,0,0,7,,,50,,,,,,,,,,,,,,12,,,,,B03,,,1,,1,,,87,87,1,6,4,120.676132,24.199441,3
4891,66000,387130000C,(04)23274275,(04)23288582,2025,08,13,16,21,臺中市,北屯區,0,0,0,7,,,50,,,,,,,,,,,,,,16,,,,,B03,,,1,,1,,,20,20,1,6,4,120.699057,24.161235,3
4892,66000,387130000C,(04)23274275,(04)23288582,2025,08,13,16,23,臺中市,西區,0,1,0,6,2,6,40,13,7,1,5,4,6,6,4,4,1,4,4,2,17,3,10,3,1,B03,7,1,1,8,2,8,,51,51,1,12,4,120.666109,24.1418,2
4893,66000,387130000C,(04)23274275,(04)23288582,2025,08,13,16,30,臺中市,大里區,0,0,0,7,,,50,,,,,,,,,,,,,,13,,,,,B12,,,1,,2,,,7,7,1,6,4,120.676516,24.11209,3
4894,66000,387130000C,(04)23274275,(04)23288582,2025,08,13,16,30,臺中市,沙鹿區,0,0,0,7,,,50,,,,,,,,,,,,,,,,,,,B12,,,1,,2,,,50,50,1,13,4,120.561806,24.23356,3
4895,66000,387130000C,(04)23274275,(04)23288582,2025,08,13,16,32,臺中市,西區,0,1,0,7,1,6,40,13,8,1,5,4,6,6,1,1,1,4,3,1,17,2,9,5,4,C03,7,9,1,10,2,14,11,8,8,1,12,4,120.666927,24.153191,2
4896,66000,387130000C,(04)23274275,(04)23288582,2025,08,13,16,32,臺中市,北屯區,0,0,0,7,,,50,,,,,,,,,,,,,,17,,,,,C03,,,1,,1,,,42,42,1,5,4,120.674449,24.174079,3
4897,66000,387130000C,(04)23274275,(04)23288582,2025,08,13,16,34,臺中市,龍井區,0,0,0,7,2,6,30,13,9,1,5,4,6,6,4,4,10,5,5,2,12,3,10,3,1,A12,7,9,1,7,2,6,,8,8,1,6,4,120.584872,24.178243,3
4898,66000,387130000C,(04)23274275,(04)23288582,2025,08,13,16,40,臺中市,南區,0,2,0,7,2,6,40,4,2,1,5,4,6,6,2,1,5,2,4,2,13,2,9,1,1,C03,7,9,3,19,2,11,,7,7,1,12,4,120.670181,24.114821,2
4899,66000,387130000C,(04)23274275,(04)23288582,2025,08,13,16,41,臺中市,西區,0,1,0,6,2,6,40,13,8,1,5,4,6,6,4,4,1,4,4,2,17,3,10,1,1,C03,7,9,1,10,2,11,,84,84,1,12,4,120.666528,24.134002,2
4900,66000,387130000C,(04)23274275,(04)23288582,2025,08,13,16,44,臺中市,北屯區,0,2,0,7,3,6,50,4,1,1,5,4,6,6,4,4,10,5,5,2,17,2,9,1,1,C03,7,9,1,10,2,12,,15,15,1,12,4,120.663988,24.188161,2
4901,66000,387130000C,(04)23274275,(04)23288582,2025,08,13,16,51,臺中市,北屯區,0,2,0,7,1,6,50,4,2,1,5,4,6,6,1,1,3,4,5,2,12,2,9,1,1,C03,7,9,1,10,2,14,,26,26,1,13,4,120.685567,24.172128,2
4902,66000,387130000C,(04)23274275,(04)23288582,2025,08,13,16,52,臺中市,北屯區,0,2,0,7,2,6,50,4,2,1,5,4,6,6,2,1,10,4,5,2,13,2,9,1,1,C03,7,15,1,10,2,12,,7,7,1,5,4,120.735931,24.175471,2
4903,66000,387130000C,(04)23274275,(04)23288582,2025,08,13,17,0,臺中市,西區,0,0,0,7,,,50,,,,,,,,,,,,,,17,,,,,B03,,,1,,2,,,49,49,1,12,4,120.669193,24.135644,3
4904,66000,387130000C,(04)23274275,(04)23288582,2025,08,13,17,2,臺中市,大里區,0,1,0,7,2,6,50,3,1,1,5,4,6,6,1,1,10,5,5,2,17,3,10,1,1,C03,7,1,1,10,2,13,,51,51,1,12,4,120.697024,24.100697,2
4905,66000,387130000C,(04)23274275,(04)23288582,2025,08,13,17,2,臺中市,大里區,0,0,0,6,,,50,,,,,,,,,,,,,,17,,,,,B03,,,1,,1,,,51,51,1,13,4,120.68177,24.104415,3
4906,66000,387130000C,(04)23274275,(04)23288582,2025,08,13,17,7,臺中市,龍井區,0,1,0,6,2,6,50,4,9,1,5,4,6,6,4,4,4,4,5,1,16,2,9,2,1,C03,7,6,1,10,2,11,,14,14,1,6,4,120.520073,24.217249,2
4907,66000,387130000C,(04)23274275,(04)23288582,2025,08,13,17,8,臺中市,霧峰區,0,0,0,7,,,40,,,,,,,,,,,,,,,,,,,B12,,,1,,1,,,7,7,1,13,4,120.663421,24.061747,3
4908,66000,387130000C,(04)23274275,(04)23288582,2025,08,13,17,11,臺中市,東勢區,0,1,0,6,2,6,50,13,9,1,5,4,6,6,4,4,5,5,5,1,30,2,9,1,1,C03,7,9,1,10,2,11,,87,87,1,12,4,120.838543,24.173899,2
4909,66000,387130000C,(04)23274275,(04)23288582,2025,08,13,17,12,臺中市,烏日區,0,1,0,7,2,6,50,13,9,1,5,4,6,6,4,4,5,4,5,2,2,3,10,3,1,B03,7,9,1,10,2,4,,84,84,1,6,4,120.596211,24.108408,2
4910,66000,387130000C,(04)23274275,(04)23288582,2025,08,13,17,12,臺中市,梧棲區,0,1,0,7,2,6,40,3,1,1,5,4,6,6,1,1,10,5,5,2,12,2,8,2,1,C03,7,9,1,10,2,11,,58,58,1,12,4,120.544232,24.246818,2
4911,66000,387130000C,(04)23274275,(04)23288582,2025,08,13,17,13,臺中市,神岡區,0,1,0,7,2,6,50,13,9,1,5,4,6,6,4,4,5,5,5,2,17,3,10,3,1,B03,7,5,1,8,2,2,,39,39,1,6,4,120.646967,24.278291,2
4912,66000,387130000C,(04)23274275,(04)23288582,2025,08,13,17,15,臺中市,大雅區,0,1,0,6,2,6,30,13,9,1,5,4,6,6,4,4,10,5,5,2,17,3,10,3,1,B03,7,2,1,8,2,7,,49,49,1,12,4,120.648194,24.21763,2
4913,66000,387130000C,(04)23274275,(04)23288582,2025,08,13,17,15,臺中市,大雅區,0,0,0,7,,,60,,,,,,,,,,,,,,,,,,,B03,,,1,,1,,,7,7,1,13,4,120.645858,24.223977,3
4914,66000,387130000C,(04)23274275,(04)23288582,2025,08,13,17,16,臺中市,龍井區,0,1,0,7,2,6,40,4,1,1,5,4,6,6,1,1,10,5,5,2,16,2,9,2,1,C03,7,5,1,10,2,12,,11,11,1,6,4,120.511527,24.223101,2
4915,66000,387130000C,(04)23274275,(04)23288582,2025,08,13,17,18,臺中市,西屯區,0,1,0,7,1,6,50,4,1,1,5,4,6,6,1,1,10,5,5,1,15,3,10,2,1,C03,7,9,1,10,2,11,,21,21,1,12,4,120.66014,24.200662,2
4916,66000,387130000C,(04)23274275,(04)23288582,2025,08,13,17,19,臺中市,北屯區,0,1,0,6,3,6,50,13,7,1,5,4,6,6,4,4,9,5,4,2,13,3,10,3,1,B03,7,9,1,8,2,1,,84,84,1,6,4,120.690332,24.191968,2
4917,66000,387130000C,(04)23274275,(04)23288582,2025,08,13,17,19,臺中市,西屯區,0,1,0,7,2,6,40,4,1,1,5,4,6,6,2,1,3,4,3,2,16,3,10,5,4,A41,7,5,1,1,2,2,,11,11,1,13,4,120.655601,24.199887,2
4918,66000,387130000C,(04)23274275,(04)23288582,2025,08,13,17,20,臺中市,南屯區,0,0,0,7,,,40,,,,,,,,,,,,,,14,,,,,B03,,,1,,1,,,49,49,1,12,4,120.650447,24.153466,3
4919,66000,387130000C,(04)23274275,(04)23288582,2025,08,13,17,22,臺中市,神岡區,0,0,0,7,,,30,,,,,,,,,,,,,,16,,,,,B03,,,1,,2,,,14,14,1,13,4,120.678215,24.251702,3
4920,66000,387130000C,(04)23274275,(04)23288582,2025,08,13,17,23,臺中市,神岡區,0,2,0,7,3,6,50,4,1,1,5,4,6,6,1,1,5,5,5,2,16,2,9,1,1,C03,7,9,1,10,2,11,,87,87,1,13,4,120.664966,24.26289,2
4921,66000,387130000C,(04)23274275,(04)23288582,2025,08,13,17,24,臺中市,大肚區,0,1,0,7,2,6,50,3,2,1,5,4,6,6,4,4,10,5,5,2,17,3,10,3,1,B03,7,1,1,8,2,8,,51,51,1,6,4,120.545524,24.153474,2
4922,66000,387130000C,(04)23274275,(04)23288582,2025,08,13,17,26,臺中市,東勢區,0,2,0,7,2,6,50,4,9,1,5,4,6,6,4,4,5,5,5,1,17,2,8,5,4,C03,7,9,1,10,2,11,,7,7,1,13,4,120.843454,24.245684,2
4923,66000,387130000C,(04)23274275,(04)23288582,2025,08,13,17,30,臺中市,潭子區,0,0,0,7,,,50,,,,,,,,,,,,,,,,,,,B03,,,5,,2,,,84,84,1,13,4,120.706878,24.220233,3
4924,66000,387130000C,(04)23274275,(04)23288582,2025,08,13,17,30,臺中市,北屯區,0,1,0,6,3,6,40,4,1,1,5,4,6,1,4,4,10,5,5,2,15,2,9,2,1,C03,7,9,1,10,2,11,,15,15,1,6,4,120.664223,24.188078,2
4925,66000,387130000C,(04)23274275,(04)23288582,2025,08,13,17,35,臺中市,西屯區,0,0,0,7,,,40,,,,,,,,,,,,,,13,,,,,C04,,,1,,2,,,42,42,1,12,4,120.655911,24.158976,3
4926,66000,387130000C,(04)23274275,(04)23288582,2025,08,13,17,38,臺中市,霧峰區,0,0,0,6,,,50,,,,,,,,,,,,,,17,,,,,B03,,,1,,1,,,50,50,1,13,4,120.701939,24.067828,3
4927,66000,387130000C,(04)23274275,(04)23288582,2025,08,13,17,40,臺中市,太平區,0,2,0,7,2,6,30,4,1,1,5,4,6,6,4,4,10,5,5,2,17,2,9,1,1,C03,7,9,1,10,2,11,,15,15,1,12,4,120.70852,24.149947,2
4928,66000,387130000C,(04)23274275,(04)23288582,2025,08,13,17,43,臺中市,潭子區,0,0,0,7,,,50,,,,,,,,,,,,,,15,,,,,C03,,,1,,2,,,85,85,1,12,4,120.722108,24.195406,3
4929,66000,387130000C,(04)23274275,(04)23288582,2025,08,13,17,45,臺中市,西屯區,0,0,0,7,,3,80,,,,,,,,,,,,,,,,,,,B03,,,1,,1,,,7,7,1,12,4,120.634948,24.179291,3
4930,66000,387130000C,(04)23274275,(04)23288582,2025,08,13,17,46,臺中市,豐原區,0,0,0,7,,,30,,,,,,,,,,,,,,,,,,,A12,,,1,,2,,,84,84,1,13,4,120.715486,24.275495,3
4931,66000,387130000C,(04)23274275,(04)23288582,2025,08,13,17,47,臺中市,西屯區,0,1,0,7,2,6,50,3,2,1,5,4,6,6,2,1,5,4,5,2,2,4,11,5,4,B03,7,9,1,8,1,15,,8,8,1,12,4,120.614031,24.175686,2
4932,66000,387130000C,(04)23274275,(04)23288582,2025,08,13,17,47,臺中市,大肚區,0,1,0,7,2,6,70,4,1,1,5,4,6,6,2,1,10,5,5,2,16,2,8,1,1,C03,7,9,1,10,2,14,,87,87,1,6,4,120.548836,24.146951,2
4933,66000,387130000C,(04)23274275,(04)23288582,2025,08,13,17,48,臺中市,北區,0,0,0,7,,,50,,,,,,,,,,,,,,17,,,,,C03,,,1,,1,,,8,8,1,13,4,120.675354,24.171403,3
4934,66000,387130000C,(04)23274275,(04)23288582,2025,08,13,17,50,臺中市,南屯區,0,0,0,7,,,50,,,,,,,,,,,,,,13,,,,,B03,,,1,,1,,,7,7,1,12,4,120.608019,24.151116,3
4935,66000,387130000C,(04)23274275,(04)23288582,2025,08,13,17,50,臺中市,北屯區,0,0,0,7,,,50,,,,,,,,,,,,,,13,,,,,B03,,,1,,1,,,7,7,1,6,4,120.686582,24.201323,3
4936,66000,387130000C,(04)23274275,(04)23288582,2025,08,13,17,51,臺中市,東區,0,2,0,7,3,6,50,4,1,1,5,4,6,6,1,1,10,5,5,2,16,2,9,2,1,C03,7,5,1,10,2,11,,47,47,1,13,4,120.702897,24.142703,2
4937,66000,387130000C,(04)23274275,(04)23288582,2025,08,13,17,52,臺中市,沙鹿區,0,1,0,7,2,6,50,13,9,1,5,4,6,6,4,4,5,5,5,2,13,2,7,1,1,C03,7,9,1,10,2,11,,7,7,1,12,4,120.572653,24.197694,2
4938,66000,387130000C,(04)23274275,(04)23288582,2025,08,13,17,53,臺中市,大雅區,0,0,0,7,,,30,,,,,,,,,,,,,,,,,,,B03,,,1,,2,,,48,48,1,13,4,120.630994,24.219991,4
4939,66000,387130000C,(04)23274275,(04)23288582,2025,08,13,17,57,臺中市,大雅區,0,1,0,7,1,6,50,13,9,1,5,4,6,6,4,4,5,5,5,2,17,2,8,1,1,C03,7,4,1,10,2,15,,84,84,1,13,4,120.629026,24.206756,2