﻿序號,縣市別代碼,機關代碼,市話,傳真,年,月,日,時,分,縣市,區,死亡數量,受傷數量,2-30,天候,道路照明設備,道路類別,道路速限,道路型態,事故位置,路面鋪裝,路面狀態,路面缺陷,障礙物,視距,號誌種類,號誌動作,分向設施,快車道或一般車道間,快慢車道間,路面邊線,事故類型及型態,受傷程度,主要傷處,保護裝備,行動電話或功能裝置,當事者區分_類別,車輛用途,當事者行動狀態,駕照狀態,駕照種類,飲酒情形,車輛撞擊部位最初,車輛撞擊部位其他,肇事因素個別,肇事因素主要,肇事逃逸,職業,共享經濟或外送平台,GPS座標X,GPS座標Y,事故類別
4940,66000,387130000C,(04)23274275,(04)23288582,2025,08,13,17,59,臺中市,沙鹿區,0,1,0,7,2,6,50,13,7,1,5,4,6,6,4,4,3,3,3,1,17,2,9,5,4,C03,7,9,1,10,2,14,,59,59,1,13,4,120.563905,24.247911,2
4941,66000,387130000C,(04)23274275,(04)23288582,2025,08,13,18,0,臺中市,北屯區,0,0,0,7,,,50,,,,,,,,,,,,,,,,,,,B03,,,1,,2,,,40,40,1,13,4,120.686904,24.202295,4
4942,66000,387130000C,(04)23274275,(04)23288582,2025,08,13,18,2,臺中市,北區,0,2,0,7,2,6,50,4,4,1,5,4,6,6,1,1,1,3,5,2,13,2,9,5,4,C03,7,12,5,19,2,11,,7,7,1,13,4,120.690878,24.159081,2
4943,66000,387130000C,(04)23274275,(04)23288582,2025,08,13,18,7,臺中市,西屯區,0,0,0,7,,,50,,,,,,,,,,,,,,14,,,,,B03,,,1,,1,,,49,49,1,12,4,120.640593,24.156662,3
4944,66000,387130000C,(04)23274275,(04)23288582,2025,08,13,18,8,臺中市,西區,0,1,0,7,2,6,50,13,9,1,5,4,6,6,4,4,1,4,5,2,13,3,10,5,4,C03,7,9,1,10,2,12,,8,8,1,12,4,120.653744,24.150715,2
4945,66000,387130000C,(04)23274275,(04)23288582,2025,08,13,18,8,臺中市,西屯區,0,0,0,7,,,50,,,,,,,,,,,,,,17,,,,,C03,,,1,,2,,,8,8,1,13,4,120.65234,24.169825,3
4946,66000,387130000C,(04)23274275,(04)23288582,2025,08,13,18,9,臺中市,北屯區,0,1,0,7,2,6,50,4,1,1,5,4,6,6,4,4,10,5,5,2,15,2,9,2,1,C03,7,9,1,10,2,11,,12,12,1,12,4,120.663074,24.180488,2
4947,66000,387130000C,(04)23274275,(04)23288582,2025,08,13,18,10,臺中市,南屯區,0,0,0,7,,,50,,,,,,,,,,,,,,23,,,,,B03,,,1,,2,,,84,84,1,13,4,120.635316,24.151172,3
4948,66000,387130000C,(04)23274275,(04)23288582,2025,08,13,18,10,臺中市,龍井區,0,2,0,7,2,6,40,4,1,1,5,4,6,6,1,1,10,5,5,2,15,2,9,2,1,C03,7,9,1,10,2,12,,21,21,1,6,4,120.508093,24.215791,2
4949,66000,387130000C,(04)23274275,(04)23288582,2025,08,13,18,12,臺中市,北屯區,0,2,0,7,1,6,50,4,1,1,5,4,6,6,2,1,10,5,5,2,12,2,8,1,1,C04,7,11,1,10,2,14,,45,45,1,6,4,120.694594,24.174574,2
4950,66000,387130000C,(04)23274275,(04)23288582,2025,08,13,18,15,臺中市,新社區,0,0,0,6,,,50,,,,,,,,,,,,,,,,,,,B03,,,1,,2,,,15,15,1,12,4,120.806904,24.211085,3
4951,66000,387130000C,(04)23274275,(04)23288582,2025,08,13,18,17,臺中市,西屯區,0,0,0,6,,,50,,,,,,,,,,,,,,,,,,,C03,,,1,,1,,,7,7,1,13,4,120.617879,24.188308,3
4952,66000,387130000C,(04)23274275,(04)23288582,2025,08,13,18,18,臺中市,北區,0,1,0,7,1,6,50,4,1,1,5,4,6,6,4,4,10,5,5,2,17,2,9,5,4,C03,7,9,1,10,2,12,,15,15,1,13,4,120.695074,24.154522,2
4953,66000,387130000C,(04)23274275,(04)23288582,2025,08,13,18,21,臺中市,豐原區,0,0,0,7,,,50,,,,,,,,,,,,,,13,,,,,B03,,,1,,2,,,7,7,1,12,4,120.728912,24.24424,3
4954,66000,387130000C,(04)23274275,(04)23288582,2025,08,13,18,23,臺中市,西區,0,0,0,7,,,50,,,,,,,,,,,,,,17,,,,,B03,,,1,,1,,,84,84,1,13,4,120.659396,24.143076,3
4955,66000,387130000C,(04)23274275,(04)23288582,2025,08,13,18,27,臺中市,北屯區,0,1,0,7,2,6,50,4,1,1,5,4,6,6,1,1,1,5,5,2,16,3,10,3,1,B03,7,5,1,8,2,2,,84,84,1,6,4,120.686598,24.196553,2
4956,66000,387130000C,(04)23274275,(04)23288582,2025,08,13,18,27,臺中市,西屯區,0,1,0,7,1,6,50,13,9,1,5,4,6,6,4,4,5,4,5,1,13,3,10,3,1,B03,7,9,1,8,2,1,,59,59,1,12,4,120.650018,24.156104,2
4957,66000,387130000C,(04)23274275,(04)23288582,2025,08,13,18,32,臺中市,北屯區,0,0,0,7,,,50,,,,,,,,,,,,,,13,,,,,C03,,,1,10,1,,,7,7,1,6,4,120.706038,24.169544,3
4958,66000,387130000C,(04)23274275,(04)23288582,2025,08,13,18,36,臺中市,西區,0,0,0,7,,,50,,,,,,,,,,,,,,,,,,,B03,,,1,,2,,,8,8,1,12,4,120.66259,24.158247,3
4959,66000,387130000C,(04)23274275,(04)23288582,2025,08,13,18,40,臺中市,西屯區,0,1,0,7,2,6,50,3,1,1,5,4,6,6,4,4,3,4,5,2,16,3,10,3,1,B03,7,5,1,8,2,2,,47,47,1,12,4,120.619545,24.175129,2
4960,66000,387130000C,(04)23274275,(04)23288582,2025,08,13,18,45,臺中市,東區,0,0,0,7,,,50,,,,,,,,,,,,,,17,,,,,C03,,,2,,2,,,7,7,1,12,4,120.690102,24.127762,3
4961,66000,387130000C,(04)23274275,(04)23288582,2025,08,13,18,51,臺中市,南屯區,0,0,0,7,,,50,,,,,,,,,,,,,,,,,,,B03,,,1,,1,,,7,7,1,6,4,120.646405,24.136926,3
4962,66000,387130000C,(04)23274275,(04)23288582,2025,08,13,18,52,臺中市,豐原區,0,0,0,7,,,50,,,,,,,,,,,,,,16,,,,,B03,,,1,,1,,,84,84,1,13,4,120.71433,24.251726,3
4963,66000,387130000C,(04)23274275,(04)23288582,2025,08,13,18,54,臺中市,北區,0,1,0,7,1,6,50,4,1,1,5,4,6,6,1,1,10,5,5,2,16,2,9,5,4,C03,7,6,1,10,2,14,,48,48,1,13,4,120.668712,24.15626,2
4964,66000,387130000C,(04)23274275,(04)23288582,2025,08,13,19,2,臺中市,豐原區,0,1,0,7,1,6,50,4,2,1,5,4,6,6,1,1,1,2,5,1,17,2,9,1,4,C03,7,9,1,10,2,11,,84,84,1,13,4,120.719222,24.243249,2
4965,66000,387130000C,(04)23274275,(04)23288582,2025,08,13,19,12,臺中市,西屯區,0,0,0,7,,,50,,,,,,,,,,,,,,12,,,,,A41,,,1,,1,,,45,45,1,12,4,120.65149,24.2083,3
4966,66000,387130000C,(04)23274275,(04)23288582,2025,08,13,19,15,臺中市,豐原區,0,0,0,7,,,50,,,,,,,,,,,,,,14,,,,,B03,,,1,,1,,,50,50,1,12,4,120.710544,24.253087,3
4967,66000,387130000C,(04)23274275,(04)23288582,2025,08,13,19,17,臺中市,西屯區,0,0,0,7,,,50,,,,,,,,,,,,,,10,,,,,B03,,,1,,2,,,4,4,1,12,4,120.644577,24.174043,3
4968,66000,387130000C,(04)23274275,(04)23288582,2025,08,13,19,17,臺中市,霧峰區,0,0,0,7,,,50,,,,,,,,,,,,,,,,,,,B03,,,1,,1,,,8,8,1,13,4,120.665233,24.07958,3
4969,66000,387130000C,(04)23274275,(04)23288582,2025,08,13,19,18,臺中市,西屯區,0,0,0,7,,,50,,,,,,,,,,,,,,12,,,,,B03,,,1,,1,,,2,2,1,13,4,120.637721,24.166826,3
4970,66000,387130000C,(04)23274275,(04)23288582,2025,08,13,19,19,臺中市,烏日區,0,1,0,7,1,6,50,4,1,1,5,4,6,6,1,1,10,5,5,2,15,3,10,3,1,B03,7,9,1,8,2,1,,21,21,1,6,4,120.621663,24.101809,2
4971,66000,387130000C,(04)23274275,(04)23288582,2025,08,13,19,25,臺中市,北屯區,0,0,0,7,,,50,,,,,,,,,,,,,,17,,,,,B03,,,1,,1,,,58,58,1,6,4,120.698109,24.18422,3
4972,66000,387130000C,(04)23274275,(04)23288582,2025,08,13,19,25,臺中市,神岡區,0,0,0,7,,,50,,,,,,,,,,,,,,17,,,,,B03,,,1,,2,,,59,59,1,6,4,120.693148,24.248656,3
4973,66000,387130000C,(04)23274275,(04)23288582,2025,08,13,19,30,臺中市,沙鹿區,0,0,0,7,1,6,50,13,9,1,5,4,6,6,4,4,4,4,4,2,12,,,,,B03,,,5,,2,,,8,8,1,12,4,120.559205,24.231759,3
4974,66000,387130000C,(04)23274275,(04)23288582,2025,08,13,19,31,臺中市,南區,0,1,0,7,1,6,50,4,1,1,5,4,6,6,1,1,10,5,5,2,16,3,10,3,1,B03,7,5,1,8,2,5,,47,47,1,12,4,120.669051,24.128577,2
4975,66000,387130000C,(04)23274275,(04)23288582,2025,08,13,19,40,臺中市,西區,0,1,0,7,1,6,40,4,1,1,5,4,6,6,1,1,1,4,3,1,17,3,10,5,4,B03,7,8,1,8,2,16,,84,84,1,12,4,120.65777,24.15806,2
4976,66000,387130000C,(04)23274275,(04)23288582,2025,08,13,19,41,臺中市,北區,0,1,0,7,1,6,30,3,9,1,5,4,6,6,4,4,10,5,5,2,17,2,9,5,4,C03,7,6,1,10,2,12,,84,84,1,13,4,120.67582,24.154941,2
4977,66000,387130000C,(04)23274275,(04)23288582,2025,08,13,19,42,臺中市,南屯區,0,0,0,7,,,60,,,,,,,,,,,,,,11,,,,,B03,,,1,,1,,,8,8,1,12,4,120.623241,24.137107,3
4978,66000,387130000C,(04)23274275,(04)23288582,2025,08,13,19,48,臺中市,南屯區,0,1,0,7,1,6,50,4,1,1,5,4,6,6,1,1,10,5,5,2,17,2,9,2,1,C03,7,6,1,10,2,12,,48,48,1,12,4,120.643962,24.132079,2
4979,66000,387130000C,(04)23274275,(04)23288582,2025,08,13,19,50,臺中市,烏日區,0,0,0,7,,,50,,,,,,,,,,,,,,13,,,,,B03,,,1,,1,,,7,7,1,6,4,120.595631,24.110684,3
4980,66000,387130000C,(04)23274275,(04)23288582,2025,08,13,19,50,臺中市,烏日區,0,0,0,7,,,50,,,,,,,,,,,,,,13,,,,,B03,,,1,,1,,,7,7,1,6,4,120.650258,24.106926,3
4981,66000,387130000C,(04)23274275,(04)23288582,2025,08,13,19,59,臺中市,西區,0,0,0,7,,,50,,,,,,,,,,,,,,17,,,,,C03,,,1,,11,,,51,51,2,13,4,120.65512,24.1488,3
4982,66000,387130000C,(04)23274275,(04)23288582,2025,08,13,20,9,臺中市,太平區,0,1,0,7,1,6,50,13,7,1,5,4,6,6,4,4,9,5,4,2,13,2,9,2,1,C03,7,9,1,10,2,11,,84,84,1,12,4,120.71825,24.153204,2
4983,66000,387130000C,(04)23274275,(04)23288582,2025,08,13,20,10,臺中市,南屯區,0,0,0,7,,,40,,,,,,,,,,,,,,12,,,,,A02,,,1,,2,,,40,40,1,12,4,120.637184,24.15155,3
4984,66000,387130000C,(04)23274275,(04)23288582,2025,08,13,20,10,臺中市,龍井區,0,2,0,7,1,6,50,13,9,1,5,4,6,6,4,4,10,5,5,2,17,2,9,2,1,C03,7,9,1,10,2,11,,43,43,1,6,4,120.592197,24.18138,2
4985,66000,387130000C,(04)23274275,(04)23288582,2025,08,13,20,12,臺中市,西屯區,0,1,0,7,1,6,50,4,1,1,5,4,6,6,1,1,10,5,5,1,15,2,9,2,1,C03,7,9,1,10,1,12,,21,21,1,12,4,120.64735,24.193041,2
4986,66000,387130000C,(04)23274275,(04)23288582,2025,08,13,20,18,臺中市,中區,0,1,0,7,1,6,50,4,1,1,5,4,6,6,1,1,10,5,5,2,13,2,9,1,1,C03,7,9,1,10,2,12,,7,7,1,6,4,120.675975,24.141326,2
4987,66000,387130000C,(04)23274275,(04)23288582,2025,08,13,20,28,臺中市,南區,0,0,0,7,,,50,,,,,,,,,,,,,,13,,,,,B03,,,1,,1,,,82,82,1,12,4,120.657452,24.113092,3
4988,66000,387130000C,(04)23274275,(04)23288582,2025,08,13,20,31,臺中市,北屯區,0,0,0,7,,,50,,,,,,,,,,,,,,,,,,,C03,,,1,,1,,,26,26,1,13,4,120.690935,24.17102,3
4989,66000,387130000C,(04)23274275,(04)23288582,2025,08,13,20,37,臺中市,沙鹿區,0,1,0,7,1,6,40,3,1,1,5,4,6,6,1,1,10,5,5,2,17,3,10,1,1,C03,7,9,1,10,2,14,,7,7,1,12,4,120.578507,24.223391,2
4990,66000,387130000C,(04)23274275,(04)23288582,2025,08,13,20,50,臺中市,大里區,0,1,0,7,1,6,40,4,1,1,5,4,6,6,1,1,10,5,5,2,16,2,9,2,1,C03,7,6,1,10,2,14,,48,48,1,13,4,120.686076,24.11037,2
4991,66000,387130000C,(04)23274275,(04)23288582,2025,08,13,21,6,臺中市,后里區,0,2,0,7,1,6,50,3,1,1,5,4,6,6,4,4,9,4,5,1,3,2,9,1,1,C03,7,11,1,10,2,11,,84,84,1,6,2,120.722941,24.308795,2
4992,66000,387130000C,(04)23274275,(04)23288582,2025,08,13,21,9,臺中市,大雅區,0,2,0,7,1,6,50,4,1,1,5,4,6,6,1,1,4,3,5,1,13,2,8,1,1,C03,7,6,1,10,2,14,,84,84,1,13,4,120.655249,24.237103,2
4993,66000,387130000C,(04)23274275,(04)23288582,2025,08,13,21,13,臺中市,南屯區,0,0,0,7,,,50,,,,,,,,,,,,,,13,,,,,B03,,,1,,2,,,84,84,1,6,4,120.652956,24.134936,3
4994,66000,387130000C,(04)23274275,(04)23288582,2025,08,13,21,14,臺中市,南屯區,0,1,0,7,1,6,50,4,1,1,5,4,6,6,2,1,1,4,4,2,16,3,10,3,1,B03,7,6,1,8,2,3,,11,11,1,12,4,120.646681,24.153613,2
4995,66000,387130000C,(04)23274275,(04)23288582,2025,08,13,21,21,臺中市,梧棲區,0,1,0,7,1,6,50,13,9,1,5,4,6,6,4,4,5,5,5,2,11,3,10,1,1,C03,7,9,1,10,2,11,,4,4,1,6,4,120.530114,24.241138,2
4996,66000,387130000C,(04)23274275,(04)23288582,2025,08,13,21,25,臺中市,南屯區,0,0,0,7,,,40,,,,,,,,,,,,,,12,,,,,B03,,,1,,1,,,8,8,1,6,4,120.637046,24.151557,3
4997,66000,387130000C,(04)23274275,(04)23288582,2025,08,13,21,27,臺中市,南區,0,0,0,7,,,50,,,,,,,,,,,,,,,,,,,B03,,,1,,9,,,85,85,1,13,4,120.662541,24.122709,3
4998,66000,387130000C,(04)23274275,(04)23288582,2025,08,13,21,42,臺中市,北區,0,2,0,7,3,6,50,18,24,1,5,4,6,6,2,1,10,5,5,2,17,2,9,5,4,C03,7,15,1,10,2,11,,84,84,1,13,4,120.671486,24.173646,2
4999,66000,387130000C,(04)23274275,(04)23288582,2025,08,13,21,53,臺中市,豐原區,0,0,0,7,,,50,,,,,,,,,,,,,,17,,,,,B02,,,1,,1,,,50,50,1,13,4,120.7216,24.25974,3
5000,66000,387130000C,(04)23274275,(04)23288582,2025,08,13,22,3,臺中市,南屯區,0,2,0,7,1,6,50,4,1,1,5,4,6,6,4,4,5,5,5,2,15,3,10,3,1,B03,7,9,1,8,2,2,,12,12,1,12,4,120.639165,24.150025,2
5001,66000,387130000C,(04)23274275,(04)23288582,2025,08,13,22,6,臺中市,大里區,0,1,0,7,2,6,50,4,1,1,5,4,6,6,1,1,10,5,5,2,17,3,10,1,1,C03,7,9,1,10,2,11,,84,84,1,12,4,120.684021,24.110186,2
5002,66000,387130000C,(04)23274275,(04)23288582,2025,08,13,22,12,臺中市,西區,0,1,0,7,1,6,50,4,9,1,5,4,6,6,4,4,9,4,5,2,13,2,1,1,1,C03,7,9,1,10,2,11,,59,59,1,12,4,120.658362,24.146699,2
5003,66000,387130000C,(04)23274275,(04)23288582,2025,08,13,22,21,臺中市,西區,0,1,0,7,1,6,50,4,1,1,5,4,6,6,1,1,10,5,5,2,14,2,7,1,1,C03,7,2,1,10,1,13,,49,49,1,13,4,120.663182,24.156542,2
5004,66000,387130000C,(04)23274275,(04)23288582,2025,08,13,22,29,臺中市,西區,0,1,0,7,1,6,50,4,1,1,5,4,6,6,1,1,10,5,5,2,16,3,10,1,1,C03,7,6,1,10,2,11,,11,11,1,13,4,120.662572,24.163575,2
5005,66000,387130000C,(04)23274275,(04)23288582,2025,08,13,22,40,臺中市,太平區,0,0,0,7,,,50,,,,,,,,,,,,,,13,,,,,B03,,,1,,9,,,84,84,1,12,4,120.71513,24.108743,3
5006,66000,387130000C,(04)23274275,(04)23288582,2025,08,14,0,16,臺中市,烏日區,0,1,0,7,1,6,50,3,1,1,5,4,6,6,2,1,10,5,5,2,16,2,8,3,1,B03,7,6,1,8,2,1,,11,11,1,6,4,120.61969,24.110114,2
5007,66000,387130000C,(04)23274275,(04)23288582,2025,08,14,0,25,臺中市,大里區,0,0,0,7,,,50,,,,,,,,,,,,,,,,,,,B03,,,1,,7,,,49,49,1,12,4,120.694649,24.111409,3
5008,66000,387130000C,(04)23274275,(04)23288582,2025,08,14,0,39,臺中市,沙鹿區,0,0,0,7,1,6,30,3,9,1,5,4,6,6,4,4,10,5,5,2,20,,,,,B02,,,1,,2,,,84,84,1,12,4,120.598134,24.218063,3
5009,66000,387130000C,(04)23274275,(04)23288582,2025,08,14,1,46,臺中市,西屯區,0,1,0,7,1,6,50,3,19,1,5,4,6,6,3,1,10,5,5,2,9,3,10,5,4,B03,7,11,1,4,2,15,,10,10,1,13,4,120.640853,24.165135,2
5010,66000,387130000C,(04)23274275,(04)23288582,2025,08,14,4,31,臺中市,西屯區,0,0,0,7,,,50,,,,,,,,,,,,,,14,,,,,A11,,,1,,1,,,49,49,1,13,4,120.641531,24.157457,3
5011,66000,387130000C,(04)23274275,(04)23288582,2025,08,14,5,23,臺中市,大里區,0,1,0,7,1,6,50,4,19,1,5,4,6,6,2,1,10,5,5,1,3,3,10,3,1,B12,7,6,1,8,2,8,,10,10,1,12,4,120.684346,24.107556,2
5012,66000,387130000C,(04)23274275,(04)23288582,2025,08,14,5,31,臺中市,大肚區,0,0,0,7,,,50,,,,,,,,,,,,,,,,,,,B03,,,1,,2,,,8,8,1,12,4,120.576031,24.174327,3
5013,66000,387130000C,(04)23274275,(04)23288582,2025,08,14,6,9,臺中市,霧峰區,0,0,0,7,,,40,,,,,,,,,,,,,,17,,,,,C03,,,1,,2,,,84,84,1,13,4,120.694268,24.072302,3
5014,66000,387130000C,(04)23274275,(04)23288582,2025,08,14,6,37,臺中市,石岡區,0,1,0,7,2,6,70,3,1,1,5,4,6,6,1,1,8,4,4,1,12,3,10,3,1,B03,7,11,1,8,2,4,,45,45,1,12,4,120.808709,24.264982,2
5015,66000,387130000C,(04)23274275,(04)23288582,2025,08,14,6,41,臺中市,南區,0,0,0,7,,,50,,,,,,,,,,,,,,15,,,,,B12,,,1,,2,,,15,15,1,12,4,120.655724,24.126061,3
5016,66000,387130000C,(04)23274275,(04)23288582,2025,08,14,6,47,臺中市,北屯區,0,2,0,7,3,6,50,3,1,1,5,4,6,6,4,4,10,5,5,2,16,2,9,2,1,C03,7,6,1,10,2,12,,48,48,1,12,4,120.687012,24.197831,2
5017,66000,387130000C,(04)23274275,(04)23288582,2025,08,14,6,51,臺中市,潭子區,0,1,0,7,3,6,50,13,7,1,5,4,6,6,4,4,5,4,4,2,17,3,10,2,1,C03,7,11,1,10,2,12,,39,39,1,13,4,120.709476,24.229998,2
5018,66000,387130000C,(04)23274275,(04)23288582,2025,08,14,6,55,臺中市,沙鹿區,0,2,0,7,2,6,30,3,1,1,5,4,6,6,4,4,10,5,5,2,16,2,8,2,1,C03,7,6,1,10,2,14,,14,14,1,6,4,120.552245,24.230405,2
5019,66000,387130000C,(04)23274275,(04)23288582,2025,08,14,6,56,臺中市,烏日區,0,0,0,7,,,30,,,,,,,,,,,,,,16,,,,,F01,,,7,,2,,,21,21,1,6,4,120.633383,24.098297,3
5020,66000,387130000C,(04)23274275,(04)23288582,2025,08,14,7,1,臺中市,南屯區,0,1,0,7,2,6,50,13,9,1,5,4,6,6,4,4,1,4,5,2,18,2,9,1,1,C03,7,9,1,9,2,14,,85,85,1,12,4,120.646789,24.146405,2
5021,66000,387130000C,(04)23274275,(04)23288582,2025,08,14,7,5,臺中市,烏日區,0,2,0,7,2,6,30,3,2,1,5,4,6,6,4,4,5,5,4,2,17,2,9,2,1,C03,7,5,1,10,2,13,,13,13,1,6,4,120.625973,24.108174,2
5022,66000,387130000C,(04)23274275,(04)23288582,2025,08,14,7,6,臺中市,西屯區,0,1,0,7,2,6,50,13,9,1,5,4,6,6,2,1,5,4,5,2,12,3,10,3,1,B03,7,15,1,10,2,4,,76,76,1,12,4,120.614048,24.175656,2
5023,66000,387130000C,(04)23274275,(04)23288582,2025,08,14,7,8,臺中市,潭子區,0,1,0,7,2,6,50,3,1,1,5,4,6,6,4,4,1,4,4,2,16,3,10,3,1,B03,7,8,1,8,1,4,,40,40,1,13,4,120.709117,24.200764,2
5024,66000,387130000C,(04)23274275,(04)23288582,2025,08,14,7,8,臺中市,豐原區,0,1,0,7,3,6,30,13,9,1,5,4,6,6,4,4,10,5,5,2,14,3,10,5,4,B03,7,2,1,8,2,3,,49,49,1,12,4,120.716262,24.248808,2
5025,66000,387130000C,(04)23274275,(04)23288582,2025,08,14,7,9,臺中市,太平區,0,0,0,7,2,6,50,3,1,1,5,4,6,6,3,1,10,5,5,2,16,3,10,1,1,C03,7,6,1,11,9,14,12,39,39,2,12,4,120.722088,24.119339,3
5026,66000,387130000C,(04)23274275,(04)23288582,2025,08,14,7,11,臺中市,后里區,0,1,0,7,2,6,50,3,1,1,5,4,6,6,1,1,5,4,4,1,16,3,10,3,1,B03,7,6,1,8,2,8,,11,11,1,6,4,120.710439,24.310821,2
5027,66000,387130000C,(04)23274275,(04)23288582,2025,08,14,7,12,臺中市,大里區,0,0,0,7,2,6,50,4,2,1,5,4,6,6,1,1,5,5,4,2,17,,,,,C03,,,1,,2,,,8,8,1,13,4,120.682834,24.100599,3
5028,66000,387130000C,(04)23274275,(04)23288582,2025,08,14,7,15,臺中市,石岡區,0,0,0,7,,,50,,,,,,,,,,,,,,,,,,,B12,,,1,,2,,,7,7,1,12,4,120.790915,24.270338,3
5029,66000,387130000C,(04)23274275,(04)23288582,2025,08,14,7,20,臺中市,潭子區,0,1,0,7,3,6,60,5,1,1,5,4,6,6,1,1,1,4,5,1,17,3,10,3,1,B03,7,15,1,8,2,2,,40,40,1,13,4,120.703485,24.200697,2
5030,66000,387130000C,(04)23274275,(04)23288582,2025,08,14,7,21,臺中市,北區,0,0,0,7,,,50,,,,,,,,,,,,,,17,,,,,B03,,,1,,9,,,59,59,1,13,4,120.688031,24.163175,3
5031,66000,387130000C,(04)23274275,(04)23288582,2025,08,14,7,24,臺中市,大雅區,0,0,0,7,,,50,,,,,,,,,,,,,,,,,,,B13,,,1,,2,,,8,8,1,13,4,120.647446,24.214391,3
5032,66000,387130000C,(04)23274275,(04)23288582,2025,08,14,7,26,臺中市,南屯區,0,1,0,7,2,6,50,13,9,1,5,4,6,6,4,4,4,5,5,2,16,3,10,5,4,B03,7,11,1,8,2,4,,20,20,1,13,4,120.643924,24.131675,2
5033,66000,387130000C,(04)23274275,(04)23288582,2025,08,14,7,27,臺中市,西區,0,2,0,7,3,6,40,13,8,1,5,4,6,6,4,4,3,4,3,2,17,2,9,6,1,F01,7,15,7,21,2,12,,84,84,1,12,4,120.658778,24.157611,2
5034,66000,387130000C,(04)23274275,(04)23288582,2025,08,14,7,27,臺中市,太平區,0,1,0,7,3,6,50,4,1,1,5,4,6,6,1,1,5,5,4,1,13,3,10,2,1,C03,7,9,1,10,2,11,,7,7,1,12,4,120.728994,24.10459,2
5035,66000,387130000C,(04)23274275,(04)23288582,2025,08,14,7,28,臺中市,西屯區,0,0,0,7,,,50,,,,,,,,,,,,,,13,,,,,B03,,,1,,1,,,7,7,1,13,4,120.641559,24.168829,3
5036,66000,387130000C,(04)23274275,(04)23288582,2025,08,14,7,28,臺中市,清水區,0,0,0,7,,,50,,,,,,,,,,,,,,,,,,,C03,,,1,,2,,,84,84,1,12,4,120.549382,24.274466,3
5037,66000,387130000C,(04)23274275,(04)23288582,2025,08,14,7,29,臺中市,神岡區,0,0,0,7,,,50,,,,,,,,,,,,,,13,,,,,B03,,,1,,1,,,43,43,1,12,4,120.652475,24.280761,3
5038,66000,387130000C,(04)23274275,(04)23288582,2025,08,14,7,30,臺中市,南屯區,0,0,0,7,,,50,,,,,,,,,,,,,,,,,,,B03,,,1,,1,,,49,49,1,6,4,120.61099,24.145261,4
5039,66000,387130000C,(04)23274275,(04)23288582,2025,08,14,7,36,臺中市,西屯區,0,0,0,7,,,0,,,,,,,,,,,,,,16,,,,,C03,,,1,,1,,,84,84,1,12,4,120.599156,24.182986,3
5040,66000,387130000C,(04)23274275,(04)23288582,2025,08,14,7,36,臺中市,龍井區,0,0,0,7,,,60,,,,,,,,,,,,,,14,,,,,B03,,,3,,2,,,78,78,1,6,4,120.573422,24.185409,3
5041,66000,387130000C,(04)23274275,(04)23288582,2025,08,14,7,38,臺中市,西區,0,0,0,7,,,40,,,,,,,,,,,,,,,,,,,B03,,,1,,2,,,40,40,1,12,4,120.657375,24.146713,3
5042,66000,387130000C,(04)23274275,(04)23288582,2025,08,14,7,38,臺中市,西屯區,0,0,0,7,,,30,,,,,,,,,,,,,,,,,,,B03,,,1,,1,,,7,7,1,12,4,120.64171,24.192703,3
5043,66000,387130000C,(04)23274275,(04)23288582,2025,08,14,7,38,臺中市,太平區,0,0,0,7,2,6,50,,,,,,,,,,,,,,,,,,,C03,,,1,,2,12,14,46,46,1,12,4,120.73103,24.112262,3
5044,66000,387130000C,(04)23274275,(04)23288582,2025,08,14,7,41,臺中市,潭子區,0,1,0,7,2,6,50,13,9,1,5,4,6,6,4,4,9,5,5,2,3,2,9,1,1,F03,7,9,7,21,2,12,,59,59,1,13,4,120.699413,24.21182,2
5045,66000,387130000C,(04)23274275,(04)23288582,2025,08,14,7,41,臺中市,沙鹿區,0,0,0,7,,,50,,,,,,,,,,,,,,,,,,,B03,,,1,,1,,,65,65,1,13,4,120.563352,24.247771,3
5046,66000,387130000C,(04)23274275,(04)23288582,2025,08,14,7,42,臺中市,神岡區,0,1,0,7,2,6,50,4,7,1,5,4,6,6,1,1,4,4,4,2,17,2,9,1,1,C03,7,9,1,10,2,11,,59,59,1,12,4,120.680251,24.248425,2
5047,66000,387130000C,(04)23274275,(04)23288582,2025,08,14,7,43,臺中市,南區,0,1,0,7,3,6,50,4,1,1,5,4,6,6,1,1,10,5,5,2,16,3,10,3,1,B03,7,6,1,8,8,2,,11,11,1,6,4,120.668671,24.114552,2
5048,66000,387130000C,(04)23274275,(04)23288582,2025,08,14,7,45,臺中市,太平區,0,0,0,7,,,50,,,,,,,,,,,,,,13,,,,,C03,,,1,,2,,,7,7,1,12,4,120.730581,24.111476,3
5049,66000,387130000C,(04)23274275,(04)23288582,2025,08,14,7,45,臺中市,后里區,0,0,0,7,,,50,,,,,,,,,,,,,,12,,,,,B03,,,1,,9,,,49,49,1,12,4,120.729923,24.331868,3
5050,66000,387130000C,(04)23274275,(04)23288582,2025,08,14,7,46,臺中市,西屯區,0,1,0,7,3,6,50,4,1,1,5,4,6,6,1,1,1,4,4,2,16,3,10,5,4,C03,7,6,1,10,2,11,,23,23,1,12,4,120.61548,24.174508,2