﻿序號,縣市別代碼,機關代碼,市話,傳真,年,月,日,時,分,縣市,區,死亡數量,受傷數量,2-30,天候,道路照明設備,道路類別,道路速限,道路型態,事故位置,路面鋪裝,路面狀態,路面缺陷,障礙物,視距,號誌種類,號誌動作,分向設施,快車道或一般車道間,快慢車道間,路面邊線,事故類型及型態,受傷程度,主要傷處,保護裝備,行動電話或功能裝置,當事者區分_類別,車輛用途,當事者行動狀態,駕照狀態,駕照種類,飲酒情形,車輛撞擊部位最初,車輛撞擊部位其他,肇事因素個別,肇事因素主要,肇事逃逸,職業,共享經濟或外送平台,GPS座標X,GPS座標Y,事故類別
5051,66000,387130000C,(04)23274275,(04)23288582,2025,08,14,7,48,臺中市,后里區,0,1,0,7,3,6,40,3,2,1,5,4,6,6,4,4,10,5,5,2,11,3,10,3,1,B03,7,9,1,8,2,5,,8,8,1,12,4,120.73331,24.310665,2
5052,66000,387130000C,(04)23274275,(04)23288582,2025,08,14,7,50,臺中市,潭子區,0,1,0,7,3,6,40,5,1,1,5,4,6,6,1,1,3,4,4,2,17,3,10,2,1,C03,7,6,3,19,2,14,,36,36,1,13,4,120.712728,24.216644,2
5053,66000,387130000C,(04)23274275,(04)23288582,2025,08,14,7,50,臺中市,北區,0,2,0,7,3,6,50,4,1,1,5,4,6,6,1,1,5,2,5,2,17,2,9,5,4,C03,7,1,1,10,2,14,,51,51,1,13,4,120.687017,24.152755,2
5054,66000,387130000C,(04)23274275,(04)23288582,2025,08,14,7,50,臺中市,豐原區,0,2,0,7,2,6,50,3,1,1,5,4,6,6,1,1,10,5,5,2,17,2,9,2,1,C03,7,9,1,10,2,14,,7,7,1,13,4,120.711385,24.23985,2
5055,66000,387130000C,(04)23274275,(04)23288582,2025,08,14,7,52,臺中市,潭子區,0,0,0,7,,,30,,,,,,,,,,,,,,15,,,,,C03,,,1,,2,,,12,12,1,13,4,120.701933,24.214681,3
5056,66000,387130000C,(04)23274275,(04)23288582,2025,08,14,7,56,臺中市,西區,0,1,0,7,2,6,40,3,1,1,5,4,6,6,4,4,10,5,5,2,18,2,9,1,1,C03,7,5,1,10,2,12,,84,84,1,13,4,120.671278,24.149439,2
5057,66000,387130000C,(04)23274275,(04)23288582,2025,08,14,7,56,臺中市,豐原區,0,1,0,7,2,6,50,5,1,1,5,4,6,6,1,1,5,5,4,2,16,3,10,5,4,B03,7,6,1,8,2,1,,11,11,1,13,4,120.715535,24.248068,2
5058,66000,387130000C,(04)23274275,(04)23288582,2025,08,14,7,57,臺中市,龍井區,0,1,0,7,2,6,30,5,1,1,5,4,6,6,1,1,10,5,5,2,15,2,9,2,1,C03,7,9,1,10,2,13,,21,21,1,6,4,120.511047,24.199604,2
5059,66000,387130000C,(04)23274275,(04)23288582,2025,08,14,7,58,臺中市,南區,0,0,0,7,,,50,,,,,,,,,,,,,,,,,,,C03,,,1,,1,,,7,7,1,6,4,120.650156,24.12063,3
5060,66000,387130000C,(04)23274275,(04)23288582,2025,08,14,7,59,臺中市,南屯區,0,0,0,7,,,50,,,,,,,,,,,,,,13,,,,,B02,,,1,,9,,,84,84,1,13,4,120.64664,24.149456,3
5061,66000,387130000C,(04)23274275,(04)23288582,2025,08,14,8,0,臺中市,南屯區,0,0,0,7,,,50,,,,,,,,,,,,,,,,,,,A11,,,1,,1,,,49,49,1,6,4,120.615792,24.151819,4
5062,66000,387130000C,(04)23274275,(04)23288582,2025,08,14,8,0,臺中市,神岡區,0,0,0,7,,,60,,,,,,,,,,,,,,13,,,,,A02,,,1,,1,,,84,84,1,12,4,120.69486,24.232787,3
5063,66000,387130000C,(04)23274275,(04)23288582,2025,08,14,8,2,臺中市,清水區,0,0,0,7,,,50,,,,,,,,,,,,,,,,,,,B03,,,1,,1,,,51,51,1,12,4,120.561389,24.280028,3
5064,66000,387130000C,(04)23274275,(04)23288582,2025,08,14,8,3,臺中市,西區,0,1,0,7,2,6,40,13,8,1,5,4,6,6,4,4,5,4,4,2,17,2,9,1,1,C03,7,9,1,10,2,11,,7,7,1,13,4,120.658839,24.140149,2
5065,66000,387130000C,(04)23274275,(04)23288582,2025,08,14,8,8,臺中市,南區,0,0,0,7,,,50,,,,,,,,,,,,,,,,,,,C03,,,1,,2,,,84,84,1,6,4,120.66228,24.120862,3
5066,66000,387130000C,(04)23274275,(04)23288582,2025,08,14,8,10,臺中市,南屯區,0,1,0,7,2,6,50,4,2,1,5,4,6,6,2,1,7,4,4,2,17,2,9,2,1,C03,7,9,1,10,1,11,,39,39,1,12,4,120.638508,24.143757,2
5067,66000,387130000C,(04)23274275,(04)23288582,2025,08,14,8,10,臺中市,北屯區,0,0,0,7,,,50,,,,,,,,,,,,,,14,,,,,B03,,,1,,1,,,49,49,1,12,4,120.676762,24.177013,3
5068,66000,387130000C,(04)23274275,(04)23288582,2025,08,14,8,14,臺中市,大肚區,0,0,0,7,,,70,,,,,,,,,,,,,,,,,,,B03,,,,,2,,,40,40,1,6,4,120.54867,24.141826,3
5069,66000,387130000C,(04)23274275,(04)23288582,2025,08,14,8,14,臺中市,豐原區,0,2,0,7,3,6,50,13,7,1,5,4,6,6,4,4,1,4,4,1,13,3,10,5,4,B12,7,9,1,8,2,1,,7,7,1,12,4,120.737208,24.261449,2
5070,66000,387130000C,(04)23274275,(04)23288582,2025,08,14,8,16,臺中市,南屯區,0,0,0,7,,,50,,,,,,,,,,,,,,12,,,,,C03,,,5,,1,,,43,43,1,13,4,120.638924,24.142128,3
5071,66000,387130000C,(04)23274275,(04)23288582,2025,08,14,8,17,臺中市,大雅區,0,0,0,7,3,6,70,13,9,1,5,4,6,6,4,4,,2,5,1,17,3,10,3,1,B12,7,9,1,8,6,1,,53,53,1,12,4,120.641784,24.229406,3
5072,66000,387130000C,(04)23274275,(04)23288582,2025,08,14,8,18,臺中市,北區,0,1,0,7,2,6,50,4,1,1,5,4,6,6,4,4,10,5,5,2,15,3,10,3,1,B03,7,9,1,8,2,5,,12,12,1,12,4,120.665573,24.164415,2
5073,66000,387130000C,(04)23274275,(04)23288582,2025,08,14,8,20,臺中市,西屯區,0,0,0,7,,3,80,,,,,,,,,,,,,,35,,,,,B03,,,1,,1,,,87,87,1,12,4,120.655419,24.199396,3
5074,66000,387130000C,(04)23274275,(04)23288582,2025,08,14,8,20,臺中市,豐原區,0,1,0,7,2,6,30,3,1,1,5,4,5,6,4,4,10,5,5,2,16,2,9,1,1,F03,7,5,7,21,2,11,,14,14,1,13,4,120.719924,24.244713,2
5075,66000,387130000C,(04)23274275,(04)23288582,2025,08,14,8,22,臺中市,西屯區,0,1,0,7,2,6,50,4,1,1,5,4,6,6,1,1,10,5,5,2,12,2,9,1,4,C03,7,9,1,10,2,14,,8,8,1,13,4,120.63456,24.179401,2
5076,66000,387130000C,(04)23274275,(04)23288582,2025,08,14,8,25,臺中市,北屯區,0,1,0,7,2,6,50,13,9,1,5,4,6,6,4,4,1,4,5,2,13,3,10,3,1,B12,7,9,1,8,2,1,,7,7,1,13,4,120.721993,24.16246,2
5077,66000,387130000C,(04)23274275,(04)23288582,2025,08,14,8,26,臺中市,北屯區,0,0,0,7,,,30,,,,,,,,,,,,,,14,,,,,B03,,,1,,1,,,49,49,1,12,4,120.669496,24.187727,3
5078,66000,387130000C,(04)23274275,(04)23288582,2025,08,14,8,26,臺中市,太平區,0,1,0,7,2,6,50,3,1,1,5,4,6,6,4,4,10,5,5,2,16,3,10,3,1,B03,7,6,1,8,1,1,,14,14,1,12,4,120.715822,24.113846,2
5079,66000,387130000C,(04)23274275,(04)23288582,2025,08,14,8,28,臺中市,東區,0,2,0,7,2,6,50,4,1,1,5,4,6,6,2,1,10,5,5,2,18,2,9,1,1,C03,7,9,1,10,2,11,,84,84,1,12,4,120.686046,24.140205,2
5080,66000,387130000C,(04)23274275,(04)23288582,2025,08,14,8,30,臺中市,新社區,0,1,0,7,2,6,30,4,1,1,5,4,6,6,4,4,10,5,5,2,15,2,9,5,4,C03,7,9,3,19,1,11,,15,15,1,13,4,120.812688,24.210874,2
5081,66000,387130000C,(04)23274275,(04)23288582,2025,08,14,8,35,臺中市,中區,0,3,0,7,2,6,50,4,1,1,5,4,6,6,1,1,10,5,5,2,17,2,9,2,1,C03,7,15,3,19,2,13,,42,42,1,12,4,120.680603,24.141401,2
5082,66000,387130000C,(04)23274275,(04)23288582,2025,08,14,8,35,臺中市,西屯區,0,0,0,7,,,50,,,,,,,,,,,,,,13,,,,,B03,,,1,,1,,,7,7,1,13,4,120.657587,24.163267,3
5083,66000,387130000C,(04)23274275,(04)23288582,2025,08,14,8,40,臺中市,西區,0,2,0,7,2,6,50,13,9,1,5,4,6,6,4,4,5,4,5,2,17,2,9,1,1,C03,7,9,1,10,2,13,,7,7,1,12,4,120.675528,24.140483,2
5084,66000,387130000C,(04)23274275,(04)23288582,2025,08,14,8,40,臺中市,大里區,0,1,0,7,3,6,30,13,9,1,5,4,6,6,4,4,10,5,5,2,10,2,9,1,1,C03,7,9,1,10,2,11,,84,84,1,12,4,120.696614,24.081648,2
5085,66000,387130000C,(04)23274275,(04)23288582,2025,08,14,8,43,臺中市,北屯區,0,0,0,7,,,50,,,,,,,,,,,,,,,,,,,B03,,,1,,1,,,43,43,1,12,4,120.679272,24.183339,3
5086,66000,387130000C,(04)23274275,(04)23288582,2025,08,14,8,44,臺中市,烏日區,0,2,0,7,3,6,40,3,1,1,5,4,6,6,4,4,5,5,4,1,16,2,9,1,1,C03,7,6,1,10,2,12,11,48,48,1,6,4,120.651185,24.093887,2
5087,66000,387130000C,(04)23274275,(04)23288582,2025,08,14,8,45,臺中市,大安區,0,0,0,7,,,50,,,,,,,,,,,,,,13,,,,,B03,,,1,,2,,,84,84,1,6,4,120.579742,24.350124,3
5088,66000,387130000C,(04)23274275,(04)23288582,2025,08,14,8,46,臺中市,太平區,0,2,0,7,3,6,50,3,1,1,5,4,6,6,4,4,5,5,5,1,16,3,10,2,1,C03,7,4,1,10,2,12,,1,1,1,12,4,120.720874,24.128264,2
5089,66000,387130000C,(04)23274275,(04)23288582,2025,08,14,8,47,臺中市,北區,0,0,0,7,,,50,,,,,,,,,,,,,,13,,,,,B03,,,1,,1,,,7,7,1,13,4,120.670986,24.160516,3
5090,66000,387130000C,(04)23274275,(04)23288582,2025,08,14,8,47,臺中市,沙鹿區,0,0,0,7,,,60,,,,,,,,,,,,,,,,,,,B03,,,1,,2,,,7,7,1,6,4,120.576922,24.225951,3
5091,66000,387130000C,(04)23274275,(04)23288582,2025,08,14,8,50,臺中市,南屯區,0,1,0,7,2,6,50,13,7,1,5,4,6,6,4,4,4,3,4,2,11,3,10,2,4,C03,7,6,1,10,1,12,,85,85,1,13,4,120.634229,24.157279,2
5092,66000,387130000C,(04)23274275,(04)23288582,2025,08,14,8,51,臺中市,西屯區,0,2,0,7,2,6,30,3,1,1,5,4,6,6,4,4,10,5,5,2,16,2,9,1,1,C03,7,6,1,10,2,11,,14,14,1,13,4,120.646343,24.181124,2
5093,66000,387130000C,(04)23274275,(04)23288582,2025,08,14,8,55,臺中市,西屯區,0,1,0,7,2,6,50,3,1,1,5,4,6,6,1,1,10,5,5,2,16,2,9,5,4,C03,7,6,1,10,2,11,14,48,48,1,12,4,120.654872,24.200395,2
5094,66000,387130000C,(04)23274275,(04)23288582,2025,08,14,9,0,臺中市,北屯區,0,1,0,7,2,6,50,13,9,1,5,4,6,6,4,4,1,4,5,2,13,3,10,2,1,C03,7,9,1,10,2,11,,7,7,1,12,4,120.692509,24.171571,2
5095,66000,387130000C,(04)23274275,(04)23288582,2025,08,14,9,6,臺中市,南屯區,0,1,0,7,2,6,50,3,2,1,5,4,6,6,3,1,1,3,5,2,16,3,10,5,4,B03,7,5,1,8,2,2,,11,11,1,13,4,120.624081,24.152099,2
5096,66000,387130000C,(04)23274275,(04)23288582,2025,08,14,9,12,臺中市,烏日區,0,1,0,7,2,6,50,13,7,1,5,4,6,6,4,4,5,5,4,1,13,3,10,2,1,C03,7,9,1,10,2,11,,7,7,1,6,4,120.618483,24.106498,2
5097,66000,387130000C,(04)23274275,(04)23288582,2025,08,14,9,13,臺中市,西區,0,0,0,7,,,50,,,,,,,,,,,,,,17,,,,,B03,,,1,,2,,,8,8,1,12,4,120.658864,24.135146,3
5098,66000,387130000C,(04)23274275,(04)23288582,2025,08,14,9,15,臺中市,西區,0,0,0,7,,,50,,,,,,,,,,,,,,,,,,,B03,,,1,,2,,,35,35,1,12,4,120.657374,24.145755,3
5099,66000,387130000C,(04)23274275,(04)23288582,2025,08,14,9,19,臺中市,清水區,0,0,0,7,,,60,,,,,,,,,,,,,,,,,,,B03,,,1,,1,,,8,8,1,12,4,120.561914,24.27223,3
5100,66000,387130000C,(04)23274275,(04)23288582,2025,08,14,9,20,臺中市,烏日區,0,2,0,7,3,6,40,13,12,1,5,4,6,6,4,4,9,5,4,1,16,2,7,1,1,C03,7,6,1,9,2,12,13,48,48,1,6,4,120.661569,24.096676,2
5101,66000,387130000C,(04)23274275,(04)23288582,2025,08,14,9,21,臺中市,南區,0,0,0,7,,,50,,,,,,,,,,,,,,,,,,,C03,,,1,,2,,,21,21,1,6,4,120.677303,24.130575,3
5102,66000,387130000C,(04)23274275,(04)23288582,2025,08,14,9,24,臺中市,北屯區,0,0,0,7,,,50,,,,,,,,,,,,,,13,,,,,B03,,,1,,1,,,59,59,1,12,4,120.694368,24.165298,4
5103,66000,387130000C,(04)23274275,(04)23288582,2025,08,14,9,25,臺中市,北屯區,0,0,0,7,,,,,,,,,,,,,,,,,17,,,,,,,,,,,,,87,87,1,,,120.669459,24.185039,3
5104,66000,387130000C,(04)23274275,(04)23288582,2025,08,14,9,25,臺中市,大里區,0,1,0,7,2,6,50,13,9,1,5,4,6,6,4,4,9,4,4,2,17,2,9,2,1,C03,7,8,1,10,2,11,,43,43,1,12,4,120.669961,24.103069,2
5105,66000,387130000C,(04)23274275,(04)23288582,2025,08,14,9,25,臺中市,太平區,0,2,0,7,2,6,30,3,1,1,5,4,6,6,4,4,10,5,5,2,8,2,8,1,1,F03,7,5,7,21,2,11,14,84,84,1,12,4,120.726555,24.149853,2
5106,66000,387130000C,(04)23274275,(04)23288582,2025,08,14,9,30,臺中市,東區,0,0,0,7,,,50,,,,,,,,,,,,,,14,,,,,B03,,,1,,1,,,49,49,1,12,4,120.710369,24.148448,3
5107,66000,387130000C,(04)23274275,(04)23288582,2025,08,14,9,33,臺中市,南區,0,1,0,7,3,6,50,4,9,1,5,4,6,6,1,1,3,5,5,2,13,2,9,5,4,C03,7,9,1,10,2,11,,7,7,1,6,4,120.670073,24.117162,2
5108,66000,387130000C,(04)23274275,(04)23288582,2025,08,14,9,40,臺中市,南屯區,0,0,0,7,,,50,,,,,,,,,,,,,,,,,,,B03,,,1,,1,,,7,7,1,6,4,120.628804,24.140399,3
5109,66000,387130000C,(04)23274275,(04)23288582,2025,08,14,9,40,臺中市,烏日區,0,0,0,7,,,30,,,,,,,,,,,,,,15,,,,,B03,,,1,,2,,,58,58,1,6,4,120.640966,24.078753,3
5110,66000,387130000C,(04)23274275,(04)23288582,2025,08,14,9,42,臺中市,北區,0,2,0,7,2,6,50,4,1,1,5,4,6,6,4,4,5,4,5,2,15,2,8,1,1,C03,7,9,1,10,2,11,,15,15,1,12,4,120.680996,24.153491,2
5111,66000,387130000C,(04)23274275,(04)23288582,2025,08,14,9,47,臺中市,西區,0,0,0,7,,,50,,,,,,,,,,,,,,,,,,,C03,,,1,,2,,,14,14,1,13,4,120.67023,24.153805,3
5112,66000,387130000C,(04)23274275,(04)23288582,2025,08,14,9,49,臺中市,南區,0,0,0,7,,,50,,,,,,,,,,,,,,,,,,,B03,,,1,,2,,,57,57,1,6,4,120.6622,24.120571,3
5113,66000,387130000C,(04)23274275,(04)23288582,2025,08,14,9,55,臺中市,北屯區,0,0,0,7,,,50,,,,,,,,,,,,,,,,,,,C03,,,1,,1,,,84,84,1,12,4,120.690379,24.178316,3
5114,66000,387130000C,(04)23274275,(04)23288582,2025,08,14,9,58,臺中市,北屯區,0,1,0,7,2,6,50,13,9,1,5,4,6,6,4,4,1,4,5,2,12,3,10,3,1,B03,7,9,1,8,2,5,,84,84,1,12,4,120.681622,24.179613,2
5115,66000,387130000C,(04)23274275,(04)23288582,2025,08,14,9,58,臺中市,霧峰區,0,1,0,7,3,6,30,13,9,1,5,4,6,6,4,4,10,5,5,2,19,2,9,1,1,C03,7,9,1,10,2,16,,84,84,1,12,4,120.689216,24.034039,2
5116,66000,387130000C,(04)23274275,(04)23288582,2025,08,14,10,0,臺中市,西屯區,0,0,0,7,,,50,,,,,,,,,,,,,,14,,,,,B03,,,1,,2,,,49,49,1,13,4,120.653567,24.157406,3
5117,66000,387130000C,(04)23274275,(04)23288582,2025,08,14,10,1,臺中市,太平區,0,0,0,7,,,50,,,,,,,,,,,,,,13,,,,,C03,,,1,,1,,,84,84,1,12,4,120.710682,24.150275,3
5118,66000,387130000C,(04)23274275,(04)23288582,2025,08,14,10,19,臺中市,潭子區,0,0,0,7,,,60,,,,,,,,,,,,,,,,,,,B13,,,1,,2,,,49,49,1,13,4,120.705988,24.218121,3
5119,66000,387130000C,(04)23274275,(04)23288582,2025,08,14,10,20,臺中市,烏日區,0,0,0,7,,,40,,,,,,,,,,,,,,14,,,,,B03,,,1,,9,,,7,7,1,6,4,120.612925,24.103099,3
5120,66000,387130000C,(04)23274275,(04)23288582,2025,08,14,10,20,臺中市,清水區,0,0,0,7,,,50,,,,,,,,,,,,,,17,,,,,B03,,,1,,2,,,7,7,1,12,4,120.632461,24.291703,3
5121,66000,387130000C,(04)23274275,(04)23288582,2025,08,14,10,21,臺中市,南區,0,1,0,7,3,6,50,13,9,1,5,4,6,6,4,4,3,5,5,2,18,2,9,5,4,F02,7,9,7,21,2,15,,84,84,1,6,4,120.646663,24.110379,2
5122,66000,387130000C,(04)23274275,(04)23288582,2025,08,14,10,23,臺中市,南區,0,0,0,7,,,40,,,,,,,,,,,,,,14,,,,,B03,,,1,,2,,,49,49,1,6,4,120.661679,24.117007,3
5123,66000,387130000C,(04)23274275,(04)23288582,2025,08,14,10,30,臺中市,北區,0,0,0,7,,,50,,,,,,,,,,,,,,,,,,,,,,,,,,,119,119,1,,,120.670894,24.164164,3
5124,66000,387130000C,(04)23274275,(04)23288582,2025,08,14,10,30,臺中市,沙鹿區,0,0,0,7,,,50,,,,,,,,,,,,,,14,,,,,B12,,,1,,2,,,49,49,1,6,4,120.560539,24.216712,3
5125,66000,387130000C,(04)23274275,(04)23288582,2025,08,14,10,31,臺中市,北區,0,0,0,7,,,50,,,,,,,,,,,,,,,,,,,B03,,,1,,1,,,49,49,1,12,4,120.686975,24.155771,3
5126,66000,387130000C,(04)23274275,(04)23288582,2025,08,14,10,35,臺中市,中區,0,2,0,7,2,6,30,4,1,1,5,4,6,6,4,4,10,5,5,2,17,2,9,2,1,C03,7,9,1,10,2,12,,15,15,1,12,4,120.680896,24.144625,2
5127,66000,387130000C,(04)23274275,(04)23288582,2025,08,14,10,35,臺中市,太平區,0,0,0,7,2,6,80,,,,,,,,,,,,,,,,,,,A11,,,1,,2,4,,84,84,1,12,4,120.708814,24.132733,3
5128,66000,387130000C,(04)23274275,(04)23288582,2025,08,14,10,36,臺中市,潭子區,0,1,0,7,2,6,50,3,1,1,5,4,6,6,3,1,10,5,5,2,16,3,10,1,1,C03,7,1,1,10,2,14,,51,51,1,13,4,120.704205,24.209892,2
5129,66000,387130000C,(04)23274275,(04)23288582,2025,08,14,10,47,臺中市,北區,0,1,0,7,2,6,50,5,2,1,5,4,6,6,2,1,10,5,5,2,12,2,9,2,1,C03,7,9,1,10,2,14,,1,1,1,13,4,120.685258,24.165403,2
5130,66000,387130000C,(04)23274275,(04)23288582,2025,08,14,10,48,臺中市,西區,0,0,0,7,,,50,,,,,,,,,,,,,,,,,,,B13,,,1,,2,,,47,47,1,12,4,120.666869,24.139883,3
5131,66000,387130000C,(04)23274275,(04)23288582,2025,08,14,10,50,臺中市,東區,0,0,0,7,,,50,,,,,,,,,,,,,,14,,,,,B03,,,1,,1,,,49,49,1,12,4,120.693751,24.147225,3
5132,66000,387130000C,(04)23274275,(04)23288582,2025,08,14,10,50,臺中市,清水區,0,0,0,7,,,50,,,,,,,,,,,,,,,,,,,A11,,,1,,2,,,58,58,1,12,4,120.577107,24.269194,3
5133,66000,387130000C,(04)23274275,(04)23288582,2025,08,14,10,52,臺中市,霧峰區,0,0,0,7,,,50,,,,,,,,,,,,,,13,,,,,B03,,,1,,2,,,84,84,1,12,4,120.662676,24.071788,3
5134,66000,387130000C,(04)23274275,(04)23288582,2025,08,14,10,54,臺中市,北屯區,0,0,0,6,,,50,,,,,,,,,,,,,,13,,,,,B12,,,1,,1,,,58,58,1,12,4,120.700523,24.164919,3
5135,66000,387130000C,(04)23274275,(04)23288582,2025,08,14,10,55,臺中市,潭子區,0,0,0,7,,,60,,,,,,,,,,,,,,,,,,,B12,,,1,,2,,,8,8,1,13,4,120.705139,24.208399,3
5136,66000,387130000C,(04)23274275,(04)23288582,2025,08,14,10,58,臺中市,龍井區,0,1,0,7,2,6,30,4,1,1,5,4,6,6,4,4,10,5,5,2,15,2,9,2,1,C03,7,9,1,10,2,12,,15,15,1,6,4,120.528288,24.192898,2
5137,66000,387130000C,(04)23274275,(04)23288582,2025,08,14,10,59,臺中市,北區,0,0,0,7,2,6,50,13,9,1,5,4,6,6,4,4,10,5,5,2,17,3,10,3,1,B03,7,3,1,8,2,2,,50,50,1,12,4,120.670817,24.157534,3
5138,66000,387130000C,(04)23274275,(04)23288582,2025,08,14,11,0,臺中市,南屯區,0,0,0,7,,,50,,,,,,,,,,,,,,,,,,,B03,,,1,,1,,,49,49,1,12,4,120.653109,24.156204,3
5139,66000,387130000C,(04)23274275,(04)23288582,2025,08,14,11,1,臺中市,梧棲區,0,0,0,7,,,50,,,,,,,,,,,,,,14,,,,,B03,,,1,,1,,,49,49,1,6,4,120.534128,24.246545,3
5140,66000,387130000C,(04)23274275,(04)23288582,2025,08,14,11,6,臺中市,龍井區,0,0,0,7,,,40,,,,,,,,,,,,,,,,,,,B03,,,1,,2,,,49,49,1,6,4,120.551478,24.212932,3
5141,66000,387130000C,(04)23274275,(04)23288582,2025,08,14,11,7,臺中市,南屯區,0,0,0,7,,,50,,,,,,,,,,,,,,13,,,,,B03,,,1,,1,,,7,7,1,13,4,120.632322,24.14358,3
5142,66000,387130000C,(04)23274275,(04)23288582,2025,08,14,11,9,臺中市,西區,0,0,0,7,,,50,,,,,,,,,,,,,,,,,,,A11,,,1,,1,,,84,84,1,13,4,120.653958,24.150401,3
5143,66000,387130000C,(04)23274275,(04)23288582,2025,08,14,11,10,臺中市,西區,0,0,0,7,,,50,,,,,,,,,,,,,,,,,,,B03,,,1,,1,,,84,84,1,12,4,120.658864,24.156019,3
5144,66000,387130000C,(04)23274275,(04)23288582,2025,08,14,11,15,臺中市,大里區,0,1,0,7,3,6,50,3,2,1,5,4,6,6,3,1,5,4,5,1,16,3,10,1,1,C03,7,6,1,10,2,13,,11,11,1,13,4,120.687075,24.09918,2
5145,66000,387130000C,(04)23274275,(04)23288582,2025,08,14,11,15,臺中市,清水區,0,0,0,7,,,70,,,,,,,,,,,,,,17,,,,,B03,,,1,,9,,,40,40,1,12,4,120.574697,24.300073,3
5146,66000,387130000C,(04)23274275,(04)23288582,2025,08,14,11,27,臺中市,西屯區,0,1,0,7,2,6,50,4,1,1,5,4,6,6,4,4,10,5,5,2,15,3,10,3,1,B03,7,9,1,8,2,5,,15,15,1,13,4,120.658039,24.169073,2
5147,66000,387130000C,(04)23274275,(04)23288582,2025,08,14,11,30,臺中市,南區,0,1,0,7,1,6,50,4,1,1,5,4,6,6,1,1,10,5,5,2,17,3,10,3,1,B03,7,5,1,8,2,2,,11,11,1,12,4,120.656736,24.11387,2
5148,66000,387130000C,(04)23274275,(04)23288582,2025,08,14,11,40,臺中市,北區,0,0,0,7,,,30,,,,,,,,,,,,,,17,,,,,B01,,,1,,9,,,8,8,2,13,4,120.667351,24.168814,3
5149,66000,387130000C,(04)23274275,(04)23288582,2025,08,14,11,40,臺中市,清水區,0,0,0,7,,,50,,,,,,,,,,,,,,,,,,,B03,,,1,,2,,,84,84,1,12,4,120.578286,24.268911,3
5150,66000,387130000C,(04)23274275,(04)23288582,2025,08,14,11,41,臺中市,北屯區,0,0,0,7,,,50,,,,,,,,,,,,,,12,,,,,B03,,,1,,1,,,8,8,1,12,4,120.688988,24.182291,3
5151,66000,387130000C,(04)23274275,(04)23288582,2025,08,14,11,45,臺中市,西屯區,0,1,0,7,2,6,50,13,7,1,5,4,6,6,1,1,5,5,4,2,13,2,9,5,4,C03,7,9,1,10,1,11,,88,88,1,12,4,120.647873,24.169797,2
5152,66000,387130000C,(04)23274275,(04)23288582,2025,08,14,11,46,臺中市,霧峰區,0,1,0,7,2,6,30,3,1,1,5,4,6,6,3,1,10,5,5,2,16,3,10,3,1,B12,7,5,1,8,2,8,,11,11,1,6,4,120.664341,24.079727,2
5153,66000,387130000C,(04)23274275,(04)23288582,2025,08,14,11,47,臺中市,大肚區,0,1,0,7,2,6,50,4,1,1,5,4,6,6,4,4,10,5,5,2,15,3,10,3,1,B03,7,9,1,8,2,6,,12,12,1,6,4,120.540821,24.155376,2
5154,66000,387130000C,(04)23274275,(04)23288582,2025,08,14,11,48,臺中市,西屯區,0,0,0,7,,,40,,,,,,,,,,,,,,,,,,,B03,,,1,6,1,,,56,56,1,12,4,120.623935,24.178475,3
5155,66000,387130000C,(04)23274275,(04)23288582,2025,08,14,11,51,臺中市,沙鹿區,0,1,0,7,2,6,30,13,9,1,5,4,6,6,4,4,9,5,5,2,30,2,9,1,1,C03,7,9,1,10,2,14,,87,87,1,13,4,120.568787,24.250737,2
5156,66000,387130000C,(04)23274275,(04)23288582,2025,08,14,11,54,臺中市,北屯區,0,0,0,7,,,50,,,,,,,,,,,,,,,,,,,C03,,,1,,1,,,84,84,1,12,4,120.717779,24.182371,3
5157,66000,387130000C,(04)23274275,(04)23288582,2025,08,14,11,55,臺中市,北屯區,0,1,0,7,2,6,50,4,2,1,5,4,6,6,2,1,10,5,5,2,12,3,10,3,1,B12,7,6,1,8,2,8,,84,84,1,12,4,120.668625,24.178349,2
5158,66000,387130000C,(04)23274275,(04)23288582,2025,08,14,11,55,臺中市,清水區,0,1,0,7,3,6,30,11,9,1,5,2,6,6,4,4,10,5,5,2,18,2,9,2,1,F03,7,9,7,21,2,16,,84,84,1,12,4,120.586916,24.275658,2
5159,66000,387130000C,(04)23274275,(04)23288582,2025,08,14,11,56,臺中市,北區,0,1,0,7,3,6,50,4,2,1,5,4,6,6,1,1,5,4,5,2,16,2,9,5,4,C03,7,6,1,10,2,14,,11,11,1,13,4,120.667379,24.164722,2
5160,66000,387130000C,(04)23274275,(04)23288582,2025,08,14,11,57,臺中市,北屯區,0,1,0,7,2,6,50,4,1,1,5,4,6,6,4,4,5,5,5,2,15,2,8,2,1,C03,7,9,1,10,2,11,,15,15,1,12,4,120.717185,24.170868,2
5161,66000,387130000C,(04)23274275,(04)23288582,2025,08,14,11,57,臺中市,大里區,0,2,0,7,2,6,50,13,7,1,5,4,6,6,3,1,5,2,4,2,16,2,9,1,1,C03,7,1,1,10,2,11,,51,51,1,13,4,120.689603,24.117242,2
5162,66000,387130000C,(04)23274275,(04)23288582,2025,08,14,11,58,臺中市,龍井區,0,0,0,7,,,50,,,,,,,,,,,,,,12,,,,,B03,,,1,,2,,,8,8,1,6,4,120.584683,24.182006,3