﻿序號,縣市別代碼,機關代碼,市話,傳真,年,月,日,時,分,縣市,區,死亡數量,受傷數量,2-30,天候,道路照明設備,道路類別,道路速限,道路型態,事故位置,路面鋪裝,路面狀態,路面缺陷,障礙物,視距,號誌種類,號誌動作,分向設施,快車道或一般車道間,快慢車道間,路面邊線,事故類型及型態,受傷程度,主要傷處,保護裝備,行動電話或功能裝置,當事者區分_類別,車輛用途,當事者行動狀態,駕照狀態,駕照種類,飲酒情形,車輛撞擊部位最初,車輛撞擊部位其他,肇事因素個別,肇事因素主要,肇事逃逸,職業,共享經濟或外送平台,GPS座標X,GPS座標Y,事故類別
5163,66000,387130000C,(04)23274275,(04)23288582,2025,08,14,12,2,臺中市,北屯區,0,2,0,7,1,6,50,4,2,1,5,4,6,6,1,1,5,4,5,2,12,2,5,1,1,C03,7,9,1,8,2,12,,4,4,1,13,4,120.696538,24.179477,2
5164,66000,387130000C,(04)23274275,(04)23288582,2025,08,14,12,4,臺中市,南屯區,0,0,0,7,,,50,,,,,,,,,,,,,,16,,,,,B03,,,1,,1,,,11,11,1,13,4,120.624651,24.152194,3
5165,66000,387130000C,(04)23274275,(04)23288582,2025,08,14,12,5,臺中市,沙鹿區,0,0,0,7,,,50,,,,,,,,,,,,,,,,,,,B03,,,,,1,4,,59,59,1,6,4,120.558579,24.227847,3
5166,66000,387130000C,(04)23274275,(04)23288582,2025,08,14,12,6,臺中市,大里區,0,1,0,7,3,6,50,13,7,1,5,4,6,6,4,4,5,5,4,2,13,2,8,1,1,F03,7,9,7,21,2,11,,7,7,1,6,4,120.710073,24.10317,2
5167,66000,387130000C,(04)23274275,(04)23288582,2025,08,14,12,15,臺中市,北屯區,0,1,0,7,3,6,50,5,1,1,5,4,6,6,2,1,5,5,5,2,15,3,10,3,1,B03,7,9,1,8,2,6,,84,84,1,6,4,120.686754,24.200912,2
5168,66000,387130000C,(04)23274275,(04)23288582,2025,08,14,12,16,臺中市,北區,0,0,0,7,,,50,,,,,,,,,,,,,,,,,,,F01,,,7,,2,,,84,84,1,12,4,120.691386,24.158585,4
5169,66000,387130000C,(04)23274275,(04)23288582,2025,08,14,12,25,臺中市,太平區,0,1,0,7,2,6,50,3,2,1,5,4,6,6,4,4,5,2,5,2,25,2,9,4,4,F01,7,5,7,21,2,11,12,84,84,1,12,4,120.709763,24.151294,2
5170,66000,387130000C,(04)23274275,(04)23288582,2025,08,14,12,27,臺中市,太平區,0,1,0,7,3,6,40,3,1,1,5,4,6,6,4,4,10,5,5,2,17,2,9,1,1,F03,7,9,7,21,1,11,,43,43,1,12,4,120.725646,24.149887,2
5171,66000,387130000C,(04)23274275,(04)23288582,2025,08,14,12,28,臺中市,北屯區,0,0,0,7,,,50,,,,,,,,,,,,,,12,,,,,B03,,,1,,1,,,8,8,1,12,4,120.688666,24.174998,3
5172,66000,387130000C,(04)23274275,(04)23288582,2025,08,14,12,30,臺中市,北屯區,0,1,0,7,2,6,50,11,9,1,5,4,6,6,4,4,5,5,5,2,13,2,7,2,1,C03,7,9,1,10,2,11,,7,7,1,12,4,120.785903,24.20206,2
5173,66000,387130000C,(04)23274275,(04)23288582,2025,08,14,12,37,臺中市,南區,0,2,0,7,3,6,50,13,9,1,5,4,6,6,4,4,5,5,5,2,17,2,9,5,4,C03,7,15,1,10,2,13,,84,84,1,6,4,120.682255,24.131095,2
5174,66000,387130000C,(04)23274275,(04)23288582,2025,08,14,12,38,臺中市,北區,0,1,0,7,2,6,50,13,9,1,5,4,6,6,4,4,9,5,5,2,9,3,10,3,1,B01,7,9,1,1,2,5,,84,84,1,12,4,120.68155,24.153709,2
5175,66000,387130000C,(04)23274275,(04)23288582,2025,08,14,12,40,臺中市,南區,0,1,0,7,3,6,30,4,1,1,5,4,6,6,3,1,10,5,5,2,15,2,9,1,1,C03,7,9,1,10,2,11,,24,24,1,6,4,120.657467,24.121062,2
5176,66000,387130000C,(04)23274275,(04)23288582,2025,08,14,12,40,臺中市,西屯區,0,0,0,7,,,50,,,,,,,,,,,,,,16,,,,,B01,,,1,4,1,,,45,45,1,12,4,120.650301,24.175752,3
5177,66000,387130000C,(04)23274275,(04)23288582,2025,08,14,12,41,臺中市,北區,0,1,0,7,3,6,50,5,2,1,5,4,6,6,1,1,5,4,3,2,16,3,10,5,4,B03,7,5,1,8,2,2,,11,11,1,13,4,120.685106,24.160738,2
5178,66000,387130000C,(04)23274275,(04)23288582,2025,08,14,12,47,臺中市,太平區,0,0,0,7,,,30,,,,,,,,,,,,,,15,,,,,B03,,,1,,2,,,12,12,1,12,4,120.706616,24.154125,3
5179,66000,387130000C,(04)23274275,(04)23288582,2025,08,14,12,50,臺中市,大雅區,0,0,0,7,,,70,,,,,,,,,,,,,,,,,,,B03,,,1,,1,,,40,40,1,13,4,120.629981,24.240934,3
5180,66000,387130000C,(04)23274275,(04)23288582,2025,08,14,12,50,臺中市,沙鹿區,0,0,0,7,,,50,,,,,,,,,,,,,,17,,,,,B03,,,1,,2,,,84,84,1,6,4,120.562082,24.216977,3
5181,66000,387130000C,(04)23274275,(04)23288582,2025,08,14,12,54,臺中市,南屯區,0,0,0,7,,,40,,,,,,,,,,,,,,,,,,,B03,,,1,,9,,,84,84,1,12,4,120.63595,24.147705,3
5182,66000,387130000C,(04)23274275,(04)23288582,2025,08,14,12,55,臺中市,中區,0,0,0,7,,,50,,,,,,,,,,,,,,,,,,,B03,,,1,,1,,,7,7,1,12,4,120.684916,24.137577,3
5183,66000,387130000C,(04)23274275,(04)23288582,2025,08,14,13,4,臺中市,北屯區,0,0,0,7,,,50,,,,,,,,,,,,,,,,,,,B03,,,1,,9,,,84,84,1,13,4,120.694024,24.171704,3
5184,66000,387130000C,(04)23274275,(04)23288582,2025,08,14,13,7,臺中市,東區,0,0,0,7,,,50,,,,,,,,,,,,,,17,,,,,B03,,,1,,1,,,85,85,1,12,4,120.688484,24.135263,4
5185,66000,387130000C,(04)23274275,(04)23288582,2025,08,14,13,8,臺中市,大肚區,0,2,0,7,2,6,50,13,7,1,5,4,6,6,2,1,5,4,4,2,13,2,9,1,1,C03,7,9,1,10,2,13,,7,7,1,5,4,120.540742,24.159632,2
5186,66000,387130000C,(04)23274275,(04)23288582,2025,08,14,13,10,臺中市,太平區,0,0,0,7,,,50,,,,,,,,,,,,,,12,,,,,A12,,,1,,2,,,40,40,1,6,4,120.714143,24.135644,3
5187,66000,387130000C,(04)23274275,(04)23288582,2025,08,14,13,12,臺中市,北屯區,0,0,0,7,,3,40,,,,,,,,,,,,,,13,,,,,B03,,,1,,1,,,59,59,1,12,4,120.666265,24.20114,4
5188,66000,387130000C,(04)23274275,(04)23288582,2025,08,14,13,15,臺中市,西區,0,2,0,7,3,6,50,5,1,1,5,4,6,6,1,1,10,5,5,2,16,2,9,2,1,C03,7,6,1,10,2,14,,48,48,1,12,4,120.66563,24.135209,2
5189,66000,387130000C,(04)23274275,(04)23288582,2025,08,14,13,19,臺中市,南屯區,0,0,0,7,,,50,,,,,,,,,,,,,,,,,,,A12,,,1,,9,,,59,59,1,12,4,120.640867,24.143924,3
5190,66000,387130000C,(04)23274275,(04)23288582,2025,08,14,13,20,臺中市,北屯區,0,2,0,7,2,6,50,13,7,1,5,4,6,6,4,4,1,4,4,2,13,2,9,1,1,C03,7,9,1,10,2,11,,84,84,1,13,4,120.714349,24.164193,2
5191,66000,387130000C,(04)23274275,(04)23288582,2025,08,14,13,23,臺中市,霧峰區,0,0,0,7,,,30,,,,,,,,,,,,,,,,,,,B03,,,1,,2,,,15,15,1,6,4,120.717038,24.073657,3
5192,66000,387130000C,(04)23274275,(04)23288582,2025,08,14,13,28,臺中市,豐原區,0,0,0,7,,,50,,,,,,,,,,,,,,13,,,,,B03,,,1,,2,,,84,84,1,13,4,120.752088,24.271642,3
5193,66000,387130000C,(04)23274275,(04)23288582,2025,08,14,13,30,臺中市,西屯區,0,2,0,7,2,6,30,13,9,1,5,4,6,6,4,4,10,5,5,2,11,2,9,2,1,C03,7,9,1,10,2,11,,8,8,1,13,4,120.631389,24.172153,2
5194,66000,387130000C,(04)23274275,(04)23288582,2025,08,14,13,30,臺中市,太平區,0,1,0,7,2,6,50,3,2,1,5,4,6,6,1,1,5,2,4,1,16,2,9,2,1,C03,7,9,1,10,2,11,12,84,84,1,12,4,120.712551,24.149755,2
5195,66000,387130000C,(04)23274275,(04)23288582,2025,08,14,13,31,臺中市,西屯區,0,0,0,7,,,30,,,,,,,,,,,,,,,,,,,B03,,,1,,9,,,8,8,1,12,4,120.65643,24.161679,3
5196,66000,387130000C,(04)23274275,(04)23288582,2025,08,14,13,33,臺中市,西屯區,0,1,0,7,2,6,50,5,1,1,5,4,6,6,4,4,10,5,5,2,16,3,10,5,4,B03,7,5,1,8,2,2,,47,47,1,12,4,120.660102,24.164309,2
5197,66000,387130000C,(04)23274275,(04)23288582,2025,08,14,13,35,臺中市,龍井區,0,0,0,7,,,50,,,,,,,,,,,,,,14,,,,,B03,,,1,,1,,,49,49,1,6,4,120.583352,24.179648,3
5198,66000,387130000C,(04)23274275,(04)23288582,2025,08,14,13,40,臺中市,南屯區,0,0,0,7,,,40,,,,,,,,,,,,,,,,,,,,,,,,,,,116,116,1,,,120.589178,24.159886,3
5199,66000,387130000C,(04)23274275,(04)23288582,2025,08,14,13,42,臺中市,北區,0,1,0,7,2,6,50,4,1,1,5,4,6,6,1,1,5,4,5,2,16,3,10,3,1,B03,7,6,1,8,2,6,,11,11,1,12,4,120.677938,24.16704,2
5200,66000,387130000C,(04)23274275,(04)23288582,2025,08,14,13,45,臺中市,南區,0,0,0,7,1,6,50,13,7,1,5,4,6,6,1,1,5,4,5,2,13,3,10,3,1,B03,7,9,1,8,2,1,,84,84,1,12,4,120.652498,24.122127,3
5201,66000,387130000C,(04)23274275,(04)23288582,2025,08,14,13,45,臺中市,霧峰區,0,2,0,7,3,6,25,4,1,1,5,4,6,6,4,4,10,5,5,1,15,2,9,1,1,C03,7,9,1,10,2,11,,12,12,1,5,4,120.689662,24.062151,2
5202,66000,387130000C,(04)23274275,(04)23288582,2025,08,14,13,50,臺中市,大里區,0,0,0,7,,,50,,,,,,,,,,,,,,,,,,,A12,,,1,,2,,,49,49,1,12,4,120.698191,24.122734,3
5203,66000,387130000C,(04)23274275,(04)23288582,2025,08,14,13,55,臺中市,東區,0,2,0,7,3,6,50,4,1,1,5,4,6,6,1,1,5,5,5,2,12,2,9,2,1,C03,7,9,1,10,2,12,,7,7,1,13,4,120.690157,24.131731,2
5204,66000,387130000C,(04)23274275,(04)23288582,2025,08,14,13,58,臺中市,大雅區,0,1,0,7,2,6,0,3,1,1,5,4,6,6,1,1,10,4,5,1,17,3,10,1,1,C03,7,15,1,10,2,11,,84,84,1,12,4,120.650266,24.2095,2
5205,66000,387130000C,(04)23274275,(04)23288582,2025,08,14,13,59,臺中市,潭子區,0,1,0,7,3,6,50,4,1,1,5,4,6,6,1,1,1,4,4,1,17,2,8,2,1,C03,7,1,1,10,2,12,,84,84,1,13,4,120.70515,24.215575,2
5206,66000,387130000C,(04)23274275,(04)23288582,2025,08,14,13,59,臺中市,東區,0,1,0,7,3,6,50,4,1,1,5,4,6,6,1,1,10,5,5,2,16,2,9,1,1,C03,7,6,1,10,2,14,,11,11,1,6,4,120.697296,24.147958,2
5207,66000,387130000C,(04)23274275,(04)23288582,2025,08,14,14,3,臺中市,霧峰區,0,0,0,7,,,30,,,,,,,,,,,,,,,,,,,B11,,,1,,2,,,49,49,1,6,4,120.699505,24.063238,3
5208,66000,387130000C,(04)23274275,(04)23288582,2025,08,14,14,7,臺中市,北區,0,0,0,7,,,50,,,,,,,,,,,,,,17,,,,,,,,,,,,,86,86,1,,,120.679853,24.161049,3
5209,66000,387130000C,(04)23274275,(04)23288582,2025,08,14,14,10,臺中市,大里區,0,0,0,7,2,6,50,3,1,1,5,4,6,6,1,1,5,5,5,2,3,3,10,3,1,B03,7,6,1,8,2,8,,10,10,1,13,4,120.689713,24.113916,3
5210,66000,387130000C,(04)23274275,(04)23288582,2025,08,14,14,16,臺中市,東區,0,1,0,7,3,6,50,4,9,1,5,4,6,6,4,4,5,5,5,2,15,3,10,5,4,B13,7,9,1,7,2,4,,12,12,1,6,4,120.706016,24.142145,2
5211,66000,387130000C,(04)23274275,(04)23288582,2025,08,14,14,20,臺中市,北區,0,0,0,7,,,50,,,,,,,,,,,,,,,,,,,B03,,,1,,11,,,87,87,1,13,4,120.687956,24.15399,3
5212,66000,387130000C,(04)23274275,(04)23288582,2025,08,14,14,21,臺中市,霧峰區,0,0,0,7,,,30,,,,,,,,,,,,,,17,,,,,B03,,,1,,2,,,50,50,1,12,4,120.720375,24.078498,3
5213,66000,387130000C,(04)23274275,(04)23288582,2025,08,14,14,28,臺中市,大雅區,0,1,0,7,2,6,30,4,1,1,5,4,6,6,4,4,5,5,5,2,15,3,10,3,1,B03,7,9,1,8,2,5,,12,12,1,13,4,120.661937,24.218059,2
5214,66000,387130000C,(04)23274275,(04)23288582,2025,08,14,14,32,臺中市,北區,0,2,0,7,2,6,50,4,1,1,5,4,6,6,1,1,10,5,5,2,13,2,9,5,4,C03,7,9,4,10,2,14,,7,7,1,13,4,120.664018,24.161733,2
5215,66000,387130000C,(04)23274275,(04)23288582,2025,08,14,14,35,臺中市,外埔區,0,0,0,7,3,6,40,13,9,1,5,4,6,6,4,4,10,5,5,1,30,,,,,,,9,,,,,,119,119,1,,,120.660689,24.333692,3
5216,66000,387130000C,(04)23274275,(04)23288582,2025,08,14,14,38,臺中市,梧棲區,0,0,0,7,,,30,,,,,,,,,,,,,,15,,,,,B12,,,1,,2,,,15,15,1,12,4,120.532543,24.238488,3
5217,66000,387130000C,(04)23274275,(04)23288582,2025,08,14,14,39,臺中市,北區,0,0,0,7,,,50,,,,,,,,,,,,,,11,,,,,B01,,,1,,2,,,84,84,1,13,4,120.679895,24.157993,3
5218,66000,387130000C,(04)23274275,(04)23288582,2025,08,14,14,40,臺中市,南屯區,0,0,0,7,,,50,,,,,,,,,,,,,,12,,,,,B03,,,1,,2,,,50,50,1,13,4,120.637167,24.137826,3
5219,66000,387130000C,(04)23274275,(04)23288582,2025,08,14,14,45,臺中市,北屯區,0,1,0,7,2,6,50,13,9,1,5,4,6,6,4,4,5,5,5,2,18,2,8,2,1,C03,7,9,1,10,2,11,,59,59,1,12,4,120.714349,24.164537,2
5220,66000,387130000C,(04)23274275,(04)23288582,2025,08,14,14,45,臺中市,西屯區,0,0,0,7,,,30,,,,,,,,,,,,,,17,,,,,B03,,,1,,1,,,77,77,1,12,4,120.650093,24.167951,3
5221,66000,387130000C,(04)23274275,(04)23288582,2025,08,14,14,47,臺中市,潭子區,0,1,0,7,3,6,40,13,9,1,5,4,6,6,4,4,10,5,5,2,11,3,10,2,1,C03,7,9,1,10,2,12,,41,41,1,13,4,120.694418,24.218635,2
5222,66000,387130000C,(04)23274275,(04)23288582,2025,08,14,14,49,臺中市,烏日區,0,1,0,7,2,6,40,13,8,1,5,4,6,6,4,4,1,4,1,1,13,2,9,2,1,C03,7,9,1,10,2,11,,58,58,1,6,4,120.647987,24.085791,2
5223,66000,387130000C,(04)23274275,(04)23288582,2025,08,14,14,50,臺中市,西屯區,0,1,0,7,2,6,50,13,7,1,5,4,6,6,4,4,5,5,4,2,16,3,10,2,1,C03,7,9,1,10,2,15,,7,7,1,12,4,120.647183,24.166178,2
5224,66000,387130000C,(04)23274275,(04)23288582,2025,08,14,14,51,臺中市,大里區,0,1,0,7,2,6,50,3,1,1,5,4,6,6,4,4,10,4,5,2,12,2,9,2,1,C03,7,9,1,10,2,14,,8,8,1,12,4,120.681527,24.100502,2
5225,66000,387130000C,(04)23274275,(04)23288582,2025,08,14,14,56,臺中市,西區,0,0,0,7,,,50,,,,,,,,,,,,,,,,,,,B03,,,1,,1,,,51,51,1,12,4,120.66189,24.151538,3
5226,66000,387130000C,(04)23274275,(04)23288582,2025,08,14,14,57,臺中市,神岡區,0,0,0,7,,,60,,,,,,,,,,,,,,13,,,,,B03,,,1,,1,,,84,84,1,12,4,120.680942,24.245308,3
5227,66000,387130000C,(04)23274275,(04)23288582,2025,08,14,14,59,臺中市,大里區,0,2,0,7,2,6,30,4,1,1,5,4,6,6,4,4,10,5,5,2,16,2,8,1,1,C03,7,9,1,10,2,11,,7,7,1,6,4,120.698267,24.087378,2
5228,66000,387130000C,(04)23274275,(04)23288582,2025,08,14,15,6,臺中市,西區,0,1,0,7,2,6,50,3,1,1,5,4,6,6,4,4,10,5,5,2,17,3,10,2,1,C03,7,1,1,10,2,11,,51,51,1,12,4,120.666979,24.135612,2
5229,66000,387130000C,(04)23274275,(04)23288582,2025,08,14,15,7,臺中市,北屯區,0,2,0,7,2,6,50,13,9,1,5,4,6,6,4,4,9,5,5,2,12,2,9,1,1,C03,7,1,1,10,2,11,,51,51,1,5,4,120.692087,24.179512,2
5230,66000,387130000C,(04)23274275,(04)23288582,2025,08,14,15,8,臺中市,西屯區,0,0,0,7,,,50,,,,,,,,,,,,,,12,,,,,C03,,,1,,1,,,8,8,1,13,4,120.645494,24.172417,4
5231,66000,387130000C,(04)23274275,(04)23288582,2025,08,14,15,10,臺中市,西區,0,1,0,6,2,6,50,4,1,1,5,4,6,6,1,1,10,5,5,2,17,3,10,3,1,B03,7,6,1,8,2,5,,11,11,1,13,4,120.665783,24.150717,2
5232,66000,387130000C,(04)23274275,(04)23288582,2025,08,14,15,10,臺中市,西屯區,0,0,0,7,,,30,,,,,,,,,,,,,,,,,,,B03,,,1,,1,,,8,8,1,12,4,120.637975,24.171137,3
5233,66000,387130000C,(04)23274275,(04)23288582,2025,08,14,15,11,臺中市,南屯區,0,0,0,7,,,50,,,,,,,,,,,,,,,,,,,B12,,,1,,1,,,85,85,1,13,4,120.627051,24.113271,3
5234,66000,387130000C,(04)23274275,(04)23288582,2025,08,14,15,12,臺中市,太平區,0,0,0,7,,,50,,,,,,,,,,,,,,12,,,,,B13,,,1,,2,,,45,45,1,6,4,120.717762,24.131377,3
5235,66000,387130000C,(04)23274275,(04)23288582,2025,08,14,15,15,臺中市,南區,0,0,0,7,,,50,,,,,,,,,,,,,,17,,,,,C03,,,1,,2,,,84,84,1,12,4,120.652148,24.112883,4
5236,66000,387130000C,(04)23274275,(04)23288582,2025,08,14,15,16,臺中市,中區,0,2,0,7,3,6,50,4,1,1,5,4,6,6,4,4,10,5,5,2,15,2,9,2,1,C03,7,9,1,10,2,11,,12,12,1,12,4,120.677819,24.145231,2
5237,66000,387130000C,(04)23274275,(04)23288582,2025,08,14,15,17,臺中市,北區,0,2,0,7,2,6,50,4,1,1,5,4,6,6,1,1,10,5,5,2,13,3,10,5,4,C03,7,12,1,10,2,11,,7,7,1,13,4,120.672032,24.170219,2
5238,66000,387130000C,(04)23274275,(04)23288582,2025,08,14,15,18,臺中市,西區,0,2,0,7,2,6,30,4,1,1,5,4,6,6,4,4,10,5,5,2,15,2,9,5,4,C03,7,9,1,10,2,11,,15,15,1,12,4,120.656596,24.15433,2
5239,66000,387130000C,(04)23274275,(04)23288582,2025,08,14,15,19,臺中市,西屯區,0,1,0,7,2,6,0,13,21,1,5,4,6,6,4,4,10,5,5,2,17,3,10,5,4,B03,7,5,1,8,2,5,,20,20,1,13,4,120.645887,24.156249,2
5240,66000,387130000C,(04)23274275,(04)23288582,2025,08,14,15,19,臺中市,西屯區,0,1,0,7,2,6,50,3,1,1,5,4,6,6,4,4,10,5,5,2,16,3,10,3,1,B02,7,6,1,8,2,1,,12,12,1,13,4,120.630994,24.164975,2
5241,66000,387130000C,(04)23274275,(04)23288582,2025,08,14,15,20,臺中市,北屯區,0,1,0,7,2,6,50,4,1,1,5,4,6,6,2,1,10,5,5,2,13,2,8,1,1,C03,7,6,1,10,2,13,,48,48,1,6,4,120.70396,24.182162,2
5242,66000,387130000C,(04)23274275,(04)23288582,2025,08,14,15,25,臺中市,北屯區,0,1,0,7,3,6,50,4,1,1,5,4,6,6,4,4,10,5,5,2,15,3,10,3,1,B03,7,9,1,8,2,2,,12,12,1,12,4,120.723538,24.171629,2
5243,66000,387130000C,(04)23274275,(04)23288582,2025,08,14,15,28,臺中市,神岡區,0,1,0,7,1,6,50,11,9,1,5,4,6,6,1,1,1,5,5,1,13,2,8,5,4,B12,7,9,1,8,4,1,,59,59,1,12,4,120.662825,24.271754,2
5244,66000,387130000C,(04)23274275,(04)23288582,2025,08,14,15,30,臺中市,南屯區,0,0,0,7,3,6,50,13,8,1,5,4,6,6,4,4,1,4,1,2,13,,,,,B03,,,1,,1,,,84,84,1,12,4,120.624011,24.151617,3
5245,66000,387130000C,(04)23274275,(04)23288582,2025,08,14,15,30,臺中市,北屯區,0,0,0,7,,,50,,,,,,,,,,,,,,16,,,,,A12,,,1,,1,,,11,11,1,6,4,120.676095,24.201286,3
5246,66000,387130000C,(04)23274275,(04)23288582,2025,08,14,15,30,臺中市,西屯區,0,0,0,7,,,50,,,,,,,,,,,,,,14,,,,,B12,,,1,,1,,,49,49,1,12,4,120.647183,24.166178,3
5247,66000,387130000C,(04)23274275,(04)23288582,2025,08,14,15,32,臺中市,西區,0,0,0,7,,,50,,,,,,,,,,,,,,,,,,,B03,,,1,,2,,,49,49,1,12,4,120.669663,24.135673,3
5248,66000,387130000C,(04)23274275,(04)23288582,2025,08,14,15,35,臺中市,南屯區,0,0,0,7,,,50,,,,,,,,,,,,,,,,,,,C03,,,1,,1,,,51,51,1,12,4,120.613269,24.139701,3
5249,66000,387130000C,(04)23274275,(04)23288582,2025,08,14,15,37,臺中市,東區,0,1,0,7,2,6,50,4,1,1,5,4,6,6,1,1,9,4,5,2,17,2,9,1,1,C03,7,9,1,10,2,16,,7,7,1,12,4,120.692172,24.140002,2
5250,66000,387130000C,(04)23274275,(04)23288582,2025,08,14,15,42,臺中市,北區,0,0,0,7,,,50,,,,,,,,,,,,,,14,,,,,B12,,,1,,1,,,49,49,1,13,4,120.692035,24.160334,3
5251,66000,387130000C,(04)23274275,(04)23288582,2025,08,14,15,52,臺中市,西區,0,2,0,7,2,6,50,13,11,1,5,4,6,6,1,1,3,2,5,2,17,2,9,2,1,C03,7,9,1,10,2,12,,84,84,1,12,4,120.665876,24.139928,2
5252,66000,387130000C,(04)23274275,(04)23288582,2025,08,14,15,53,臺中市,清水區,0,1,0,7,2,6,70,13,8,1,5,4,6,6,4,4,1,4,4,1,16,3,10,3,1,B03,7,5,1,8,1,2,,20,20,1,13,4,120.569718,24.274063,2
5253,66000,387130000C,(04)23274275,(04)23288582,2025,08,14,15,55,臺中市,西屯區,0,1,0,7,2,6,40,13,8,1,5,4,6,6,4,4,5,4,4,2,17,3,10,3,1,B03,7,1,1,8,9,16,,51,51,1,12,4,120.664447,24.166549,2
5254,66000,387130000C,(04)23274275,(04)23288582,2025,08,14,15,57,臺中市,北區,0,0,0,7,3,9,50,3,1,1,5,4,6,6,4,4,5,5,5,2,17,,,,,C03,,,1,,1,,,7,7,1,13,4,120.67458,24.159285,3
5255,66000,387130000C,(04)23274275,(04)23288582,2025,08,14,15,57,臺中市,豐原區,0,1,0,7,2,6,50,13,9,1,5,4,3,3,4,4,5,5,5,1,17,2,8,1,1,C03,7,9,1,10,2,14,,4,4,1,13,4,120.726103,24.245877,2
5256,66000,387130000C,(04)23274275,(04)23288582,2025,08,14,16,0,臺中市,西屯區,0,1,0,7,2,6,50,13,9,1,5,4,6,6,4,4,9,4,5,2,16,3,10,3,1,B03,7,6,1,8,2,1,,48,48,1,13,4,120.638968,24.160315,2
5257,66000,387130000C,(04)23274275,(04)23288582,2025,08,14,16,8,臺中市,清水區,0,0,0,7,,,70,,,,,,,,,,,,,,,,,,,B03,,,1,,2,,,7,7,1,12,4,120.566644,24.268223,3
5258,66000,387130000C,(04)23274275,(04)23288582,2025,08,14,16,9,臺中市,大雅區,0,2,0,7,2,6,60,13,7,1,5,4,6,6,4,4,1,3,4,1,12,4,11,3,4,B03,7,8,1,8,1,2,,40,40,1,13,4,120.673763,24.240018,2
5259,66000,387130000C,(04)23274275,(04)23288582,2025,08,14,16,9,臺中市,霧峰區,0,1,0,7,2,6,30,3,1,1,5,4,6,6,4,4,10,5,5,2,16,3,10,2,1,C03,7,6,1,10,2,14,,84,84,1,13,4,120.71252,24.078186,2
5260,66000,387130000C,(04)23274275,(04)23288582,2025,08,14,16,10,臺中市,西區,0,2,0,7,2,6,30,4,1,1,5,4,6,6,4,4,10,5,5,2,17,3,10,1,1,C03,7,9,1,10,2,11,,15,15,1,13,4,120.661127,24.135727,2
5261,66000,387130000C,(04)23274275,(04)23288582,2025,08,14,16,10,臺中市,北區,0,1,0,7,2,6,50,4,9,1,5,4,6,6,4,4,5,5,5,2,3,3,10,5,4,C03,7,9,1,10,2,11,,84,84,1,13,4,120.688639,24.161367,2
5262,66000,387130000C,(04)23274275,(04)23288582,2025,08,14,16,10,臺中市,沙鹿區,0,2,0,7,2,6,30,4,1,1,5,4,6,6,4,4,10,5,5,2,15,2,9,1,1,C03,7,9,1,10,2,12,,12,12,1,12,4,120.569522,24.230333,2
5263,66000,387130000C,(04)23274275,(04)23288582,2025,08,14,16,13,臺中市,北屯區,0,1,0,7,2,6,50,4,1,1,5,4,6,6,2,1,10,5,5,2,16,3,10,3,1,B03,7,5,1,8,2,2,,84,84,1,6,4,120.705738,24.1648,2
5264,66000,387130000C,(04)23274275,(04)23288582,2025,08,14,16,15,臺中市,清水區,0,0,0,7,,,50,,,,,,,,,,,,,,13,,,,,B12,,,1,,1,,,8,8,1,13,4,120.595474,24.300644,3
5265,66000,387130000C,(04)23274275,(04)23288582,2025,08,14,16,16,臺中市,北區,0,0,0,7,,,50,,,,,,,,,,,,,,14,,,,,B03,,,1,,2,,,49,49,1,12,4,120.683189,24.16721,3
5266,66000,387130000C,(04)23274275,(04)23288582,2025,08,14,16,20,臺中市,西區,0,0,0,7,,,40,,,,,,,,,,,,,,17,,,,,B03,,,1,,9,,,43,43,1,12,4,120.660162,24.157995,3
5267,66000,387130000C,(04)23274275,(04)23288582,2025,08,14,16,20,臺中市,南屯區,0,1,0,7,2,6,50,4,1,1,5,4,6,6,2,1,5,5,5,2,17,3,10,1,1,C03,7,11,1,10,2,11,,45,45,1,6,4,120.642632,24.148797,2
5268,66000,387130000C,(04)23274275,(04)23288582,2025,08,14,16,20,臺中市,東勢區,0,0,0,7,,,30,,,,,,,,,,,,,,17,,,,,A12,,,1,,2,,,75,75,1,13,4,120.835663,24.249168,3
5269,66000,387130000C,(04)23274275,(04)23288582,2025,08,14,16,22,臺中市,沙鹿區,0,1,0,7,2,6,50,13,9,1,5,4,6,6,4,4,3,4,4,2,17,2,9,1,1,C03,7,9,1,10,2,12,,83,83,1,13,4,120.573686,24.22608,2
5270,66000,387130000C,(04)23274275,(04)23288582,2025,08,14,16,23,臺中市,大里區,0,0,0,7,3,6,40,13,7,1,5,4,6,6,4,4,1,4,4,,12,,,,,B03,,,1,,2,,,51,51,1,12,4,120.686751,24.095063,3
5271,66000,387130000C,(04)23274275,(04)23288582,2025,08,14,16,28,臺中市,西屯區,0,0,0,7,,,50,,,,,,,,,,,,,,12,,,,,B03,,,1,,1,,,51,51,1,13,4,120.618598,24.183438,3
5272,66000,387130000C,(04)23274275,(04)23288582,2025,08,14,16,30,臺中市,西屯區,0,1,0,7,2,6,50,3,2,1,5,4,3,6,4,4,10,5,5,2,17,3,10,3,1,B01,7,8,1,4,2,16,,43,43,1,12,4,120.63817,24.170093,2