﻿序號,縣市別代碼,機關代碼,市話,傳真,年,月,日,時,分,縣市,區,死亡數量,受傷數量,2-30,天候,道路照明設備,道路類別,道路速限,道路型態,事故位置,路面鋪裝,路面狀態,路面缺陷,障礙物,視距,號誌種類,號誌動作,分向設施,快車道或一般車道間,快慢車道間,路面邊線,事故類型及型態,受傷程度,主要傷處,保護裝備,行動電話或功能裝置,當事者區分_類別,車輛用途,當事者行動狀態,駕照狀態,駕照種類,飲酒情形,車輛撞擊部位最初,車輛撞擊部位其他,肇事因素個別,肇事因素主要,肇事逃逸,職業,共享經濟或外送平台,GPS座標X,GPS座標Y,事故類別
5273,66000,387130000C,(04)23274275,(04)23288582,2025,08,14,16,31,臺中市,豐原區,0,1,0,7,2,6,50,3,1,1,5,4,6,6,4,4,5,5,4,2,17,3,10,3,1,B03,7,11,1,8,2,4,,45,45,1,12,4,120.731443,24.255417,2
5274,66000,387130000C,(04)23274275,(04)23288582,2025,08,14,16,36,臺中市,大肚區,0,1,0,7,2,6,50,13,9,1,5,4,6,6,4,4,9,5,5,1,16,2,9,2,1,C03,7,9,1,10,2,11,,84,84,1,6,4,120.577288,24.165177,2
5275,66000,387130000C,(04)23274275,(04)23288582,2025,08,14,16,36,臺中市,豐原區,0,2,0,7,3,6,50,13,9,1,5,4,6,6,4,4,9,5,5,2,13,2,9,4,1,F01,7,11,7,21,2,14,,84,84,1,13,4,120.718714,24.247887,2
5276,66000,387130000C,(04)23274275,(04)23288582,2025,08,14,16,37,臺中市,北屯區,0,0,0,7,,,30,,,,,,,,,,,,,,12,,,,,B03,,,1,,9,,,8,8,2,6,4,120.683664,24.192799,3
5277,66000,387130000C,(04)23274275,(04)23288582,2025,08,14,16,38,臺中市,北屯區,0,1,0,7,1,6,50,4,2,1,5,4,6,6,1,1,5,4,4,2,12,3,10,3,1,B02,7,5,1,8,2,2,,11,11,1,13,4,120.704567,24.186493,2
5278,66000,387130000C,(04)23274275,(04)23288582,2025,08,14,16,40,臺中市,大里區,0,1,0,7,2,6,50,13,8,1,5,4,6,6,4,4,1,5,4,1,17,2,9,1,1,C03,7,9,1,10,2,11,,7,7,1,12,4,120.664059,24.08974,2
5279,66000,387130000C,(04)23274275,(04)23288582,2025,08,14,16,40,臺中市,大甲區,0,1,0,7,2,6,50,4,1,1,5,4,6,6,1,1,10,5,5,2,16,3,10,3,1,B03,7,5,1,8,2,2,,85,85,1,6,4,120.629618,24.345248,2
5280,66000,387130000C,(04)23274275,(04)23288582,2025,08,14,16,42,臺中市,大里區,0,0,0,7,,,50,,,,,,,,,,,,,,,,,,,B03,,,1,,2,,,7,7,1,13,4,120.697479,24.083532,3
5281,66000,387130000C,(04)23274275,(04)23288582,2025,08,14,16,43,臺中市,北區,0,0,0,7,,,50,,,,,,,,,,,,,,14,,,,,B03,,,1,,2,,,49,49,1,13,4,120.671533,24.162485,3
5282,66000,387130000C,(04)23274275,(04)23288582,2025,08,14,16,48,臺中市,南屯區,0,0,0,7,,,50,,,,,,,,,,,,,,,,,,,B12,,,1,,2,,,84,84,1,12,4,120.635574,24.136064,3
5283,66000,387130000C,(04)23274275,(04)23288582,2025,08,14,16,49,臺中市,太平區,0,1,0,7,3,6,50,4,1,1,5,4,6,6,4,4,10,5,5,2,16,3,10,3,1,B03,7,5,1,8,2,5,,11,11,1,6,4,120.721051,24.130396,2
5284,66000,387130000C,(04)23274275,(04)23288582,2025,08,14,16,52,臺中市,潭子區,0,0,0,7,3,6,50,3,1,1,5,4,6,6,2,1,5,4,5,2,17,3,10,3,1,B03,7,5,5,19,7,2,,26,26,1,13,4,120.708645,24.229909,3
5285,66000,387130000C,(04)23274275,(04)23288582,2025,08,14,16,55,臺中市,西區,0,1,0,7,2,6,50,4,1,1,5,4,6,6,1,1,10,5,5,2,17,3,10,5,4,B03,7,11,1,8,2,1,,45,45,1,12,4,120.661683,24.134253,2
5286,66000,387130000C,(04)23274275,(04)23288582,2025,08,14,16,56,臺中市,南屯區,0,0,0,7,,,0,,,,,,,,,,,,,,,,,,,C03,,,1,,9,,,50,50,1,12,4,120.650054,24.143353,3
5287,66000,387130000C,(04)23274275,(04)23288582,2025,08,14,16,56,臺中市,太平區,0,0,0,7,,,50,,,,,,,,,,,,,,13,,,,,B03,,,1,,1,,,7,7,1,6,4,120.709792,24.134973,3
5288,66000,387130000C,(04)23274275,(04)23288582,2025,08,14,16,57,臺中市,南區,0,1,0,7,2,6,50,13,9,1,5,4,6,6,4,4,1,4,5,2,12,3,10,3,1,B03,7,13,1,8,2,4,,76,76,1,12,4,120.657733,24.129472,2
5289,66000,387130000C,(04)23274275,(04)23288582,2025,08,14,16,59,臺中市,北屯區,0,2,0,7,3,6,50,4,2,1,5,4,6,6,2,1,10,5,5,2,13,2,9,2,1,C03,7,9,1,10,2,11,,84,84,1,6,4,120.685755,24.171821,2
5290,66000,387130000C,(04)23274275,(04)23288582,2025,08,14,17,0,臺中市,烏日區,0,1,0,7,3,6,50,3,1,1,5,4,6,6,2,1,1,4,3,1,16,3,10,3,1,B03,7,9,1,8,2,8,,21,21,1,6,4,120.609196,24.112872,2
5291,66000,387130000C,(04)23274275,(04)23288582,2025,08,14,17,3,臺中市,潭子區,0,2,0,7,2,6,50,13,7,1,5,4,6,6,4,4,5,5,4,2,17,2,9,3,1,B03,7,1,1,8,2,8,,51,51,1,13,4,120.704713,24.20842,2
5292,66000,387130000C,(04)23274275,(04)23288582,2025,08,14,17,6,臺中市,西屯區,0,0,0,7,,,30,,,,,,,,,,,,,,,,,,,B03,,,1,,1,,,15,15,1,13,4,120.616663,24.19002,3
5293,66000,387130000C,(04)23274275,(04)23288582,2025,08,14,17,6,臺中市,梧棲區,0,0,0,7,,,50,,,,,,,,,,,,,,12,,,,,A12,,,1,,1,,,84,84,1,12,4,120.553687,24.251436,3
5294,66000,387130000C,(04)23274275,(04)23288582,2025,08,14,17,7,臺中市,大甲區,0,0,0,7,,,50,,,,,,,,,,,,,,,,,,,B03,,,3,,2,,,1,1,1,6,4,120.6275,24.351746,3
5295,66000,387130000C,(04)23274275,(04)23288582,2025,08,14,17,9,臺中市,大里區,0,0,0,7,,,40,,,,,,,,,,,,,,13,,,,,C03,,,3,,2,,,7,7,1,13,4,120.699174,24.110238,3
5296,66000,387130000C,(04)23274275,(04)23288582,2025,08,14,17,10,臺中市,南區,0,0,0,7,1,6,50,4,1,1,5,4,6,6,1,1,10,4,5,2,17,3,10,1,1,C03,7,6,1,10,1,13,,11,11,1,12,4,120.680884,24.128279,3
5297,66000,387130000C,(04)23274275,(04)23288582,2025,08,14,17,11,臺中市,西屯區,0,2,0,7,2,6,50,4,1,1,5,4,6,6,2,1,1,4,5,2,17,2,9,5,4,C03,7,6,1,10,2,13,,42,42,1,13,4,120.651959,24.182,2
5298,66000,387130000C,(04)23274275,(04)23288582,2025,08,14,17,11,臺中市,大里區,0,2,0,7,3,6,0,3,2,1,5,4,6,6,4,4,10,5,5,2,9,2,8,6,5,H04,8,20,7,21,2,17,,98,98,1,12,5,120.686234,24.114774,2
5299,66000,387130000C,(04)23274275,(04)23288582,2025,08,14,17,12,臺中市,大雅區,0,0,0,7,,,30,,,,,,,,,,,,,,,,,,,B03,,,1,,1,,,51,51,1,13,4,120.637281,24.233044,3
5300,66000,387130000C,(04)23274275,(04)23288582,2025,08,14,17,12,臺中市,后里區,0,0,0,7,3,6,50,13,9,1,5,4,6,6,4,4,10,5,5,1,12,3,10,1,1,C03,7,4,1,10,7,12,,1,1,1,6,4,120.706308,24.301794,3
5301,66000,387130000C,(04)23274275,(04)23288582,2025,08,14,17,13,臺中市,北區,0,2,0,7,3,6,50,18,24,1,5,4,6,6,1,1,10,5,5,2,17,2,9,5,4,C03,7,11,1,10,2,12,,45,45,1,13,4,120.667259,24.155255,2
5302,66000,387130000C,(04)23274275,(04)23288582,2025,08,14,17,15,臺中市,西區,0,1,0,7,1,6,50,3,1,1,5,4,6,6,1,1,10,5,5,1,17,3,10,5,4,B03,7,9,1,8,2,1,,25,25,1,12,4,120.663831,24.140207,2
5303,66000,387130000C,(04)23274275,(04)23288582,2025,08,14,17,15,臺中市,南屯區,0,0,0,7,3,6,50,13,9,1,5,4,6,6,1,1,5,5,5,2,13,,,,,B03,,,1,,2,,,7,7,1,12,4,120.602639,24.139284,3
5304,66000,387130000C,(04)23274275,(04)23288582,2025,08,14,17,16,臺中市,大肚區,0,1,0,7,2,6,50,14,9,1,5,4,6,6,4,4,10,5,5,2,17,3,10,3,1,B03,7,10,1,8,2,8,,18,18,1,6,4,120.578515,24.111953,2
5305,66000,387130000C,(04)23274275,(04)23288582,2025,08,14,17,18,臺中市,梧棲區,0,1,0,7,3,6,70,4,1,1,5,4,6,6,1,1,10,5,5,2,16,3,10,3,1,B03,7,6,1,8,2,8,,23,23,1,6,4,120.55207,24.244147,2
5306,66000,387130000C,(04)23274275,(04)23288582,2025,08,14,17,20,臺中市,南屯區,0,1,0,7,2,6,30,13,9,1,5,4,6,6,4,4,10,5,5,2,17,3,10,3,1,B03,7,1,1,8,2,8,,51,51,1,6,4,120.651333,24.139464,2
5307,66000,387130000C,(04)23274275,(04)23288582,2025,08,14,17,20,臺中市,西屯區,0,1,0,7,2,6,50,3,2,1,5,4,6,6,4,4,10,5,5,2,12,2,9,1,1,C04,7,6,1,10,2,12,,8,8,1,12,4,120.589944,24.177875,2
5308,66000,387130000C,(04)23274275,(04)23288582,2025,08,14,17,22,臺中市,南屯區,0,0,0,7,,,50,,,,,,,,,,,,,,,,,,,B12,,,1,,2,,,8,8,1,13,4,120.646952,24.141604,3
5309,66000,387130000C,(04)23274275,(04)23288582,2025,08,14,17,22,臺中市,龍井區,0,0,0,7,,,30,,,,,,,,,,,,,,,,,,,C03,,,1,,2,,,15,15,1,6,4,120.530533,24.20148,3
5310,66000,387130000C,(04)23274275,(04)23288582,2025,08,14,17,23,臺中市,霧峰區,0,0,0,7,,,60,,,,,,,,,,,,,,,,,,,B03,,,1,,1,,,50,50,1,13,4,120.692147,24.045812,3
5311,66000,387130000C,(04)23274275,(04)23288582,2025,08,14,17,24,臺中市,東區,0,2,0,7,3,6,50,4,1,1,5,4,6,6,1,1,10,5,5,2,13,2,9,2,1,C03,7,9,1,10,2,11,,84,84,1,12,4,120.699122,24.147933,2
5312,66000,387130000C,(04)23274275,(04)23288582,2025,08,14,17,27,臺中市,大甲區,0,0,0,7,3,6,40,13,9,1,5,4,6,6,4,4,5,2,5,1,12,,,,,B03,,,1,,2,,,87,87,1,13,4,120.65381,24.381604,3
5313,66000,387130000C,(04)23274275,(04)23288582,2025,08,14,17,29,臺中市,大雅區,0,0,0,7,,,50,,,,,,,,,,,,,,,,,,,B12,,,1,,2,,,51,51,1,13,5,120.669244,24.214356,3
5314,66000,387130000C,(04)23274275,(04)23288582,2025,08,14,17,29,臺中市,北屯區,0,0,0,7,,,50,,,,,,,,,,,,,,13,,,,,B03,,,1,,1,,,7,7,1,12,4,120.677078,24.185695,3
5315,66000,387130000C,(04)23274275,(04)23288582,2025,08,14,17,30,臺中市,大雅區,0,1,0,7,3,6,60,4,1,1,5,4,6,6,1,1,1,3,5,1,17,3,10,1,4,C03,7,9,1,10,2,11,,21,21,1,13,4,120.657038,24.230526,2
5316,66000,387130000C,(04)23274275,(04)23288582,2025,08,14,17,30,臺中市,南區,0,0,0,7,,,50,,,,,,,,,,,,,,17,,,,,B03,,,1,,1,,,7,7,1,12,4,120.670273,24.113539,3
5317,66000,387130000C,(04)23274275,(04)23288582,2025,08,14,17,30,臺中市,北屯區,0,0,0,7,,,50,,,,,,,,,,,,,,,,,,,B03,,,1,,1,,,7,7,1,12,4,120.708496,24.16963,3
5318,66000,387130000C,(04)23274275,(04)23288582,2025,08,14,17,35,臺中市,西區,0,0,0,7,,,50,,,,,,,,,,,,,,,,,,,C04,,,1,,2,,,51,51,1,12,4,120.667757,24.150533,3
5319,66000,387130000C,(04)23274275,(04)23288582,2025,08,14,17,35,臺中市,南屯區,0,0,0,7,3,6,50,13,9,1,5,4,6,6,4,4,3,4,5,2,12,,,,,B03,,,1,,1,,,40,40,1,12,4,120.639229,24.141683,3
5320,66000,387130000C,(04)23274275,(04)23288582,2025,08,14,17,35,臺中市,大肚區,0,1,0,7,2,9,30,4,1,1,5,4,6,6,1,1,10,5,5,2,16,2,8,1,1,F03,7,1,7,21,2,14,,51,51,1,2,4,120.578848,24.120949,2
5321,66000,387130000C,(04)23274275,(04)23288582,2025,08,14,17,37,臺中市,豐原區,0,0,0,7,,,50,,,,,,,,,,,,,,13,,,,,C03,,,1,,2,,,7,7,1,13,4,120.727522,24.258929,3
5322,66000,387130000C,(04)23274275,(04)23288582,2025,08,14,17,38,臺中市,北屯區,0,2,0,7,3,6,50,4,1,1,5,4,6,6,2,1,5,5,5,2,13,2,9,2,1,C03,7,9,1,10,2,14,,57,57,1,6,4,120.727582,24.176712,2
5323,66000,387130000C,(04)23274275,(04)23288582,2025,08,14,17,38,臺中市,西屯區,0,2,0,7,2,6,50,3,2,1,5,4,6,6,1,1,5,2,4,2,13,2,9,5,4,C03,7,9,1,10,2,11,,7,7,1,13,4,120.610814,24.170564,2
5324,66000,387130000C,(04)23274275,(04)23288582,2025,08,14,17,38,臺中市,烏日區,0,1,0,7,2,6,40,13,9,1,5,4,6,6,4,4,10,5,5,1,14,3,10,3,1,B03,7,2,1,8,2,3,,49,49,1,6,4,120.612719,24.117847,2
5325,66000,387130000C,(04)23274275,(04)23288582,2025,08,14,17,40,臺中市,西區,0,0,0,7,,,50,,,,,,,,,,,,,,,,,,,B03,,,1,,2,,,84,84,1,12,4,120.669069,24.147442,3
5326,66000,387130000C,(04)23274275,(04)23288582,2025,08,14,17,40,臺中市,大里區,0,0,0,7,,,50,,,,,,,,,,,,,,17,,,,,C03,,,1,,2,,,8,8,1,12,4,120.677213,24.099036,3
5327,66000,387130000C,(04)23274275,(04)23288582,2025,08,14,17,40,臺中市,烏日區,0,0,0,7,,,50,,,,,,,,,,,,,,13,,,,,B03,,,1,,1,,,59,59,1,12,4,120.601761,24.107149,3
5328,66000,387130000C,(04)23274275,(04)23288582,2025,08,14,17,41,臺中市,大肚區,0,2,0,7,2,6,50,13,9,1,5,4,6,6,4,4,10,5,5,2,3,2,9,2,1,C03,7,9,1,10,2,11,,59,59,1,6,4,120.576902,24.171957,2
5329,66000,387130000C,(04)23274275,(04)23288582,2025,08,14,17,42,臺中市,東區,0,1,0,7,2,6,50,13,9,1,5,4,6,6,1,1,5,4,5,2,12,3,10,1,1,C03,7,9,5,10,5,12,14,84,84,1,12,4,120.687559,24.131933,2
5330,66000,387130000C,(04)23274275,(04)23288582,2025,08,14,17,44,臺中市,西屯區,0,1,0,7,2,6,50,4,2,1,5,4,6,6,2,1,4,3,4,2,13,3,10,5,4,C03,7,9,1,10,2,11,,7,7,1,13,4,120.6067,24.169135,2
5331,66000,387130000C,(04)23274275,(04)23288582,2025,08,14,17,45,臺中市,龍井區,0,0,0,7,,,50,,,,,,,,,,,,,,,,,,,B03,,,1,,2,,,40,40,1,6,4,120.543753,24.218198,3
5332,66000,387130000C,(04)23274275,(04)23288582,2025,08,14,17,47,臺中市,西屯區,0,0,0,7,,,50,,,,,,,,,,,,,,,,,,,B03,,,1,,1,,,7,7,1,13,4,120.658311,24.195146,3
5333,66000,387130000C,(04)23274275,(04)23288582,2025,08,14,17,48,臺中市,西屯區,0,0,0,7,,,0,,,,,,,,,,,,,,,,,,,C03,,,1,,1,,,84,84,1,12,4,120.656862,24.200937,3
5334,66000,387130000C,(04)23274275,(04)23288582,2025,08,14,17,49,臺中市,東區,0,2,0,7,2,6,50,4,1,1,5,4,6,6,3,1,10,5,5,2,15,2,9,1,1,C03,7,9,1,10,2,11,,24,24,1,12,4,120.699079,24.142117,2
5335,66000,387130000C,(04)23274275,(04)23288582,2025,08,14,17,50,臺中市,東區,0,2,0,7,1,6,50,13,7,1,5,4,6,6,4,4,5,4,5,2,17,2,9,1,1,C03,7,9,1,10,2,11,,84,84,1,12,4,120.684074,24.132853,2
5336,66000,387130000C,(04)23274275,(04)23288582,2025,08,14,17,50,臺中市,大里區,0,0,0,7,,,50,,,,,,,,,,,,,,17,,,,,C03,,,3,,1,,,8,8,1,12,4,120.677213,24.099036,3
5337,66000,387130000C,(04)23274275,(04)23288582,2025,08,14,17,50,臺中市,沙鹿區,0,0,0,7,,,50,,,,,,,,,,,,,,,,,,,B03,,,1,,2,,,45,45,1,12,4,120.579064,24.214895,3
5338,66000,387130000C,(04)23274275,(04)23288582,2025,08,14,17,52,臺中市,烏日區,0,2,0,7,2,6,50,13,9,1,5,4,6,6,4,4,5,5,5,2,13,2,9,2,1,C03,7,9,3,19,2,11,,7,7,1,6,4,120.641544,24.103159,2
5339,66000,387130000C,(04)23274275,(04)23288582,2025,08,14,17,55,臺中市,北區,0,0,0,7,,,50,,,,,,,,,,,,,,9,,,,,C03,,,1,,2,,,59,59,1,12,4,120.674178,24.163564,3
5340,66000,387130000C,(04)23274275,(04)23288582,2025,08,14,17,58,臺中市,南區,0,0,0,7,,,50,,,,,,,,,,,,,,13,,,,,B12,,,1,,1,,,84,84,1,12,4,120.66854,24.12938,3
5341,66000,387130000C,(04)23274275,(04)23288582,2025,08,14,18,0,臺中市,潭子區,0,0,0,7,,,50,,,,,,,,,,,,,,,,,,,C03,,,2,,2,,,84,84,1,13,4,120.691208,24.215976,3
5342,66000,387130000C,(04)23274275,(04)23288582,2025,08,14,18,2,臺中市,大里區,0,2,0,7,2,6,50,4,1,1,5,4,6,6,4,4,10,5,5,2,15,2,9,2,1,C03,7,9,1,10,2,11,,15,15,1,13,4,120.715482,24.095186,2
5343,66000,387130000C,(04)23274275,(04)23288582,2025,08,14,18,3,臺中市,北屯區,0,0,0,7,,,30,,,,,,,,,,,,,,12,,,,,B03,,,1,,2,,,43,43,1,6,4,120.689069,24.19889,3
5344,66000,387130000C,(04)23274275,(04)23288582,2025,08,14,18,3,臺中市,霧峰區,0,0,0,7,,,50,,,,,,,,,,,,,,,,,,,B03,,,1,,2,,,84,84,1,13,4,120.694772,24.044362,3
5345,66000,387130000C,(04)23274275,(04)23288582,2025,08,14,18,6,臺中市,東勢區,0,0,0,7,,,50,,,,,,,,,,,,,,17,,,,,C03,,,1,,2,,,51,51,1,13,4,120.831911,24.247729,3
5346,66000,387130000C,(04)23274275,(04)23288582,2025,08,14,18,9,臺中市,大里區,0,1,0,7,3,6,50,3,2,1,5,4,6,6,4,4,5,5,5,1,11,2,7,1,1,C03,7,5,1,10,7,14,,8,8,1,13,4,120.697222,24.105902,2
5347,66000,387130000C,(04)23274275,(04)23288582,2025,08,14,18,9,臺中市,龍井區,0,1,0,7,2,6,40,13,8,1,5,4,6,6,4,4,3,4,3,1,28,2,9,2,1,C03,7,9,1,10,2,11,,87,87,1,6,4,120.573957,24.179579,2
5348,66000,387130000C,(04)23274275,(04)23288582,2025,08,14,18,10,臺中市,沙鹿區,0,0,0,7,2,6,40,13,7,1,5,4,6,6,4,4,1,3,1,2,13,,,,,B03,,,1,,1,,,7,7,1,12,4,120.590986,24.250133,3
5349,66000,387130000C,(04)23274275,(04)23288582,2025,08,14,18,11,臺中市,北屯區,0,0,0,7,,,50,,,,,,,,,,,,,,,,,,,C03,,,1,,1,,,42,42,1,13,4,120.705738,24.1648,3
5350,66000,387130000C,(04)23274275,(04)23288582,2025,08,14,18,13,臺中市,南屯區,0,1,0,7,1,6,50,4,4,1,5,4,6,6,2,1,5,4,4,2,13,2,7,1,1,C03,7,9,1,10,2,12,,7,7,1,6,4,120.634842,24.153644,2
5351,66000,387130000C,(04)23274275,(04)23288582,2025,08,14,18,15,臺中市,烏日區,0,4,0,7,1,3,40,10,17,1,5,4,6,6,4,4,10,5,5,1,13,2,9,3,1,B03,7,12,1,8,2,1,,57,57,1,6,4,120.617413,24.118545,2
5352,66000,387130000C,(04)23274275,(04)23288582,2025,08,14,18,16,臺中市,北屯區,0,1,0,7,1,6,50,13,9,1,5,4,6,6,4,4,1,4,5,2,12,3,10,3,1,B03,7,5,1,8,2,2,,84,84,1,6,4,120.66193,24.189012,2
5353,66000,387130000C,(04)23274275,(04)23288582,2025,08,14,18,16,臺中市,西屯區,0,0,0,7,,,50,,,,,,,,,,,,,,30,,,,,B03,,,1,,2,,,59,59,1,13,4,120.654526,24.187357,3
5354,66000,387130000C,(04)23274275,(04)23288582,2025,08,14,18,17,臺中市,南屯區,0,1,0,7,2,6,50,13,9,1,5,4,6,6,4,4,5,5,5,2,18,2,9,1,1,C03,7,9,1,10,2,12,,84,84,1,13,4,120.65455,24.130232,2
5355,66000,387130000C,(04)23274275,(04)23288582,2025,08,14,18,21,臺中市,東區,0,1,0,7,1,6,50,4,1,1,5,4,6,6,1,1,3,4,4,2,9,3,10,6,5,H01,8,18,7,21,10,17,,95,95,1,12,5,120.696491,24.136959,2
5356,66000,387130000C,(04)23274275,(04)23288582,2025,08,14,18,22,臺中市,西屯區,0,0,0,6,,,30,,,,,,,,,,,,,,,,,,,B03,,,1,,1,,,7,7,1,13,4,120.62543,24.189603,3
5357,66000,387130000C,(04)23274275,(04)23288582,2025,08,14,18,23,臺中市,南區,0,0,0,7,,,30,,,,,,,,,,,,,,12,,,,,B03,,,1,,1,,,8,8,1,12,4,120.656363,24.131623,3
5358,66000,387130000C,(04)23274275,(04)23288582,2025,08,14,18,24,臺中市,北區,0,0,0,7,,,50,,,,,,,,,,,,,,17,,,,,C03,,,6,,1,,,85,85,1,13,4,120.674882,24.148568,4
5359,66000,387130000C,(04)23274275,(04)23288582,2025,08,14,18,24,臺中市,北屯區,0,0,0,7,,,50,,,,,,,,,,,,,,16,,,,,C03,,,1,,1,,,34,34,1,12,4,120.683286,24.19167,3
5360,66000,387130000C,(04)23274275,(04)23288582,2025,08,14,18,25,臺中市,北區,0,0,0,7,,,50,,,,,,,,,,,,,,16,,,,,C03,,,1,,2,,,20,20,1,12,4,120.682266,24.162001,3
5361,66000,387130000C,(04)23274275,(04)23288582,2025,08,14,18,26,臺中市,西屯區,0,1,0,7,1,6,50,4,1,1,5,4,6,6,4,4,5,5,5,2,16,3,10,3,1,B03,7,6,1,8,2,8,,14,14,1,12,4,120.659304,24.161514,2
5362,66000,387130000C,(04)23274275,(04)23288582,2025,08,14,18,28,臺中市,北區,0,1,0,7,1,6,50,5,9,1,5,4,6,6,1,1,1,4,5,2,17,2,9,5,4,C03,7,15,1,10,2,12,,7,7,1,13,4,120.68578,24.154152,2
5363,66000,387130000C,(04)23274275,(04)23288582,2025,08,14,18,30,臺中市,北區,0,2,0,7,1,9,50,4,1,1,5,4,6,6,4,4,10,5,5,2,17,2,8,5,4,C03,7,9,1,10,1,12,,15,15,1,13,4,120.695275,24.154565,2
5364,66000,387130000C,(04)23274275,(04)23288582,2025,08,14,18,30,臺中市,太平區,0,1,0,7,3,6,40,13,8,1,5,4,6,6,4,4,5,2,5,1,13,2,9,6,1,F01,7,9,7,21,2,11,,7,7,1,12,4,120.717651,24.133648,2
5365,66000,387130000C,(04)23274275,(04)23288582,2025,08,14,18,32,臺中市,北屯區,0,2,0,7,3,6,50,4,1,1,5,4,6,6,1,1,10,5,5,2,17,3,10,3,1,B03,7,5,1,8,2,5,,11,11,1,12,4,120.715149,24.164191,2
5366,66000,387130000C,(04)23274275,(04)23288582,2025,08,14,18,45,臺中市,南區,0,0,0,7,1,6,50,13,8,1,5,4,6,6,4,4,1,4,4,2,17,3,10,3,1,B03,7,2,1,8,1,5,,49,49,1,12,4,120.659312,24.111647,3
5367,66000,387130000C,(04)23274275,(04)23288582,2025,08,14,18,45,臺中市,西屯區,0,1,0,7,1,6,50,4,2,1,5,4,6,6,2,1,4,4,5,2,13,3,10,5,4,B03,7,9,1,8,1,8,,7,7,1,13,4,120.637283,24.173182,2
5368,66000,387130000C,(04)23274275,(04)23288582,2025,08,14,18,51,臺中市,大雅區,0,1,0,7,1,6,50,3,1,1,5,4,6,6,4,4,4,4,5,1,12,3,10,1,1,C03,7,9,1,10,2,12,,8,8,1,13,4,120.669957,24.236193,2
5369,66000,387130000C,(04)23274275,(04)23288582,2025,08,14,18,51,臺中市,北區,0,1,0,7,1,6,50,4,1,1,5,4,6,6,4,4,10,5,5,2,17,2,9,5,4,C03,7,5,1,10,2,14,,47,47,1,13,4,120.684417,24.152984,2
5370,66000,387130000C,(04)23274275,(04)23288582,2025,08,14,18,52,臺中市,西區,0,0,0,7,,,40,,,,,,,,,,,,,,,,,,,B03,,,1,,1,,,51,51,1,12,4,120.66546,24.136927,3
5371,66000,387130000C,(04)23274275,(04)23288582,2025,08,14,18,57,臺中市,西屯區,0,2,0,7,1,6,50,4,1,1,5,4,6,6,2,1,10,5,5,2,15,2,9,1,1,C03,7,9,1,10,2,11,,21,21,1,12,4,120.59884,24.204513,2
5372,66000,387130000C,(04)23274275,(04)23288582,2025,08,14,18,58,臺中市,太平區,0,1,0,7,3,6,50,4,1,1,5,4,6,6,4,4,5,5,5,2,16,3,10,3,1,B01,7,11,1,4,2,8,,45,45,1,6,4,120.713859,24.143409,2
5373,66000,387130000C,(04)23274275,(04)23288582,2025,08,14,19,3,臺中市,西區,0,1,0,7,1,6,50,13,7,1,5,4,6,6,4,4,9,5,4,2,13,2,9,1,1,C03,7,9,1,10,2,11,,7,7,1,12,4,120.65455,24.145149,2
5374,66000,387130000C,(04)23274275,(04)23288582,2025,08,14,19,5,臺中市,南屯區,0,1,0,7,1,6,40,4,2,1,5,4,6,6,4,4,5,5,4,2,17,2,9,2,1,C03,7,9,1,10,2,12,,85,85,1,12,4,120.631108,24.155756,2
5375,66000,387130000C,(04)23274275,(04)23288582,2025,08,14,19,5,臺中市,龍井區,0,2,0,7,1,6,30,4,1,1,5,4,6,6,4,4,10,5,5,1,15,3,10,2,1,C03,7,9,3,19,2,11,,12,12,1,6,4,120.529266,24.205608,2
5376,66000,387130000C,(04)23274275,(04)23288582,2025,08,14,19,10,臺中市,北屯區,0,1,0,7,1,3,80,13,9,1,5,4,6,6,4,4,1,4,5,1,13,2,8,3,1,B12,7,12,1,2,1,8,,7,7,1,6,4,120.671452,24.200831,2
5377,66000,387130000C,(04)23274275,(04)23288582,2025,08,14,19,11,臺中市,潭子區,0,1,0,7,1,6,40,13,7,1,5,4,6,6,4,4,9,5,4,2,13,3,10,3,1,B03,7,11,1,8,2,3,,45,45,1,13,4,120.688079,24.210615,2
5378,66000,387130000C,(04)23274275,(04)23288582,2025,08,14,19,15,臺中市,大甲區,0,1,0,7,1,6,50,4,1,1,5,4,6,6,4,4,5,5,5,1,16,3,10,3,1,B03,7,6,1,8,2,8,,14,14,1,6,4,120.620867,24.346117,2
5379,66000,387130000C,(04)23274275,(04)23288582,2025,08,14,19,20,臺中市,西屯區,0,0,0,7,,,50,,,,,,,,,,,,,,,,,,,C03,,,1,,9,,,50,50,1,12,4,120.614194,24.190608,3
5380,66000,387130000C,(04)23274275,(04)23288582,2025,08,14,19,37,臺中市,南區,0,1,0,7,1,6,50,3,9,1,5,4,6,6,1,1,3,4,5,2,17,3,10,3,1,B03,7,9,1,8,2,1,,7,7,1,12,4,120.648262,24.11412,2
5381,66000,387130000C,(04)23274275,(04)23288582,2025,08,14,19,37,臺中市,西屯區,0,0,0,7,,,50,,,,,,,,,,,,,,17,,,,,,,,,,,,,86,86,1,,,120.65283,24.159494,3
5382,66000,387130000C,(04)23274275,(04)23288582,2025,08,14,19,37,臺中市,大里區,0,0,0,6,1,6,50,13,7,1,5,4,6,6,4,4,9,5,4,2,13,,,,,B03,,,5,,2,,,7,7,1,12,4,120.684167,24.100754,3