﻿序號,縣市別代碼,機關代碼,市話,傳真,年,月,日,時,分,縣市,區,死亡數量,受傷數量,2-30,天候,道路照明設備,道路類別,道路速限,道路型態,事故位置,路面鋪裝,路面狀態,路面缺陷,障礙物,視距,號誌種類,號誌動作,分向設施,快車道或一般車道間,快慢車道間,路面邊線,事故類型及型態,受傷程度,主要傷處,保護裝備,行動電話或功能裝置,當事者區分_類別,車輛用途,當事者行動狀態,駕照狀態,駕照種類,飲酒情形,車輛撞擊部位最初,車輛撞擊部位其他,肇事因素個別,肇事因素主要,肇事逃逸,職業,共享經濟或外送平台,GPS座標X,GPS座標Y,事故類別
5383,66000,387130000C,(04)23274275,(04)23288582,2025,08,14,19,40,臺中市,太平區,0,0,0,7,,,50,,,,,,,,,,,,,,13,,,,,B12,,,1,,2,,,58,58,1,6,4,120.718334,24.126531,3
5384,66000,387130000C,(04)23274275,(04)23288582,2025,08,14,19,41,臺中市,烏日區,0,0,0,6,1,6,50,13,14,1,5,4,6,6,4,4,5,4,5,1,12,3,10,3,1,B03,7,3,1,8,2,2,,50,50,1,6,4,120.627708,24.103688,3
5385,66000,387130000C,(04)23274275,(04)23288582,2025,08,14,19,43,臺中市,北屯區,0,1,0,7,1,6,50,3,2,1,5,4,6,6,4,4,5,4,5,2,16,2,9,1,1,C03,7,5,1,10,2,14,,14,14,1,13,4,120.668902,24.173892,2
5386,66000,387130000C,(04)23274275,(04)23288582,2025,08,14,19,52,臺中市,北屯區,0,0,0,7,,,50,,,,,,,,,,,,,,14,,,,,B03,,,1,,2,,,50,50,1,6,4,120.730303,24.158227,3
5387,66000,387130000C,(04)23274275,(04)23288582,2025,08,14,19,55,臺中市,北屯區,0,0,0,7,,,30,,,,,,,,,,,,,,35,,,,,B03,,,1,7,9,,,84,84,1,6,4,120.711142,24.173984,3
5388,66000,387130000C,(04)23274275,(04)23288582,2025,08,14,20,0,臺中市,南屯區,0,0,0,7,1,6,50,13,9,1,5,4,6,6,1,1,5,2,5,2,13,,,,,B03,,,1,,1,,,7,7,1,12,4,120.646684,24.134785,3
5389,66000,387130000C,(04)23274275,(04)23288582,2025,08,14,20,5,臺中市,北屯區,0,1,0,7,1,6,50,4,1,1,5,4,6,6,2,1,10,5,5,2,12,3,10,1,1,C03,7,9,1,10,2,14,,26,26,1,12,4,120.685498,24.172177,2
5390,66000,387130000C,(04)23274275,(04)23288582,2025,08,14,20,7,臺中市,北屯區,0,1,0,7,1,6,50,4,1,1,5,4,6,6,2,1,1,4,5,2,13,2,9,2,1,C03,7,9,1,10,2,14,,7,7,1,6,4,120.686306,24.186899,2
5391,66000,387130000C,(04)23274275,(04)23288582,2025,08,14,20,20,臺中市,西區,0,0,0,7,,,30,,,,,,,,,,,,,,15,,,,,C03,,,1,,1,,,15,15,1,12,4,120.660898,24.150182,3
5392,66000,387130000C,(04)23274275,(04)23288582,2025,08,14,20,23,臺中市,東區,0,0,0,7,,,30,,,,,,,,,,,,,,17,,,,,B03,,,1,,2,,,84,84,1,12,4,120.695704,24.151332,3
5393,66000,387130000C,(04)23274275,(04)23288582,2025,08,14,20,26,臺中市,北屯區,0,2,0,7,1,6,50,4,1,1,5,4,6,6,4,4,10,5,5,2,15,3,10,1,1,C03,7,9,1,10,2,12,,15,15,1,6,4,120.687759,24.172484,2
5394,66000,387130000C,(04)23274275,(04)23288582,2025,08,14,20,30,臺中市,太平區,0,0,0,7,,,50,,,,,,,,,,,,,,11,,,,,B12,,,3,,2,,,20,20,1,6,4,120.711631,24.151623,3
5395,66000,387130000C,(04)23274275,(04)23288582,2025,08,14,20,31,臺中市,南區,0,3,0,7,1,6,50,4,1,1,5,4,6,6,4,4,10,5,5,2,15,2,9,1,1,C03,7,9,1,10,2,12,,15,15,1,12,4,120.655721,24.126062,2
5396,66000,387130000C,(04)23274275,(04)23288582,2025,08,14,20,40,臺中市,大雅區,0,1,0,7,1,6,30,3,2,1,5,4,6,6,4,4,1,3,4,1,17,3,10,3,4,B02,7,5,1,8,2,8,,13,13,1,13,4,120.648969,24.221344,2
5397,66000,387130000C,(04)23274275,(04)23288582,2025,08,14,20,40,臺中市,西屯區,0,0,0,6,,,30,,,,,,,,,,,,,,,,,,,B03,,,1,,2,,,49,49,1,13,4,120.658261,24.159789,3
5398,66000,387130000C,(04)23274275,(04)23288582,2025,08,14,20,40,臺中市,神岡區,0,1,0,7,3,6,40,13,12,1,5,4,6,6,4,4,5,4,4,1,18,2,9,1,1,C03,7,9,1,10,2,11,,6,6,1,13,2,120.667091,24.257978,2
5399,66000,387130000C,(04)23274275,(04)23288582,2025,08,14,20,42,臺中市,北屯區,0,1,0,7,1,6,50,13,9,1,5,4,6,6,4,4,10,5,5,2,18,2,9,1,1,C03,7,9,1,10,2,11,,84,84,1,13,4,120.698007,24.169785,2
5400,66000,387130000C,(04)23274275,(04)23288582,2025,08,14,20,42,臺中市,北屯區,0,1,0,7,1,6,50,3,1,1,5,4,6,6,4,4,10,5,5,2,18,2,9,1,1,C03,7,15,1,10,2,14,,6,6,1,6,4,120.696362,24.181272,2
5401,66000,387130000C,(04)23274275,(04)23288582,2025,08,14,20,45,臺中市,北屯區,0,1,0,6,1,6,50,5,1,1,5,4,6,6,2,1,10,5,5,2,16,2,9,2,1,C03,7,9,2,19,2,12,,1,1,1,6,4,120.711881,24.182277,2
5402,66000,387130000C,(04)23274275,(04)23288582,2025,08,14,20,50,臺中市,太平區,0,1,0,7,2,6,50,11,9,1,5,4,6,6,4,4,5,5,5,1,13,2,9,2,1,C03,7,9,1,10,2,11,,7,7,1,12,4,120.733619,24.145777,2
5403,66000,387130000C,(04)23274275,(04)23288582,2025,08,14,20,51,臺中市,西屯區,0,0,0,7,,,,,,,,,,,,,,,,,,,,,,,,,,,,,,86,86,1,,,120.63805,24.180752,4
5404,66000,387130000C,(04)23274275,(04)23288582,2025,08,14,20,55,臺中市,太平區,0,0,0,7,,,,,,,,,,,,,,,,,,,,,,,,,,,,,,86,86,1,,,120.72132,24.154351,3
5405,66000,387130000C,(04)23274275,(04)23288582,2025,08,14,21,5,臺中市,南屯區,0,0,0,7,,,50,,,,,,,,,,,,,,16,,,,,C03,,,1,,2,,,48,48,1,6,4,120.652991,24.14384,3
5406,66000,387130000C,(04)23274275,(04)23288582,2025,08,14,21,7,臺中市,南屯區,0,1,0,7,1,6,50,4,1,1,5,4,6,6,2,1,1,4,5,2,16,3,10,3,1,B03,7,5,1,8,2,5,,11,11,1,12,4,120.623494,24.145206,2
5407,66000,387130000C,(04)23274275,(04)23288582,2025,08,14,21,11,臺中市,神岡區,0,1,0,7,1,6,50,4,1,1,5,4,6,6,4,4,10,5,5,1,16,2,9,1,1,C03,7,6,1,10,2,12,,11,11,1,12,4,120.710937,24.258447,2
5408,66000,387130000C,(04)23274275,(04)23288582,2025,08,14,21,13,臺中市,西區,0,0,0,7,,,60,,,,,,,,,,,,,,,,,,,B03,,,1,,2,,,84,84,1,6,4,120.673668,24.147719,3
5409,66000,387130000C,(04)23274275,(04)23288582,2025,08,14,21,14,臺中市,西區,0,2,0,7,1,6,50,4,1,1,5,4,6,6,1,1,9,4,5,2,15,2,9,1,1,C03,7,9,1,10,2,14,,21,21,1,12,4,120.67691,24.13505,2
5410,66000,387130000C,(04)23274275,(04)23288582,2025,08,14,21,28,臺中市,潭子區,0,1,0,7,1,6,50,11,9,1,5,4,6,6,4,4,5,5,5,1,18,2,9,2,1,C03,7,9,1,10,2,12,,84,84,1,13,4,120.710919,24.214375,2
5411,66000,387130000C,(04)23274275,(04)23288582,2025,08,14,21,34,臺中市,北屯區,0,1,0,7,1,6,50,5,2,1,5,4,6,6,4,4,1,4,5,2,13,3,10,3,1,B03,7,9,1,8,2,5,,59,59,1,12,4,120.686279,24.189041,2
5412,66000,387130000C,(04)23274275,(04)23288582,2025,08,14,21,40,臺中市,西區,0,0,0,7,,,50,,,,,,,,,,,,,,13,,,,,C03,,,1,,1,,,8,8,1,12,4,120.682215,24.135778,3
5413,66000,387130000C,(04)23274275,(04)23288582,2025,08,14,21,48,臺中市,潭子區,0,1,0,6,1,6,50,4,1,1,5,4,6,6,1,1,1,4,4,1,17,3,10,2,1,C03,7,15,1,10,2,12,,84,84,1,13,4,120.697587,24.216838,2
5414,66000,387130000C,(04)23274275,(04)23288582,2025,08,14,22,3,臺中市,西屯區,0,0,0,7,,,70,,,,,,,,,,,,,,13,,,,,B03,,,1,,1,,,59,59,1,13,4,120.615369,24.183119,4
5415,66000,387130000C,(04)23274275,(04)23288582,2025,08,14,22,4,臺中市,外埔區,0,0,0,7,1,7,50,3,1,1,5,4,6,6,1,1,5,2,4,1,15,,,,,B03,,,1,,9,,,21,21,1,6,4,120.639208,24.341259,3
5416,66000,387130000C,(04)23274275,(04)23288582,2025,08,14,22,12,臺中市,烏日區,0,0,0,7,,,50,,,,,,,,,,,,,,13,,,,,B03,,,1,,1,,,84,84,1,6,4,120.623381,24.104594,3
5417,66000,387130000C,(04)23274275,(04)23288582,2025,08,14,22,17,臺中市,西屯區,0,0,0,6,,,50,,,,,,,,,,,,,,,,,,,B03,,,3,,1,,,82,82,1,13,4,120.647847,24.196114,3
5418,66000,387130000C,(04)23274275,(04)23288582,2025,08,14,22,39,臺中市,南屯區,0,2,0,7,1,6,50,4,1,1,5,4,6,6,2,1,10,5,5,2,16,2,9,2,4,C03,7,6,3,19,2,14,,36,36,1,6,4,120.620854,24.13999,2
5419,66000,387130000C,(04)23274275,(04)23288582,2025,08,14,22,53,臺中市,潭子區,0,1,0,7,1,6,50,13,9,1,5,4,6,6,4,4,1,4,5,1,18,2,9,2,1,C03,7,9,1,10,2,16,,59,59,1,13,4,120.717819,24.19772,2
5420,66000,387130000C,(04)23274275,(04)23288582,2025,08,14,23,5,臺中市,西屯區,0,0,0,7,,,50,,,,,,,,,,,,,,16,,,,,B03,,,1,,2,,,11,11,1,12,4,120.606877,24.193803,3
5421,66000,387130000C,(04)23274275,(04)23288582,2025,08,14,23,12,臺中市,東區,0,0,0,7,1,6,50,4,1,1,5,4,6,6,4,4,10,5,5,2,17,,11,,,,,,,,,,,119,119,1,,,120.691665,24.132809,3
5422,66000,387130000C,(04)23274275,(04)23288582,2025,08,14,23,22,臺中市,西屯區,0,1,0,7,1,6,50,4,1,1,5,4,6,6,3,1,10,5,5,2,16,3,10,5,4,B03,7,5,1,8,2,7,,24,24,1,13,4,120.648857,24.194084,2
5423,66000,387130000C,(04)23274275,(04)23288582,2025,08,14,23,44,臺中市,西屯區,0,0,0,7,,,50,,,,,,,,,,,,,,,,,,,B03,,,1,,1,,,7,7,1,12,4,120.635879,24.181852,3
5424,66000,387130000C,(04)23274275,(04)23288582,2025,08,15,0,9,臺中市,西屯區,0,1,0,7,1,6,50,13,9,1,5,4,6,6,4,4,1,4,5,2,18,2,9,5,4,C03,7,9,1,10,2,12,,84,84,1,13,4,120.651954,24.180656,2
5425,66000,387130000C,(04)23274275,(04)23288582,2025,08,15,2,24,臺中市,西區,0,1,0,7,1,6,50,13,9,1,5,4,6,6,4,4,9,4,5,2,3,3,10,3,1,B03,7,9,1,8,2,8,,84,84,1,12,4,120.662194,24.150985,2
5426,66000,387130000C,(04)23274275,(04)23288582,2025,08,15,2,37,臺中市,潭子區,0,1,0,6,1,6,60,3,2,1,5,4,6,6,1,1,3,4,4,1,13,3,10,3,1,B12,7,9,5,19,2,1,,84,84,1,12,4,120.707375,24.22408,2
5427,66000,387130000C,(04)23274275,(04)23288582,2025,08,15,2,38,臺中市,西屯區,0,0,0,7,,,50,,,,,,,,,,,,,,17,,,,,B03,,,1,,1,,,51,51,1,13,4,120.645362,24.172617,3
5428,66000,387130000C,(04)23274275,(04)23288582,2025,08,15,3,16,臺中市,大里區,0,1,0,7,2,6,50,4,2,1,5,4,6,6,1,1,10,5,5,2,23,2,9,3,1,B03,7,9,5,19,6,8,,59,59,1,12,4,120.678953,24.114234,2
5429,66000,387130000C,(04)23274275,(04)23288582,2025,08,15,3,17,臺中市,南區,0,1,0,7,3,6,1,4,2,1,5,4,6,6,1,1,10,5,5,2,17,2,9,5,4,C03,7,15,3,19,8,15,,84,84,1,12,4,120.653763,24.116717,2
5430,66000,387130000C,(04)23274275,(04)23288582,2025,08,15,4,30,臺中市,西屯區,0,0,0,7,,,50,,,,,,,,,,,,,,,,,,,B03,,,1,,2,,,55,55,1,12,4,120.661746,24.170876,3
5431,66000,387130000C,(04)23274275,(04)23288582,2025,08,15,4,48,臺中市,北區,0,1,0,7,1,6,40,13,8,1,5,4,6,6,4,4,1,4,4,2,18,2,9,1,1,C03,7,1,1,10,2,16,,84,84,1,13,4,120.690478,24.147458,2
5432,66000,387130000C,(04)23274275,(04)23288582,2025,08,15,4,57,臺中市,北屯區,0,0,0,7,,,50,,,,,,,,,,,,,,27,,,,,B03,,,3,,2,,,82,82,1,6,4,120.703391,24.183772,3
5433,66000,387130000C,(04)23274275,(04)23288582,2025,08,15,5,19,臺中市,南區,0,1,0,7,1,6,50,4,1,1,5,4,6,6,1,1,10,5,5,2,17,3,10,1,1,C03,7,9,1,10,2,16,,21,21,1,12,4,120.676208,24.132644,2
5434,66000,387130000C,(04)23274275,(04)23288582,2025,08,15,5,36,臺中市,豐原區,0,1,0,7,2,6,50,13,7,1,5,4,6,6,1,1,5,5,4,2,13,2,9,5,4,C03,7,9,1,10,2,11,,7,7,1,12,4,120.70208,24.244461,2
5435,66000,387130000C,(04)23274275,(04)23288582,2025,08,15,5,41,臺中市,太平區,0,3,0,7,1,6,40,4,1,1,5,4,6,6,1,1,10,5,5,2,16,2,7,1,1,C03,7,6,3,19,2,11,,23,23,1,12,4,120.722378,24.112677,2
5436,66000,387130000C,(04)23274275,(04)23288582,2025,08,15,5,58,臺中市,北區,0,1,0,7,2,6,50,13,9,1,5,4,6,6,4,4,5,5,5,2,9,3,10,5,4,B01,7,9,1,4,2,2,,84,84,1,12,4,120.702004,24.159708,2
5437,66000,387130000C,(04)23274275,(04)23288582,2025,08,15,6,8,臺中市,南區,0,0,0,7,,,50,,,,,,,,,,,,,,30,,,,,A31,,,1,,2,,,84,84,1,12,4,120.648929,24.11894,3
5438,66000,387130000C,(04)23274275,(04)23288582,2025,08,15,6,13,臺中市,南屯區,0,0,0,7,,,30,,,,,,,,,,,,,,17,,,,,B03,,,1,,2,,,51,51,1,6,4,120.638883,24.140255,3
5439,66000,387130000C,(04)23274275,(04)23288582,2025,08,15,6,29,臺中市,太平區,0,1,0,7,1,6,50,13,9,1,5,4,6,6,4,4,5,5,5,1,12,3,10,3,1,B03,7,9,1,8,2,2,,84,84,1,12,4,120.724658,24.140529,2
5440,66000,387130000C,(04)23274275,(04)23288582,2025,08,15,6,35,臺中市,大雅區,0,1,0,7,3,6,30,13,9,1,5,4,6,6,4,4,10,5,5,2,28,2,9,2,1,C03,7,9,1,10,2,11,,84,84,1,12,4,120.630816,24.218819,2
5441,66000,387130000C,(04)23274275,(04)23288582,2025,08,15,6,36,臺中市,北屯區,0,0,0,7,,,50,,,,,,,,,,,,,,,,,,,B03,,,1,,9,,,51,51,1,12,4,120.720602,24.180135,3
5442,66000,387130000C,(04)23274275,(04)23288582,2025,08,15,6,39,臺中市,東區,0,0,0,7,,,50,,,,,,,,,,,,,,12,,,,,C03,,,1,,1,,,7,7,1,12,4,120.692395,24.139415,3
5443,66000,387130000C,(04)23274275,(04)23288582,2025,08,15,6,44,臺中市,大甲區,0,0,0,7,,,30,,,,,,,,,,,,,,,,,,,B03,,,1,,1,,,49,49,1,12,4,120.630735,24.343048,3
5444,66000,387130000C,(04)23274275,(04)23288582,2025,08,15,6,46,臺中市,神岡區,0,1,0,7,1,6,30,11,9,1,5,4,6,6,4,4,10,5,5,1,18,2,1,1,4,C03,7,5,1,10,2,11,,43,43,1,12,4,120.682199,24.27213,2
5445,66000,387130000C,(04)23274275,(04)23288582,2025,08,15,6,47,臺中市,北屯區,0,2,0,7,2,6,50,4,2,1,5,4,6,6,1,1,1,4,5,2,13,2,9,1,1,C03,7,9,1,10,2,11,,84,84,1,6,4,120.700136,24.164975,2
5446,66000,387130000C,(04)23274275,(04)23288582,2025,08,15,6,51,臺中市,中區,0,1,0,7,3,6,50,4,1,1,5,4,6,6,3,1,10,5,5,2,15,2,9,1,1,C03,7,9,1,10,5,11,,24,24,1,6,4,120.675795,24.142883,2
5447,66000,387130000C,(04)23274275,(04)23288582,2025,08,15,7,8,臺中市,西區,0,2,0,7,2,6,50,4,2,1,5,4,6,6,2,1,5,5,5,2,17,2,9,2,1,C02,7,9,1,9,2,11,14,7,7,1,12,4,120.66148,24.132476,2
5448,66000,387130000C,(04)23274275,(04)23288582,2025,08,15,7,12,臺中市,神岡區,0,2,0,7,2,6,50,4,1,1,5,4,6,6,2,1,10,5,5,1,15,2,9,5,4,C03,7,9,1,10,2,13,14,21,21,1,13,4,120.705446,24.275361,2
5449,66000,387130000C,(04)23274275,(04)23288582,2025,08,15,7,15,臺中市,梧棲區,0,0,0,7,,,30,,,,,,,,,,,,,,13,,,,,B03,,,1,,1,,,7,7,1,6,4,120.534814,24.250705,3
5450,66000,387130000C,(04)23274275,(04)23288582,2025,08,15,7,19,臺中市,北區,0,0,0,7,,,30,,,,,,,,,,,,,,17,,,,,,,,,,,,,119,119,1,,,120.662992,24.161737,3
5451,66000,387130000C,(04)23274275,(04)23288582,2025,08,15,7,27,臺中市,東區,0,1,0,7,1,6,30,4,1,1,5,4,6,6,4,4,10,5,5,2,17,3,10,5,4,C03,7,6,1,10,2,11,,14,14,1,13,4,120.698225,24.143245,2
5452,66000,387130000C,(04)23274275,(04)23288582,2025,08,15,7,28,臺中市,東區,0,1,0,7,3,6,50,4,1,1,5,4,6,6,1,1,5,5,5,2,13,2,8,2,1,C03,7,9,3,19,2,11,,84,84,1,6,4,120.70479,24.130659,2
5453,66000,387130000C,(04)23274275,(04)23288582,2025,08,15,7,29,臺中市,豐原區,0,0,0,7,,,30,,,,,,,,,,,,,,17,,,,,C03,,,3,,2,,,41,41,1,12,4,120.722744,24.263783,4
5454,66000,387130000C,(04)23274275,(04)23288582,2025,08,15,7,30,臺中市,北屯區,0,0,0,7,,,30,,,,,,,,,,,,,,17,,,,,A12,,,1,,2,,,8,8,1,6,4,120.693026,24.168739,3
5455,66000,387130000C,(04)23274275,(04)23288582,2025,08,15,7,34,臺中市,南屯區,0,0,0,7,,,50,,,,,,,,,,,,,,12,,,,,C03,,,1,,1,,,59,59,1,12,4,120.61223,24.14015,3
5456,66000,387130000C,(04)23274275,(04)23288582,2025,08,15,7,36,臺中市,南屯區,0,1,0,7,2,6,50,3,2,1,5,4,6,6,4,4,4,3,4,2,16,3,10,5,4,B03,7,6,1,8,2,8,,14,14,1,13,4,120.615063,24.146563,2
5457,66000,387130000C,(04)23274275,(04)23288582,2025,08,15,7,37,臺中市,沙鹿區,0,0,0,7,,,50,,,,,,,,,,,,,,,,,,,B03,,,1,,9,,,8,8,1,13,4,120.591859,24.245595,3
5458,66000,387130000C,(04)23274275,(04)23288582,2025,08,15,7,41,臺中市,北區,0,1,0,7,2,6,40,4,1,1,5,4,6,6,1,1,5,4,4,2,16,3,10,3,1,B01,7,6,1,4,2,8,,48,48,1,12,4,120.67687,24.169919,2
5459,66000,387130000C,(04)23274275,(04)23288582,2025,08,15,7,42,臺中市,大里區,0,1,0,7,2,6,30,4,1,1,5,4,6,6,4,4,10,5,5,2,17,3,10,5,4,C03,7,9,1,10,2,11,,84,84,1,13,4,120.703278,24.095194,2
5460,66000,387130000C,(04)23274275,(04)23288582,2025,08,15,7,45,臺中市,大里區,0,0,0,7,,,,,,,,,,,,,,,,,17,,,,,,,,,,,,,119,119,1,,,120.686082,24.082767,3
5461,66000,387130000C,(04)23274275,(04)23288582,2025,08,15,7,46,臺中市,外埔區,0,0,0,7,3,6,50,3,7,1,5,4,6,6,4,4,5,4,4,1,16,3,10,1,1,C03,7,8,1,10,2,14,,8,8,1,6,4,120.664697,24.322011,3
5462,66000,387130000C,(04)23274275,(04)23288582,2025,08,15,7,47,臺中市,西屯區,0,0,0,7,,,50,,,,,,,,,,,,,,13,,,,,C03,,,1,,1,,,8,8,1,12,4,120.593833,24.177404,3
5463,66000,387130000C,(04)23274275,(04)23288582,2025,08,15,7,48,臺中市,后里區,0,0,0,7,3,6,50,,2,1,5,4,6,6,4,1,,,,1,12,3,10,2,1,C03,,9,1,10,1,14,,39,39,1,6,4,120.6959,24.311294,3
5464,66000,387130000C,(04)23274275,(04)23288582,2025,08,15,7,50,臺中市,大雅區,0,1,0,7,1,6,0,13,9,1,5,4,6,6,4,4,10,5,5,2,17,3,10,1,1,C03,7,1,1,10,2,14,,51,51,1,13,4,120.661005,24.24249,2
5465,66000,387130000C,(04)23274275,(04)23288582,2025,08,15,7,50,臺中市,北區,0,1,0,7,3,6,50,4,9,1,5,4,6,6,4,4,5,5,5,2,17,3,10,5,4,B03,7,11,1,8,2,2,,26,26,1,13,4,120.689278,24.153931,2
5466,66000,387130000C,(04)23274275,(04)23288582,2025,08,15,7,50,臺中市,沙鹿區,0,3,0,7,2,6,50,13,7,1,5,4,6,6,4,4,1,4,4,2,17,2,8,1,1,C03,7,9,1,10,9,11,,7,7,1,6,4,120.558963,24.231891,2
5467,66000,387130000C,(04)23274275,(04)23288582,2025,08,15,7,50,臺中市,豐原區,0,2,0,7,1,6,50,4,1,1,5,4,6,6,1,1,5,4,4,2,17,2,9,1,1,C03,7,9,1,10,2,11,,85,85,1,6,4,120.717598,24.251878,2
5468,66000,387130000C,(04)23274275,(04)23288582,2025,08,15,7,52,臺中市,潭子區,0,1,0,7,3,6,50,3,1,1,5,4,6,6,4,4,5,5,5,2,17,2,8,2,1,F03,7,6,7,21,2,11,,13,13,1,13,4,120.70327,24.22752,2
5469,66000,387130000C,(04)23274275,(04)23288582,2025,08,15,7,53,臺中市,西區,0,0,0,7,,,50,,,,,,,,,,,,,,17,,,,,B03,,,1,,2,,,51,51,1,12,4,120.671263,24.149859,3
5470,66000,387130000C,(04)23274275,(04)23288582,2025,08,15,7,53,臺中市,烏日區,0,1,0,7,2,6,50,4,1,1,5,4,6,6,1,1,1,4,4,2,16,3,10,3,1,B03,7,5,1,1,2,2,,11,11,1,6,4,120.649129,24.093503,2
5471,66000,387130000C,(04)23274275,(04)23288582,2025,08,15,7,53,臺中市,清水區,0,2,0,7,3,6,30,4,2,1,5,4,6,6,4,4,10,5,5,2,17,2,9,2,1,C03,7,15,1,10,2,13,,12,12,1,12,4,120.636598,24.276861,2
5472,66000,387130000C,(04)23274275,(04)23288582,2025,08,15,7,54,臺中市,大里區,0,0,0,7,,,50,,,,,,,,,,,,,,17,,,,,B03,,,1,,1,,,84,84,1,12,4,120.702564,24.085301,3
5473,66000,387130000C,(04)23274275,(04)23288582,2025,08,15,7,57,臺中市,北屯區,0,1,0,7,2,6,30,3,1,1,5,4,6,6,4,4,10,5,5,2,3,3,10,3,1,B03,7,12,1,8,1,1,,84,84,1,12,4,120.693608,24.164237,2
5474,66000,387130000C,(04)23274275,(04)23288582,2025,08,15,8,0,臺中市,東區,0,1,0,7,3,6,30,3,1,1,5,4,6,6,4,4,10,5,5,2,17,3,10,1,1,C03,7,5,3,19,2,14,,84,84,1,7,4,120.685322,24.130979,2
5475,66000,387130000C,(04)23274275,(04)23288582,2025,08,15,8,0,臺中市,南屯區,0,1,0,7,1,6,50,5,1,1,5,4,6,6,2,1,10,5,5,2,13,3,10,1,1,C03,7,9,1,10,2,11,,7,7,1,6,4,120.633262,24.123785,2
5476,66000,387130000C,(04)23274275,(04)23288582,2025,08,15,8,0,臺中市,北屯區,0,0,0,7,,,50,,,,,,,,,,,,,,,,,,,C03,,,1,,1,,,7,7,1,12,4,120.697545,24.167085,3
5477,66000,387130000C,(04)23274275,(04)23288582,2025,08,15,8,1,臺中市,南屯區,0,0,0,7,,,50,,,,,,,,,,,,,,,,,,,B12,,,1,,1,,,84,84,1,12,4,120.645615,24.151132,3
5478,66000,387130000C,(04)23274275,(04)23288582,2025,08,15,8,1,臺中市,西屯區,0,1,0,7,2,6,50,13,9,1,5,4,6,6,4,4,1,4,5,2,16,3,10,3,1,B03,7,1,1,8,2,7,,51,51,1,12,4,120.645095,24.170875,2
5479,66000,387130000C,(04)23274275,(04)23288582,2025,08,15,8,1,臺中市,大里區,0,1,0,7,2,6,40,4,1,1,5,4,6,6,1,1,1,4,5,1,16,2,9,1,1,C03,7,9,1,10,2,11,,26,26,1,13,4,120.671411,24.102481,2
5480,66000,387130000C,(04)23274275,(04)23288582,2025,08,15,8,5,臺中市,大肚區,0,1,0,7,2,6,30,4,1,1,5,4,6,6,3,1,10,5,5,2,15,3,10,3,1,B03,7,9,1,8,2,1,,24,24,1,6,4,120.545149,24.148872,2
5481,66000,387130000C,(04)23274275,(04)23288582,2025,08,15,8,6,臺中市,南屯區,0,0,0,7,,,50,,,,,,,,,,,,,,13,,,,,C03,,,1,,1,,,7,7,1,12,4,120.612128,24.13702,3
5482,66000,387130000C,(04)23274275,(04)23288582,2025,08,15,8,8,臺中市,南屯區,0,0,0,7,,3,80,,,,,,,,,,,,,,13,,,,,B03,,,1,,1,,,7,7,1,13,4,120.61983,24.129348,3
5483,66000,387130000C,(04)23274275,(04)23288582,2025,08,15,8,10,臺中市,大里區,0,0,0,7,,,40,,,,,,,,,,,,,,12,,,,,B03,,,1,,2,,,8,8,1,6,4,120.699188,24.110216,3
5484,66000,387130000C,(04)23274275,(04)23288582,2025,08,15,8,10,臺中市,沙鹿區,0,1,0,7,2,6,60,11,8,1,5,4,6,6,4,4,1,4,4,2,17,3,10,4,1,B03,7,13,1,8,2,4,,76,76,1,6,4,120.567298,24.204838,2
5485,66000,387130000C,(04)23274275,(04)23288582,2025,08,15,8,11,臺中市,西屯區,0,0,0,7,,,40,,,,,,,,,,,,,,16,,,,,B02,,,1,,2,,,20,20,1,13,4,120.614192,24.184354,3
5486,66000,387130000C,(04)23274275,(04)23288582,2025,08,15,8,13,臺中市,東區,0,1,0,7,3,6,50,4,9,1,5,4,6,6,4,4,5,5,5,2,16,3,10,5,4,B03,7,5,1,8,2,4,,12,12,1,6,4,120.699854,24.126243,2
5487,66000,387130000C,(04)23274275,(04)23288582,2025,08,15,8,16,臺中市,南屯區,0,0,0,7,,,50,,,,,,,,,,,,,,,,,,,B03,,,1,,1,,,43,43,1,12,4,120.645456,24.149941,3
5488,66000,387130000C,(04)23274275,(04)23288582,2025,08,15,8,18,臺中市,北區,0,0,0,7,,,50,,,,,,,,,,,,,,17,,,,,C03,,,6,,2,,,85,85,1,13,4,120.681531,24.163315,4
5489,66000,387130000C,(04)23274275,(04)23288582,2025,08,15,8,19,臺中市,北區,0,0,0,7,2,6,50,3,2,1,5,4,6,6,4,4,3,4,4,2,13,,,,,B03,,,1,,1,,,7,7,1,12,4,120.678833,24.152067,3
5490,66000,387130000C,(04)23274275,(04)23288582,2025,08,15,8,19,臺中市,大里區,0,0,0,7,2,6,40,4,2,1,5,4,6,6,4,4,2,4,5,1,12,,,,,B03,,,1,,2,,,40,40,1,13,4,120.691895,24.101147,3
5491,66000,387130000C,(04)23274275,(04)23288582,2025,08,15,8,20,臺中市,烏日區,0,0,0,7,,,50,,,,,,,,,,,,,,13,,,,,B03,,,1,,1,,,59,59,1,5,4,120.647415,24.109983,3
5492,66000,387130000C,(04)23274275,(04)23288582,2025,08,15,8,23,臺中市,清水區,0,0,0,7,,,50,,,,,,,,,,,,,,,,,,,B03,,,1,,1,,,50,50,1,12,4,120.550238,24.261698,3
5493,66000,387130000C,(04)23274275,(04)23288582,2025,08,15,8,24,臺中市,西區,0,0,0,7,,,50,,,,,,,,,,,,,,,,,,,C03,,,1,,1,,,84,84,1,13,4,120.671319,24.14545,3