﻿序號,縣市別代碼,機關代碼,市話,傳真,年,月,日,時,分,縣市,區,死亡數量,受傷數量,2-30,天候,道路照明設備,道路類別,道路速限,道路型態,事故位置,路面鋪裝,路面狀態,路面缺陷,障礙物,視距,號誌種類,號誌動作,分向設施,快車道或一般車道間,快慢車道間,路面邊線,事故類型及型態,受傷程度,主要傷處,保護裝備,行動電話或功能裝置,當事者區分_類別,車輛用途,當事者行動狀態,駕照狀態,駕照種類,飲酒情形,車輛撞擊部位最初,車輛撞擊部位其他,肇事因素個別,肇事因素主要,肇事逃逸,職業,共享經濟或外送平台,GPS座標X,GPS座標Y,事故類別
5494,66000,387130000C,(04)23274275,(04)23288582,2025,08,15,8,25,臺中市,烏日區,0,1,0,7,2,6,60,3,8,1,5,4,6,6,4,4,1,4,1,1,16,3,10,3,1,A12,7,6,1,7,2,2,,26,26,1,6,4,120.636669,24.094402,2
5495,66000,387130000C,(04)23274275,(04)23288582,2025,08,15,8,25,臺中市,豐原區,0,1,0,7,2,6,50,4,1,1,5,4,6,6,1,1,1,2,5,1,16,3,10,3,1,B03,7,6,1,8,2,5,,11,11,1,12,4,120.727503,24.248846,2
5496,66000,387130000C,(04)23274275,(04)23288582,2025,08,15,8,26,臺中市,梧棲區,0,0,0,7,,,50,,,,,,,,,,,,,,16,,,,,C03,,,1,,1,,,1,1,1,6,4,120.530153,24.253822,3
5497,66000,387130000C,(04)23274275,(04)23288582,2025,08,15,8,30,臺中市,南屯區,0,1,0,7,2,6,50,13,7,1,5,4,6,6,4,4,5,4,4,2,17,3,10,3,1,B12,7,6,1,8,2,5,,39,39,1,12,4,120.617442,24.158197,2
5498,66000,387130000C,(04)23274275,(04)23288582,2025,08,15,8,30,臺中市,梧棲區,0,1,0,7,2,6,50,4,1,1,5,4,6,6,4,4,10,5,5,2,15,2,9,1,1,C03,7,9,1,10,2,12,,15,15,1,12,4,120.540539,24.251892,2
5499,66000,387130000C,(04)23274275,(04)23288582,2025,08,15,8,31,臺中市,南區,0,1,0,7,1,6,50,4,1,1,5,4,6,6,2,1,10,5,5,2,17,3,10,5,4,B12,7,5,1,8,2,2,,11,11,1,13,4,120.668812,24.125845,2
5500,66000,387130000C,(04)23274275,(04)23288582,2025,08,15,8,32,臺中市,大雅區,0,1,0,7,3,6,40,4,2,1,5,4,6,6,4,4,5,2,4,1,17,2,9,1,1,C03,7,9,1,10,2,11,,7,7,1,12,4,120.64917,24.215871,2
5501,66000,387130000C,(04)23274275,(04)23288582,2025,08,15,8,33,臺中市,南區,0,0,0,7,,,50,,,,,,,,,,,,,,13,,,,,C03,,,1,,1,,,7,7,1,6,4,120.670119,24.125943,3
5502,66000,387130000C,(04)23274275,(04)23288582,2025,08,15,8,33,臺中市,烏日區,0,2,0,7,3,6,50,3,2,1,5,4,6,6,4,4,5,5,5,2,16,2,9,1,1,C03,7,6,1,10,2,11,14,39,39,1,9,4,120.595876,24.111266,2
5503,66000,387130000C,(04)23274275,(04)23288582,2025,08,15,8,35,臺中市,西區,0,0,0,7,,,50,,,,,,,,,,,,,,,,,,,C03,,,1,,1,,,84,84,1,12,4,120.655424,24.15101,3
5504,66000,387130000C,(04)23274275,(04)23288582,2025,08,15,8,38,臺中市,烏日區,0,1,0,7,2,6,50,3,2,1,5,4,6,6,1,1,1,4,4,2,13,3,10,3,1,B03,7,9,1,8,2,5,,84,84,1,6,4,120.641611,24.115441,2
5505,66000,387130000C,(04)23274275,(04)23288582,2025,08,15,8,42,臺中市,東區,0,1,0,7,3,6,50,3,1,1,5,4,6,5,4,4,5,5,5,2,17,2,9,2,1,C03,7,6,1,10,2,11,,12,12,1,6,4,120.69243,24.140719,2
5506,66000,387130000C,(04)23274275,(04)23288582,2025,08,15,8,42,臺中市,西屯區,0,0,0,7,,,50,,,,,,,,,,,,,,13,,,,,C03,,,1,,1,,,7,7,1,12,4,120.645151,24.170558,3
5507,66000,387130000C,(04)23274275,(04)23288582,2025,08,15,8,42,臺中市,清水區,0,0,0,7,,,30,,,,,,,,,,,,,,,,,,,B03,,,1,,1,,,42,42,1,12,4,120.576941,24.277532,3
5508,66000,387130000C,(04)23274275,(04)23288582,2025,08,15,8,47,臺中市,北區,0,0,0,7,2,6,50,3,2,1,5,4,6,6,4,4,5,4,5,2,16,3,10,3,1,B03,7,5,1,8,2,5,,20,20,1,12,4,120.693794,24.15944,3
5509,66000,387130000C,(04)23274275,(04)23288582,2025,08,15,8,52,臺中市,北區,0,1,0,7,3,6,50,3,2,1,5,4,6,6,4,4,5,4,5,2,16,3,10,5,4,C03,7,6,1,10,2,12,,14,14,1,13,4,120.672552,24.173554,2
5510,66000,387130000C,(04)23274275,(04)23288582,2025,08,15,8,53,臺中市,東區,0,1,0,7,3,6,50,4,9,1,5,4,6,6,1,1,5,5,5,2,17,2,9,5,4,C03,7,9,1,10,2,11,,87,87,1,6,4,120.697777,24.133211,2
5511,66000,387130000C,(04)23274275,(04)23288582,2025,08,15,8,58,臺中市,潭子區,0,0,0,7,,,50,,,,,,,,,,,,,,,,,,,B03,,,1,,2,,,84,84,1,13,4,120.698445,24.216674,3
5512,66000,387130000C,(04)23274275,(04)23288582,2025,08,15,8,59,臺中市,西屯區,0,0,0,7,,,50,,,,,,,,,,,,,,13,,,,,C03,,,1,,2,,,7,7,1,12,4,120.655311,24.200033,3
5513,66000,387130000C,(04)23274275,(04)23288582,2025,08,15,9,10,臺中市,南屯區,0,0,0,7,,,30,,,,,,,,,,,,,,,,,,,B03,,,1,,1,,,49,49,1,6,4,120.635631,24.141548,3
5514,66000,387130000C,(04)23274275,(04)23288582,2025,08,15,9,15,臺中市,豐原區,0,0,0,7,,,60,,,,,,,,,,,,,,17,,,,,B03,,,1,,2,,,7,7,1,6,4,120.720217,24.264003,3
5515,66000,387130000C,(04)23274275,(04)23288582,2025,08,15,9,17,臺中市,南屯區,0,1,0,7,2,6,50,13,8,1,5,4,6,6,1,1,1,2,1,2,12,2,9,1,1,C03,7,9,1,10,2,11,,84,84,1,12,4,120.629286,24.150923,2
5516,66000,387130000C,(04)23274275,(04)23288582,2025,08,15,9,20,臺中市,北屯區,0,0,0,7,,3,80,,,,,,,,,,,,,,17,,,,,D02,,,1,,2,,,40,40,1,10,4,120.694144,24.201018,3
5517,66000,387130000C,(04)23274275,(04)23288582,2025,08,15,9,22,臺中市,大里區,0,2,0,7,2,6,50,5,1,1,5,4,6,6,3,1,5,5,5,1,16,2,7,1,1,C03,7,6,1,10,2,14,12,11,11,1,6,4,120.680357,24.114977,2
5518,66000,387130000C,(04)23274275,(04)23288582,2025,08,15,9,22,臺中市,太平區,0,1,0,7,3,6,50,5,1,1,5,4,6,6,2,1,10,4,5,2,13,2,9,1,1,C03,7,9,1,10,2,11,,7,7,1,12,4,120.713163,24.143494,2
5519,66000,387130000C,(04)23274275,(04)23288582,2025,08,15,9,27,臺中市,大里區,0,1,0,7,3,6,50,4,1,1,5,4,6,6,1,1,5,4,5,1,3,3,10,5,4,B03,7,6,1,8,2,8,,10,10,1,13,4,120.701748,24.110928,2
5520,66000,387130000C,(04)23274275,(04)23288582,2025,08,15,9,29,臺中市,大雅區,0,0,0,7,,,50,,,,,,,,,,,,,,,,,,,C03,,,1,,2,,,1,1,1,12,4,120.651606,24.219149,3
5521,66000,387130000C,(04)23274275,(04)23288582,2025,08,15,9,30,臺中市,西屯區,0,1,0,7,2,6,50,13,9,1,5,4,6,6,4,4,10,4,5,2,12,3,10,5,4,B03,7,5,5,19,2,5,,20,20,1,12,4,120.662798,24.20154,2
5522,66000,387130000C,(04)23274275,(04)23288582,2025,08,15,9,30,臺中市,太平區,0,2,0,7,3,6,30,4,1,1,5,4,6,6,4,4,10,5,5,2,15,2,7,1,1,C03,7,9,1,10,2,11,,12,12,1,6,4,120.725699,24.142586,2
5523,66000,387130000C,(04)23274275,(04)23288582,2025,08,15,9,32,臺中市,北屯區,0,0,0,7,,,50,,,,,,,,,,,,,,,,,,,B03,,,1,,1,,,49,49,1,13,4,120.697298,24.166495,3
5524,66000,387130000C,(04)23274275,(04)23288582,2025,08,15,9,35,臺中市,西區,0,0,0,7,,,50,,,,,,,,,,,,,,17,,,,,B12,,,1,,1,,,84,84,1,12,4,120.664139,24.153114,3
5525,66000,387130000C,(04)23274275,(04)23288582,2025,08,15,9,37,臺中市,中區,0,1,0,7,2,6,50,4,1,1,5,4,1,6,1,1,10,5,5,2,30,2,9,1,1,C04,7,9,1,10,2,11,,7,7,1,13,4,120.682863,24.143654,2
5526,66000,387130000C,(04)23274275,(04)23288582,2025,08,15,9,42,臺中市,神岡區,0,0,0,7,,,60,,,,,,,,,,,,,,12,,,,,B03,,,1,,2,,,8,8,1,12,4,120.683212,24.246493,3
5527,66000,387130000C,(04)23274275,(04)23288582,2025,08,15,9,45,臺中市,沙鹿區,0,0,0,7,,,50,,,,,,,,,,,,,,17,,,,,A02,,,1,,1,,,8,8,1,6,4,120.569002,24.22278,3
5528,66000,387130000C,(04)23274275,(04)23288582,2025,08,15,9,51,臺中市,大里區,0,1,0,7,2,6,40,4,1,1,5,4,6,6,1,1,5,5,4,2,17,2,9,1,1,C03,7,15,1,10,2,14,,20,20,1,13,4,120.683375,24.100724,2
5529,66000,387130000C,(04)23274275,(04)23288582,2025,08,15,9,52,臺中市,南屯區,0,1,0,7,2,6,50,4,1,1,5,4,6,6,4,4,10,5,5,2,11,3,10,5,4,B12,7,6,1,8,2,1,,13,13,1,13,4,120.615888,24.151282,2
5530,66000,387130000C,(04)23274275,(04)23288582,2025,08,15,9,54,臺中市,北區,0,0,0,7,,,40,,,,,,,,,,,,,,17,,,,,B03,,,1,,2,,,59,59,1,12,4,120.663682,24.162106,3
5531,66000,387130000C,(04)23274275,(04)23288582,2025,08,15,9,56,臺中市,北區,0,0,0,7,,,0,,,,,,,,,,,,,,17,,,,,C03,,,1,,1,,,51,51,1,13,4,120.692347,24.158376,3
5532,66000,387130000C,(04)23274275,(04)23288582,2025,08,15,9,57,臺中市,西屯區,0,0,0,7,,,40,,,,,,,,,,,,,,15,,,,,B03,,,1,,1,,,23,23,1,12,4,120.634559,24.176245,3
5533,66000,387130000C,(04)23274275,(04)23288582,2025,08,15,9,59,臺中市,神岡區,0,1,0,7,2,6,50,13,9,1,5,4,6,6,4,4,5,5,5,2,3,2,9,6,5,H01,8,16,7,21,10,17,,95,95,1,13,5,120.684733,24.246162,2
5534,66000,387130000C,(04)23274275,(04)23288582,2025,08,15,10,1,臺中市,大雅區,0,0,0,7,,,30,,,,,,,,,,,,,,,,,,,B11,,,1,,1,,,49,49,1,12,4,120.649074,24.227568,3
5535,66000,387130000C,(04)23274275,(04)23288582,2025,08,15,10,5,臺中市,西屯區,0,0,0,7,,,50,,,,,,,,,,,,,,13,,,,,B03,,,1,,1,,,7,7,1,13,4,120.636528,24.170784,3
5536,66000,387130000C,(04)23274275,(04)23288582,2025,08,15,10,5,臺中市,豐原區,0,1,0,7,2,6,50,5,1,1,5,4,6,6,2,1,5,5,4,2,17,3,10,1,1,C03,7,5,1,10,2,12,,11,11,1,12,4,120.720298,24.249344,2
5537,66000,387130000C,(04)23274275,(04)23288582,2025,08,15,10,7,臺中市,西屯區,0,1,0,7,2,6,40,4,1,1,5,4,6,6,1,1,10,5,5,2,16,2,9,2,1,C03,7,6,1,10,2,13,,48,48,1,12,4,120.634613,24.164953,2
5538,66000,387130000C,(04)23274275,(04)23288582,2025,08,15,10,10,臺中市,大雅區,0,1,0,7,1,6,50,13,9,1,5,4,6,6,4,4,5,5,5,1,9,3,10,3,1,A02,7,3,1,2,2,16,,87,87,1,13,4,120.648555,24.21705,2
5539,66000,387130000C,(04)23274275,(04)23288582,2025,08,15,10,10,臺中市,北區,0,0,0,7,2,6,50,13,9,1,5,4,6,6,4,4,9,4,5,2,14,3,10,6,1,C03,7,2,1,21,1,13,,85,85,1,12,4,120.681978,24.161618,3
5540,66000,387130000C,(04)23274275,(04)23288582,2025,08,15,10,15,臺中市,南屯區,0,0,0,7,,,50,,,,,,,,,,,,,,,,,,,B03,,,1,,1,,,84,84,1,6,4,120.623141,24.145201,3
5541,66000,387130000C,(04)23274275,(04)23288582,2025,08,15,10,17,臺中市,外埔區,0,1,0,7,3,6,50,11,9,1,2,4,6,6,4,4,5,5,5,1,18,2,9,1,1,C03,7,9,1,10,2,16,,84,84,1,6,4,120.66464,24.340244,2
5542,66000,387130000C,(04)23274275,(04)23288582,2025,08,15,10,20,臺中市,西區,0,0,0,7,,,40,,,,,,,,,,,,,,,,,,,C02,,,1,,2,,,84,84,1,12,4,120.671263,24.149859,3
5543,66000,387130000C,(04)23274275,(04)23288582,2025,08,15,10,20,臺中市,北區,0,0,0,7,,,30,,,,,,,,,,,,,,,,,,,B03,,,1,,11,,,87,87,1,13,4,120.701206,24.158008,3
5544,66000,387130000C,(04)23274275,(04)23288582,2025,08,15,10,20,臺中市,西屯區,0,1,0,7,2,6,50,3,1,1,5,4,6,6,4,4,5,4,5,2,16,2,9,2,1,C03,7,9,1,10,2,12,,7,7,1,12,4,120.646573,24.165094,2
5545,66000,387130000C,(04)23274275,(04)23288582,2025,08,15,10,26,臺中市,清水區,0,0,0,7,,,50,,,,,,,,,,,,,,,,,,,B03,,,1,,2,,,84,84,1,12,4,120.567146,24.292105,3
5546,66000,387130000C,(04)23274275,(04)23288582,2025,08,15,10,29,臺中市,太平區,0,0,0,7,,,50,,,,,,,,,,,,,,14,,,,,B03,,,1,,9,,,49,49,1,12,4,120.72094,24.157593,3
5547,66000,387130000C,(04)23274275,(04)23288582,2025,08,15,10,30,臺中市,西屯區,0,0,0,7,,3,80,,,,,,,,,,,,,,13,,,,,B03,,,1,,1,,,7,7,1,12,4,120.629123,24.163464,3
5548,66000,387130000C,(04)23274275,(04)23288582,2025,08,15,10,32,臺中市,太平區,0,1,0,7,3,6,50,3,1,1,5,4,6,6,4,4,10,5,5,2,18,2,9,1,1,C03,7,9,1,10,2,11,,94,94,1,12,4,120.721161,24.150949,2
5549,66000,387130000C,(04)23274275,(04)23288582,2025,08,15,10,34,臺中市,南屯區,0,0,0,7,,,50,,,,,,,,,,,,,,13,,,,,B03,,,1,,1,,,59,59,1,12,4,120.646376,24.135928,3
5550,66000,387130000C,(04)23274275,(04)23288582,2025,08,15,10,36,臺中市,清水區,0,0,0,7,,,30,,,,,,,,,,,,,,,,,,,B03,,,1,,2,,,8,8,1,12,4,120.599886,24.303475,3
5551,66000,387130000C,(04)23274275,(04)23288582,2025,08,15,10,37,臺中市,北屯區,0,1,0,7,2,3,40,13,18,1,5,4,6,6,4,4,10,5,5,2,13,3,10,3,1,B12,7,9,1,3,2,1,,84,84,1,6,4,120.681749,24.200916,2
5552,66000,387130000C,(04)23274275,(04)23288582,2025,08,15,10,38,臺中市,外埔區,0,0,0,7,,,50,,,,,,,,,,,,,,,,,,,B12,,,1,,2,,,84,84,1,13,4,120.638085,24.341782,3
5553,66000,387130000C,(04)23274275,(04)23288582,2025,08,15,10,40,臺中市,東區,0,2,0,7,1,6,50,3,1,1,5,4,6,6,4,4,10,5,5,2,17,2,9,5,4,C03,7,6,1,10,2,11,,12,12,1,13,4,120.700999,24.135767,2
5554,66000,387130000C,(04)23274275,(04)23288582,2025,08,15,10,40,臺中市,大里區,0,1,0,7,2,6,40,4,1,1,5,4,6,6,1,1,10,5,5,2,17,2,9,2,1,C03,7,9,1,10,2,11,,7,7,1,6,4,120.697832,24.082451,2
5555,66000,387130000C,(04)23274275,(04)23288582,2025,08,15,10,41,臺中市,豐原區,0,0,0,7,,,50,,,,,,,,,,,,,,17,,,,,A11,,,1,,2,,,78,78,1,12,4,120.715863,24.262814,3
5556,66000,387130000C,(04)23274275,(04)23288582,2025,08,15,10,43,臺中市,北區,0,0,0,6,,,50,,,,,,,,,,,,,,14,,,,,C03,,,1,,1,,,84,84,1,12,4,120.683767,24.15524,3
5557,66000,387130000C,(04)23274275,(04)23288582,2025,08,15,10,44,臺中市,烏日區,0,1,0,7,3,6,60,13,8,1,5,4,6,6,4,4,1,4,4,1,12,3,10,3,1,B12,7,14,1,8,2,4,,76,76,1,6,4,120.639645,24.108319,2
5558,66000,387130000C,(04)23274275,(04)23288582,2025,08,15,10,46,臺中市,霧峰區,0,0,0,7,,,60,,,,,,,,,,,,,,17,,,,,B12,,,1,,1,,,65,65,1,6,4,120.695319,24.061132,3
5559,66000,387130000C,(04)23274275,(04)23288582,2025,08,15,10,48,臺中市,南區,0,0,0,7,,,50,,,,,,,,,,,,,,,,,,,B03,,,1,,1,,,83,83,1,6,4,120.670868,24.126604,3
5560,66000,387130000C,(04)23274275,(04)23288582,2025,08,15,10,48,臺中市,霧峰區,0,1,0,7,2,6,50,13,9,1,5,4,6,6,4,4,9,5,5,1,17,3,10,5,4,B12,7,5,1,7,2,6,,87,87,1,13,4,120.690179,24.056904,2
5561,66000,387130000C,(04)23274275,(04)23288582,2025,08,15,10,52,臺中市,西屯區,0,0,0,7,,,30,,,,,,,,,,,,,,14,,,,,B12,,,1,,2,,,49,49,1,12,4,120.613882,24.181409,3
5562,66000,387130000C,(04)23274275,(04)23288582,2025,08,15,10,58,臺中市,太平區,0,0,0,7,,,30,,,,,,,,,,,,,,16,,,,,B03,,,1,,2,,,14,14,1,6,4,120.717847,24.140408,3
5563,66000,387130000C,(04)23274275,(04)23288582,2025,08,15,11,0,臺中市,西屯區,0,0,0,7,,,50,,,,,,,,,,,,,,13,,,,,B12,,,1,,1,,,59,59,1,12,4,120.599397,24.162787,3
5564,66000,387130000C,(04)23274275,(04)23288582,2025,08,15,11,0,臺中市,烏日區,0,0,0,7,,,40,,,,,,,,,,,,,,12,,,,,A12,,,1,,2,,,50,50,1,6,4,120.647608,24.080427,3
5565,66000,387130000C,(04)23274275,(04)23288582,2025,08,15,11,3,臺中市,西屯區,0,0,0,7,,,50,,,,,,,,,,,,,,13,,,,,B03,,,1,,2,,,7,7,1,13,4,120.63847,24.181224,3
5566,66000,387130000C,(04)23274275,(04)23288582,2025,08,15,11,10,臺中市,太平區,0,1,0,7,3,6,50,3,1,1,1,4,6,6,4,4,10,5,5,2,13,2,9,1,1,C03,7,10,1,10,2,11,,58,58,1,6,4,120.710622,24.122661,2
5567,66000,387130000C,(04)23274275,(04)23288582,2025,08,15,11,13,臺中市,太平區,0,0,0,7,,,50,,,,,,,,,,,,,,,,,,,B03,,,1,,1,,,40,40,1,12,4,120.710678,24.140807,3
5568,66000,387130000C,(04)23274275,(04)23288582,2025,08,15,11,16,臺中市,中區,0,0,0,7,,,50,,,,,,,,,,,,,,,,,,,B03,,,1,,1,,,40,40,1,13,4,120.685981,24.138902,3
5569,66000,387130000C,(04)23274275,(04)23288582,2025,08,15,11,16,臺中市,南區,0,0,0,7,,,50,,,,,,,,,,,,,,11,,,,,B03,,,1,,2,,,40,40,1,6,4,120.650576,24.120293,3
5570,66000,387130000C,(04)23274275,(04)23288582,2025,08,15,11,16,臺中市,后里區,0,0,0,7,3,6,50,13,9,1,5,4,6,6,4,4,8,5,5,1,12,3,10,3,1,B01,7,1,1,4,2,5,,4,4,1,12,4,120.706139,24.308813,3
5571,66000,387130000C,(04)23274275,(04)23288582,2025,08,15,11,21,臺中市,烏日區,0,1,0,7,2,6,70,4,1,1,5,4,6,6,1,1,1,4,4,1,16,3,10,3,1,B03,7,5,1,8,2,5,,11,11,1,6,4,120.598333,24.111309,2
5572,66000,387130000C,(04)23274275,(04)23288582,2025,08,15,11,22,臺中市,東區,0,2,0,7,3,6,50,13,9,1,5,4,5,6,4,4,5,5,5,2,17,2,9,5,4,C03,7,9,1,10,2,11,,7,7,1,6,4,120.683428,24.134225,2
5573,66000,387130000C,(04)23274275,(04)23288582,2025,08,15,11,23,臺中市,北區,0,0,0,7,2,6,50,13,7,1,5,4,6,6,4,4,1,2,1,2,13,,,,,B03,,,1,,1,,,7,7,1,12,4,120.664671,24.154627,3
5574,66000,387130000C,(04)23274275,(04)23288582,2025,08,15,11,27,臺中市,太平區,0,1,0,7,3,6,50,3,1,1,5,4,6,6,1,1,10,5,5,2,17,2,9,1,1,C03,7,7,1,10,2,12,,84,84,1,6,4,120.733183,24.150526,2
5575,66000,387130000C,(04)23274275,(04)23288582,2025,08,15,11,30,臺中市,南屯區,0,0,0,7,,,50,,,,,,,,,,,,,,,,,,,B03,,,1,,1,,,59,59,1,12,4,120.633998,24.158854,3
5576,66000,387130000C,(04)23274275,(04)23288582,2025,08,15,11,30,臺中市,南屯區,0,1,0,7,1,6,50,4,1,1,5,4,6,6,2,1,10,5,5,2,30,2,8,1,1,C03,7,9,1,10,2,14,,84,84,1,6,4,120.630584,24.138933,2
5577,66000,387130000C,(04)23274275,(04)23288582,2025,08,15,11,35,臺中市,大雅區,0,0,0,7,,,50,,,,,,,,,,,,,,,,,,,C03,,,1,,1,,,8,8,1,13,4,120.651037,24.227563,4
5578,66000,387130000C,(04)23274275,(04)23288582,2025,08,15,11,35,臺中市,東區,0,2,0,7,1,6,50,13,7,1,5,4,6,6,4,4,5,4,4,2,17,2,9,1,1,C03,7,15,1,10,2,11,,84,84,1,12,4,120.705796,24.144294,2
5579,66000,387130000C,(04)23274275,(04)23288582,2025,08,15,11,38,臺中市,大里區,0,1,0,7,2,6,50,4,1,1,5,4,6,6,2,1,5,5,5,1,16,3,10,3,1,B01,7,6,1,4,2,2,,11,11,1,6,4,120.68923,24.104763,2
5580,66000,387130000C,(04)23274275,(04)23288582,2025,08,15,11,39,臺中市,霧峰區,0,2,0,7,2,6,50,3,2,1,5,4,6,6,1,1,5,5,5,1,17,2,9,2,1,C03,7,1,1,10,2,14,,51,51,1,9,4,120.710342,24.074509,2
5581,66000,387130000C,(04)23274275,(04)23288582,2025,08,15,11,40,臺中市,西區,0,2,0,7,3,6,50,13,8,1,5,4,6,6,4,4,1,4,4,2,16,3,10,3,1,B03,7,7,1,8,1,2,,65,65,1,12,4,120.659051,24.156331,2
5582,66000,387130000C,(04)23274275,(04)23288582,2025,08,15,11,40,臺中市,大里區,0,0,0,7,,,50,,,,,,,,,,,,,,16,,,,,B03,,,1,,2,,,45,45,1,13,4,120.680949,24.105836,3
5583,66000,387130000C,(04)23274275,(04)23288582,2025,08,15,11,41,臺中市,清水區,0,0,0,7,,,70,,,,,,,,,,,,,,,,,,,A12,,,1,,2,,,88,88,1,12,4,120.564033,24.296824,3
5584,66000,387130000C,(04)23274275,(04)23288582,2025,08,15,11,42,臺中市,北屯區,0,1,0,7,2,6,50,4,1,1,5,4,6,6,4,4,10,5,5,2,15,2,9,2,1,C03,7,9,1,10,2,11,,15,15,1,12,4,120.724859,24.159634,2
5585,66000,387130000C,(04)23274275,(04)23288582,2025,08,15,11,43,臺中市,西屯區,0,3,0,7,2,6,40,4,1,1,5,4,6,6,1,1,10,5,5,2,13,2,9,1,1,C03,7,9,1,10,2,11,,7,7,1,13,4,120.653282,24.203544,2
5586,66000,387130000C,(04)23274275,(04)23288582,2025,08,15,11,45,臺中市,北區,0,0,0,7,2,6,50,4,2,1,5,4,6,6,1,1,1,4,4,2,13,3,10,3,1,B03,7,9,1,8,1,1,,56,56,1,12,4,120.685015,24.161559,3
5587,66000,387130000C,(04)23274275,(04)23288582,2025,08,15,11,47,臺中市,大甲區,0,0,0,7,,,50,,,,,,,,,,,,,,,,,,,B12,,,1,,2,,,49,49,1,12,4,120.620299,24.342087,3
5588,66000,387130000C,(04)23274275,(04)23288582,2025,08,15,11,49,臺中市,烏日區,0,0,0,7,2,6,50,13,9,1,5,4,6,6,4,4,5,4,5,1,13,3,10,3,1,A11,1,1,1,1,1,1,,51,51,1,6,4,120.630538,24.105156,3
5589,66000,387130000C,(04)23274275,(04)23288582,2025,08,15,11,50,臺中市,龍井區,0,1,0,7,2,6,30,4,1,1,5,4,6,6,4,4,10,5,5,2,15,3,10,3,1,B03,7,9,1,8,2,1,,12,12,1,6,4,120.54365,24.212876,2
5590,66000,387130000C,(04)23274275,(04)23288582,2025,08,15,11,54,臺中市,大甲區,0,2,0,7,2,6,50,4,1,1,5,4,6,6,4,4,5,5,5,1,15,2,9,1,1,C03,7,9,1,10,2,11,,15,15,1,12,4,120.639958,24.400934,2
5591,66000,387130000C,(04)23274275,(04)23288582,2025,08,15,11,56,臺中市,西屯區,0,2,0,7,2,6,40,3,1,1,5,4,6,6,1,1,5,5,4,2,16,2,9,6,1,F01,7,6,7,21,2,14,,48,48,1,12,1,120.649234,24.164405,2
5592,66000,387130000C,(04)23274275,(04)23288582,2025,08,15,11,59,臺中市,西屯區,0,1,0,7,2,6,40,13,8,1,5,4,6,6,4,4,3,4,3,2,13,2,9,2,1,C03,7,8,1,10,4,11,,59,59,1,12,4,120.641053,24.167045,2
5593,66000,387130000C,(04)23274275,(04)23288582,2025,08,15,12,5,臺中市,和平區,0,0,0,7,,,50,,,,,,,,,,,,,,30,,,,,B03,,,1,,2,,,43,43,1,12,4,121.029256,24.210387,3
5594,66000,387130000C,(04)23274275,(04)23288582,2025,08,15,12,7,臺中市,大里區,0,1,0,7,2,6,50,4,1,1,5,4,6,6,1,1,5,2,5,1,13,2,8,1,1,C03,7,5,1,10,2,11,,84,84,1,13,4,120.689604,24.115432,2
5595,66000,387130000C,(04)23274275,(04)23288582,2025,08,15,12,14,臺中市,太平區,0,0,0,7,,,50,,,,,,,,,,,,,,10,,,,,B03,,,1,,2,,,84,84,1,6,4,120.726203,24.149712,3
5596,66000,387130000C,(04)23274275,(04)23288582,2025,08,15,12,24,臺中市,西屯區,0,0,0,7,,,70,,,,,,,,,,,,,,14,,,,,B03,,,1,,2,,,59,59,1,12,4,120.616528,24.182574,3
5597,66000,387130000C,(04)23274275,(04)23288582,2025,08,15,12,25,臺中市,北區,0,0,0,7,2,6,40,4,2,1,,4,6,6,1,1,3,4,4,2,13,,,,,C03,,,1,,1,,,7,7,1,12,4,120.685725,24.155948,3
5598,66000,387130000C,(04)23274275,(04)23288582,2025,08,15,12,30,臺中市,西屯區,0,0,0,7,,,30,,,,,,,,,,,,,,12,,,,,B03,,,1,,2,,,8,8,1,12,4,120.660119,24.195364,3
5599,66000,387130000C,(04)23274275,(04)23288582,2025,08,15,12,37,臺中市,西區,0,0,0,7,,,30,,,,,,,,,,,,,,,,,,,C03,,,1,,1,,,49,49,2,13,4,120.665551,24.153562,3
5600,66000,387130000C,(04)23274275,(04)23288582,2025,08,15,12,39,臺中市,西屯區,0,0,0,7,,,40,,,,,,,,,,,,,,17,,,,,C03,,,1,,1,,,59,59,1,12,4,120.660572,24.164456,3
5601,66000,387130000C,(04)23274275,(04)23288582,2025,08,15,12,41,臺中市,大里區,0,0,0,7,,,50,,,,,,,,,,,,,,17,,,,,B12,,,1,,1,,,84,84,1,12,4,120.697907,24.090147,3
5602,66000,387130000C,(04)23274275,(04)23288582,2025,08,15,12,42,臺中市,梧棲區,0,0,0,7,,,40,,,,,,,,,,,,,,13,,,,,B03,,,1,,1,,,59,59,1,6,4,120.525779,24.224664,3
5603,66000,387130000C,(04)23274275,(04)23288582,2025,08,15,12,57,臺中市,西屯區,0,1,0,7,2,6,50,3,1,1,5,4,6,6,4,4,10,5,5,2,17,3,10,3,1,B01,7,1,1,2,2,8,,51,51,1,13,4,120.656873,24.163457,2
5604,66000,387130000C,(04)23274275,(04)23288582,2025,08,15,12,59,臺中市,北區,0,0,0,7,2,6,50,13,7,1,5,4,6,6,4,4,1,4,4,2,13,3,10,3,1,B03,7,9,1,8,2,1,,7,7,1,12,4,120.674807,24.162301,4