﻿序號,縣市別代碼,機關代碼,市話,傳真,年,月,日,時,分,縣市,區,死亡數量,受傷數量,2-30,天候,道路照明設備,道路類別,道路速限,道路型態,事故位置,路面鋪裝,路面狀態,路面缺陷,障礙物,視距,號誌種類,號誌動作,分向設施,快車道或一般車道間,快慢車道間,路面邊線,事故類型及型態,受傷程度,主要傷處,保護裝備,行動電話或功能裝置,當事者區分_類別,車輛用途,當事者行動狀態,駕照狀態,駕照種類,飲酒情形,車輛撞擊部位最初,車輛撞擊部位其他,肇事因素個別,肇事因素主要,肇事逃逸,職業,共享經濟或外送平台,GPS座標X,GPS座標Y,事故類別
5605,66000,387130000C,(04)23274275,(04)23288582,2025,08,15,13,0,臺中市,南屯區,0,1,0,7,3,6,40,13,7,1,5,4,6,6,1,1,5,5,4,2,12,3,10,1,1,C03,7,11,1,10,2,14,,45,45,1,12,4,120.616438,24.152617,2
5606,66000,387130000C,(04)23274275,(04)23288582,2025,08,15,13,2,臺中市,北屯區,0,1,0,7,2,6,50,13,9,1,5,4,6,6,4,4,1,4,5,2,17,3,10,3,1,B03,7,14,1,8,2,4,,76,76,1,6,4,120.69405,24.164151,2
5607,66000,387130000C,(04)23274275,(04)23288582,2025,08,15,13,4,臺中市,龍井區,0,1,0,7,2,6,50,11,9,1,5,4,6,6,4,4,9,5,5,1,26,2,9,1,1,C03,7,9,3,19,11,12,,59,59,1,6,4,120.564389,24.180673,2
5608,66000,387130000C,(04)23274275,(04)23288582,2025,08,15,13,5,臺中市,中區,0,0,0,7,,,50,,,,,,,,,,,,,,,,,,,B03,,,1,,1,,,51,51,1,12,4,120.681683,24.140248,3
5609,66000,387130000C,(04)23274275,(04)23288582,2025,08,15,13,6,臺中市,太平區,0,0,0,7,,,50,,,,,,,,,,,,,,,,,,,B12,,,1,,9,,,78,78,1,12,4,120.715513,24.13588,3
5610,66000,387130000C,(04)23274275,(04)23288582,2025,08,15,13,9,臺中市,大里區,0,1,0,7,2,6,50,3,1,1,5,4,6,6,4,4,5,5,4,1,14,3,10,3,1,B03,7,2,1,8,2,3,,49,49,1,13,4,120.684229,24.107885,2
5611,66000,387130000C,(04)23274275,(04)23288582,2025,08,15,13,14,臺中市,西區,0,1,0,7,2,6,50,4,1,1,5,4,6,6,1,1,10,5,5,2,3,3,10,2,1,C03,7,6,1,10,1,11,,10,10,1,12,4,120.676071,24.1371,2
5612,66000,387130000C,(04)23274275,(04)23288582,2025,08,15,13,14,臺中市,豐原區,0,0,0,7,,,50,,,,,,,,,,,,,,14,,,,,B03,,,1,,2,,,49,49,1,12,4,120.702828,24.249371,3
5613,66000,387130000C,(04)23274275,(04)23288582,2025,08,15,13,15,臺中市,北屯區,0,0,0,7,,,50,,,,,,,,,,,,,,13,,,,,B03,,,1,,1,,,7,7,1,12,4,120.670949,24.174708,3
5614,66000,387130000C,(04)23274275,(04)23288582,2025,08,15,13,22,臺中市,中區,0,1,0,7,3,6,50,13,9,1,5,4,6,6,4,4,5,4,5,2,12,3,10,1,1,C03,7,15,1,10,2,12,,84,84,1,6,4,120.679262,24.142317,2
5615,66000,387130000C,(04)23274275,(04)23288582,2025,08,15,13,24,臺中市,大甲區,0,1,0,7,3,6,50,13,8,1,5,4,6,6,1,1,5,4,4,1,13,2,9,1,1,C03,7,9,1,10,2,11,,7,7,1,5,4,120.614596,24.349331,2
5616,66000,387130000C,(04)23274275,(04)23288582,2025,08,15,13,29,臺中市,南屯區,0,0,0,7,,,50,,,,,,,,,,,,,,,,,,,B03,,,1,,2,,,40,40,1,12,4,120.637615,24.142502,3
5617,66000,387130000C,(04)23274275,(04)23288582,2025,08,15,13,35,臺中市,大肚區,0,0,0,7,,,70,,,,,,,,,,,,,,,,,,,A12,,,1,,1,,,7,7,1,6,4,120.554129,24.131889,3
5618,66000,387130000C,(04)23274275,(04)23288582,2025,08,15,13,40,臺中市,沙鹿區,0,0,0,7,2,6,40,11,9,1,5,4,6,6,1,1,1,3,4,2,13,,,,,B03,,,1,,2,,,7,7,1,12,4,120.568477,24.238312,3
5619,66000,387130000C,(04)23274275,(04)23288582,2025,08,15,13,42,臺中市,北區,0,2,0,7,3,6,50,4,2,1,5,4,6,6,4,4,5,4,5,2,15,2,9,5,4,C03,7,9,1,10,2,11,,15,15,1,13,4,120.673541,24.158346,2
5620,66000,387130000C,(04)23274275,(04)23288582,2025,08,15,13,47,臺中市,大雅區,0,1,0,7,2,6,30,4,1,1,5,4,6,6,1,1,9,5,5,1,15,3,10,3,1,B03,7,9,1,8,2,4,,21,21,1,13,4,120.662708,24.220267,2
5621,66000,387130000C,(04)23274275,(04)23288582,2025,08,15,13,49,臺中市,太平區,0,3,0,7,3,6,50,4,2,1,5,4,6,6,1,1,10,5,5,2,13,2,5,1,1,C03,7,9,1,10,2,11,,7,7,1,12,4,120.725569,24.145905,2
5622,66000,387130000C,(04)23274275,(04)23288582,2025,08,15,13,50,臺中市,太平區,0,0,0,7,,,50,,,,,,,,,,,,,,17,,,,,A31,,,1,,2,,,84,84,1,6,4,120.70727,24.125638,3
5623,66000,387130000C,(04)23274275,(04)23288582,2025,08,15,13,51,臺中市,烏日區,0,1,0,7,3,6,60,4,2,1,5,4,6,6,1,1,1,2,4,2,13,3,10,3,1,B12,7,12,1,8,2,1,,7,7,1,6,4,120.615994,24.10585,2
5624,66000,387130000C,(04)23274275,(04)23288582,2025,08,15,13,55,臺中市,烏日區,0,0,0,7,2,6,50,3,1,1,5,4,6,6,1,1,1,4,4,2,16,3,10,3,1,B03,7,5,1,8,2,2,,11,11,1,6,4,120.626224,24.108908,3
5625,66000,387130000C,(04)23274275,(04)23288582,2025,08,15,13,56,臺中市,西區,0,0,0,7,,,40,,,,,,,,,,,,,,,,,,,C03,,,1,,1,,,4,4,1,12,4,120.658149,24.155147,3
5626,66000,387130000C,(04)23274275,(04)23288582,2025,08,15,13,57,臺中市,南區,0,0,0,7,,,30,,,,,,,,,,,,,,14,,,,,B03,,,1,,1,,,49,49,1,13,4,120.669613,24.111878,3
5627,66000,387130000C,(04)23274275,(04)23288582,2025,08,15,13,57,臺中市,梧棲區,0,0,0,7,,,50,,,,,,,,,,,,,,15,,,,,B03,,,1,,1,,,50,50,1,6,4,120.538598,24.247714,3
5628,66000,387130000C,(04)23274275,(04)23288582,2025,08,15,13,58,臺中市,南屯區,0,0,0,7,,,50,,,,,,,,,,,,,,,,,,,C03,,,5,,1,,,59,59,1,12,4,120.612686,24.139285,4
5629,66000,387130000C,(04)23274275,(04)23288582,2025,08,15,13,58,臺中市,梧棲區,0,0,0,7,,,70,,,,,,,,,,,,,,13,,,,,B03,,,1,,1,,,8,8,1,12,4,120.544698,24.246935,3
5630,66000,387130000C,(04)23274275,(04)23288582,2025,08,15,14,6,臺中市,潭子區,0,1,0,7,3,6,50,3,1,1,5,4,6,6,4,4,10,5,5,2,16,3,10,2,1,C03,7,6,1,10,2,11,,14,14,1,13,4,120.692955,24.224836,2
5631,66000,387130000C,(04)23274275,(04)23288582,2025,08,15,14,7,臺中市,中區,0,0,0,7,,,50,,,,,,,,,,,,,,,,,,,B03,,,1,,2,,,40,40,1,12,4,120.679238,24.141847,3
5632,66000,387130000C,(04)23274275,(04)23288582,2025,08,15,14,7,臺中市,太平區,0,0,0,7,,,30,,,,,,,,,,,,,,11,,,,,B01,,,1,,1,,,8,8,1,6,4,120.708646,24.154326,3
5633,66000,387130000C,(04)23274275,(04)23288582,2025,08,15,14,10,臺中市,太平區,0,0,0,7,,,30,,,,,,,,,,,,,,,,,,,B12,,,1,,2,,,49,49,1,12,4,120.705755,24.112469,3
5634,66000,387130000C,(04)23274275,(04)23288582,2025,08,15,14,11,臺中市,北屯區,0,0,0,7,,,50,,,,,,,,,,,,,,,,,,,B03,,,1,,1,,,84,84,1,13,4,120.723292,24.181591,3
5635,66000,387130000C,(04)23274275,(04)23288582,2025,08,15,14,13,臺中市,太平區,0,0,0,7,,,50,,,,,,,,,,,,,,17,,,,,B03,,,1,,2,,,84,84,1,6,4,120.711505,24.123139,3
5636,66000,387130000C,(04)23274275,(04)23288582,2025,08,15,14,15,臺中市,東勢區,0,0,0,7,,,50,,,,,,,,,,,,,,12,,,,,B03,,,1,,1,,,50,50,1,13,4,120.828841,24.257042,3
5637,66000,387130000C,(04)23274275,(04)23288582,2025,08,15,14,17,臺中市,南區,0,1,0,7,1,6,50,3,1,1,5,4,6,6,4,4,10,5,5,2,17,3,10,5,4,B03,7,13,1,8,2,4,,76,76,1,13,4,120.663449,24.119141,2
5638,66000,387130000C,(04)23274275,(04)23288582,2025,08,15,14,20,臺中市,大里區,0,0,0,7,2,6,30,13,9,1,5,4,6,6,4,4,10,5,5,2,17,,,,,B03,,,1,,2,,,84,84,1,13,4,120.696774,24.124592,3
5639,66000,387130000C,(04)23274275,(04)23288582,2025,08,15,14,23,臺中市,西區,0,2,0,7,2,6,50,4,1,1,5,4,6,6,1,1,10,5,5,2,17,2,9,2,1,C03,7,4,1,10,2,14,,84,84,1,12,4,120.676016,24.133063,2
5640,66000,387130000C,(04)23274275,(04)23288582,2025,08,15,14,24,臺中市,霧峰區,0,0,0,7,,6,50,,,,,,,,,,,,,,17,,,,,B03,,,1,8,1,,,84,84,1,13,4,120.682679,24.030214,3
5641,66000,387130000C,(04)23274275,(04)23288582,2025,08,15,14,25,臺中市,西區,0,0,0,7,,,50,,,,,,,,,,,,,,13,,,,,B03,,,1,,1,,,59,59,1,6,4,120.669605,24.149887,3
5642,66000,387130000C,(04)23274275,(04)23288582,2025,08,15,14,25,臺中市,太平區,0,0,0,7,,,30,,,,,,,,,,,,,,13,,,,,B12,,,1,,2,,,58,58,1,6,4,120.721044,24.122099,3
5643,66000,387130000C,(04)23274275,(04)23288582,2025,08,15,14,30,臺中市,清水區,0,0,0,7,,,60,,,,,,,,,,,,,,,,,,,A41,,,1,,2,,,7,7,1,12,4,120.590426,24.304314,3
5644,66000,387130000C,(04)23274275,(04)23288582,2025,08,15,14,32,臺中市,北區,0,0,0,7,,,50,,,,,,,,,,,,,,17,,,,,B03,,,1,,2,,,76,76,1,13,4,120.684983,24.153066,3
5645,66000,387130000C,(04)23274275,(04)23288582,2025,08,15,14,39,臺中市,北屯區,0,2,0,7,2,6,50,13,9,1,5,4,6,6,4,4,10,4,5,2,17,2,8,1,1,C03,7,1,1,10,2,14,,51,51,1,13,4,120.71801,24.17565,2
5646,66000,387130000C,(04)23274275,(04)23288582,2025,08,15,14,40,臺中市,太平區,0,0,0,7,,,50,,,,,,,,,,,,,,,,,,,B03,,,1,,2,,,49,49,1,12,4,120.733313,24.118563,3
5647,66000,387130000C,(04)23274275,(04)23288582,2025,08,15,14,41,臺中市,沙鹿區,0,0,0,7,,,50,,,,,,,,,,,,,,,,,,,C03,,,1,,1,,,34,34,1,6,4,120.569449,24.229755,3
5648,66000,387130000C,(04)23274275,(04)23288582,2025,08,15,14,45,臺中市,南屯區,0,0,0,7,,,,,,,,,,,,,,,,,,,,,,,,,,,,,,119,119,1,,,120.628483,24.120394,3
5649,66000,387130000C,(04)23274275,(04)23288582,2025,08,15,14,51,臺中市,北屯區,0,0,0,7,,,50,,,,,,,,,,,,,,,,,,,B03,,,1,,1,,,7,7,1,12,4,120.713742,24.164237,3
5650,66000,387130000C,(04)23274275,(04)23288582,2025,08,15,14,52,臺中市,豐原區,0,1,0,7,2,6,50,4,1,1,5,4,6,6,4,4,1,4,4,1,16,3,10,5,4,B03,7,11,1,8,2,5,,14,14,1,13,4,120.741625,24.26327,2
5651,66000,387130000C,(04)23274275,(04)23288582,2025,08,15,14,53,臺中市,北屯區,0,0,0,7,,,50,,,,,,,,,,,,,,,,,,,B03,,,1,,2,,,84,84,1,13,4,120.671159,24.175049,3
5652,66000,387130000C,(04)23274275,(04)23288582,2025,08,15,15,0,臺中市,南區,0,0,0,7,,,50,,,,,,,,,,,,,,13,,,,,B12,,,1,,1,,,84,84,1,12,4,120.661417,24.121067,3
5653,66000,387130000C,(04)23274275,(04)23288582,2025,08,15,15,6,臺中市,大里區,0,1,0,5,2,6,50,4,1,1,4,4,6,6,1,1,10,5,5,2,17,2,9,1,1,C03,7,5,1,10,2,11,,84,84,1,12,4,120.680517,24.105982,2
5654,66000,387130000C,(04)23274275,(04)23288582,2025,08,15,15,8,臺中市,太平區,0,0,0,7,,,50,,,,,,,,,,,,,,13,,,,,B03,,,1,,2,,,84,84,1,6,4,120.715206,24.137565,3
5655,66000,387130000C,(04)23274275,(04)23288582,2025,08,15,15,13,臺中市,西屯區,0,0,0,7,,,30,,,,,,,,,,,,,,17,,,,,B03,,,3,,2,,,47,47,1,12,4,120.655601,24.199887,3
5656,66000,387130000C,(04)23274275,(04)23288582,2025,08,15,15,14,臺中市,梧棲區,0,0,0,7,,,50,,,,,,,,,,,,,,13,,,,,B11,,,1,,2,,,84,84,1,12,4,120.540135,24.257514,3
5657,66000,387130000C,(04)23274275,(04)23288582,2025,08,15,15,16,臺中市,西屯區,0,0,0,7,,,50,,,,,,,,,,,,,,12,,,,,C03,,,1,,1,,,8,8,1,12,4,120.633762,24.161869,3
5658,66000,387130000C,(04)23274275,(04)23288582,2025,08,15,15,18,臺中市,沙鹿區,0,2,0,7,2,6,50,4,1,1,5,4,6,6,1,1,5,4,4,2,17,2,9,1,1,C03,7,9,1,10,2,14,,8,8,1,13,4,120.565252,24.243201,2
5659,66000,387130000C,(04)23274275,(04)23288582,2025,08,15,15,20,臺中市,南屯區,0,1,0,7,3,6,50,13,9,1,5,4,6,6,4,4,5,4,5,2,13,3,10,1,1,C03,7,9,1,10,2,11,,7,7,1,12,4,120.635831,24.148777,2
5660,66000,387130000C,(04)23274275,(04)23288582,2025,08,15,15,20,臺中市,沙鹿區,0,0,0,7,2,6,60,5,7,1,5,4,6,6,1,1,1,,4,2,13,,,,,B03,,,1,,1,,,7,7,1,12,4,120.593906,24.250007,3
5661,66000,387130000C,(04)23274275,(04)23288582,2025,08,15,15,21,臺中市,北區,0,0,0,7,3,6,50,13,24,1,5,4,6,6,2,1,3,4,4,2,13,,,,,B03,,,1,,1,,,7,7,1,13,4,120.684344,24.153989,3
5662,66000,387130000C,(04)23274275,(04)23288582,2025,08,15,15,24,臺中市,西屯區,0,0,0,7,,,50,,,,,,,,,,,,,,13,,,,,B03,,,1,,1,,,59,59,1,13,4,120.634816,24.165627,3
5663,66000,387130000C,(04)23274275,(04)23288582,2025,08,15,15,29,臺中市,南區,0,1,0,7,3,6,50,18,24,1,5,4,6,6,4,4,10,5,5,2,17,2,9,2,1,C03,7,9,1,10,2,13,,84,84,1,12,4,120.651111,24.111965,2
5664,66000,387130000C,(04)23274275,(04)23288582,2025,08,15,15,31,臺中市,梧棲區,0,0,0,7,,,40,,,,,,,,,,,,,,13,,,,,F01,,,1,,1,,,59,59,1,6,4,120.554708,24.243544,3
5665,66000,387130000C,(04)23274275,(04)23288582,2025,08,15,15,38,臺中市,南區,0,0,0,7,,,50,,,,,,,,,,,,,,17,,,,,B03,,,1,,1,,,50,50,1,12,4,120.679824,24.12111,3
5666,66000,387130000C,(04)23274275,(04)23288582,2025,08,15,15,40,臺中市,中區,0,0,0,7,,,50,,,,,,,,,,,,,,,,,,,C03,,,1,,2,,,84,84,1,12,4,120.681675,24.144629,3
5667,66000,387130000C,(04)23274275,(04)23288582,2025,08,15,15,48,臺中市,西屯區,0,1,0,7,2,6,40,4,2,1,5,4,6,6,2,1,10,5,5,2,13,3,10,3,1,B12,7,9,1,6,2,1,,7,7,1,13,4,120.664635,24.178944,2
5668,66000,387130000C,(04)23274275,(04)23288582,2025,08,15,15,56,臺中市,西屯區,0,1,0,7,2,6,40,4,1,1,5,4,6,6,2,1,10,5,5,2,16,3,10,3,1,B03,7,5,1,8,2,2,,47,47,1,12,4,120.644113,24.165999,2
5669,66000,387130000C,(04)23274275,(04)23288582,2025,08,15,16,0,臺中市,北屯區,0,2,0,7,2,6,50,13,7,1,5,4,6,6,4,4,9,5,4,2,3,2,9,6,5,H01,8,16,7,21,10,17,,95,95,1,12,5,120.696734,24.176355,2
5670,66000,387130000C,(04)23274275,(04)23288582,2025,08,15,16,3,臺中市,中區,0,2,0,7,2,6,50,13,9,1,5,4,6,6,4,4,10,5,5,2,17,2,9,2,1,C03,7,9,1,10,2,11,,7,7,1,12,4,120.681232,24.140423,2
5671,66000,387130000C,(04)23274275,(04)23288582,2025,08,15,16,5,臺中市,西區,0,1,0,7,3,6,50,4,1,1,5,4,6,6,4,4,10,5,5,2,15,3,10,3,1,B03,7,9,1,8,2,2,,12,12,1,12,4,120.673338,24.146439,2
5672,66000,387130000C,(04)23274275,(04)23288582,2025,08,15,16,5,臺中市,西屯區,0,0,0,7,,,30,,,,,,,,,,,,,,17,,,,,,,,,,,,,119,119,1,13,4,120.646275,24.18077,4
5673,66000,387130000C,(04)23274275,(04)23288582,2025,08,15,16,8,臺中市,沙鹿區,0,2,0,7,2,6,50,4,1,1,5,4,6,6,1,1,3,4,4,2,17,2,9,1,1,C03,7,11,1,10,2,14,,36,36,1,13,4,120.575215,24.226738,2
5674,66000,387130000C,(04)23274275,(04)23288582,2025,08,15,16,10,臺中市,中區,0,0,0,7,,,50,,,,,,,,,,,,,,13,,,,,B01,,,1,,1,,,7,7,1,6,4,120.677572,24.144109,3
5675,66000,387130000C,(04)23274275,(04)23288582,2025,08,15,16,10,臺中市,西屯區,0,0,0,7,,,50,,,,,,,,,,,,,,13,,,,,B03,,,1,,1,,,7,7,1,12,4,120.618982,24.184606,3
5676,66000,387130000C,(04)23274275,(04)23288582,2025,08,15,16,11,臺中市,烏日區,0,0,0,7,,,50,,,,,,,,,,,,,,13,,,,,C03,,,1,,1,,,7,7,1,6,4,120.629316,24.101295,3
5677,66000,387130000C,(04)23274275,(04)23288582,2025,08,15,16,15,臺中市,太平區,0,0,0,7,,,50,,,,,,,,,,,,,,17,,,,,B12,,,1,,2,,,39,39,1,6,4,120.713351,24.131503,3
5678,66000,387130000C,(04)23274275,(04)23288582,2025,08,15,16,15,臺中市,沙鹿區,0,0,0,7,,,50,,,,,,,,,,,,,,12,,,,,C03,,,1,,2,,,8,8,1,12,4,120.566587,24.20763,4
5679,66000,387130000C,(04)23274275,(04)23288582,2025,08,15,16,16,臺中市,北區,0,0,0,7,,,50,,,,,,,,,,,,,,17,,,,,B03,,,1,,2,8,,51,51,1,12,4,120.676278,24.161342,3
5680,66000,387130000C,(04)23274275,(04)23288582,2025,08,15,16,16,臺中市,豐原區,0,1,0,7,3,6,50,13,9,1,5,4,6,6,4,4,5,5,5,2,18,2,9,2,1,C03,7,9,1,10,2,14,,84,84,1,13,4,120.738928,24.244017,2
5681,66000,387130000C,(04)23274275,(04)23288582,2025,08,15,16,18,臺中市,大里區,0,1,0,7,2,6,30,3,1,1,5,4,6,6,4,4,10,5,5,1,13,3,10,1,1,C03,7,5,1,10,2,11,,7,7,1,12,4,120.7078,24.091264,2
5682,66000,387130000C,(04)23274275,(04)23288582,2025,08,15,16,20,臺中市,西屯區,0,0,0,7,,,50,,,,,,,,,,,,,,17,,,,,B12,,,1,,1,,,8,8,1,12,4,120.649611,24.160969,3
5683,66000,387130000C,(04)23274275,(04)23288582,2025,08,15,16,22,臺中市,南屯區,0,1,0,7,2,6,50,4,1,1,5,4,6,6,1,1,10,5,5,2,17,3,10,2,1,C03,7,11,1,10,2,14,,45,45,1,12,4,120.651395,24.149933,2
5684,66000,387130000C,(04)23274275,(04)23288582,2025,08,15,16,23,臺中市,西屯區,0,0,0,7,,,50,,,,,,,,,,,,,,12,,,,,B03,,,1,,1,,,8,8,1,12,4,120.637561,24.165826,3
5685,66000,387130000C,(04)23274275,(04)23288582,2025,08,15,16,24,臺中市,西區,0,0,0,7,,,50,,,,,,,,,,,,,,,,,,,B03,,,1,,1,,,35,35,1,12,4,120.650016,24.144809,3
5686,66000,387130000C,(04)23274275,(04)23288582,2025,08,15,16,25,臺中市,南屯區,0,0,0,7,,,50,,,,,,,,,,,,,,,,,,,B03,,,1,,1,,,84,84,1,13,4,120.642379,24.140903,3
5687,66000,387130000C,(04)23274275,(04)23288582,2025,08,15,16,25,臺中市,沙鹿區,0,1,0,7,2,6,40,13,8,1,5,4,6,6,4,4,1,5,4,2,18,2,9,5,1,F01,7,9,7,21,2,14,,84,84,1,12,4,120.581159,24.202267,2
5688,66000,387130000C,(04)23274275,(04)23288582,2025,08,15,16,30,臺中市,大雅區,0,1,0,7,3,6,50,4,2,1,5,4,6,6,1,1,1,3,5,1,17,3,10,5,4,B03,7,9,1,8,2,1,,84,84,1,13,4,120.656432,24.220792,2
5689,66000,387130000C,(04)23274275,(04)23288582,2025,08,15,16,30,臺中市,南屯區,0,0,0,7,3,6,50,13,9,1,5,4,6,6,4,4,5,4,5,2,13,,,,,B03,,,1,,1,,,7,7,1,12,4,120.64979,24.150953,3
5690,66000,387130000C,(04)23274275,(04)23288582,2025,08,15,16,31,臺中市,西屯區,0,1,0,7,2,6,50,4,2,1,5,4,6,6,2,1,5,4,5,2,13,2,7,5,4,C03,7,9,1,10,2,11,,7,7,1,13,4,120.6111,24.191098,2
5691,66000,387130000C,(04)23274275,(04)23288582,2025,08,15,16,31,臺中市,沙鹿區,0,1,0,7,2,6,50,3,1,1,5,4,6,6,1,1,3,4,4,2,17,3,10,3,1,B03,7,9,1,8,2,1,,85,85,1,13,4,120.614674,24.244151,2
5692,66000,387130000C,(04)23274275,(04)23288582,2025,08,15,16,35,臺中市,中區,0,1,0,7,3,6,0,13,9,4,5,4,6,6,4,4,10,5,5,2,9,2,1,6,5,H01,8,20,7,21,1,17,,109,109,1,12,5,120.684532,24.140609,2
5693,66000,387130000C,(04)23274275,(04)23288582,2025,08,15,16,36,臺中市,北屯區,0,1,0,7,2,6,30,13,9,1,5,4,6,6,4,4,10,5,5,2,16,3,10,3,1,B03,7,5,1,8,2,2,,20,20,1,6,4,120.701729,24.16951,2
5694,66000,387130000C,(04)23274275,(04)23288582,2025,08,15,16,44,臺中市,后里區,0,0,0,7,,,40,,,,,,,,,,,,,,,,,,,B03,,,1,,9,,,43,43,1,13,4,120.716992,24.306844,3
5695,66000,387130000C,(04)23274275,(04)23288582,2025,08,15,16,45,臺中市,烏日區,0,0,0,7,,,50,,,,,,,,,,,,,,,,,,,B12,,,1,,9,,,64,64,1,6,4,120.600508,24.111202,3
5696,66000,387130000C,(04)23274275,(04)23288582,2025,08,15,16,45,臺中市,烏日區,0,0,0,7,,,50,,,,,,,,,,,,,,17,,,,,B03,,,1,,2,,,50,50,1,6,4,120.632627,24.105342,3
5697,66000,387130000C,(04)23274275,(04)23288582,2025,08,15,16,46,臺中市,西屯區,0,0,0,7,,,50,,,,,,,,,,,,,,16,,,,,C03,,,1,,1,,,11,11,1,5,4,120.617001,24.184058,3
5698,66000,387130000C,(04)23274275,(04)23288582,2025,08,15,16,46,臺中市,烏日區,0,0,0,7,2,6,60,13,7,1,5,4,6,6,4,4,1,4,4,2,13,3,10,3,1,A11,7,1,1,1,2,1,,84,84,1,6,4,120.629997,24.104401,3
5699,66000,387130000C,(04)23274275,(04)23288582,2025,08,15,16,47,臺中市,西屯區,0,0,0,7,,,50,,,,,,,,,,,,,,15,,,,,B03,,,1,,2,,,42,42,1,13,4,120.633837,24.160257,3
5700,66000,387130000C,(04)23274275,(04)23288582,2025,08,15,16,47,臺中市,烏日區,0,0,0,7,2,6,60,13,7,1,5,4,6,6,4,4,1,4,4,2,13,3,10,3,1,B03,7,15,1,8,1,1,,84,84,1,6,4,120.630503,24.104615,3
5701,66000,387130000C,(04)23274275,(04)23288582,2025,08,15,16,48,臺中市,北區,0,0,0,7,,,50,,,,,,,,,,,,,,17,,,,,B03,,,1,,1,,,49,49,1,13,4,120.671663,24.171613,3
5702,66000,387130000C,(04)23274275,(04)23288582,2025,08,15,16,50,臺中市,南區,0,3,0,7,1,6,50,13,9,1,5,4,6,6,4,4,9,4,5,2,12,2,9,1,1,C03,7,9,3,19,2,11,14,7,7,1,12,4,120.674053,24.131741,2
5703,66000,387130000C,(04)23274275,(04)23288582,2025,08,15,16,50,臺中市,清水區,0,1,0,7,3,6,50,4,1,1,5,4,6,6,4,4,10,5,5,2,12,4,11,1,1,C03,7,12,1,10,9,14,,56,56,1,12,4,120.577487,24.270548,2
5704,66000,387130000C,(04)23274275,(04)23288582,2025,08,15,16,55,臺中市,潭子區,0,0,0,7,,3,80,,,,,,,,,,,,,,,,,,,B03,,,1,,2,,,7,7,1,13,4,120.709739,24.200514,3
5705,66000,387130000C,(04)23274275,(04)23288582,2025,08,15,16,55,臺中市,烏日區,0,0,0,7,,3,80,,,,,,,,,,,,,,13,,,,,B12,,,1,,1,,,7,7,1,6,4,120.616521,24.107356,3
5706,66000,387130000C,(04)23274275,(04)23288582,2025,08,15,16,58,臺中市,烏日區,0,0,0,7,,,70,,,,,,,,,,,,,,13,,,,,B03,,,1,,1,,,56,56,1,10,4,120.597744,24.111298,3
5707,66000,387130000C,(04)23274275,(04)23288582,2025,08,15,16,59,臺中市,后里區,0,1,0,7,3,6,50,13,9,1,5,4,6,6,4,4,5,5,5,1,30,3,10,6,1,F01,7,9,7,21,2,16,,70,70,1,2,4,120.711797,24.307063,2
5708,66000,387130000C,(04)23274275,(04)23288582,2025,08,15,17,0,臺中市,南屯區,0,1,0,7,2,6,50,4,1,1,5,4,6,6,1,1,10,5,5,2,17,3,10,3,1,B03,7,5,1,8,2,5,,11,11,1,12,4,120.612558,24.13844,2
5709,66000,387130000C,(04)23274275,(04)23288582,2025,08,15,17,0,臺中市,北屯區,0,0,0,7,,,50,,,,,,,,,,,,,,14,,,,,B02,,,1,,9,,,49,49,2,6,4,120.689441,24.175535,3
5710,66000,387130000C,(04)23274275,(04)23288582,2025,08,15,17,0,臺中市,西屯區,0,1,0,7,2,6,40,13,8,1,5,4,6,6,4,4,5,5,4,2,17,3,10,3,1,B03,7,1,1,8,2,4,,51,51,1,12,4,120.665691,24.168114,2
5711,66000,387130000C,(04)23274275,(04)23288582,2025,08,15,17,2,臺中市,西屯區,0,0,0,7,,,50,,,,,,,,,,,,,,15,,,,,B03,,,1,,2,,,21,21,1,12,4,120.632852,24.164033,3
5712,66000,387130000C,(04)23274275,(04)23288582,2025,08,15,17,4,臺中市,大里區,0,2,0,7,3,6,0,13,9,1,5,4,6,6,4,4,5,5,5,1,3,2,9,6,5,H01,8,16,7,21,10,17,,95,95,1,12,5,120.677867,24.099234,2
5713,66000,387130000C,(04)23274275,(04)23288582,2025,08,15,17,5,臺中市,南區,0,0,0,7,1,6,50,13,8,1,5,4,6,6,4,4,5,4,4,2,17,3,10,3,1,B03,7,9,1,8,1,2,,84,84,1,12,4,120.657627,24.118582,3
5714,66000,387130000C,(04)23274275,(04)23288582,2025,08,15,17,5,臺中市,大里區,0,1,0,7,3,6,50,3,1,1,5,4,6,6,3,1,5,4,4,1,16,2,9,5,4,C03,7,6,1,10,2,11,,11,11,1,13,4,120.665091,24.096772,2
5715,66000,387130000C,(04)23274275,(04)23288582,2025,08,15,17,5,臺中市,豐原區,0,3,0,7,2,6,30,3,1,1,5,4,6,6,4,4,10,5,5,1,16,2,9,1,1,C03,7,6,1,10,2,11,,85,85,1,12,4,120.705307,24.239857,2
5716,66000,387130000C,(04)23274275,(04)23288582,2025,08,15,17,9,臺中市,烏日區,0,0,0,7,,,50,,,,,,,,,,,,,,13,,,,,B03,,,1,,1,,,7,7,1,6,4,120.616662,24.115099,3