﻿序號,縣市別代碼,機關代碼,市話,傳真,年,月,日,時,分,縣市,區,死亡數量,受傷數量,2-30,天候,道路照明設備,道路類別,道路速限,道路型態,事故位置,路面鋪裝,路面狀態,路面缺陷,障礙物,視距,號誌種類,號誌動作,分向設施,快車道或一般車道間,快慢車道間,路面邊線,事故類型及型態,受傷程度,主要傷處,保護裝備,行動電話或功能裝置,當事者區分_類別,車輛用途,當事者行動狀態,駕照狀態,駕照種類,飲酒情形,車輛撞擊部位最初,車輛撞擊部位其他,肇事因素個別,肇事因素主要,肇事逃逸,職業,共享經濟或外送平台,GPS座標X,GPS座標Y,事故類別
5717,66000,387130000C,(04)23274275,(04)23288582,2025,08,15,17,10,臺中市,西屯區,0,2,0,7,2,6,30,11,9,1,5,4,6,6,4,4,10,5,5,2,10,2,8,1,1,C03,7,9,1,10,2,11,12,59,59,1,12,4,120.640199,24.200289,2
5718,66000,387130000C,(04)23274275,(04)23288582,2025,08,15,17,10,臺中市,大甲區,0,0,0,7,,,30,,,,,,,,,,,,,,,,,,,B03,,,1,,2,,,59,59,1,6,4,120.626011,24.344217,3
5719,66000,387130000C,(04)23274275,(04)23288582,2025,08,15,17,11,臺中市,烏日區,0,2,0,7,2,6,50,4,1,1,5,4,6,6,1,1,5,4,5,1,16,2,9,1,1,F01,7,6,7,21,2,12,,48,48,1,2,4,120.628707,24.101969,2
5720,66000,387130000C,(04)23274275,(04)23288582,2025,08,15,17,12,臺中市,西屯區,0,0,0,7,,,40,,,,,,,,,,,,,,,,,,,B03,,,1,,1,,,8,8,1,13,4,120.64679,24.155138,3
5721,66000,387130000C,(04)23274275,(04)23288582,2025,08,15,17,12,臺中市,大里區,0,1,0,7,2,6,60,13,7,1,5,4,6,6,4,4,1,4,4,2,17,3,10,3,1,B03,7,1,1,8,2,7,,51,51,1,13,4,120.688835,24.080362,2
5722,66000,387130000C,(04)23274275,(04)23288582,2025,08,15,17,12,臺中市,外埔區,0,0,0,7,,,30,,,,,,,,,,,,,,15,,,,,B12,,,1,,2,,,6,6,1,6,4,120.667134,24.316663,3
5723,66000,387130000C,(04)23274275,(04)23288582,2025,08,15,17,13,臺中市,梧棲區,0,0,0,7,,,70,,,,,,,,,,,,,,13,,,,,B03,,,1,,1,,,7,7,1,6,4,120.528349,24.253024,3
5724,66000,387130000C,(04)23274275,(04)23288582,2025,08,15,17,16,臺中市,大肚區,0,2,0,6,2,6,30,4,1,1,5,4,6,6,4,4,10,5,5,2,15,2,9,1,1,C03,7,9,1,10,2,14,,12,12,1,6,4,120.54593,24.156011,2
5725,66000,387130000C,(04)23274275,(04)23288582,2025,08,15,17,16,臺中市,大甲區,0,0,0,7,2,6,40,13,9,1,5,4,6,6,4,4,10,5,5,2,14,3,10,5,4,B03,7,2,1,8,2,8,,49,49,1,12,4,120.615711,24.347449,3
5726,66000,387130000C,(04)23274275,(04)23288582,2025,08,15,17,19,臺中市,大雅區,0,1,0,7,3,6,30,3,1,1,5,4,6,6,4,4,10,5,5,2,17,3,10,3,1,B03,7,6,1,8,2,6,,14,14,1,12,4,120.663442,24.229239,2
5727,66000,387130000C,(04)23274275,(04)23288582,2025,08,15,17,19,臺中市,大里區,0,2,0,7,2,6,30,4,1,1,5,4,6,5,4,4,10,5,5,2,15,2,9,5,4,C03,7,9,1,10,2,12,,20,20,1,12,4,120.706255,24.083414,2
5728,66000,387130000C,(04)23274275,(04)23288582,2025,08,15,17,21,臺中市,北屯區,0,0,0,7,,,50,,,,,,,,,,,,,,,,,,,B03,,,1,,2,,,50,50,1,12,4,120.680736,24.173532,3
5729,66000,387130000C,(04)23274275,(04)23288582,2025,08,15,17,22,臺中市,北屯區,0,1,0,7,1,6,50,4,2,1,5,4,6,6,4,4,5,4,5,2,12,3,10,3,1,B03,7,5,1,8,2,6,,14,14,1,13,4,120.691824,24.173835,2
5730,66000,387130000C,(04)23274275,(04)23288582,2025,08,15,17,23,臺中市,北屯區,0,0,0,7,,,50,,,,,,,,,,,,,,13,,,,,B03,,,1,,1,,,7,7,1,6,4,120.716055,24.182306,3
5731,66000,387130000C,(04)23274275,(04)23288582,2025,08,15,17,25,臺中市,大里區,0,0,0,7,,,50,,,,,,,,,,,,,,,,,,,F01,,,7,,2,,,42,42,1,6,1,120.702551,24.08731,3
5732,66000,387130000C,(04)23274275,(04)23288582,2025,08,15,17,25,臺中市,太平區,0,0,0,7,,3,80,,,,,,,,,,,,,,,,,,,B12,,,1,,1,,,7,7,1,12,4,120.717299,24.155091,3
5733,66000,387130000C,(04)23274275,(04)23288582,2025,08,15,17,26,臺中市,清水區,0,0,0,7,,,30,,,,,,,,,,,,,,17,,,,,B03,,,1,,1,,,51,51,1,13,4,120.560914,24.289147,3
5734,66000,387130000C,(04)23274275,(04)23288582,2025,08,15,17,27,臺中市,西區,0,0,0,7,,,50,,,,,,,,,,,,,,13,,,,,B03,,,1,,1,,,84,84,1,12,4,120.672661,24.135943,3
5735,66000,387130000C,(04)23274275,(04)23288582,2025,08,15,17,27,臺中市,豐原區,0,1,0,7,2,6,50,13,7,1,5,4,6,6,4,4,5,5,4,2,16,3,10,5,4,B12,7,11,1,4,2,8,,34,34,1,13,4,120.710458,24.239795,2
5736,66000,387130000C,(04)23274275,(04)23288582,2025,08,15,17,32,臺中市,大里區,0,0,0,7,,,50,,,,,,,,,,,,,,17,,,,,B03,,,1,,2,,,40,40,1,12,4,120.679406,24.114456,3
5737,66000,387130000C,(04)23274275,(04)23288582,2025,08,15,17,32,臺中市,太平區,0,0,0,7,,,50,,,,,,,,,,,,,,15,,,,,B03,,,1,,2,,,6,6,1,12,4,120.719722,24.149926,3
5738,66000,387130000C,(04)23274275,(04)23288582,2025,08,15,17,32,臺中市,沙鹿區,0,0,0,7,,,50,,,,,,,,,,,,,,13,,,,,C03,,,1,,1,,,84,84,1,12,4,120.566186,24.211752,3
5739,66000,387130000C,(04)23274275,(04)23288582,2025,08,15,17,32,臺中市,大甲區,0,1,0,7,2,6,60,13,7,1,5,4,6,6,4,4,1,4,4,1,16,2,8,2,1,C03,7,9,1,10,2,12,,6,6,1,6,4,120.619517,24.355478,2
5740,66000,387130000C,(04)23274275,(04)23288582,2025,08,15,17,34,臺中市,東區,0,0,0,7,,,50,,,,,,,,,,,,,,17,,,,,B03,,,3,,9,,,84,84,1,12,4,120.689006,24.144377,3
5741,66000,387130000C,(04)23274275,(04)23288582,2025,08,15,17,34,臺中市,大里區,0,1,0,7,2,6,60,13,8,1,5,4,6,6,4,4,1,4,4,2,13,3,10,2,1,C03,7,9,1,10,1,11,,7,7,1,13,4,120.688457,24.082125,2
5742,66000,387130000C,(04)23274275,(04)23288582,2025,08,15,17,35,臺中市,烏日區,0,1,0,7,3,6,70,3,2,1,5,4,6,6,4,4,1,4,4,1,18,2,9,1,1,C01,7,12,1,10,2,11,14,7,7,1,10,4,120.599418,24.110967,2
5743,66000,387130000C,(04)23274275,(04)23288582,2025,08,15,17,39,臺中市,大雅區,0,0,0,7,,,50,,,,,,,,,,,,,,,,,,,B12,,,1,,9,,,73,73,1,13,4,120.635763,24.228731,3
5744,66000,387130000C,(04)23274275,(04)23288582,2025,08,15,17,40,臺中市,西區,0,1,0,7,2,6,50,4,1,1,5,4,6,6,4,4,10,5,5,2,17,3,10,5,4,C03,7,1,1,10,2,14,,51,51,1,12,4,120.660046,24.150057,2
5745,66000,387130000C,(04)23274275,(04)23288582,2025,08,15,17,40,臺中市,南區,0,2,0,7,3,6,50,3,1,1,5,4,6,6,1,1,10,5,5,2,16,2,2,3,1,B03,7,11,1,8,2,8,,39,39,1,12,4,120.65933,24.118607,2
5746,66000,387130000C,(04)23274275,(04)23288582,2025,08,15,17,40,臺中市,南屯區,0,0,0,7,3,6,30,13,9,1,5,4,6,6,4,4,10,5,5,2,12,,,,,B03,,,1,,1,,,50,50,1,12,4,120.649562,24.145657,3
5747,66000,387130000C,(04)23274275,(04)23288582,2025,08,15,17,40,臺中市,沙鹿區,0,0,0,7,2,6,60,13,7,1,5,4,6,6,4,4,1,3,1,2,13,,,,,B03,,,1,,2,,,7,7,1,12,4,120.595715,24.250098,3
5748,66000,387130000C,(04)23274275,(04)23288582,2025,08,15,17,41,臺中市,烏日區,0,1,0,7,2,6,50,13,7,1,5,4,6,6,4,4,5,5,4,1,13,2,9,2,1,C03,7,9,1,10,2,11,,7,7,1,6,4,120.620897,24.106495,2
5749,66000,387130000C,(04)23274275,(04)23288582,2025,08,15,17,42,臺中市,神岡區,0,2,0,7,2,6,30,13,9,1,5,4,6,6,4,4,9,5,5,2,18,2,9,5,1,C03,7,9,1,10,2,16,,57,57,1,12,4,120.689636,24.241618,2
5750,66000,387130000C,(04)23274275,(04)23288582,2025,08,15,17,45,臺中市,北屯區,0,0,0,7,,,50,,,,,,,,,,,,,,13,,,,,B03,,,1,,1,,,7,7,1,12,4,120.730451,24.177184,3
5751,66000,387130000C,(04)23274275,(04)23288582,2025,08,15,17,45,臺中市,烏日區,0,2,0,7,2,6,50,13,9,1,5,4,6,6,4,4,9,5,5,2,3,2,9,6,5,H01,8,16,7,21,2,17,,98,98,1,6,5,120.613927,24.110311,2
5752,66000,387130000C,(04)23274275,(04)23288582,2025,08,15,17,48,臺中市,南屯區,0,0,0,7,,,50,,,,,,,,,,,,,,,,,,,B03,,,1,,1,,,27,27,1,12,4,120.624071,24.152177,3
5753,66000,387130000C,(04)23274275,(04)23288582,2025,08,15,17,49,臺中市,西屯區,0,0,0,7,,,50,,,,,,,,,,,,,,13,,,,,B01,,,1,,1,,,7,7,1,12,4,120.633859,24.17324,3
5754,66000,387130000C,(04)23274275,(04)23288582,2025,08,15,17,50,臺中市,南屯區,0,0,0,7,3,6,50,13,9,1,5,4,6,6,4,4,3,,5,2,12,,,,,C03,,,1,,1,,,40,40,1,12,4,120.638821,24.142208,3
5755,66000,387130000C,(04)23274275,(04)23288582,2025,08,15,17,50,臺中市,梧棲區,0,2,0,7,2,6,30,4,1,1,5,4,6,6,4,4,10,5,5,2,15,2,9,1,1,C03,7,9,1,10,2,12,,12,12,1,12,4,120.556356,24.258787,2
5756,66000,387130000C,(04)23274275,(04)23288582,2025,08,15,17,51,臺中市,南屯區,0,1,0,7,3,6,50,13,9,1,5,4,6,6,1,1,3,4,5,2,17,3,10,3,1,B03,7,5,1,8,2,16,,47,47,1,12,4,120.637886,24.142411,2
5757,66000,387130000C,(04)23274275,(04)23288582,2025,08,15,17,52,臺中市,北屯區,0,0,0,7,,,50,,,,,,,,,,,,,,12,,,,,B03,,,1,,1,,,35,35,1,6,4,120.686507,24.201632,3
5758,66000,387130000C,(04)23274275,(04)23288582,2025,08,15,17,53,臺中市,東區,0,3,0,7,2,6,40,13,8,1,5,4,6,6,4,4,5,5,4,2,13,3,10,3,1,B12,7,9,1,7,2,5,,84,84,1,12,4,120.700918,24.140194,2
5759,66000,387130000C,(04)23274275,(04)23288582,2025,08,15,17,55,臺中市,北屯區,0,0,0,7,,,50,,,,,,,,,,,,,,13,,,,,B03,,,1,,1,,,7,7,1,6,4,120.716309,24.182128,3
5760,66000,387130000C,(04)23274275,(04)23288582,2025,08,15,17,56,臺中市,西屯區,0,0,0,7,,,50,,,,,,,,,,,,,,12,,,,,B02,,,1,,1,,,40,40,1,12,4,120.642819,24.17236,3
5761,66000,387130000C,(04)23274275,(04)23288582,2025,08,15,17,57,臺中市,北區,0,0,0,7,,,50,,,,,,,,,,,,,,17,,,,,C03,,,6,,1,,,85,85,1,13,4,120.667379,24.164722,4
5762,66000,387130000C,(04)23274275,(04)23288582,2025,08,15,17,58,臺中市,北區,0,0,0,7,3,6,50,13,9,1,5,4,6,6,4,4,5,5,5,2,17,,,,,B03,,,1,,2,,,42,42,1,13,4,120.688088,24.151732,3
5763,66000,387130000C,(04)23274275,(04)23288582,2025,08,15,18,0,臺中市,西屯區,0,1,0,7,2,6,50,4,4,1,5,4,6,6,2,1,10,5,5,2,13,2,9,1,1,C03,7,9,1,10,2,11,,7,7,1,12,4,120.644413,24.171235,2
5764,66000,387130000C,(04)23274275,(04)23288582,2025,08,15,18,2,臺中市,大甲區,0,3,0,7,3,6,30,3,1,1,5,4,6,6,4,4,10,5,5,2,15,2,8,1,1,C03,7,1,3,19,2,11,,51,51,1,6,4,120.646192,24.407375,2
5765,66000,387130000C,(04)23274275,(04)23288582,2025,08,15,18,4,臺中市,東區,0,0,0,7,,,50,,,,,,,,,,,,,,,,,,,B03,,,1,,2,,,2,2,1,12,4,120.686091,24.13975,3
5766,66000,387130000C,(04)23274275,(04)23288582,2025,08,15,18,5,臺中市,西屯區,0,0,0,7,,,30,,,,,,,,,,,,,,13,,,,,B03,,,1,,1,,,7,7,1,13,4,120.637962,24.17272,3
5767,66000,387130000C,(04)23274275,(04)23288582,2025,08,15,18,6,臺中市,中區,0,0,0,7,,,50,,,,,,,,,,,,,,,,,,,B03,,,1,8,1,,,20,20,1,13,4,120.678757,24.141681,3
5768,66000,387130000C,(04)23274275,(04)23288582,2025,08,15,18,10,臺中市,沙鹿區,0,1,0,6,2,6,50,12,9,1,5,4,6,6,4,4,5,4,5,1,18,2,9,6,1,F01,7,9,7,21,2,11,,59,59,1,12,4,120.577014,24.204932,2
5769,66000,387130000C,(04)23274275,(04)23288582,2025,08,15,18,14,臺中市,南屯區,0,1,0,7,1,6,50,3,1,1,5,4,6,6,4,4,10,5,5,2,9,2,9,2,1,C03,7,9,1,10,2,14,,10,10,1,12,4,120.611474,24.14745,2
5770,66000,387130000C,(04)23274275,(04)23288582,2025,08,15,18,15,臺中市,南屯區,0,0,0,7,1,6,50,13,9,1,5,4,6,6,4,4,3,4,5,2,12,,,,,B03,,,1,,1,,,40,40,1,12,4,120.628843,24.147672,3
5771,66000,387130000C,(04)23274275,(04)23288582,2025,08,15,18,19,臺中市,西屯區,0,1,0,6,2,6,50,4,1,1,5,4,6,6,2,1,10,5,5,2,16,3,10,3,1,B03,7,6,1,7,2,6,,11,11,1,13,4,120.656466,24.190194,2
5772,66000,387130000C,(04)23274275,(04)23288582,2025,08,15,18,19,臺中市,太平區,0,0,0,7,,,30,,,,,,,,,,,,,,17,,,,,B03,,,1,,10,,,77,77,1,12,4,120.732654,24.149773,3
5773,66000,387130000C,(04)23274275,(04)23288582,2025,08,15,18,20,臺中市,北區,0,1,0,7,1,6,50,13,7,1,5,4,6,6,4,4,5,4,4,2,17,3,10,1,1,C03,7,1,1,10,2,11,,51,51,1,12,4,120.669055,24.15577,2
5774,66000,387130000C,(04)23274275,(04)23288582,2025,08,15,18,23,臺中市,北屯區,0,0,0,7,,,50,,,,,,,,,,,,,,,,,,,C03,,,1,,1,,,84,84,1,13,4,120.674738,24.202889,3
5775,66000,387130000C,(04)23274275,(04)23288582,2025,08,15,18,27,臺中市,烏日區,0,0,0,7,,,70,,,,,,,,,,,,,,13,,,,,B01,,,1,,1,,,7,7,1,6,4,120.60052,24.110757,3
5776,66000,387130000C,(04)23274275,(04)23288582,2025,08,15,18,29,臺中市,東區,0,0,0,7,,,50,,,,,,,,,,,,,,17,,,,,B03,,,1,,1,,,7,7,1,12,4,120.700277,24.127209,3
5777,66000,387130000C,(04)23274275,(04)23288582,2025,08,15,18,29,臺中市,太平區,0,0,0,7,,,40,,,,,,,,,,,,,,14,,,,,B03,,,1,,2,,,49,49,1,6,4,120.722154,24.131153,3
5778,66000,387130000C,(04)23274275,(04)23288582,2025,08,15,18,30,臺中市,南屯區,0,0,0,7,,,40,,,,,,,,,,,,,,,,,,,B03,,,1,,1,,,49,49,1,13,4,120.624925,24.151968,3
5779,66000,387130000C,(04)23274275,(04)23288582,2025,08,15,18,30,臺中市,后里區,0,1,0,7,2,6,30,3,9,1,5,4,6,6,4,4,10,5,5,2,15,3,10,3,1,B03,7,9,1,8,2,5,,15,15,1,6,4,120.721931,24.292091,2
5780,66000,387130000C,(04)23274275,(04)23288582,2025,08,15,18,31,臺中市,西屯區,0,0,0,7,,,50,,,,,,,,,,,,,,12,,,,,C03,,,1,,1,,,8,8,1,12,4,120.604084,24.193094,3
5781,66000,387130000C,(04)23274275,(04)23288582,2025,08,15,18,32,臺中市,南屯區,0,1,0,7,1,6,50,13,9,1,5,4,6,6,4,4,1,4,5,2,13,2,9,2,1,C03,7,9,1,10,2,11,,7,7,1,12,4,120.646842,24.14909,2
5782,66000,387130000C,(04)23274275,(04)23288582,2025,08,15,18,38,臺中市,太平區,0,0,0,7,,,30,,,,,,,,,,,,,,17,,,,,B12,,,1,,2,,,84,84,1,12,4,120.717251,24.145461,3
5783,66000,387130000C,(04)23274275,(04)23288582,2025,08,15,18,38,臺中市,豐原區,0,0,0,7,,,50,,,,,,,,,,,,,,,,,,,B03,,,1,,2,,,45,45,1,13,4,120.732663,24.255179,3
5784,66000,387130000C,(04)23274275,(04)23288582,2025,08,15,18,41,臺中市,北屯區,0,0,0,7,,,50,,,,,,,,,,,,,,,,,,,F01,,,7,,1,,,84,84,1,12,4,120.670779,24.178713,3
5785,66000,387130000C,(04)23274275,(04)23288582,2025,08,15,18,43,臺中市,東區,0,1,0,7,1,6,50,4,1,1,5,4,6,6,4,4,10,5,5,2,17,2,9,1,1,F01,7,6,7,21,1,11,,12,12,1,12,4,120.707569,24.134106,2
5786,66000,387130000C,(04)23274275,(04)23288582,2025,08,15,18,45,臺中市,北區,0,2,0,7,1,6,50,13,9,1,5,4,6,6,4,4,5,4,5,2,17,2,9,5,1,C03,7,9,1,10,2,11,,4,4,1,13,4,120.68122,24.166871,2
5787,66000,387130000C,(04)23274275,(04)23288582,2025,08,15,18,50,臺中市,西屯區,0,1,0,7,1,6,30,4,1,1,5,4,6,6,4,4,10,5,5,2,15,3,10,3,4,B03,7,9,1,8,1,1,,12,12,1,13,4,120.627807,24.159398,2
5788,66000,387130000C,(04)23274275,(04)23288582,2025,08,15,18,56,臺中市,大里區,0,1,0,7,3,6,50,4,1,1,5,4,6,6,2,1,3,4,4,1,16,3,10,5,4,B03,7,5,1,8,2,5,,11,11,1,13,4,120.688808,24.119805,2
5789,66000,387130000C,(04)23274275,(04)23288582,2025,08,15,19,2,臺中市,西區,0,0,0,7,,,50,,,,,,,,,,,,,,,,,,,B03,,,1,,2,,,8,8,1,6,4,120.665768,24.13927,3
5790,66000,387130000C,(04)23274275,(04)23288582,2025,08,15,19,6,臺中市,北屯區,0,0,0,7,,,50,,,,,,,,,,,,,,13,,,,,B03,,,1,,1,,,84,84,1,12,4,120.728779,24.160803,3
5791,66000,387130000C,(04)23274275,(04)23288582,2025,08,15,19,6,臺中市,大里區,0,2,0,7,1,6,50,4,1,1,5,4,6,6,4,4,10,5,5,2,17,2,9,1,1,C03,7,9,1,10,2,11,,12,12,1,12,4,120.687222,24.111966,2
5792,66000,387130000C,(04)23274275,(04)23288582,2025,08,15,19,7,臺中市,北區,0,0,0,7,,,50,,,,,,,,,,,,,,17,,,,,B03,,,1,,1,,,84,84,1,13,4,120.685119,24.165279,3
5793,66000,387130000C,(04)23274275,(04)23288582,2025,08,15,19,11,臺中市,大里區,0,0,0,6,1,6,50,13,14,1,5,4,6,6,4,4,1,4,5,1,12,,,,,B03,,,1,,2,,,84,84,1,12,4,120.681138,24.10405,3
5794,66000,387130000C,(04)23274275,(04)23288582,2025,08,15,19,12,臺中市,龍井區,0,2,0,7,1,6,30,13,9,1,5,4,6,6,4,4,10,5,5,1,12,2,9,2,1,C03,7,9,1,10,2,14,,85,85,1,6,4,120.537241,24.193743,2
5795,66000,387130000C,(04)23274275,(04)23288582,2025,08,15,19,18,臺中市,大雅區,0,1,0,7,1,6,50,3,1,1,5,4,6,6,3,1,10,5,5,2,17,3,10,3,1,B03,7,6,1,8,2,8,,48,48,1,12,4,120.673664,24.231721,2
5796,66000,387130000C,(04)23274275,(04)23288582,2025,08,15,19,18,臺中市,南屯區,0,0,0,7,,,50,,,,,,,,,,,,,,,,,,,B03,,,1,,1,,,40,40,1,12,4,120.622643,24.150214,3
5797,66000,387130000C,(04)23274275,(04)23288582,2025,08,15,19,18,臺中市,北屯區,0,0,0,7,,,50,,,,,,,,,,,,,,12,,,,,B03,,,1,,1,,,8,8,1,6,4,120.72472,24.176146,3
5798,66000,387130000C,(04)23274275,(04)23288582,2025,08,15,19,22,臺中市,北區,0,0,0,7,3,6,50,18,24,1,5,4,6,6,4,4,10,5,5,2,17,,,,,B03,,,1,,1,,,84,84,1,13,4,120.6892,24.158857,3
5799,66000,387130000C,(04)23274275,(04)23288582,2025,08,15,19,24,臺中市,西屯區,0,0,0,6,,,50,,,,,,,,,,,,,,,,,,,B03,,,1,,1,,,7,7,1,13,4,120.655902,24.169031,3
5800,66000,387130000C,(04)23274275,(04)23288582,2025,08,15,19,27,臺中市,大甲區,0,1,0,7,1,6,70,13,7,1,5,4,1,6,4,4,3,4,4,1,12,,,,,,,9,,,,,,86,86,2,,,120.650275,24.390418,2
5801,66000,387130000C,(04)23274275,(04)23288582,2025,08,15,19,33,臺中市,西區,0,1,0,7,1,6,50,13,8,1,5,4,6,6,4,4,1,4,1,2,13,3,10,2,1,C03,7,9,1,10,2,11,,7,7,1,12,4,120.657951,24.157821,2
5802,66000,387130000C,(04)23274275,(04)23288582,2025,08,15,19,35,臺中市,梧棲區,0,1,0,7,1,6,50,4,1,1,5,4,6,6,4,4,10,5,5,2,15,3,10,3,1,B12,7,9,1,8,2,7,,13,13,1,12,4,120.535568,24.252898,2
5803,66000,387130000C,(04)23274275,(04)23288582,2025,08,15,19,39,臺中市,梧棲區,0,0,0,7,,,50,,,,,,,,,,,,,,16,,,,,B03,,,1,,2,,,34,34,1,12,4,120.538241,24.259027,3
5804,66000,387130000C,(04)23274275,(04)23288582,2025,08,15,19,40,臺中市,大雅區,0,1,0,7,1,6,0,13,9,1,5,4,6,6,4,4,8,5,5,2,17,3,10,3,4,B03,7,1,1,8,2,8,,51,51,1,13,4,120.669875,24.22258,2
5805,66000,387130000C,(04)23274275,(04)23288582,2025,08,15,19,40,臺中市,北屯區,0,0,0,7,,,50,,,,,,,,,,,,,,,,,,,B03,,,1,,1,,,24,24,1,13,4,120.683326,24.197126,3
5806,66000,387130000C,(04)23274275,(04)23288582,2025,08,15,19,44,臺中市,東區,0,1,0,7,1,6,50,5,1,1,5,4,6,6,2,1,10,5,5,2,17,3,10,3,1,B03,7,6,1,8,2,16,,11,11,1,12,4,120.694485,24.142794,2
5807,66000,387130000C,(04)23274275,(04)23288582,2025,08,15,19,44,臺中市,西屯區,0,0,0,7,,,60,,,,,,,,,,,,,,12,,,,,B03,,,1,,1,,,40,40,1,12,4,120.653258,24.160817,3
5808,66000,387130000C,(04)23274275,(04)23288582,2025,08,15,19,47,臺中市,龍井區,0,1,0,7,1,6,50,3,1,1,5,4,6,6,4,4,5,5,5,2,17,3,10,2,1,C03,7,9,1,10,2,11,,7,7,1,6,4,120.579985,24.183809,2
5809,66000,387130000C,(04)23274275,(04)23288582,2025,08,15,19,50,臺中市,太平區,0,2,0,7,1,6,50,5,1,1,5,4,6,6,1,1,10,5,5,2,17,2,9,1,1,C03,7,6,1,10,2,12,,48,48,1,9,4,120.71828,24.125851,2
5810,66000,387130000C,(04)23274275,(04)23288582,2025,08,15,19,59,臺中市,大雅區,0,1,0,7,1,6,30,4,1,1,5,4,6,6,4,4,10,5,5,2,17,3,10,3,1,B03,7,6,1,8,2,4,,12,12,1,12,4,120.651999,24.225326,2
5811,66000,387130000C,(04)23274275,(04)23288582,2025,08,15,19,59,臺中市,西區,0,1,0,7,1,6,50,3,1,1,5,4,6,6,4,4,10,5,5,2,12,3,10,5,4,B03,7,6,1,8,2,8,,65,65,1,12,4,120.656758,24.146127,2
5812,66000,387130000C,(04)23274275,(04)23288582,2025,08,15,19,59,臺中市,西屯區,0,0,0,7,,,50,,,,,,,,,,,,,,13,,,,,B03,,,1,,2,,,7,7,1,12,4,120.656109,24.169599,3
5813,66000,387130000C,(04)23274275,(04)23288582,2025,08,15,20,3,臺中市,西屯區,0,1,0,6,1,6,30,13,9,1,5,4,6,6,4,4,10,5,5,2,14,3,10,3,1,B02,7,2,1,4,2,3,,49,49,1,13,4,120.641103,24.173546,2
5814,66000,387130000C,(04)23274275,(04)23288582,2025,08,15,20,13,臺中市,神岡區,0,0,0,7,,,40,,,,,,,,,,,,,,16,,,,,C03,,,1,,11,,,47,47,1,12,4,120.655871,24.250129,3
5815,66000,387130000C,(04)23274275,(04)23288582,2025,08,15,20,15,臺中市,西區,0,0,0,7,,,40,,,,,,,,,,,,,,,,,,,B03,,,1,,2,,,8,8,1,12,4,120.658998,24.155636,3
5816,66000,387130000C,(04)23274275,(04)23288582,2025,08,15,20,15,臺中市,北屯區,0,0,0,7,,,50,,,,,,,,,,,,,,,,,,,B03,,,1,,1,,,84,84,1,13,4,120.68506,24.171192,4
5817,66000,387130000C,(04)23274275,(04)23288582,2025,08,15,20,20,臺中市,西屯區,0,0,0,7,,,50,,,,,,,,,,,,,,16,,,,,B03,,,1,,2,,,47,47,1,12,4,120.652646,24.176464,3
5818,66000,387130000C,(04)23274275,(04)23288582,2025,08,15,20,22,臺中市,西屯區,0,0,0,7,,,50,,,,,,,,,,,,,,17,,,,,B03,,,1,,1,,,11,11,1,13,4,120.637283,24.173182,3
5819,66000,387130000C,(04)23274275,(04)23288582,2025,08,15,20,24,臺中市,北屯區,0,3,0,7,1,6,30,13,9,1,5,4,6,6,4,4,10,5,5,2,10,2,9,1,1,C03,7,9,1,10,2,11,,41,41,1,6,2,120.700742,24.170214,2
5820,66000,387130000C,(04)23274275,(04)23288582,2025,08,15,20,34,臺中市,北屯區,0,1,0,7,1,6,50,4,2,1,5,4,6,6,1,1,5,4,4,2,15,3,10,3,1,B03,7,9,1,8,2,4,,21,21,1,13,4,120.69041,24.186879,2
5821,66000,387130000C,(04)23274275,(04)23288582,2025,08,15,20,38,臺中市,北屯區,0,2,0,7,1,6,50,3,1,1,5,4,6,6,4,4,10,5,5,2,17,2,8,1,1,C03,7,6,1,10,2,11,,14,14,1,6,4,120.678914,24.17726,2
5822,66000,387130000C,(04)23274275,(04)23288582,2025,08,15,20,43,臺中市,西屯區,0,2,0,7,1,6,40,4,1,1,5,4,6,6,1,1,10,5,5,2,16,2,9,5,1,C03,7,1,1,10,2,13,,51,51,1,12,4,120.615369,24.183119,2
5823,66000,387130000C,(04)23274275,(04)23288582,2025,08,15,20,45,臺中市,大里區,0,0,0,7,,,50,,,,,,,,,,,,,,,,,,,B03,,,1,,2,,,49,49,1,12,4,120.702183,24.086515,3
5824,66000,387130000C,(04)23274275,(04)23288582,2025,08,15,20,57,臺中市,東區,0,1,0,7,1,6,50,4,1,1,5,4,6,6,1,1,10,5,5,2,16,3,10,3,1,B03,7,6,1,8,2,5,,11,11,1,12,4,120.696522,24.138878,2
5825,66000,387130000C,(04)23274275,(04)23288582,2025,08,15,21,8,臺中市,西區,0,0,0,7,,,50,,,,,,,,,,,,,,13,,,,,B03,,,1,,1,,,84,84,1,12,4,120.667532,24.141802,3
5826,66000,387130000C,(04)23274275,(04)23288582,2025,08,15,21,8,臺中市,后里區,0,2,0,7,1,6,50,4,1,1,5,4,6,6,1,1,5,4,4,1,17,3,10,3,1,B03,7,6,1,8,2,6,,11,11,1,6,4,120.729681,24.331922,2
5827,66000,387130000C,(04)23274275,(04)23288582,2025,08,15,21,15,臺中市,大里區,0,0,0,7,,,50,,,,,,,,,,,,,,17,,,,,B03,,,1,,2,,,49,49,1,12,4,120.69204,24.113846,3
5828,66000,387130000C,(04)23274275,(04)23288582,2025,08,15,21,16,臺中市,東區,0,1,0,7,1,6,50,4,1,1,5,4,6,6,4,4,9,4,5,2,15,3,10,1,1,C03,7,9,1,10,2,12,,20,20,1,12,4,120.696462,24.149734,2