﻿序號,縣市別代碼,機關代碼,市話,傳真,年,月,日,時,分,縣市,區,死亡數量,受傷數量,2-30,天候,道路照明設備,道路類別,道路速限,道路型態,事故位置,路面鋪裝,路面狀態,路面缺陷,障礙物,視距,號誌種類,號誌動作,分向設施,快車道或一般車道間,快慢車道間,路面邊線,事故類型及型態,受傷程度,主要傷處,保護裝備,行動電話或功能裝置,當事者區分_類別,車輛用途,當事者行動狀態,駕照狀態,駕照種類,飲酒情形,車輛撞擊部位最初,車輛撞擊部位其他,肇事因素個別,肇事因素主要,肇事逃逸,職業,共享經濟或外送平台,GPS座標X,GPS座標Y,事故類別
5829,66000,387130000C,(04)23274275,(04)23288582,2025,08,15,21,19,臺中市,大雅區,0,1,0,7,1,6,40,3,8,1,5,4,6,6,4,4,1,4,4,1,17,3,10,3,1,B03,7,5,1,8,2,7,,13,13,1,12,4,120.625255,24.242192,2
5830,66000,387130000C,(04)23274275,(04)23288582,2025,08,15,21,21,臺中市,南區,0,0,0,7,,,50,,,,,,,,,,,,,,17,,,,,B13,,,1,,2,,,50,50,1,12,4,120.658951,24.126409,3
5831,66000,387130000C,(04)23274275,(04)23288582,2025,08,15,21,24,臺中市,大肚區,0,1,0,7,1,6,50,3,1,1,4,4,6,6,4,4,5,5,5,1,17,2,9,2,1,C03,7,5,1,10,2,12,,59,59,1,6,4,120.57243,24.160453,2
5832,66000,387130000C,(04)23274275,(04)23288582,2025,08,15,21,30,臺中市,大里區,0,0,0,6,1,6,50,13,7,1,5,4,6,6,1,1,3,4,4,2,13,3,10,1,1,C03,7,9,5,19,9,11,,84,84,1,12,4,120.697455,24.111096,3
5833,66000,387130000C,(04)23274275,(04)23288582,2025,08,15,21,34,臺中市,南屯區,0,0,0,7,,,30,,,,,,,,,,,,,,25,,,,,B02,,,1,,2,,,8,8,1,6,4,120.615955,24.153214,3
5834,66000,387130000C,(04)23274275,(04)23288582,2025,08,15,21,39,臺中市,北區,0,2,0,7,1,6,30,4,1,1,5,4,6,6,4,4,10,5,5,2,17,2,9,5,1,C03,7,6,3,19,2,11,,14,14,1,13,4,120.688496,24.158586,2
5835,66000,387130000C,(04)23274275,(04)23288582,2025,08,15,21,40,臺中市,南屯區,0,0,0,7,,,60,,,,,,,,,,,,,,13,,,,,C03,,,1,,1,,,84,84,1,7,4,120.611568,24.138461,3
5836,66000,387130000C,(04)23274275,(04)23288582,2025,08,15,21,45,臺中市,西屯區,0,3,0,7,1,6,50,5,1,1,5,4,6,6,2,1,10,5,5,2,15,2,9,1,1,C03,7,9,1,10,2,11,,21,21,1,12,4,120.656548,24.199828,2
5837,66000,387130000C,(04)23274275,(04)23288582,2025,08,15,21,51,臺中市,西屯區,0,0,0,7,,,50,,,,,,,,,,,,,,13,,,,,B03,,,1,,1,,,7,7,1,13,4,120.642655,24.170041,4
5838,66000,387130000C,(04)23274275,(04)23288582,2025,08,15,21,54,臺中市,太平區,0,0,0,7,,,50,,,,,,,,,,,,,,16,,,,,C03,,,1,,9,,,22,22,1,11,4,120.718163,24.125702,3
5839,66000,387130000C,(04)23274275,(04)23288582,2025,08,15,21,54,臺中市,后里區,0,0,0,7,,,50,,,,,,,,,,,,,,13,,,,,B03,,,1,,1,,,84,84,1,13,4,120.706463,24.31149,3
5840,66000,387130000C,(04)23274275,(04)23288582,2025,08,15,22,5,臺中市,南屯區,0,1,0,7,1,6,50,4,1,1,5,4,6,6,2,1,10,5,5,2,13,3,10,5,4,B03,7,9,1,8,2,1,,59,59,1,6,4,120.611003,24.145837,2
5841,66000,387130000C,(04)23274275,(04)23288582,2025,08,15,22,10,臺中市,沙鹿區,0,0,0,6,,,40,,,,,,,,,,,,,,14,,,,,B03,,,1,,2,,,49,49,1,12,4,120.570177,24.243869,4
5842,66000,387130000C,(04)23274275,(04)23288582,2025,08,15,22,17,臺中市,北屯區,0,0,0,7,,,50,,,,,,,,,,,,,,,,,,,B03,,,1,,1,,,35,35,1,13,4,120.719187,24.162222,3
5843,66000,387130000C,(04)23274275,(04)23288582,2025,08,15,22,40,臺中市,梧棲區,0,1,0,7,1,6,50,13,9,1,5,4,6,6,4,4,9,5,5,2,13,2,9,1,1,F03,7,9,7,21,2,11,,7,7,1,6,4,120.532657,24.243537,2
5844,66000,387130000C,(04)23274275,(04)23288582,2025,08,15,22,42,臺中市,北屯區,0,0,0,7,,,50,,,,,,,,,,,,,,13,,,,,B12,,,1,,2,,,7,7,1,6,4,120.686823,24.201333,3
5845,66000,387130000C,(04)23274275,(04)23288582,2025,08,15,22,52,臺中市,北屯區,0,0,0,7,,,50,,,,,,,,,,,,,,,,,,,B03,,,1,,2,,,8,8,1,13,4,120.677052,24.177157,4
5846,66000,387130000C,(04)23274275,(04)23288582,2025,08,15,22,53,臺中市,清水區,0,0,0,7,1,6,50,4,2,1,5,4,6,6,4,4,8,3,4,2,12,,,,,B03,,,1,,9,,,8,8,1,12,4,120.567343,24.277009,3
5847,66000,387130000C,(04)23274275,(04)23288582,2025,08,15,22,57,臺中市,北屯區,0,0,0,7,,,30,,,,,,,,,,,,,,16,,,,,C02,,,3,,1,,,24,24,1,6,4,120.707385,24.174676,3
5848,66000,387130000C,(04)23274275,(04)23288582,2025,08,15,23,4,臺中市,神岡區,0,0,0,7,,,30,,,,,,,,,,,,,,14,,,,,B03,,,1,,1,,,49,49,1,12,4,120.663093,24.264719,3
5849,66000,387130000C,(04)23274275,(04)23288582,2025,08,15,23,8,臺中市,北區,0,0,0,7,,,50,,,,,,,,,,,,,,13,,,,,B03,,,1,,1,,,84,84,1,12,4,120.678054,24.149031,3
5850,66000,387130000C,(04)23274275,(04)23288582,2025,08,15,23,33,臺中市,烏日區,0,0,0,7,,,50,,,,,,,,,,,,,,12,,,,,B03,,,1,,1,,,40,40,1,13,4,120.651748,24.104895,3
5851,66000,387130000C,(04)23274275,(04)23288582,2025,08,16,0,7,臺中市,梧棲區,0,1,0,7,1,6,30,3,1,1,5,4,6,6,4,4,10,5,5,2,16,3,10,3,1,B03,7,6,1,8,2,2,,14,14,1,6,4,120.535793,24.227637,2
5852,66000,387130000C,(04)23274275,(04)23288582,2025,08,16,1,15,臺中市,清水區,0,1,0,7,1,6,70,13,7,1,5,4,6,6,3,1,8,4,4,1,23,2,9,3,1,B03,7,9,1,8,2,4,,84,84,1,12,4,120.583526,24.301966,2
5853,66000,387130000C,(04)23274275,(04)23288582,2025,08,16,1,18,臺中市,西屯區,0,0,0,7,,,50,,,,,,,,,,,,,,,,,,,B02,,,1,,2,,,55,55,1,12,4,120.641712,24.17826,3
5854,66000,387130000C,(04)23274275,(04)23288582,2025,08,16,1,19,臺中市,大里區,0,2,0,7,1,6,50,13,7,1,5,4,6,6,4,4,1,4,4,2,16,2,9,1,1,C03,7,8,1,10,2,14,,40,40,1,12,4,120.690094,24.122611,2
5855,66000,387130000C,(04)23274275,(04)23288582,2025,08,16,1,19,臺中市,大里區,0,0,0,7,,,30,,,,,,,,,,,,,,,,,,,B03,,,1,,2,,,50,50,1,12,4,120.681298,24.103635,3
5856,66000,387130000C,(04)23274275,(04)23288582,2025,08,16,2,45,臺中市,太平區,0,1,0,7,1,6,40,11,9,1,5,4,6,6,4,4,5,5,5,1,18,2,9,1,1,C03,7,9,1,10,2,15,,84,84,1,12,4,120.77489,24.105335,2
5857,66000,387130000C,(04)23274275,(04)23288582,2025,08,16,4,43,臺中市,太平區,0,1,0,7,1,6,50,4,1,1,5,4,6,6,2,1,5,2,5,2,16,3,10,3,1,B03,7,5,1,8,2,2,,47,47,1,12,4,120.715623,24.135883,2
5858,66000,387130000C,(04)23274275,(04)23288582,2025,08,16,7,0,臺中市,梧棲區,0,1,0,7,2,6,30,3,1,1,5,4,6,6,4,4,10,5,5,2,12,2,9,1,1,C03,7,4,1,10,2,11,,7,7,1,6,4,120.534633,24.228019,2
5859,66000,387130000C,(04)23274275,(04)23288582,2025,08,16,7,2,臺中市,大雅區,0,1,0,7,3,6,30,4,2,1,5,4,6,6,4,4,10,5,5,2,15,3,10,1,1,C03,7,9,1,10,2,11,,15,15,1,13,4,120.65499,24.215844,2
5860,66000,387130000C,(04)23274275,(04)23288582,2025,08,16,7,8,臺中市,北屯區,0,0,0,7,,,50,,,,,,,,,,,,,,13,,,,,B12,,,1,,1,,,7,7,1,12,4,120.725336,24.172061,3
5861,66000,387130000C,(04)23274275,(04)23288582,2025,08,16,7,10,臺中市,大雅區,0,1,0,7,1,6,40,13,12,1,5,4,6,6,4,4,1,4,4,1,18,2,9,2,1,C03,7,9,1,16,2,12,,84,84,1,12,4,120.629691,24.226159,2
5862,66000,387130000C,(04)23274275,(04)23288582,2025,08,16,7,13,臺中市,北屯區,0,1,0,7,2,6,50,4,1,1,5,4,6,6,2,1,10,5,5,2,23,2,9,2,1,C03,7,9,1,10,2,11,12,84,84,1,6,4,120.670966,24.175004,2
5863,66000,387130000C,(04)23274275,(04)23288582,2025,08,16,7,15,臺中市,東區,0,0,0,7,,,50,,,,,,,,,,,,,,,,,,,C03,,,1,,2,,,7,7,1,13,4,120.689747,24.143128,3
5864,66000,387130000C,(04)23274275,(04)23288582,2025,08,16,7,17,臺中市,中區,0,1,0,7,2,6,50,4,1,1,5,4,6,6,2,1,1,4,5,1,16,3,10,3,1,B03,7,6,1,8,2,6,,11,11,1,13,4,120.685608,24.138424,2
5865,66000,387130000C,(04)23274275,(04)23288582,2025,08,16,7,18,臺中市,大里區,0,1,0,7,1,6,30,4,1,1,5,4,6,6,1,1,5,5,5,2,16,3,10,3,1,B12,7,5,1,8,2,2,,11,11,1,6,4,120.671873,24.085803,2
5866,66000,387130000C,(04)23274275,(04)23288582,2025,08,16,7,22,臺中市,太平區,0,0,0,7,,,50,,,,,,,,,,,,,,14,,,,,B12,,,1,,1,,,49,49,1,13,4,120.71255,24.141267,3
5867,66000,387130000C,(04)23274275,(04)23288582,2025,08,16,7,25,臺中市,清水區,0,1,0,7,3,6,40,4,1,1,5,4,6,6,1,1,1,4,4,1,16,2,9,2,1,F01,7,9,7,21,2,12,,21,21,1,12,4,120.588555,24.292984,2
5868,66000,387130000C,(04)23274275,(04)23288582,2025,08,16,7,28,臺中市,龍井區,0,1,0,7,2,6,50,4,1,1,5,4,6,6,2,1,10,5,5,2,16,3,10,3,1,B03,7,6,1,8,2,8,,11,11,1,6,4,120.573422,24.185409,2
5869,66000,387130000C,(04)23274275,(04)23288582,2025,08,16,7,43,臺中市,西屯區,0,2,0,7,2,6,30,4,1,1,5,4,6,6,4,4,10,5,5,2,15,2,8,5,4,C03,7,9,1,10,2,12,,15,15,1,12,4,120.587514,24.176713,2
5870,66000,387130000C,(04)23274275,(04)23288582,2025,08,16,7,43,臺中市,西屯區,0,0,0,7,2,6,60,4,2,1,5,4,6,6,2,1,1,4,1,2,13,,,,,B03,,,1,,1,,,7,7,1,12,4,120.624383,24.178531,3
5871,66000,387130000C,(04)23274275,(04)23288582,2025,08,16,7,46,臺中市,大甲區,0,2,0,7,3,6,50,4,1,1,5,4,6,6,1,1,10,5,5,2,17,2,9,1,1,F01,7,6,7,21,2,14,,48,48,1,6,4,120.627748,24.346823,2
5872,66000,387130000C,(04)23274275,(04)23288582,2025,08,16,7,48,臺中市,東區,0,2,0,7,1,6,50,4,1,1,5,4,6,6,4,4,10,5,5,2,15,2,9,5,4,C03,7,9,1,10,2,11,,12,12,1,13,4,120.690342,24.127046,2
5873,66000,387130000C,(04)23274275,(04)23288582,2025,08,16,7,49,臺中市,北屯區,0,1,0,7,2,6,50,4,1,1,5,4,6,6,4,4,9,4,5,1,3,3,10,3,1,B03,7,9,5,19,2,8,,59,59,1,12,4,120.665239,24.182703,2
5874,66000,387130000C,(04)23274275,(04)23288582,2025,08,16,7,50,臺中市,潭子區,0,0,0,7,,,50,,,,,,,,,,,,,,,,,,,B12,,,1,,2,,,49,49,1,13,4,120.705527,24.227408,3
5875,66000,387130000C,(04)23274275,(04)23288582,2025,08,16,7,51,臺中市,西屯區,0,1,0,7,2,6,50,11,9,1,5,4,6,6,4,4,5,4,5,2,18,2,7,3,1,B12,7,8,1,8,2,2,,40,40,1,13,4,120.601079,24.162842,2
5876,66000,387130000C,(04)23274275,(04)23288582,2025,08,16,8,0,臺中市,北屯區,0,0,0,7,,,,,,,,,,,,,,,,,17,,,,,,,,,,,,,86,86,1,,,120.685503,24.174581,3
5877,66000,387130000C,(04)23274275,(04)23288582,2025,08,16,8,2,臺中市,潭子區,0,0,0,7,,,50,,,,,,,,,,,,,,,,,,,B12,,,1,,2,,,21,21,1,12,4,120.693148,24.216023,3
5878,66000,387130000C,(04)23274275,(04)23288582,2025,08,16,8,2,臺中市,霧峰區,0,0,0,7,,,30,,,,,,,,,,,,,,14,,,,,A11,,,1,,1,,,49,49,1,12,4,120.676319,24.048292,3
5879,66000,387130000C,(04)23274275,(04)23288582,2025,08,16,8,4,臺中市,太平區,0,1,0,7,2,6,50,4,1,1,5,4,6,6,4,4,10,5,5,2,15,3,10,5,1,B03,7,9,1,4,2,5,1,12,12,1,12,4,120.728734,24.155157,2
5880,66000,387130000C,(04)23274275,(04)23288582,2025,08,16,8,10,臺中市,豐原區,0,0,0,7,,,50,,,,,,,,,,,,,,14,,,,,B03,,,1,,1,,,49,49,1,12,4,120.716517,24.240597,3
5881,66000,387130000C,(04)23274275,(04)23288582,2025,08,16,8,14,臺中市,新社區,0,1,0,7,1,6,50,13,9,1,5,4,6,6,4,4,9,5,5,1,17,3,10,5,4,B03,7,1,1,8,2,7,,51,51,1,13,4,120.808131,24.252325,2
5882,66000,387130000C,(04)23274275,(04)23288582,2025,08,16,8,20,臺中市,梧棲區,0,3,0,7,2,6,50,4,1,1,5,4,6,6,4,4,10,5,5,2,16,2,1,3,1,B03,7,6,1,8,2,4,,14,14,1,6,4,120.547778,24.243262,2
5883,66000,387130000C,(04)23274275,(04)23288582,2025,08,16,8,24,臺中市,北屯區,0,1,0,7,2,6,50,13,7,1,5,4,6,6,4,4,1,4,4,1,13,3,10,3,1,B12,7,9,1,8,2,1,,84,84,1,6,4,120.709919,24.164772,2
5884,66000,387130000C,(04)23274275,(04)23288582,2025,08,16,8,25,臺中市,南屯區,0,0,0,7,,,50,,,,,,,,,,,,,,,,,,,C03,,,1,,2,,,84,84,1,13,4,120.622269,24.14031,4
5885,66000,387130000C,(04)23274275,(04)23288582,2025,08,16,8,26,臺中市,大雅區,0,1,0,7,2,6,30,4,1,1,5,4,6,6,4,4,10,5,5,2,15,2,9,1,1,C03,7,9,1,10,2,11,,15,15,1,13,4,120.666856,24.237748,2
5886,66000,387130000C,(04)23274275,(04)23288582,2025,08,16,8,27,臺中市,大里區,0,1,0,7,3,6,30,3,1,1,5,4,6,6,4,4,10,5,5,2,16,3,10,1,1,C03,7,6,1,10,2,11,,14,14,1,13,4,120.676176,24.099091,2
5887,66000,387130000C,(04)23274275,(04)23288582,2025,08,16,8,30,臺中市,太平區,0,0,0,7,,,50,,,,,,,,,,,,,,17,,,,,B12,,,1,,2,,,84,84,1,13,4,120.714539,24.124841,3
5888,66000,387130000C,(04)23274275,(04)23288582,2025,08,16,8,35,臺中市,大里區,0,2,0,7,2,6,50,4,1,1,5,4,6,6,4,4,5,5,5,2,15,2,9,1,1,C03,7,9,2,19,2,11,14,15,15,1,6,4,120.700401,24.109018,2
5889,66000,387130000C,(04)23274275,(04)23288582,2025,08,16,8,35,臺中市,外埔區,0,2,0,7,2,6,50,13,7,1,5,4,6,6,4,4,5,4,4,1,17,2,9,1,1,C04,7,11,1,11,2,11,,39,39,1,12,4,120.654756,24.330224,2
5890,66000,387130000C,(04)23274275,(04)23288582,2025,08,16,8,36,臺中市,豐原區,0,2,0,7,2,8,15,18,24,1,5,4,6,6,4,4,10,5,5,2,11,2,7,4,1,F02,7,9,7,21,2,11,,41,41,1,12,4,120.740315,24.27185,2
5891,66000,387130000C,(04)23274275,(04)23288582,2025,08,16,8,37,臺中市,清水區,0,1,0,7,3,6,50,13,8,1,5,4,6,6,4,4,5,5,4,2,16,3,10,3,1,B03,7,5,1,8,2,2,,20,20,1,12,4,120.595773,24.301108,2
5892,66000,387130000C,(04)23274275,(04)23288582,2025,08,16,8,37,臺中市,神岡區,0,1,0,7,3,6,50,4,2,1,5,4,6,6,4,4,9,4,4,2,9,3,10,5,4,C03,7,9,1,10,2,11,,59,59,1,12,4,120.659412,24.257081,2
5893,66000,387130000C,(04)23274275,(04)23288582,2025,08,16,8,38,臺中市,豐原區,0,2,0,7,3,6,50,3,24,1,5,4,6,6,3,1,1,5,5,1,13,2,9,1,4,C03,7,9,1,10,2,12,,7,7,1,12,4,120.729683,24.275735,2
5894,66000,387130000C,(04)23274275,(04)23288582,2025,08,16,8,39,臺中市,大雅區,0,1,0,7,1,6,50,4,1,1,5,4,6,6,1,1,1,4,5,2,13,2,7,2,1,C03,7,9,1,10,2,11,,7,7,1,12,4,120.662241,24.219428,2
5895,66000,387130000C,(04)23274275,(04)23288582,2025,08,16,8,48,臺中市,東區,0,1,0,7,3,6,50,4,1,1,5,4,6,6,4,4,5,5,5,2,12,3,10,3,1,B03,7,6,1,8,2,4,,65,65,1,13,4,120.703438,24.141069,2
5896,66000,387130000C,(04)23274275,(04)23288582,2025,08,16,8,48,臺中市,南屯區,0,2,0,7,2,6,50,3,1,1,5,4,6,6,4,4,10,5,5,2,13,2,9,1,1,C03,7,9,1,10,8,11,,53,53,1,12,4,120.627316,24.117349,2
5897,66000,387130000C,(04)23274275,(04)23288582,2025,08,16,8,50,臺中市,北區,0,0,0,7,,,30,,,,,,,,,,,,,,17,,,,,C03,,,1,,2,,,11,11,1,13,4,120.671927,24.153725,3
5898,66000,387130000C,(04)23274275,(04)23288582,2025,08,16,8,50,臺中市,大里區,0,0,0,7,,,30,,,,,,,,,,,,,,16,,,,,C03,,,1,,2,,,14,14,1,13,4,120.680234,24.102963,3
5899,66000,387130000C,(04)23274275,(04)23288582,2025,08,16,9,0,臺中市,東區,0,1,0,7,1,6,50,4,1,1,5,4,6,6,4,4,10,5,5,2,17,3,10,3,1,B03,7,5,1,8,2,2,,11,11,1,12,4,120.699357,24.14797,2
5900,66000,387130000C,(04)23274275,(04)23288582,2025,08,16,9,0,臺中市,梧棲區,0,2,0,7,2,6,70,4,1,1,5,4,6,6,1,1,10,5,5,2,16,2,9,1,1,C03,7,6,1,10,2,14,,23,23,1,12,4,120.549504,24.239344,2
5901,66000,387130000C,(04)23274275,(04)23288582,2025,08,16,9,5,臺中市,大雅區,0,1,0,7,3,6,60,13,9,1,5,4,6,6,4,4,4,4,5,1,13,2,9,1,1,C03,7,9,1,10,2,11,,59,59,1,13,4,120.655893,24.23,2
5902,66000,387130000C,(04)23274275,(04)23288582,2025,08,16,9,9,臺中市,大里區,0,2,0,7,2,6,50,4,1,1,5,4,6,6,2,1,10,5,5,2,17,2,8,5,4,C03,7,6,3,19,2,12,,84,84,1,13,4,120.69577,24.087915,2
5903,66000,387130000C,(04)23274275,(04)23288582,2025,08,16,9,10,臺中市,大肚區,0,2,0,7,2,6,30,4,1,1,5,4,6,6,4,4,10,5,5,2,15,2,9,1,1,C03,7,9,1,10,2,11,,15,15,1,6,4,120.535322,24.172938,2
5904,66000,387130000C,(04)23274275,(04)23288582,2025,08,16,9,12,臺中市,大雅區,0,0,0,7,,,30,,,,,,,,,,,,,,11,,,,,B12,,,1,,1,,,8,8,1,12,4,120.624225,24.235339,3
5905,66000,387130000C,(04)23274275,(04)23288582,2025,08,16,9,18,臺中市,北區,0,0,0,7,2,6,30,,9,1,5,4,6,6,4,4,10,5,5,2,14,3,10,3,1,B03,7,2,1,8,1,6,,49,49,1,12,4,120.680517,24.150097,3
5906,66000,387130000C,(04)23274275,(04)23288582,2025,08,16,9,20,臺中市,北區,0,1,0,7,2,6,50,3,1,1,5,4,6,6,4,4,10,5,5,2,12,3,10,3,1,B03,7,5,1,8,2,2,,14,14,1,13,4,120.67473,24.159369,2
5907,66000,387130000C,(04)23274275,(04)23288582,2025,08,16,9,21,臺中市,北屯區,0,0,0,7,,,50,,,,,,,,,,,,,,17,,,,,B03,,,1,,11,,,8,8,1,12,4,120.687766,24.189799,4
5908,66000,387130000C,(04)23274275,(04)23288582,2025,08,16,9,21,臺中市,大甲區,0,1,0,7,2,6,40,4,9,1,5,4,6,6,4,4,6,4,5,2,9,2,8,1,1,C03,7,6,1,10,2,12,,87,87,1,12,4,120.625878,24.347026,2
5909,66000,387130000C,(04)23274275,(04)23288582,2025,08,16,9,25,臺中市,太平區,0,1,0,7,2,6,50,14,9,1,5,4,6,6,4,4,10,5,5,2,11,2,8,1,1,C03,7,9,1,9,2,11,12,4,4,1,12,4,120.716161,24.146348,2
5910,66000,387130000C,(04)23274275,(04)23288582,2025,08,16,9,25,臺中市,沙鹿區,0,0,0,7,,,50,,,,,,,,,,,,,,,,,,,B03,,,1,,2,,,58,58,1,13,4,120.559784,24.234263,3
5911,66000,387130000C,(04)23274275,(04)23288582,2025,08,16,9,26,臺中市,北屯區,0,0,0,7,,,50,,,,,,,,,,,,,,17,,,,,B03,,,1,,1,,,8,8,1,12,4,120.664763,24.185873,3
5912,66000,387130000C,(04)23274275,(04)23288582,2025,08,16,9,27,臺中市,北區,0,2,0,7,2,6,50,3,1,1,5,4,6,6,4,4,5,4,5,2,17,2,8,1,1,C03,7,1,1,10,2,11,,51,51,1,12,4,120.670007,24.166839,2
5913,66000,387130000C,(04)23274275,(04)23288582,2025,08,16,9,27,臺中市,北屯區,0,0,0,7,,,50,,,,,,,,,,,,,,17,,,,,B03,,,1,,2,,,5,5,1,12,4,120.769902,24.19705,3
5914,66000,387130000C,(04)23274275,(04)23288582,2025,08,16,9,27,臺中市,梧棲區,0,0,0,7,,,50,,,,,,,,,,,,,,17,,,,,B03,,,1,,1,,,50,50,1,6,4,120.529601,24.250028,3
5915,66000,387130000C,(04)23274275,(04)23288582,2025,08,16,9,35,臺中市,沙鹿區,0,0,0,7,,,40,,,,,,,,,,,,,,17,,,,,B03,,,1,,1,,,8,8,1,6,4,120.567258,24.20505,3
5916,66000,387130000C,(04)23274275,(04)23288582,2025,08,16,9,37,臺中市,北屯區,0,1,0,7,2,6,50,4,1,1,5,4,6,6,2,1,10,5,5,2,17,2,9,2,1,C03,7,1,1,10,2,11,,51,51,1,6,4,120.690629,24.172802,2
5917,66000,387130000C,(04)23274275,(04)23288582,2025,08,16,9,38,臺中市,潭子區,0,1,0,7,3,6,50,4,1,1,5,4,6,6,4,4,1,5,5,2,1,3,10,3,1,B03,7,5,1,8,2,4,,41,41,1,13,4,120.712186,24.199091,2
5918,66000,387130000C,(04)23274275,(04)23288582,2025,08,16,9,40,臺中市,西屯區,0,0,0,7,,,50,,,,,,,,,,,,,,13,,,,,B03,,,1,,1,,,59,59,1,12,4,120.653261,24.203548,3
5919,66000,387130000C,(04)23274275,(04)23288582,2025,08,16,9,43,臺中市,北屯區,0,0,0,7,,,50,,,,,,,,,,,,,,12,,,,,C03,,,1,,1,,,8,8,1,12,4,120.679857,24.17292,3
5920,66000,387130000C,(04)23274275,(04)23288582,2025,08,16,9,45,臺中市,大肚區,0,1,0,7,2,6,30,13,9,1,5,4,6,6,4,4,10,5,5,2,17,2,9,1,1,C03,7,1,1,10,2,14,,51,51,1,12,4,120.535309,24.141248,2
5921,66000,387130000C,(04)23274275,(04)23288582,2025,08,16,9,53,臺中市,太平區,0,1,0,7,2,6,50,3,1,1,5,4,6,6,4,4,10,5,5,2,18,2,9,2,1,C03,7,9,1,10,2,14,,84,84,1,13,4,120.728739,24.126233,2
5922,66000,387130000C,(04)23274275,(04)23288582,2025,08,16,9,55,臺中市,大甲區,0,0,0,7,,,50,,,,,,,,,,,,,,,,,,,B03,,,1,,2,,,84,84,1,6,4,120.620479,24.351691,3
5923,66000,387130000C,(04)23274275,(04)23288582,2025,08,16,9,56,臺中市,豐原區,0,1,0,7,2,6,30,3,1,1,5,4,6,3,4,4,10,5,5,2,17,3,10,5,4,B03,7,9,1,8,2,1,,6,6,1,12,4,120.713397,24.263378,2
5924,66000,387130000C,(04)23274275,(04)23288582,2025,08,16,10,7,臺中市,東區,0,0,0,7,,,50,,,,,,,,,,,,,,16,,,,,B03,,,1,,2,,,45,45,1,6,4,120.701312,24.142461,3
5925,66000,387130000C,(04)23274275,(04)23288582,2025,08,16,10,7,臺中市,西屯區,0,0,0,7,,,60,,,,,,,,,,,,,,12,,,,,B03,,,1,,1,,,39,39,1,12,4,120.62904,24.163157,3
5926,66000,387130000C,(04)23274275,(04)23288582,2025,08,16,10,10,臺中市,清水區,0,0,0,7,,,70,,,,,,,,,,,,,,17,,,,,B03,,,1,,2,,,7,7,1,12,4,120.552289,24.293688,3
5927,66000,387130000C,(04)23274275,(04)23288582,2025,08,16,10,11,臺中市,沙鹿區,0,2,0,7,2,6,50,3,2,1,5,4,6,6,1,1,3,3,3,1,17,2,9,5,4,C03,7,9,1,10,2,11,,59,59,1,13,4,120.570394,24.217284,2
5928,66000,387130000C,(04)23274275,(04)23288582,2025,08,16,10,13,臺中市,沙鹿區,0,1,0,7,2,6,50,4,1,1,5,4,6,6,4,4,10,5,5,2,17,3,10,3,1,B03,7,9,1,8,2,2,,15,15,1,13,4,120.568533,24.252936,2
5929,66000,387130000C,(04)23274275,(04)23288582,2025,08,16,10,18,臺中市,中區,0,0,0,7,,,50,,,,,,,,,,,,,,,,,,,B03,,,1,,1,,,84,84,1,12,4,120.677832,24.14645,3
5930,66000,387130000C,(04)23274275,(04)23288582,2025,08,16,10,24,臺中市,南屯區,0,0,0,7,,,50,,,,,,,,,,,,,,14,,,,,B03,,,1,,9,,,49,49,1,12,4,120.645241,24.151724,3
5931,66000,387130000C,(04)23274275,(04)23288582,2025,08,16,10,27,臺中市,大雅區,0,1,0,7,2,6,30,4,2,1,5,4,6,6,4,4,10,5,5,2,15,3,10,3,1,B03,7,9,1,8,2,1,,6,6,1,13,4,120.650959,24.226028,2
5932,66000,387130000C,(04)23274275,(04)23288582,2025,08,16,10,29,臺中市,霧峰區,0,2,0,7,3,6,30,4,1,1,5,4,6,6,4,4,10,5,5,2,15,2,7,1,1,C03,7,9,1,10,2,11,,12,12,1,12,4,120.697517,24.062672,2
5933,66000,387130000C,(04)23274275,(04)23288582,2025,08,16,10,33,臺中市,北屯區,0,1,0,7,3,6,30,4,1,1,5,4,6,6,4,4,10,5,5,2,16,2,9,2,1,C03,7,6,1,10,2,12,,12,12,1,6,4,120.682276,24.170278,2
5934,66000,387130000C,(04)23274275,(04)23288582,2025,08,16,10,33,臺中市,西屯區,0,0,0,7,,,30,,,,,,,,,,,,,,14,,,,,A12,,,1,,2,,,8,8,1,12,4,120.656381,24.168922,3
5935,66000,387130000C,(04)23274275,(04)23288582,2025,08,16,10,34,臺中市,東區,0,0,0,7,,,50,,,,,,,,,,,,,,,,,,,C03,,,1,,1,,,7,7,1,13,4,120.69572,24.14492,3
5936,66000,387130000C,(04)23274275,(04)23288582,2025,08,16,10,34,臺中市,西屯區,0,2,0,7,2,6,50,13,9,1,5,4,6,6,4,4,9,5,5,2,17,3,10,5,4,C03,7,9,3,19,2,16,,68,68,1,13,4,120.656436,24.170659,2
5937,66000,387130000C,(04)23274275,(04)23288582,2025,08,16,10,35,臺中市,北屯區,0,1,0,7,2,6,30,4,1,1,5,4,6,6,4,4,10,5,5,2,15,3,10,1,1,C03,7,9,1,10,2,12,,15,15,1,13,4,120.66223,24.193846,2
5938,66000,387130000C,(04)23274275,(04)23288582,2025,08,16,10,36,臺中市,北屯區,0,0,0,7,,,50,,,,,,,,,,,,,,17,,,,,B03,,,1,,1,,,8,8,1,12,4,120.690371,24.176874,3