﻿序號,縣市別代碼,機關代碼,市話,傳真,年,月,日,時,分,縣市,區,死亡數量,受傷數量,2-30,天候,道路照明設備,道路類別,道路速限,道路型態,事故位置,路面鋪裝,路面狀態,路面缺陷,障礙物,視距,號誌種類,號誌動作,分向設施,快車道或一般車道間,快慢車道間,路面邊線,事故類型及型態,受傷程度,主要傷處,保護裝備,行動電話或功能裝置,當事者區分_類別,車輛用途,當事者行動狀態,駕照狀態,駕照種類,飲酒情形,車輛撞擊部位最初,車輛撞擊部位其他,肇事因素個別,肇事因素主要,肇事逃逸,職業,共享經濟或外送平台,GPS座標X,GPS座標Y,事故類別
5939,66000,387130000C,(04)23274275,(04)23288582,2025,08,16,10,38,臺中市,大里區,0,0,0,7,,,50,,,,,,,,,,,,,,17,,,,,C03,,,3,11,2,,,84,84,1,13,4,120.697738,24.082553,3
5940,66000,387130000C,(04)23274275,(04)23288582,2025,08,16,10,39,臺中市,北區,0,2,0,7,2,6,50,13,9,1,5,4,6,6,4,4,1,4,5,2,13,2,9,1,1,C03,7,5,1,10,2,13,,84,84,1,13,4,120.68601,24.144475,2
5941,66000,387130000C,(04)23274275,(04)23288582,2025,08,16,10,40,臺中市,北屯區,0,1,0,7,2,6,50,3,1,1,5,4,6,6,4,4,10,5,5,2,17,3,10,1,1,C03,7,4,1,10,2,13,,1,1,1,12,4,120.69787,24.164111,2
5942,66000,387130000C,(04)23274275,(04)23288582,2025,08,16,10,45,臺中市,沙鹿區,0,0,0,7,,,0,,,,,,,,,,,,,,14,,,,,B03,,,1,,9,,,49,49,1,7,4,120.571352,24.204592,3
5943,66000,387130000C,(04)23274275,(04)23288582,2025,08,16,10,48,臺中市,南區,0,2,0,7,1,6,50,3,1,1,5,4,6,6,2,1,10,5,5,2,13,2,9,5,4,C03,7,9,1,10,2,11,,84,84,1,13,4,120.658014,24.112669,2
5944,66000,387130000C,(04)23274275,(04)23288582,2025,08,16,10,49,臺中市,南區,0,0,0,7,,,50,,,,,,,,,,,,,,,,,,,,,,,,,,,86,86,1,,,120.656975,24.117121,3
5945,66000,387130000C,(04)23274275,(04)23288582,2025,08,16,10,54,臺中市,北屯區,0,0,0,7,,,50,,,,,,,,,,,,,,,,,,,B03,,,1,,1,,,8,8,1,6,4,120.690855,24.176705,3
5946,66000,387130000C,(04)23274275,(04)23288582,2025,08,16,10,55,臺中市,大安區,0,2,0,7,2,6,50,4,1,1,5,4,6,6,4,4,10,5,5,2,15,3,10,3,1,B03,7,9,1,8,2,1,,15,15,1,6,4,120.620697,24.37619,2
5947,66000,387130000C,(04)23274275,(04)23288582,2025,08,16,11,3,臺中市,南屯區,0,0,0,7,,,50,,,,,,,,,,,,,,13,,,,,B11,,,1,,2,,,84,84,1,13,4,120.612098,24.149815,3
5948,66000,387130000C,(04)23274275,(04)23288582,2025,08,16,11,4,臺中市,北屯區,0,1,0,7,2,6,50,13,9,1,5,4,6,6,4,4,5,4,5,2,17,3,10,3,1,B03,7,11,1,8,2,1,,45,45,1,12,4,120.719347,24.18346,2
5949,66000,387130000C,(04)23274275,(04)23288582,2025,08,16,11,6,臺中市,南屯區,0,0,0,7,3,6,50,13,9,1,5,4,6,6,4,4,5,5,5,2,12,,,,,C03,,,1,,1,,,8,8,1,12,4,120.649524,24.155473,3
5950,66000,387130000C,(04)23274275,(04)23288582,2025,08,16,11,9,臺中市,大甲區,0,2,0,7,3,6,50,4,1,1,5,4,6,6,1,1,10,5,5,2,17,2,9,1,1,C03,7,6,3,19,2,11,,48,48,1,6,4,120.619369,24.340624,2
5951,66000,387130000C,(04)23274275,(04)23288582,2025,08,16,11,13,臺中市,南屯區,0,0,0,7,,,50,,,,,,,,,,,,,,,,,,,B03,,,1,,2,,,59,59,1,13,4,120.622643,24.150214,3
5952,66000,387130000C,(04)23274275,(04)23288582,2025,08,16,11,15,臺中市,北屯區,0,0,0,7,,,50,,,,,,,,,,,,,,17,,,,,B03,,,1,,1,,,51,51,1,6,4,120.708346,24.189599,3
5953,66000,387130000C,(04)23274275,(04)23288582,2025,08,16,11,18,臺中市,南屯區,0,0,0,7,,,50,,,,,,,,,,,,,,12,,,,,C03,,,1,,1,,,84,84,1,12,4,120.612558,24.13844,3
5954,66000,387130000C,(04)23274275,(04)23288582,2025,08,16,11,19,臺中市,外埔區,0,1,0,7,2,6,30,4,1,1,5,4,6,6,4,4,5,5,5,1,16,3,10,3,1,B12,7,6,1,8,2,2,,84,84,1,12,4,120.649588,24.32539,2
5955,66000,387130000C,(04)23274275,(04)23288582,2025,08,16,11,20,臺中市,豐原區,0,2,0,7,3,6,50,4,1,1,5,4,6,6,4,4,5,5,4,2,16,2,9,1,4,C03,7,6,1,10,2,12,,14,14,1,12,4,120.725089,24.24651,2
5956,66000,387130000C,(04)23274275,(04)23288582,2025,08,16,11,24,臺中市,西區,0,0,0,7,,,30,,,,,,,,,,,,,,17,,,,,B03,,,1,,11,,,84,84,1,12,4,120.661633,24.159189,3
5957,66000,387130000C,(04)23274275,(04)23288582,2025,08,16,11,24,臺中市,西屯區,0,0,0,7,,3,80,,,,,,,,,,,,,,13,,,,,B03,,,1,,1,,,59,59,1,12,4,120.630042,24.165389,3
5958,66000,387130000C,(04)23274275,(04)23288582,2025,08,16,11,25,臺中市,新社區,0,2,0,7,1,6,50,13,7,1,5,4,6,6,4,4,5,4,4,1,12,2,9,5,4,C03,7,4,1,10,2,12,,8,8,1,13,4,120.807392,24.239728,2
5959,66000,387130000C,(04)23274275,(04)23288582,2025,08,16,11,26,臺中市,烏日區,0,1,0,7,2,6,50,3,1,1,5,4,6,6,4,4,10,5,5,2,17,3,10,5,4,B03,7,11,1,8,2,4,,45,45,1,6,4,120.599509,24.109907,2
5960,66000,387130000C,(04)23274275,(04)23288582,2025,08,16,11,28,臺中市,北屯區,0,1,0,7,2,6,50,4,1,1,5,4,6,6,2,1,10,5,5,2,17,2,9,1,1,C03,7,6,1,10,2,11,,36,36,1,13,4,120.690547,24.185571,2
5961,66000,387130000C,(04)23274275,(04)23288582,2025,08,16,11,29,臺中市,大里區,0,1,0,7,2,6,50,3,1,1,5,4,6,6,4,4,5,5,4,2,17,2,8,1,1,C03,7,1,1,10,2,11,14,51,51,1,6,4,120.687764,24.105958,2
5962,66000,387130000C,(04)23274275,(04)23288582,2025,08,16,11,30,臺中市,西區,0,0,0,7,,,50,,,,,,,,,,,,,,,,,,,B03,,,1,,1,,,39,39,1,6,4,120.678519,24.138977,3
5963,66000,387130000C,(04)23274275,(04)23288582,2025,08,16,11,30,臺中市,西屯區,0,0,0,7,,,50,,,,,,,,,,,,,,17,,,,,B03,,,1,,2,,,85,85,1,12,4,120.60339,24.185623,3
5964,66000,387130000C,(04)23274275,(04)23288582,2025,08,16,11,40,臺中市,大雅區,0,1,0,7,3,6,30,4,1,1,5,4,6,6,4,4,10,5,5,2,9,3,10,1,4,C03,7,9,1,10,2,11,,58,58,1,13,4,120.648773,24.223918,2
5965,66000,387130000C,(04)23274275,(04)23288582,2025,08,16,11,40,臺中市,西屯區,0,0,0,7,,,50,,,,,,,,,,,,,,12,,,,,B03,,,1,,2,,,50,50,1,13,4,120.647602,24.170219,3
5966,66000,387130000C,(04)23274275,(04)23288582,2025,08,16,11,47,臺中市,南屯區,0,0,0,7,,,50,,,,,,,,,,,,,,12,,,,,B12,,,1,,2,,,8,8,1,13,4,120.627164,24.148413,3
5967,66000,387130000C,(04)23274275,(04)23288582,2025,08,16,11,47,臺中市,龍井區,0,0,0,7,,,30,,,,,,,,,,,,,,17,,,,,B12,,,1,,2,,,49,49,1,6,4,120.594706,24.186878,3
5968,66000,387130000C,(04)23274275,(04)23288582,2025,08,16,11,48,臺中市,大雅區,0,0,0,7,,,50,,,,,,,,,,,,,,,,,,,B03,,,1,,2,,,8,8,1,13,4,120.628505,24.24071,3
5969,66000,387130000C,(04)23274275,(04)23288582,2025,08,16,11,49,臺中市,太平區,0,1,0,7,3,6,50,3,2,1,5,4,6,6,4,4,5,4,5,1,18,2,9,1,1,C03,7,9,1,10,2,14,,84,84,1,6,4,120.711053,24.151646,2
5970,66000,387130000C,(04)23274275,(04)23288582,2025,08,16,11,50,臺中市,豐原區,0,2,0,7,2,6,50,4,1,1,5,4,6,6,2,1,1,4,5,2,16,2,7,1,1,C03,7,5,1,11,2,12,,84,84,1,12,4,120.72102,24.251935,2
5971,66000,387130000C,(04)23274275,(04)23288582,2025,08,16,11,54,臺中市,北區,0,1,0,7,2,6,50,13,9,1,5,4,6,6,4,4,9,4,5,2,16,3,10,3,1,B03,7,5,1,8,2,5,,20,20,1,12,4,120.669046,24.155274,2
5972,66000,387130000C,(04)23274275,(04)23288582,2025,08,16,11,55,臺中市,北屯區,0,0,0,7,,,50,,,,,,,,,,,,,,17,,,,,B03,,,1,,2,,,40,40,1,12,4,120.717779,24.182371,3
5973,66000,387130000C,(04)23274275,(04)23288582,2025,08,16,12,0,臺中市,南區,0,0,0,7,,,50,,,,,,,,,,,,,,12,,,,,B03,,,1,,1,,,20,20,1,6,4,120.666937,24.127793,3
5974,66000,387130000C,(04)23274275,(04)23288582,2025,08,16,12,0,臺中市,南屯區,0,0,0,7,3,6,50,13,7,1,5,4,5,6,1,1,1,4,4,2,12,,,,,B03,,,1,,1,,,40,40,1,12,4,120.619759,24.130763,3
5975,66000,387130000C,(04)23274275,(04)23288582,2025,08,16,12,3,臺中市,西區,0,1,0,7,3,6,50,4,1,1,5,4,6,6,4,4,10,5,5,2,16,3,10,1,1,C03,7,9,1,10,1,12,,84,84,1,12,4,120.660197,24.149434,2
5976,66000,387130000C,(04)23274275,(04)23288582,2025,08,16,12,5,臺中市,大雅區,0,0,0,7,,,0,,,,,,,,,,,,,,,,,,,B12,,,1,,2,,,49,49,1,13,4,120.666091,24.217254,3
5977,66000,387130000C,(04)23274275,(04)23288582,2025,08,16,12,5,臺中市,豐原區,0,1,0,7,2,6,50,5,1,1,5,4,6,6,2,1,5,4,4,2,17,2,8,1,1,C03,7,6,1,9,2,14,,11,11,1,12,4,120.723497,24.252079,2
5978,66000,387130000C,(04)23274275,(04)23288582,2025,08,16,12,9,臺中市,龍井區,0,0,0,7,,,60,,,,,,,,,,,,,,13,,,,,B01,,,1,,1,,,84,84,1,6,4,120.582015,24.187583,3
5979,66000,387130000C,(04)23274275,(04)23288582,2025,08,16,12,10,臺中市,北區,0,1,0,7,2,6,30,13,9,1,5,4,6,6,2,1,1,4,5,1,13,3,10,1,1,C03,7,9,1,10,2,11,,59,59,1,12,4,120.667275,24.157941,2
5980,66000,387130000C,(04)23274275,(04)23288582,2025,08,16,12,11,臺中市,西屯區,0,2,0,7,2,6,50,13,9,1,5,4,3,3,4,4,5,5,5,2,17,2,9,1,1,C03,7,1,1,10,2,14,,51,51,1,12,4,120.65888,24.161581,2
5981,66000,387130000C,(04)23274275,(04)23288582,2025,08,16,12,18,臺中市,中區,0,0,0,7,,,50,,,,,,,,,,,,,,13,,,,,C03,,,1,,1,,,59,59,1,13,4,120.679497,24.142426,3
5982,66000,387130000C,(04)23274275,(04)23288582,2025,08,16,12,22,臺中市,潭子區,0,0,0,7,,,40,,,,,,,,,,,,,,,,,,,B03,,,1,,11,,,41,41,1,13,4,120.699072,24.205918,3
5983,66000,387130000C,(04)23274275,(04)23288582,2025,08,16,12,24,臺中市,北屯區,0,0,0,7,,,50,,,,,,,,,,,,,,,,,,,B03,,,1,,1,,,40,40,1,12,4,120.685474,24.17416,3
5984,66000,387130000C,(04)23274275,(04)23288582,2025,08,16,12,28,臺中市,太平區,0,0,0,7,2,6,50,,,,,,,,,,,,,,,,,,,B03,,,1,,1,2,,50,50,1,12,4,120.715991,24.159604,3
5985,66000,387130000C,(04)23274275,(04)23288582,2025,08,16,12,30,臺中市,龍井區,0,0,0,7,,,50,,,,,,,,,,,,,,,,,,,B11,,,1,,2,,,7,7,1,12,4,120.542378,24.2182,3
5986,66000,387130000C,(04)23274275,(04)23288582,2025,08,16,12,35,臺中市,南區,0,0,0,7,,,30,,,,,,,,,,,,,,,,,,,B03,,,1,,9,,,49,49,1,13,4,120.667809,24.113113,3
5987,66000,387130000C,(04)23274275,(04)23288582,2025,08,16,12,36,臺中市,南屯區,0,0,0,7,,,50,,,,,,,,,,,,,,,,,,,B03,,,1,,2,,,51,51,1,13,4,120.615013,24.147096,3
5988,66000,387130000C,(04)23274275,(04)23288582,2025,08,16,12,36,臺中市,烏日區,0,0,0,7,,,50,,,,,,,,,,,,,,13,,,,,B03,,,1,,1,,,7,7,1,6,4,120.602033,24.106972,3
5989,66000,387130000C,(04)23274275,(04)23288582,2025,08,16,12,39,臺中市,西屯區,0,0,0,7,,,50,,,,,,,,,,,,,,17,,,,,B03,,,1,,2,,,8,8,1,12,4,120.661622,24.169908,3
5990,66000,387130000C,(04)23274275,(04)23288582,2025,08,16,12,41,臺中市,西屯區,0,0,0,7,2,6,50,4,2,1,5,4,6,6,4,4,9,4,5,2,13,,,,,B02,,,1,,1,,,7,7,1,13,4,120.616043,24.188831,3
5991,66000,387130000C,(04)23274275,(04)23288582,2025,08,16,12,42,臺中市,北屯區,0,0,0,7,,,50,,,,,,,,,,,,,,17,,,,,B03,,,1,,1,,,40,40,1,12,4,120.66065,24.191436,3
5992,66000,387130000C,(04)23274275,(04)23288582,2025,08,16,12,48,臺中市,大雅區,0,0,0,7,,,30,,,,,,,,,,,,,,,,,,,B03,,,1,,1,,,8,8,1,12,4,120.598518,24.218083,3
5993,66000,387130000C,(04)23274275,(04)23288582,2025,08,16,12,50,臺中市,梧棲區,0,0,0,7,,,70,,,,,,,,,,,,,,14,,,,,B03,,,1,,7,,,49,49,1,6,4,120.555788,24.251113,3
5994,66000,387130000C,(04)23274275,(04)23288582,2025,08,16,12,56,臺中市,南屯區,0,0,0,7,,,50,,,,,,,,,,,,,,13,,,,,B01,,,1,,1,,,7,7,1,12,4,120.647306,24.123999,3
5995,66000,387130000C,(04)23274275,(04)23288582,2025,08,16,12,58,臺中市,大雅區,0,1,0,7,3,6,50,13,7,1,5,4,6,6,4,4,1,5,4,2,30,2,9,1,4,C03,7,9,1,10,2,14,,59,59,1,12,4,120.669074,24.215808,2
5996,66000,387130000C,(04)23274275,(04)23288582,2025,08,16,12,58,臺中市,南屯區,0,1,0,7,2,6,50,13,7,1,5,4,6,6,4,4,1,3,4,2,12,3,10,5,4,B03,7,7,1,8,1,6,,40,40,1,13,4,120.649296,24.150933,2
5997,66000,387130000C,(04)23274275,(04)23288582,2025,08,16,12,59,臺中市,龍井區,0,0,0,7,,,50,,,,,,,,,,,,,,12,,,,,B03,,,1,,1,,,8,8,1,6,4,120.5238,24.207358,4
5998,66000,387130000C,(04)23274275,(04)23288582,2025,08,16,13,0,臺中市,北區,0,0,0,7,2,6,30,4,9,1,5,4,6,6,1,1,5,5,5,2,17,3,10,6,1,B03,7,13,1,8,1,4,,76,76,1,12,4,120.700617,24.153995,3
5999,66000,387130000C,(04)23274275,(04)23288582,2025,08,16,13,0,臺中市,沙鹿區,0,0,0,7,,,40,,,,,,,,,,,,,,17,,,,,,,,,,,,,119,119,1,,,120.579122,24.223868,3
6000,66000,387130000C,(04)23274275,(04)23288582,2025,08,16,13,10,臺中市,西區,0,0,0,7,,,40,,,,,,,,,,,,,,,,,,,B03,,,1,,2,,,51,51,1,12,4,120.661444,24.137438,3
6001,66000,387130000C,(04)23274275,(04)23288582,2025,08,16,13,13,臺中市,北屯區,0,0,0,7,,,50,,,,,,,,,,,,,,13,,,,,B03,,,1,,1,,,84,84,1,12,4,120.720804,24.176097,3
6002,66000,387130000C,(04)23274275,(04)23288582,2025,08,16,13,14,臺中市,北屯區,0,0,0,7,,,50,,,,,,,,,,,,,,,,,,,B03,,,1,,1,,,84,84,1,13,4,120.698115,24.171518,3
6003,66000,387130000C,(04)23274275,(04)23288582,2025,08,16,13,15,臺中市,潭子區,0,0,0,7,,,50,,,,,,,,,,,,,,,,,,,B03,,,1,,2,,,7,7,1,13,4,120.705618,24.200399,3
6004,66000,387130000C,(04)23274275,(04)23288582,2025,08,16,13,15,臺中市,大雅區,0,0,0,7,,,50,,,,,,,,,,,,,,,,,,,C03,,,1,,2,,,84,84,1,13,4,120.648431,24.223373,3
6005,66000,387130000C,(04)23274275,(04)23288582,2025,08,16,13,20,臺中市,大雅區,0,0,0,7,,,50,,,,,,,,,,,,,,,,,,,B03,,,1,,1,,,8,8,1,13,4,120.648944,24.222984,3
6006,66000,387130000C,(04)23274275,(04)23288582,2025,08,16,13,20,臺中市,南區,0,0,0,7,,,50,,,,,,,,,,,,,,,,,,,B03,,,1,,1,,,40,40,1,5,4,120.658228,24.117583,3
6007,66000,387130000C,(04)23274275,(04)23288582,2025,08,16,13,23,臺中市,南屯區,0,0,0,7,,,30,,,,,,,,,,,,,,13,,,,,C03,,,1,,1,,,7,7,1,12,4,120.585375,24.166733,3
6008,66000,387130000C,(04)23274275,(04)23288582,2025,08,16,13,25,臺中市,潭子區,0,0,0,7,,,30,,,,,,,,,,,,,,,,,,,B03,,,1,,2,,,49,49,1,12,4,120.726797,24.205025,3
6009,66000,387130000C,(04)23274275,(04)23288582,2025,08,16,13,25,臺中市,霧峰區,0,0,0,7,2,6,50,18,21,1,5,4,6,6,4,4,10,5,5,2,13,,,,,B03,,,1,,1,,,59,59,1,6,4,120.69599,24.053802,3
6010,66000,387130000C,(04)23274275,(04)23288582,2025,08,16,13,30,臺中市,梧棲區,0,0,0,7,,,30,,,,,,,,,,,,,,15,,,,,B03,,,1,,2,,,14,14,1,12,4,120.531277,24.257857,3
6011,66000,387130000C,(04)23274275,(04)23288582,2025,08,16,13,40,臺中市,西區,0,0,0,7,,,50,,,,,,,,,,,,,,,,,,,B03,,,1,8,2,,,50,50,1,13,4,120.666727,24.132091,3
6012,66000,387130000C,(04)23274275,(04)23288582,2025,08,16,13,41,臺中市,太平區,0,1,0,7,2,6,30,11,9,1,5,4,6,6,4,4,10,5,5,1,13,2,9,2,1,C03,7,9,1,10,2,11,12,7,7,1,12,4,120.757284,24.123624,2
6013,66000,387130000C,(04)23274275,(04)23288582,2025,08,16,13,48,臺中市,西屯區,0,0,0,7,,,40,,,,,,,,,,,,,,12,,,,,B03,,,1,,1,,,39,39,1,12,4,120.628755,24.163006,3
6014,66000,387130000C,(04)23274275,(04)23288582,2025,08,16,13,49,臺中市,南屯區,0,0,0,7,,,50,,,,,,,,,,,,,,,,,,,B13,,,1,,1,,,40,40,1,13,4,120.64264,24.146834,3
6015,66000,387130000C,(04)23274275,(04)23288582,2025,08,16,13,50,臺中市,北屯區,0,1,0,7,2,6,50,13,7,1,5,4,6,6,4,4,9,4,4,2,17,3,10,3,1,B03,7,1,1,8,2,8,,51,51,1,12,4,120.681805,24.169569,2
6016,66000,387130000C,(04)23274275,(04)23288582,2025,08,16,13,53,臺中市,西區,0,0,0,7,,,50,,,,,,,,,,,,,,,,,,,B03,,,1,,1,,,84,84,1,6,4,120.6594,24.141087,3
6017,66000,387130000C,(04)23274275,(04)23288582,2025,08,16,13,55,臺中市,東區,0,0,0,7,,,,,,,,,,,,,,,,,,,,,,,,,,,,,,85,85,1,,,120.697296,24.147958,3
6018,66000,387130000C,(04)23274275,(04)23288582,2025,08,16,13,58,臺中市,北屯區,0,0,0,7,,,50,,,,,,,,,,,,,,,,,,,A12,,,1,,1,,,84,84,1,12,4,120.682939,24.174945,3
6019,66000,387130000C,(04)23274275,(04)23288582,2025,08,16,13,59,臺中市,大里區,0,0,0,7,,,60,,,,,,,,,,,,,,13,,,,,B03,,,1,,2,,,84,84,1,6,4,120.682821,24.104651,3
6020,66000,387130000C,(04)23274275,(04)23288582,2025,08,16,14,5,臺中市,北屯區,0,1,0,7,2,6,50,13,8,1,5,4,6,6,4,4,1,4,4,2,17,3,10,3,1,B03,7,7,5,19,7,6,,40,40,1,12,4,120.715336,24.182191,2
6021,66000,387130000C,(04)23274275,(04)23288582,2025,08,16,14,13,臺中市,沙鹿區,0,1,0,7,3,6,50,3,1,1,5,4,6,6,4,4,10,5,5,2,16,3,10,3,1,B03,7,11,1,8,2,4,,45,45,1,12,4,120.568763,24.236967,2
6022,66000,387130000C,(04)23274275,(04)23288582,2025,08,16,14,15,臺中市,西區,0,1,0,7,3,6,50,13,9,1,5,4,6,6,4,4,5,5,5,2,13,2,9,1,1,C03,7,9,1,10,1,11,,7,7,1,12,4,120.664133,24.14895,2
6023,66000,387130000C,(04)23274275,(04)23288582,2025,08,16,14,16,臺中市,南屯區,0,1,0,7,2,6,50,3,1,1,5,4,6,6,4,4,9,5,5,2,17,3,10,3,1,B03,7,6,1,8,2,4,,14,14,1,12,4,120.644878,24.131662,2
6024,66000,387130000C,(04)23274275,(04)23288582,2025,08,16,14,16,臺中市,霧峰區,0,0,0,7,,,50,,,,,,,,,,,,,,17,,,,,B02,,,1,,2,,,39,39,1,12,4,120.695899,24.064108,3
6025,66000,387130000C,(04)23274275,(04)23288582,2025,08,16,14,17,臺中市,西區,0,1,0,7,2,6,50,13,9,1,5,4,6,6,4,4,5,5,5,1,16,2,9,2,1,C03,7,1,1,10,2,12,,51,51,1,13,4,120.670596,24.140215,2
6026,66000,387130000C,(04)23274275,(04)23288582,2025,08,16,14,18,臺中市,東區,0,0,0,7,,,50,,,,,,,,,,,,,,12,,,,,B03,,,1,,2,,,8,8,1,6,4,120.686157,24.134791,3
6027,66000,387130000C,(04)23274275,(04)23288582,2025,08,16,14,19,臺中市,東區,0,2,0,7,3,6,50,4,1,1,5,4,6,6,1,1,5,5,5,2,13,2,9,2,1,C03,7,9,1,10,2,11,,84,84,1,13,4,120.708692,24.142722,2
6028,66000,387130000C,(04)23274275,(04)23288582,2025,08,16,14,22,臺中市,神岡區,0,0,0,7,,,50,,,,,,,,,,,,,,13,,,,,C03,,,1,,2,,,7,7,1,12,4,120.652466,24.289256,3
6029,66000,387130000C,(04)23274275,(04)23288582,2025,08,16,14,23,臺中市,太平區,0,2,0,7,3,6,50,4,1,1,5,4,6,6,1,1,10,5,5,2,15,2,8,1,1,C03,7,9,1,10,2,11,,21,21,1,5,4,120.710065,24.134817,2
6030,66000,387130000C,(04)23274275,(04)23288582,2025,08,16,14,25,臺中市,烏日區,0,0,0,7,,,50,,,,,,,,,,,,,,,,,,,B03,,,1,,2,,,50,50,1,13,4,120.605451,24.106224,3
6031,66000,387130000C,(04)23274275,(04)23288582,2025,08,16,14,26,臺中市,大里區,0,1,0,7,2,6,30,4,1,1,5,4,6,6,4,4,5,5,5,2,15,3,10,1,1,C03,7,9,1,10,2,11,14,12,12,1,6,4,120.683647,24.105966,2
6032,66000,387130000C,(04)23274275,(04)23288582,2025,08,16,14,28,臺中市,太平區,0,2,0,7,2,6,30,11,9,1,5,4,6,6,4,4,10,5,5,2,16,3,10,3,1,B03,7,6,1,8,2,8,,41,41,1,13,4,120.721655,24.124499,2
6033,66000,387130000C,(04)23274275,(04)23288582,2025,08,16,14,32,臺中市,大里區,0,0,0,7,,,50,,,,,,,,,,,,,,17,,,,,B03,,,1,7,9,,,84,84,1,13,4,120.693835,24.091473,3
6034,66000,387130000C,(04)23274275,(04)23288582,2025,08,16,14,35,臺中市,大里區,0,1,0,7,3,6,30,4,1,1,5,4,6,6,4,4,10,5,5,2,15,3,10,3,1,B03,7,9,1,8,4,5,,20,20,1,13,4,120.69109,24.101545,2
6035,66000,387130000C,(04)23274275,(04)23288582,2025,08,16,14,37,臺中市,西屯區,0,0,0,7,,,60,,,,,,,,,,,,,,13,,,,,B03,,,1,,2,,,7,7,1,13,4,120.651619,24.16206,3
6036,66000,387130000C,(04)23274275,(04)23288582,2025,08,16,14,43,臺中市,南區,0,0,0,7,,,50,,,,,,,,,,,,,,,,,,,C03,,,1,,1,,,58,58,1,6,4,120.661927,24.128757,4
6037,66000,387130000C,(04)23274275,(04)23288582,2025,08,16,14,45,臺中市,南屯區,0,1,0,7,2,6,50,13,9,1,5,4,6,6,4,4,9,5,5,1,16,3,10,3,1,B02,7,1,1,8,2,8,,51,51,1,13,4,120.606466,24.135143,2
6038,66000,387130000C,(04)23274275,(04)23288582,2025,08,16,14,45,臺中市,霧峰區,0,0,0,7,2,6,30,13,9,1,5,4,6,6,4,4,10,5,5,2,27,,,,,B03,,,1,,2,,,56,56,1,6,4,120.68206,24.053687,3
6039,66000,387130000C,(04)23274275,(04)23288582,2025,08,16,14,52,臺中市,后里區,0,0,0,7,2,6,50,13,9,1,5,4,6,6,4,1,5,4,5,2,12,3,10,1,1,C03,7,8,1,10,2,14,,40,40,1,12,4,120.705239,24.311749,3
6040,66000,387130000C,(04)23274275,(04)23288582,2025,08,16,14,55,臺中市,沙鹿區,0,1,0,7,3,6,50,3,1,1,5,4,6,6,4,4,10,5,5,2,13,3,10,3,1,B12,7,9,1,8,2,5,,7,7,1,6,4,120.56006,24.238393,2
6041,66000,387130000C,(04)23274275,(04)23288582,2025,08,16,15,0,臺中市,霧峰區,0,0,0,7,,,,,,,,,,,,,,,,,17,,,,,,,,,,,,,119,119,1,,,120.701725,24.060979,3
6042,66000,387130000C,(04)23274275,(04)23288582,2025,08,16,15,1,臺中市,大雅區,0,1,0,7,3,6,30,13,9,1,5,4,6,6,4,4,10,5,5,2,28,2,9,2,1,C03,7,9,1,10,2,11,,5,5,1,12,4,120.656873,24.242616,2
6043,66000,387130000C,(04)23274275,(04)23288582,2025,08,16,15,3,臺中市,北屯區,0,0,0,7,,,50,,,,,,,,,,,,,,17,,,,,B03,,,1,,2,,,47,47,1,12,4,120.692949,24.172531,4
6044,66000,387130000C,(04)23274275,(04)23288582,2025,08,16,15,6,臺中市,北屯區,0,1,0,7,2,6,50,3,1,1,5,4,6,6,4,4,10,5,5,2,16,3,10,3,1,B03,7,5,1,8,2,5,,84,84,1,6,4,120.74107,24.179966,2
6045,66000,387130000C,(04)23274275,(04)23288582,2025,08,16,15,10,臺中市,東區,0,0,0,7,,,30,,,,,,,,,,,,,,17,,,,,B03,,,1,,2,,,43,43,1,13,4,120.706724,24.132704,3
6046,66000,387130000C,(04)23274275,(04)23288582,2025,08,16,15,10,臺中市,南屯區,0,0,0,7,,,50,,,,,,,,,,,,,,13,,,,,B03,,,1,,1,,,7,7,1,12,4,120.647266,24.124644,3
6047,66000,387130000C,(04)23274275,(04)23288582,2025,08,16,15,17,臺中市,后里區,0,0,0,7,,,40,,,,,,,,,,,,,,9,,,,,B03,,,1,,10,,,86,86,1,12,4,120.711282,24.309263,3
6048,66000,387130000C,(04)23274275,(04)23288582,2025,08,16,15,19,臺中市,太平區,0,0,0,7,2,3,80,,,,,,,,,,,,,,,,,,,A12,,,1,,2,1,,84,84,1,12,4,120.716172,24.154021,3
6049,66000,387130000C,(04)23274275,(04)23288582,2025,08,16,15,24,臺中市,西區,0,0,0,7,,,50,,,,,,,,,,,,,,,,,,,B03,,,1,,1,,,7,7,1,12,4,120.658131,24.157756,3
6050,66000,387130000C,(04)23274275,(04)23288582,2025,08,16,15,24,臺中市,烏日區,0,0,0,7,,,50,,,,,,,,,,,,,,,,,,,B03,,,1,,9,,,76,76,1,6,4,120.611291,24.109159,3
6051,66000,387130000C,(04)23274275,(04)23288582,2025,08,16,15,25,臺中市,北屯區,0,0,0,7,,,50,,,,,,,,,,,,,,9,,,,,C03,,,1,,9,,,50,50,1,6,4,120.690156,24.177081,3