﻿序號,縣市別代碼,機關代碼,市話,傳真,年,月,日,時,分,縣市,區,死亡數量,受傷數量,2-30,天候,道路照明設備,道路類別,道路速限,道路型態,事故位置,路面鋪裝,路面狀態,路面缺陷,障礙物,視距,號誌種類,號誌動作,分向設施,快車道或一般車道間,快慢車道間,路面邊線,事故類型及型態,受傷程度,主要傷處,保護裝備,行動電話或功能裝置,當事者區分_類別,車輛用途,當事者行動狀態,駕照狀態,駕照種類,飲酒情形,車輛撞擊部位最初,車輛撞擊部位其他,肇事因素個別,肇事因素主要,肇事逃逸,職業,共享經濟或外送平台,GPS座標X,GPS座標Y,事故類別
6052,66000,387130000C,(04)23274275,(04)23288582,2025,08,16,15,30,臺中市,清水區,0,0,0,7,,,60,,,,,,,,,,,,,,,,,,,B03,,,1,,9,,,85,85,1,12,4,120.552866,24.296064,3
6053,66000,387130000C,(04)23274275,(04)23288582,2025,08,16,15,30,臺中市,大甲區,0,2,0,7,2,6,40,13,9,1,5,4,6,6,4,4,6,5,5,1,12,2,9,1,1,C03,7,1,3,19,1,14,,51,51,1,12,4,120.621587,24.346548,2
6054,66000,387130000C,(04)23274275,(04)23288582,2025,08,16,15,36,臺中市,潭子區,0,1,0,7,3,6,60,13,7,1,5,4,6,6,4,4,3,4,4,1,12,,,,,,,21,,,,,,86,86,2,,,120.705217,24.210861,2
6055,66000,387130000C,(04)23274275,(04)23288582,2025,08,16,15,45,臺中市,大雅區,0,1,0,7,3,6,30,3,2,1,5,4,6,6,4,4,10,5,5,1,17,3,10,5,4,B12,7,6,1,8,2,5,,84,84,1,13,4,120.641839,24.208351,2
6056,66000,387130000C,(04)23274275,(04)23288582,2025,08,16,15,49,臺中市,霧峰區,0,0,0,7,,,50,,,,,,,,,,,,,,,,,,,B12,,,1,,2,,,49,49,1,6,4,120.699752,24.070998,3
6057,66000,387130000C,(04)23274275,(04)23288582,2025,08,16,15,49,臺中市,霧峰區,0,0,0,7,,,30,,,,,,,,,,,,,,,,,,,B03,,,1,,2,,,8,8,1,6,4,120.68431,24.058171,3
6058,66000,387130000C,(04)23274275,(04)23288582,2025,08,16,15,56,臺中市,南屯區,0,0,0,7,,,50,,,,,,,,,,,,,,,,,,,B03,,,1,,1,,,11,11,1,12,4,120.6357,24.148511,3
6059,66000,387130000C,(04)23274275,(04)23288582,2025,08,16,15,58,臺中市,大里區,0,0,0,7,,,50,,,,,,,,,,,,,,17,,,,,B03,,,1,,1,,,49,49,1,6,4,120.696968,24.080259,3
6060,66000,387130000C,(04)23274275,(04)23288582,2025,08,16,16,0,臺中市,西屯區,0,1,0,7,2,6,50,13,9,1,5,4,6,6,4,4,1,4,5,2,16,3,10,3,1,B03,7,5,1,4,2,5,,47,47,1,12,4,120.660049,24.171543,2
6061,66000,387130000C,(04)23274275,(04)23288582,2025,08,16,16,2,臺中市,西屯區,0,1,0,7,1,6,50,4,1,1,5,4,6,6,1,1,10,5,5,2,17,3,10,5,4,B03,7,6,1,8,2,8,,11,11,1,12,4,120.652407,24.159681,2
6062,66000,387130000C,(04)23274275,(04)23288582,2025,08,16,16,3,臺中市,外埔區,0,2,0,7,2,6,30,4,1,1,5,4,6,6,4,4,5,5,5,1,15,2,9,6,1,F01,7,9,7,21,1,12,,15,15,1,12,4,120.655131,24.329173,2
6063,66000,387130000C,(04)23274275,(04)23288582,2025,08,16,16,4,臺中市,龍井區,0,1,0,7,2,6,50,4,1,1,5,4,6,6,2,1,5,5,5,2,15,3,10,2,1,C03,7,9,1,10,2,11,,21,21,1,6,4,120.576945,24.17704,2
6064,66000,387130000C,(04)23274275,(04)23288582,2025,08,16,16,9,臺中市,北屯區,0,0,0,7,,,50,,,,,,,,,,,,,,13,,,,,B03,,,1,,1,,,59,59,1,6,4,120.70774,24.182337,3
6065,66000,387130000C,(04)23274275,(04)23288582,2025,08,16,16,16,臺中市,太平區,0,1,0,7,3,6,50,4,1,1,5,4,6,6,4,4,10,5,5,2,16,3,10,1,1,C03,7,11,1,10,2,11,12,45,45,1,6,4,120.719142,24.11584,2
6066,66000,387130000C,(04)23274275,(04)23288582,2025,08,16,16,18,臺中市,潭子區,0,0,0,7,,,0,,,,,,,,,,,,,,,,,,,C03,,,1,,2,,,51,51,1,13,4,120.705165,24.210735,3
6067,66000,387130000C,(04)23274275,(04)23288582,2025,08,16,16,18,臺中市,大雅區,0,1,0,7,3,6,50,13,9,1,5,4,6,6,4,4,5,5,5,1,17,2,9,2,1,C03,7,4,1,10,2,12,,7,7,1,12,4,120.65332,24.228714,2
6068,66000,387130000C,(04)23274275,(04)23288582,2025,08,16,16,20,臺中市,北屯區,0,0,0,7,,,50,,,,,,,,,,,,,,13,,,,,B03,,,1,,2,,,7,7,1,12,4,120.702558,24.18647,3
6069,66000,387130000C,(04)23274275,(04)23288582,2025,08,16,16,26,臺中市,西屯區,0,2,0,7,3,6,50,3,1,1,5,4,6,6,4,4,10,5,5,2,16,2,9,5,4,C03,7,11,1,10,2,11,,45,45,1,13,4,120.660561,24.173174,2
6070,66000,387130000C,(04)23274275,(04)23288582,2025,08,16,16,28,臺中市,南屯區,0,0,0,7,,,50,,,,,,,,,,,,,,,,,,,C03,,,5,,1,,,59,59,1,12,4,120.637003,24.135573,3
6071,66000,387130000C,(04)23274275,(04)23288582,2025,08,16,16,29,臺中市,北屯區,0,2,0,7,3,6,50,4,1,1,5,4,6,6,4,4,10,5,5,2,17,2,9,1,1,C03,7,9,1,10,2,13,,6,6,1,12,4,120.690136,24.164087,2
6072,66000,387130000C,(04)23274275,(04)23288582,2025,08,16,16,30,臺中市,東區,0,0,0,7,,,30,,,,,,,,,,,,,,14,,,,,B03,,,1,,1,,,49,49,1,12,4,120.693813,24.143499,3
6073,66000,387130000C,(04)23274275,(04)23288582,2025,08,16,16,34,臺中市,太平區,0,1,0,7,2,3,80,10,16,1,5,4,6,6,4,4,1,4,5,1,12,3,10,5,4,B03,7,7,1,8,11,1,,58,58,2,12,4,120.71527,24.152767,2
6074,66000,387130000C,(04)23274275,(04)23288582,2025,08,16,16,35,臺中市,大雅區,0,0,0,7,,,50,,,,,,,,,,,,,,,,,,,B03,,,1,,2,,,20,20,1,13,4,120.649996,24.216291,3
6075,66000,387130000C,(04)23274275,(04)23288582,2025,08,16,16,35,臺中市,神岡區,0,0,0,7,,,50,,,,,,,,,,,,,,16,,,,,B03,,,1,,2,,,47,47,1,12,4,120.673964,24.261213,3
6076,66000,387130000C,(04)23274275,(04)23288582,2025,08,16,16,36,臺中市,西屯區,0,0,0,7,,,40,,,,,,,,,,,,,,13,,,,,B03,,,1,,1,,,7,7,1,12,4,120.648107,24.196683,3
6077,66000,387130000C,(04)23274275,(04)23288582,2025,08,16,16,37,臺中市,東區,0,1,0,7,3,6,50,3,1,1,5,4,6,6,4,4,10,5,5,2,17,3,10,3,1,B03,7,14,1,8,2,2,,76,76,1,12,4,120.710255,24.14444,2
6078,66000,387130000C,(04)23274275,(04)23288582,2025,08,16,16,37,臺中市,霧峰區,0,0,0,7,,,50,,,,,,,,,,,,,,17,,,,,F01,,,1,,1,,,7,7,1,3,4,120.695092,24.065883,3
6079,66000,387130000C,(04)23274275,(04)23288582,2025,08,16,16,38,臺中市,中區,0,1,0,7,2,6,50,4,1,1,5,4,6,6,4,4,10,5,5,2,3,2,8,1,1,C03,7,5,1,10,2,11,,84,84,1,13,4,120.675429,24.143961,2
6080,66000,387130000C,(04)23274275,(04)23288582,2025,08,16,16,40,臺中市,沙鹿區,0,1,0,7,2,6,50,4,1,1,5,4,6,6,4,4,10,5,5,2,15,2,1,1,1,C03,7,9,1,10,2,11,,12,12,1,6,4,120.570262,24.230251,2
6081,66000,387130000C,(04)23274275,(04)23288582,2025,08,16,16,42,臺中市,東區,0,1,0,7,2,6,50,4,1,1,5,4,6,6,1,1,9,4,4,2,17,3,10,3,1,B03,7,6,1,8,2,2,,48,48,1,12,4,120.689059,24.143198,2
6082,66000,387130000C,(04)23274275,(04)23288582,2025,08,16,16,42,臺中市,西屯區,0,0,0,7,,,50,,,,,,,,,,,,,,12,,,,,B03,,,1,,2,,,40,40,1,12,4,120.646454,24.164454,3
6083,66000,387130000C,(04)23274275,(04)23288582,2025,08,16,16,44,臺中市,北屯區,0,1,0,7,2,6,50,13,7,1,5,4,6,6,4,4,5,5,4,2,17,2,9,1,1,C03,7,12,1,10,2,14,,5,5,1,6,4,120.691301,24.175047,2
6084,66000,387130000C,(04)23274275,(04)23288582,2025,08,16,16,45,臺中市,西區,0,0,0,7,,,50,,,,,,,,,,,,,,,,,,,B03,,,1,,1,,,84,84,1,6,4,120.653199,24.150651,3
6085,66000,387130000C,(04)23274275,(04)23288582,2025,08,16,16,45,臺中市,梧棲區,0,1,0,7,2,6,70,4,1,1,5,4,6,6,1,1,1,4,3,1,16,3,10,3,1,B03,7,5,1,8,2,5,,38,38,1,12,4,120.528235,24.261768,2
6086,66000,387130000C,(04)23274275,(04)23288582,2025,08,16,16,46,臺中市,北屯區,0,0,0,7,,,50,,,,,,,,,,,,,,12,,,,,C03,,,1,,9,,,40,40,2,6,4,120.705456,24.167343,3
6087,66000,387130000C,(04)23274275,(04)23288582,2025,08,16,16,50,臺中市,大雅區,0,0,0,7,,,70,,,,,,,,,,,,,,,,,,,B03,,,1,,2,,,84,84,1,12,4,120.63608,24.23505,3
6088,66000,387130000C,(04)23274275,(04)23288582,2025,08,16,16,54,臺中市,北區,0,0,0,7,,,50,,,,,,,,,,,,,,30,,,,,B03,,,1,,2,,,84,84,1,13,4,120.686252,24.145631,3
6089,66000,387130000C,(04)23274275,(04)23288582,2025,08,16,16,55,臺中市,大里區,0,0,0,7,3,3,80,13,7,1,5,4,6,6,4,4,3,4,5,2,12,,,,,A11,,,1,,2,,,40,40,1,12,4,120.692691,24.102609,3
6090,66000,387130000C,(04)23274275,(04)23288582,2025,08,16,16,56,臺中市,西屯區,0,0,0,7,,,50,,,,,,,,,,,,,,12,,,,,B03,,,1,,1,,,85,85,1,12,4,120.654306,24.158677,3
6091,66000,387130000C,(04)23274275,(04)23288582,2025,08,16,16,57,臺中市,北區,0,2,0,7,2,6,50,13,9,1,5,4,6,6,4,4,5,4,5,2,13,2,9,1,1,C03,7,9,1,10,2,11,,7,7,1,12,4,120.687819,24.150234,2
6092,66000,387130000C,(04)23274275,(04)23288582,2025,08,16,16,58,臺中市,南區,0,0,0,7,,,50,,,,,,,,,,,,,,,,,,,B03,,,1,,1,,,51,51,1,6,4,120.658041,24.117042,4
6093,66000,387130000C,(04)23274275,(04)23288582,2025,08,16,17,0,臺中市,北屯區,0,1,0,7,2,6,50,4,1,1,5,4,6,6,2,1,10,5,5,2,16,2,9,1,1,C03,7,6,1,10,2,14,,42,42,1,12,4,120.720724,24.172608,2
6094,66000,387130000C,(04)23274275,(04)23288582,2025,08,16,17,7,臺中市,太平區,0,2,0,7,3,6,30,4,1,1,5,4,6,6,4,4,10,5,5,2,15,2,9,1,1,C03,7,9,3,19,1,12,,15,15,2,12,4,120.721997,24.151505,2
6095,66000,387130000C,(04)23274275,(04)23288582,2025,08,16,17,10,臺中市,北屯區,0,0,0,7,,,50,,,,,,,,,,,,,,13,,,,,B03,,,1,,1,,,7,7,1,6,4,120.695099,24.178567,3
6096,66000,387130000C,(04)23274275,(04)23288582,2025,08,16,17,10,臺中市,沙鹿區,0,1,0,7,2,6,50,3,2,1,5,4,6,6,4,4,5,5,5,1,9,3,10,3,1,A12,7,2,1,7,2,6,,49,49,1,12,4,120.559694,24.240353,2
6097,66000,387130000C,(04)23274275,(04)23288582,2025,08,16,17,12,臺中市,西區,0,0,0,7,,,50,,,,,,,,,,,,,,,,,,,B03,,,1,,1,,,84,84,1,12,4,120.665124,24.154018,3
6098,66000,387130000C,(04)23274275,(04)23288582,2025,08,16,17,16,臺中市,北屯區,0,0,0,7,,,50,,,,,,,,,,,,,,,,,,,C03,,,1,,2,,,8,8,1,12,4,120.695653,24.170439,3
6099,66000,387130000C,(04)23274275,(04)23288582,2025,08,16,17,17,臺中市,西區,0,0,0,7,2,6,50,13,7,1,5,4,6,6,4,4,10,5,4,2,13,,,5,4,B03,7,9,1,8,1,1,,56,56,1,13,4,120.667589,24.137359,3
6100,66000,387130000C,(04)23274275,(04)23288582,2025,08,16,17,17,臺中市,大甲區,0,0,0,7,,,50,,,,,,,,,,,,,,,,,,,C03,,,1,,2,,,21,21,1,6,4,120.655584,24.381735,3
6101,66000,387130000C,(04)23274275,(04)23288582,2025,08,16,17,19,臺中市,北區,0,1,0,7,3,6,50,4,1,1,5,4,6,6,1,1,5,5,4,2,17,3,10,3,1,B03,7,6,1,8,2,1,,11,11,1,12,4,120.683439,24.148286,2
6102,66000,387130000C,(04)23274275,(04)23288582,2025,08,16,17,19,臺中市,東區,0,1,0,7,2,6,50,13,8,1,5,4,6,6,4,4,9,4,4,2,16,3,10,3,1,B03,7,5,1,8,2,5,,20,20,1,13,4,120.684469,24.131418,2
6103,66000,387130000C,(04)23274275,(04)23288582,2025,08,16,17,22,臺中市,北區,0,2,0,7,2,6,50,4,1,1,5,4,6,6,1,1,5,5,5,2,16,2,9,1,1,C03,7,9,1,10,2,11,,39,39,1,12,4,120.676326,24.160416,2
6104,66000,387130000C,(04)23274275,(04)23288582,2025,08,16,17,22,臺中市,梧棲區,0,0,0,7,,,40,,,,,,,,,,,,,,12,,,,,B03,,,1,,1,,,40,40,1,12,4,120.542592,24.247447,3
6105,66000,387130000C,(04)23274275,(04)23288582,2025,08,16,17,27,臺中市,清水區,0,1,0,7,2,6,50,4,1,1,5,4,6,6,1,1,8,3,4,1,17,3,10,3,1,B03,7,9,1,8,2,4,,21,21,1,12,4,120.573547,24.262344,2
6106,66000,387130000C,(04)23274275,(04)23288582,2025,08,16,17,29,臺中市,西區,0,3,0,7,3,6,50,4,1,1,5,4,6,3,4,4,10,5,5,2,15,2,9,1,1,C03,7,9,1,10,2,11,,15,15,1,6,4,120.659525,24.147865,2
6107,66000,387130000C,(04)23274275,(04)23288582,2025,08,16,17,30,臺中市,清水區,0,0,0,7,,,40,,,,,,,,,,,,,,,,,,,B03,,,1,,2,,,7,7,1,12,4,120.596476,24.305598,3
6108,66000,387130000C,(04)23274275,(04)23288582,2025,08,16,17,32,臺中市,后里區,0,0,0,7,2,6,50,3,2,1,5,4,6,6,1,1,1,4,4,1,13,3,10,3,1,B12,7,9,1,8,2,1,,7,7,1,12,4,120.722121,24.303441,3
6109,66000,387130000C,(04)23274275,(04)23288582,2025,08,16,17,35,臺中市,西區,0,0,0,7,,,50,,,,,,,,,,,,,,17,,,,,B03,,,1,,1,,,8,8,1,12,4,120.676313,24.133519,3
6110,66000,387130000C,(04)23274275,(04)23288582,2025,08,16,17,36,臺中市,太平區,0,1,0,7,2,6,50,3,2,1,5,4,6,6,4,4,5,5,5,2,17,2,8,2,1,C03,7,9,1,10,2,14,,84,84,1,12,4,120.731637,24.139768,2
6111,66000,387130000C,(04)23274275,(04)23288582,2025,08,16,17,39,臺中市,西區,0,0,0,7,,,50,,,,,,,,,,,,,,,,,,,B03,,,1,,1,,,84,84,1,12,4,120.661693,24.140362,3
6112,66000,387130000C,(04)23274275,(04)23288582,2025,08,16,17,39,臺中市,大里區,0,0,0,7,,,50,,,,,,,,,,,,,,17,,,,,B03,,,1,,1,,,8,8,1,12,4,120.688544,24.110077,3
6113,66000,387130000C,(04)23274275,(04)23288582,2025,08,16,17,39,臺中市,烏日區,0,1,0,7,2,6,50,3,1,1,5,4,6,6,4,4,10,5,5,2,17,3,10,5,4,B03,7,5,3,19,2,6,,14,14,1,6,4,120.615258,24.106049,2
6114,66000,387130000C,(04)23274275,(04)23288582,2025,08,16,17,41,臺中市,潭子區,0,1,0,6,3,6,60,13,7,1,5,4,6,6,4,4,1,4,4,1,17,3,10,2,1,C03,7,7,1,10,2,14,13,40,40,1,13,4,120.689967,24.225861,2
6115,66000,387130000C,(04)23274275,(04)23288582,2025,08,16,17,42,臺中市,大雅區,0,1,0,7,3,6,50,4,19,1,5,4,6,6,4,4,10,5,5,2,9,3,10,3,1,B03,7,6,1,8,2,1,,10,10,1,12,4,120.650096,24.221441,2
6116,66000,387130000C,(04)23274275,(04)23288582,2025,08,16,17,47,臺中市,北屯區,0,0,0,7,,,50,,,,,,,,,,,,,,,,,,,B01,,,1,,2,,,51,51,1,13,4,120.69028,24.182434,3
6117,66000,387130000C,(04)23274275,(04)23288582,2025,08,16,17,47,臺中市,西屯區,0,1,0,7,1,6,50,13,9,1,5,4,6,6,4,4,1,4,5,2,17,2,9,5,4,B03,7,15,1,8,2,5,,59,59,1,12,4,120.622302,24.183397,2
6118,66000,387130000C,(04)23274275,(04)23288582,2025,08,16,17,47,臺中市,霧峰區,0,1,0,7,3,6,25,13,9,1,5,4,6,6,4,4,10,5,5,2,12,3,10,3,1,B12,7,9,1,8,11,15,,8,8,1,6,4,120.700575,24.06345,2
6119,66000,387130000C,(04)23274275,(04)23288582,2025,08,16,17,49,臺中市,東區,0,0,0,7,,,50,,,,,,,,,,,,,,12,,,,,B03,,,1,,1,,,84,84,1,12,4,120.703487,24.13518,3
6120,66000,387130000C,(04)23274275,(04)23288582,2025,08,16,17,49,臺中市,北屯區,0,1,0,7,2,6,50,3,1,1,5,4,6,6,4,4,10,5,5,2,12,3,10,3,1,B03,7,11,1,8,2,8,,45,45,1,6,4,120.681195,24.191694,2
6121,66000,387130000C,(04)23274275,(04)23288582,2025,08,16,17,56,臺中市,西屯區,0,0,0,7,,,50,,,,,,,,,,,,,,17,,,,,C03,,,1,,10,,,77,77,1,12,4,120.638671,24.169983,3
6122,66000,387130000C,(04)23274275,(04)23288582,2025,08,16,17,59,臺中市,南區,0,1,0,7,3,6,50,3,1,1,5,4,6,6,4,4,10,5,5,2,16,3,10,3,1,B03,7,5,1,8,2,5,,65,65,1,12,4,120.659542,24.126268,2
6123,66000,387130000C,(04)23274275,(04)23288582,2025,08,16,18,1,臺中市,沙鹿區,0,0,0,7,,,50,,,,,,,,,,,,,,16,,,,,B03,,,1,,2,,,87,87,1,6,4,120.568814,24.223568,3
6124,66000,387130000C,(04)23274275,(04)23288582,2025,08,16,18,4,臺中市,北屯區,0,1,0,7,3,6,50,13,9,1,5,4,6,6,4,4,5,4,5,2,2,3,10,3,1,B02,7,9,1,8,9,2,,8,8,1,6,4,120.710601,24.172019,2
6125,66000,387130000C,(04)23274275,(04)23288582,2025,08,16,18,11,臺中市,南屯區,0,2,0,7,2,6,50,3,2,1,5,4,6,6,4,4,1,4,5,2,16,3,10,3,1,B03,7,5,1,8,2,5,,84,84,1,13,4,120.64623,24.127912,2
6126,66000,387130000C,(04)23274275,(04)23288582,2025,08,16,18,15,臺中市,大雅區,0,0,0,7,,,30,,,,,,,,,,,,,,,,,,,B03,,,1,,1,,,49,49,1,13,4,120.672787,24.231241,3
6127,66000,387130000C,(04)23274275,(04)23288582,2025,08,16,18,17,臺中市,西屯區,0,0,0,7,,,30,,,,,,,,,,,,,,17,,,,,B03,,,3,,2,,,59,59,1,13,4,120.645618,24.180429,3
6128,66000,387130000C,(04)23274275,(04)23288582,2025,08,16,18,26,臺中市,后里區,0,1,0,7,2,6,40,3,1,1,5,4,6,6,4,4,1,5,5,2,16,3,10,3,1,B03,7,6,1,8,2,5,,14,14,1,12,4,120.672858,24.307427,2
6129,66000,387130000C,(04)23274275,(04)23288582,2025,08,16,18,28,臺中市,北屯區,0,2,0,7,3,6,50,4,1,1,5,4,6,6,4,4,10,5,5,2,17,2,9,1,1,C03,7,9,1,10,2,12,,15,15,1,12,4,120.691212,24.175669,2
6130,66000,387130000C,(04)23274275,(04)23288582,2025,08,16,18,29,臺中市,北屯區,0,0,0,7,,,50,,,,,,,,,,,,,,17,,,,,C03,,,1,10,1,,,84,84,1,12,4,120.693671,24.163865,3
6131,66000,387130000C,(04)23274275,(04)23288582,2025,08,16,18,29,臺中市,西屯區,0,1,0,7,2,6,50,4,1,1,5,4,6,6,1,1,1,4,5,2,16,2,9,2,1,C03,7,9,1,10,2,14,,7,7,1,5,4,120.637666,24.163226,2
6132,66000,387130000C,(04)23274275,(04)23288582,2025,08,16,18,29,臺中市,大甲區,0,2,0,7,1,6,40,4,9,1,5,4,6,6,1,1,6,4,5,1,12,2,9,1,1,C03,7,1,1,10,2,11,,51,51,1,12,4,120.619369,24.340624,2
6133,66000,387130000C,(04)23274275,(04)23288582,2025,08,16,18,30,臺中市,南屯區,0,0,0,7,,,50,,,,,,,,,,,,,,,,,,,B03,,,1,,1,,,7,7,1,12,4,120.633946,24.146191,3
6134,66000,387130000C,(04)23274275,(04)23288582,2025,08,16,18,33,臺中市,北區,0,0,0,7,,,50,,,,,,,,,,,,,,17,,,,,B02,,,1,,9,,,8,8,2,13,4,120.675075,24.152075,3
6135,66000,387130000C,(04)23274275,(04)23288582,2025,08,16,18,35,臺中市,北區,0,2,0,7,2,6,50,13,9,1,5,4,6,6,4,4,5,5,5,2,17,2,9,5,1,C03,7,1,1,10,2,14,,51,51,1,13,4,120.682652,24.152269,2
6136,66000,387130000C,(04)23274275,(04)23288582,2025,08,16,18,36,臺中市,東區,0,1,0,7,2,6,50,4,1,1,5,4,6,6,1,1,9,4,5,2,17,3,10,3,1,B03,7,6,1,8,2,8,,48,48,1,12,4,120.701372,24.125132,2
6137,66000,387130000C,(04)23274275,(04)23288582,2025,08,16,18,40,臺中市,西屯區,0,0,0,7,,,40,,,,,,,,,,,,,,13,,,,,B03,,,1,,1,,,84,84,1,12,4,120.62904,24.163157,3
6138,66000,387130000C,(04)23274275,(04)23288582,2025,08,16,18,41,臺中市,東區,0,2,0,7,1,6,40,13,8,1,5,4,3,6,4,4,3,4,4,2,2,2,9,2,1,C03,7,9,1,10,2,11,,84,84,1,6,4,120.692289,24.147663,2
6139,66000,387130000C,(04)23274275,(04)23288582,2025,08,16,18,50,臺中市,南屯區,0,0,0,7,,,50,,,,,,,,,,,,,,12,,,,,C03,,,1,,1,,,7,7,1,12,4,120.646495,24.130489,3
6140,66000,387130000C,(04)23274275,(04)23288582,2025,08,16,18,50,臺中市,龍井區,0,0,0,7,,,40,,,,,,,,,,,,,,17,,,,,B12,,,1,,11,,,8,8,1,6,4,120.546006,24.19357,3
6141,66000,387130000C,(04)23274275,(04)23288582,2025,08,16,18,54,臺中市,北屯區,0,1,0,7,1,6,50,3,1,1,5,4,6,6,4,4,10,5,5,2,16,3,10,3,1,B03,7,5,1,8,2,1,,14,14,1,6,4,120.70977,24.18233,2
6142,66000,387130000C,(04)23274275,(04)23288582,2025,08,16,18,55,臺中市,大雅區,0,1,0,7,1,6,60,13,9,1,5,4,6,6,4,4,1,3,5,1,17,2,8,5,4,C03,7,9,1,10,2,12,,59,59,1,12,2,120.668213,24.236206,2
6143,66000,387130000C,(04)23274275,(04)23288582,2025,08,16,18,57,臺中市,北屯區,0,1,0,7,1,6,50,4,2,1,5,4,6,6,1,1,5,4,5,2,12,3,10,3,1,B03,7,5,1,8,2,2,,84,84,1,13,4,120.685375,24.173562,2
6144,66000,387130000C,(04)23274275,(04)23288582,2025,08,16,18,57,臺中市,西屯區,0,0,0,7,,,50,,,,,,,,,,,,,,13,,,,,B03,,,1,,1,,,8,8,1,12,4,120.650436,24.167138,4
6145,66000,387130000C,(04)23274275,(04)23288582,2025,08,16,19,0,臺中市,西區,0,0,0,7,,,50,,,,,,,,,,,,,,,,,,,C03,,,1,,2,,,84,84,1,13,4,120.656511,24.151025,3
6146,66000,387130000C,(04)23274275,(04)23288582,2025,08,16,19,3,臺中市,東區,0,0,0,7,,,50,,,,,,,,,,,,,,13,,,,,C02,,,1,,1,,,7,7,1,13,4,120.703064,24.131336,3
6147,66000,387130000C,(04)23274275,(04)23288582,2025,08,16,19,7,臺中市,北屯區,0,0,0,7,,,50,,,,,,,,,,,,,,12,,,,,B03,,,1,,1,,,1,1,1,12,4,120.667188,24.180456,4
6148,66000,387130000C,(04)23274275,(04)23288582,2025,08,16,19,19,臺中市,北區,0,0,0,7,,,50,,,,,,,,,,,,,,,,,,,B03,,,1,,2,,,51,51,1,12,4,120.685562,24.14797,3
6149,66000,387130000C,(04)23274275,(04)23288582,2025,08,16,19,20,臺中市,北屯區,0,2,0,7,3,6,50,3,2,1,5,4,6,6,4,4,5,5,4,2,17,2,9,2,1,C03,7,9,1,10,2,11,,7,7,1,6,4,120.691632,24.180403,2
6150,66000,387130000C,(04)23274275,(04)23288582,2025,08,16,19,22,臺中市,南屯區,0,2,0,7,2,6,50,13,8,1,5,4,6,6,4,4,1,4,1,2,16,2,9,2,1,C03,7,7,1,10,2,13,,40,40,1,12,4,120.624129,24.132972,2
6151,66000,387130000C,(04)23274275,(04)23288582,2025,08,16,19,22,臺中市,太平區,0,2,0,7,1,6,50,4,1,1,5,4,6,6,3,1,10,5,5,2,15,2,9,1,1,C03,7,9,3,19,2,11,,24,24,1,6,4,120.718208,24.130827,2
6152,66000,387130000C,(04)23274275,(04)23288582,2025,08,16,19,25,臺中市,南屯區,0,1,0,7,1,6,50,13,9,1,5,4,6,6,4,4,5,4,4,2,17,3,10,1,1,C03,7,9,1,10,2,16,,75,75,1,12,4,120.619594,24.139752,2
6153,66000,387130000C,(04)23274275,(04)23288582,2025,08,16,19,28,臺中市,南屯區,0,1,0,7,1,6,50,3,2,1,5,4,6,6,4,4,10,5,5,2,17,3,10,3,1,B03,6,1,1,8,2,8,,51,51,1,12,4,120.64589,24.134843,2
6154,66000,387130000C,(04)23274275,(04)23288582,2025,08,16,19,31,臺中市,西屯區,0,0,0,7,,,40,,,,,,,,,,,,,,13,,,,,C03,,,1,,1,,,59,59,1,13,4,120.647036,24.171714,3
6155,66000,387130000C,(04)23274275,(04)23288582,2025,08,16,19,35,臺中市,東區,0,0,0,7,,,50,,,,,,,,,,,,,,17,,,,,C03,,,1,,1,,,40,40,1,12,4,120.697109,24.147975,3
6156,66000,387130000C,(04)23274275,(04)23288582,2025,08,16,19,36,臺中市,后里區,0,0,0,7,1,6,50,4,2,1,5,4,6,6,4,4,9,5,5,1,13,3,10,2,1,C03,7,9,1,10,2,11,,7,7,1,12,4,120.707445,24.314265,3
6157,66000,387130000C,(04)23274275,(04)23288582,2025,08,16,19,37,臺中市,西屯區,0,0,0,7,,,50,,,,,,,,,,,,,,13,,,,,C03,,,1,,1,,,7,7,1,12,4,120.645365,24.178095,4
6158,66000,387130000C,(04)23274275,(04)23288582,2025,08,16,19,42,臺中市,烏日區,0,0,0,7,,,50,,,,,,,,,,,,,,13,,,,,B03,,,1,,1,,,59,59,1,13,4,120.624288,24.102624,3
6159,66000,387130000C,(04)23274275,(04)23288582,2025,08,16,19,45,臺中市,大甲區,0,0,0,7,,,70,,,,,,,,,,,,,,13,,,,,B12,,,1,,2,,,7,7,1,6,4,120.613945,24.33306,3
6160,66000,387130000C,(04)23274275,(04)23288582,2025,08,16,19,52,臺中市,太平區,0,1,0,7,1,6,50,13,9,1,5,4,6,6,4,4,5,4,5,2,17,3,10,4,1,B03,7,13,1,8,2,4,,76,76,1,12,4,120.700716,24.146731,2
6161,66000,387130000C,(04)23274275,(04)23288582,2025,08,16,19,52,臺中市,太平區,0,0,0,7,,,40,,,,,,,,,,,,,,13,,,,,C03,,,1,,1,,,7,7,1,6,4,120.702455,24.147998,3
6162,66000,387130000C,(04)23274275,(04)23288582,2025,08,16,19,55,臺中市,南屯區,0,2,0,7,1,6,40,13,12,1,5,4,6,6,4,4,5,5,4,2,1,2,9,2,4,C03,7,9,1,10,2,11,,84,84,1,6,4,120.616223,24.152601,2