﻿序號,縣市別代碼,機關代碼,市話,傳真,年,月,日,時,分,縣市,區,死亡數量,受傷數量,2-30,天候,道路照明設備,道路類別,道路速限,道路型態,事故位置,路面鋪裝,路面狀態,路面缺陷,障礙物,視距,號誌種類,號誌動作,分向設施,快車道或一般車道間,快慢車道間,路面邊線,事故類型及型態,受傷程度,主要傷處,保護裝備,行動電話或功能裝置,當事者區分_類別,車輛用途,當事者行動狀態,駕照狀態,駕照種類,飲酒情形,車輛撞擊部位最初,車輛撞擊部位其他,肇事因素個別,肇事因素主要,肇事逃逸,職業,共享經濟或外送平台,GPS座標X,GPS座標Y,事故類別
6163,66000,387130000C,(04)23274275,(04)23288582,2025,08,16,20,0,臺中市,沙鹿區,0,0,0,6,,,40,,,,,,,,,,,,,,14,,,,,B03,,,3,,1,,,79,79,1,12,4,120.59457,24.249908,3
6164,66000,387130000C,(04)23274275,(04)23288582,2025,08,16,20,6,臺中市,潭子區,0,0,0,6,,,60,,,,,,,,,,,,,,,,,,,C03,,,1,,2,,,84,84,1,13,4,120.702687,24.190266,3
6165,66000,387130000C,(04)23274275,(04)23288582,2025,08,16,20,10,臺中市,西區,0,0,0,7,,,50,,,,,,,,,,,,,,,,,,,B03,,,1,,2,,,84,84,1,6,4,120.654992,24.147414,3
6166,66000,387130000C,(04)23274275,(04)23288582,2025,08,16,20,13,臺中市,東區,0,0,0,7,,,50,,,,,,,,,,,,,,13,,,,,B03,,,1,,1,,,84,84,1,12,4,120.696008,24.134907,3
6167,66000,387130000C,(04)23274275,(04)23288582,2025,08,16,20,20,臺中市,西屯區,0,0,0,7,,,50,,,,,,,,,,,,,,12,,,,,B03,,,1,,1,,,20,20,1,13,4,120.659895,24.174405,3
6168,66000,387130000C,(04)23274275,(04)23288582,2025,08,16,20,27,臺中市,沙鹿區,0,1,0,7,1,6,30,3,2,1,5,4,6,6,4,4,3,4,4,1,17,3,10,3,1,B03,7,5,1,8,2,7,,13,13,1,6,4,120.574834,24.228452,2
6169,66000,387130000C,(04)23274275,(04)23288582,2025,08,16,20,30,臺中市,西區,0,0,0,7,,,50,,,,,,,,,,,,,,17,,,,,C03,,,1,,1,,,84,84,1,12,4,120.661503,24.15113,3
6170,66000,387130000C,(04)23274275,(04)23288582,2025,08,16,20,31,臺中市,西屯區,0,1,0,7,1,6,50,13,7,1,5,4,6,6,4,4,5,5,4,2,2,3,10,5,1,B03,7,9,1,8,2,5,,59,59,1,12,4,120.644801,24.175306,2
6171,66000,387130000C,(04)23274275,(04)23288582,2025,08,16,20,32,臺中市,北屯區,0,0,0,7,,,50,,,,,,,,,,,,,,17,,,,,B03,,,1,,1,,,50,50,1,12,4,120.683452,24.172712,3
6172,66000,387130000C,(04)23274275,(04)23288582,2025,08,16,20,37,臺中市,西屯區,0,0,0,7,,,50,,,,,,,,,,,,,,13,,,,,B03,,,1,,1,,,78,78,1,12,4,120.641233,24.168328,3
6173,66000,387130000C,(04)23274275,(04)23288582,2025,08,16,20,37,臺中市,西屯區,0,0,0,7,,,40,,,,,,,,,,,,,,16,,,,,C03,,,2,,1,,,11,11,1,13,4,120.624383,24.178531,4
6174,66000,387130000C,(04)23274275,(04)23288582,2025,08,16,20,40,臺中市,北區,0,0,0,7,,,50,,,,,,,,,,,,,,17,,,,,B03,,,1,,1,,,7,7,1,13,4,120.683911,24.163203,3
6175,66000,387130000C,(04)23274275,(04)23288582,2025,08,16,20,42,臺中市,后里區,0,1,0,7,1,6,50,4,1,1,5,4,6,6,1,1,5,5,5,1,15,3,10,2,1,C03,7,9,1,10,2,12,,21,21,1,12,4,120.710335,24.301118,2
6176,66000,387130000C,(04)23274275,(04)23288582,2025,08,16,20,44,臺中市,太平區,0,0,0,7,1,6,50,,,,,,,,,,,,,,,,,,,C03,,,1,,1,13,,45,45,1,12,4,120.714954,24.159063,3
6177,66000,387130000C,(04)23274275,(04)23288582,2025,08,16,20,47,臺中市,西屯區,0,0,0,7,,,50,,,,,,,,,,,,,,13,,,,,B03,,,1,,2,,,7,7,1,12,4,120.641076,24.167898,3
6178,66000,387130000C,(04)23274275,(04)23288582,2025,08,16,20,51,臺中市,大甲區,0,2,0,7,1,6,40,13,8,1,5,4,6,6,4,4,3,4,4,1,30,2,9,2,1,C03,7,9,1,10,2,13,12,90,90,1,6,4,120.648676,24.377134,2
6179,66000,387130000C,(04)23274275,(04)23288582,2025,08,16,21,3,臺中市,南屯區,0,2,0,7,1,6,30,4,1,1,5,4,6,6,4,4,9,5,5,1,15,2,8,1,1,C03,7,9,1,10,2,12,,15,15,1,12,4,120.645457,24.139593,2
6180,66000,387130000C,(04)23274275,(04)23288582,2025,08,16,21,4,臺中市,豐原區,0,2,0,7,2,6,50,3,2,1,5,4,6,6,4,4,1,3,4,1,16,3,10,3,1,B03,7,11,1,8,2,1,,20,20,1,12,4,120.734454,24.259825,2
6181,66000,387130000C,(04)23274275,(04)23288582,2025,08,16,21,5,臺中市,神岡區,0,0,0,7,,,1,,,,,,,,,,,,,,17,,,,,,,,,,,,,119,119,1,,,120.712105,24.258994,3
6182,66000,387130000C,(04)23274275,(04)23288582,2025,08,16,21,6,臺中市,北區,0,1,0,7,1,6,50,3,9,1,5,4,6,6,4,4,5,4,5,2,18,2,9,5,4,C03,7,12,1,10,2,12,,84,84,1,13,4,120.666529,24.167107,2
6183,66000,387130000C,(04)23274275,(04)23288582,2025,08,16,21,8,臺中市,沙鹿區,0,0,0,7,,,50,,,,,,,,,,,,,,13,,,,,B03,,,1,,2,,,7,7,1,6,4,120.568569,24.208352,3
6184,66000,387130000C,(04)23274275,(04)23288582,2025,08,16,21,14,臺中市,北屯區,0,0,0,7,,,50,,,,,,,,,,,,,,12,,,,,B03,,,1,,2,,,8,8,1,6,4,120.688028,24.181826,3
6185,66000,387130000C,(04)23274275,(04)23288582,2025,08,16,21,14,臺中市,西屯區,0,1,0,7,1,6,40,13,8,1,5,4,6,6,4,4,1,4,1,2,13,3,10,2,1,C03,7,9,1,10,2,11,,7,7,1,5,4,120.655009,24.160089,2
6186,66000,387130000C,(04)23274275,(04)23288582,2025,08,16,21,28,臺中市,東區,0,0,0,7,,,50,,,,,,,,,,,,,,13,,,,,B03,,,1,,1,,,87,87,1,13,4,120.689699,24.1328,3
6187,66000,387130000C,(04)23274275,(04)23288582,2025,08,16,21,30,臺中市,南區,0,0,0,7,,,30,,,,,,,,,,,,,,17,,,,,,,,,,,,,86,86,1,,,120.657358,24.125875,3
6188,66000,387130000C,(04)23274275,(04)23288582,2025,08,16,21,30,臺中市,南屯區,0,1,0,7,1,6,60,13,11,1,5,4,6,6,4,4,3,2,3,2,18,2,9,1,1,C03,7,9,3,19,2,11,,59,59,1,6,4,120.598422,24.155204,2
6189,66000,387130000C,(04)23274275,(04)23288582,2025,08,16,21,32,臺中市,烏日區,0,0,0,7,,,60,,,,,,,,,,,,,,28,,,,,B03,,,1,,2,,,59,59,1,13,4,120.649904,24.107312,3
6190,66000,387130000C,(04)23274275,(04)23288582,2025,08,16,21,36,臺中市,龍井區,0,0,0,7,1,6,50,3,2,1,5,4,6,6,4,4,,5,5,2,14,,,,,B03,,,1,,2,,,49,49,1,6,4,120.586336,24.179272,3
6191,66000,387130000C,(04)23274275,(04)23288582,2025,08,16,21,45,臺中市,西區,0,0,0,7,,,,,,,,,,,,,,,,,,,,,,,,,,,,,,119,119,1,,,120.662361,24.156408,3
6192,66000,387130000C,(04)23274275,(04)23288582,2025,08,16,21,47,臺中市,西區,0,2,0,7,1,6,40,5,1,1,5,4,6,6,1,1,10,5,5,2,16,2,9,2,1,C03,7,6,1,10,2,14,,48,48,1,12,4,120.668775,24.13206,2
6193,66000,387130000C,(04)23274275,(04)23288582,2025,08,16,21,47,臺中市,大里區,0,0,0,7,,,50,,,,,,,,,,,,,,17,,,,,C03,,,1,,2,,,7,7,1,12,4,120.687725,24.094825,3
6194,66000,387130000C,(04)23274275,(04)23288582,2025,08,16,21,48,臺中市,西屯區,0,1,0,7,1,6,50,5,1,1,5,4,6,6,1,1,10,5,5,2,17,3,10,3,1,B03,7,5,1,10,2,16,,47,47,1,12,4,120.646102,24.1718,2
6195,66000,387130000C,(04)23274275,(04)23288582,2025,08,16,21,49,臺中市,太平區,0,0,0,7,,,40,,,,,,,,,,,,,,17,,,,,B03,,,1,,1,,,84,84,1,6,4,120.726566,24.146019,3
6196,66000,387130000C,(04)23274275,(04)23288582,2025,08,16,21,55,臺中市,北區,0,0,0,7,,,50,,,,,,,,,,,,,,17,,,,,C03,,,1,,1,,,7,7,1,13,4,120.683349,24.148261,3
6197,66000,387130000C,(04)23274275,(04)23288582,2025,08,16,22,1,臺中市,后里區,0,2,0,7,1,6,40,3,2,1,5,4,6,6,4,4,4,5,4,1,17,3,10,2,1,C03,7,6,1,10,2,14,,48,48,1,12,4,120.716391,24.309888,2
6198,66000,387130000C,(04)23274275,(04)23288582,2025,08,16,22,19,臺中市,南屯區,0,1,0,7,1,6,40,13,9,1,5,4,6,6,4,4,9,3,5,1,17,2,8,1,1,C03,7,9,1,10,2,11,,41,41,1,12,2,120.641269,24.14383,2
6199,66000,387130000C,(04)23274275,(04)23288582,2025,08,16,22,20,臺中市,太平區,0,0,0,7,1,6,40,,,,,,,,,,,,,,,,,,,B03,,,5,,2,6,,8,8,1,12,4,120.714774,24.1221,3
6200,66000,387130000C,(04)23274275,(04)23288582,2025,08,16,22,24,臺中市,南區,0,2,0,7,1,6,50,13,9,1,5,4,6,6,4,4,1,4,5,2,18,2,9,2,1,C03,7,9,1,10,2,15,,84,84,1,12,4,120.679385,24.121652,2
6201,66000,387130000C,(04)23274275,(04)23288582,2025,08,16,22,34,臺中市,龍井區,0,0,0,7,,,60,,,,,,,,,,,,,,13,,,,,B03,,,1,,2,,,55,55,1,12,4,120.577093,24.17724,3
6202,66000,387130000C,(04)23274275,(04)23288582,2025,08,16,22,47,臺中市,西屯區,0,0,0,7,,,40,,,,,,,,,,,,,,12,,,,,C03,,,1,,1,,,85,85,1,12,4,120.653374,24.160768,3
6203,66000,387130000C,(04)23274275,(04)23288582,2025,08,16,22,50,臺中市,龍井區,1,0,0,7,3,6,70,4,1,1,5,4,6,6,2,1,10,5,5,2,16,3,10,3,1,B03,7,1,1,8,2,8,,51,51,1,6,4,120.544543,24.186315,1
6204,66000,387130000C,(04)23274275,(04)23288582,2025,08,16,22,53,臺中市,北區,0,0,0,7,,,50,,,,,,,,,,,,,,12,,,,,C03,,,3,,2,,,59,59,1,12,4,120.671377,24.173112,3
6205,66000,387130000C,(04)23274275,(04)23288582,2025,08,16,23,6,臺中市,南屯區,0,1,0,7,1,6,0,18,21,1,5,4,6,6,4,4,10,5,5,2,17,2,9,4,1,F01,7,9,7,21,2,16,,43,43,1,4,4,120.646789,24.146405,2
6206,66000,387130000C,(04)23274275,(04)23288582,2025,08,16,23,15,臺中市,南屯區,0,1,0,7,1,6,50,4,1,1,5,4,6,6,2,1,8,3,5,1,17,2,9,1,1,C03,7,5,1,10,2,12,,84,84,1,12,4,120.633946,24.146191,2
6207,66000,387130000C,(04)23274275,(04)23288582,2025,08,16,23,23,臺中市,大里區,0,2,0,7,1,6,50,4,2,1,5,4,6,6,1,1,10,5,5,1,16,2,9,4,1,F01,7,6,7,21,2,13,,48,48,1,4,4,120.688808,24.119805,2
6208,66000,387130000C,(04)23274275,(04)23288582,2025,08,16,23,34,臺中市,清水區,0,0,0,7,1,6,50,13,9,1,5,4,6,6,4,4,8,4,5,2,12,,,,,B03,,,1,,1,,,84,84,1,12,4,120.569349,24.271598,3
6209,66000,387130000C,(04)23274275,(04)23288582,2025,08,16,23,35,臺中市,南區,0,0,0,7,,,50,,,,,,,,,,,,,,,,,,,,,,,,,,,119,119,1,,,120.665198,24.115187,3
6210,66000,387130000C,(04)23274275,(04)23288582,2025,08,16,23,43,臺中市,西屯區,0,1,0,7,1,6,70,13,7,1,5,4,6,6,4,4,1,4,1,2,13,3,10,3,1,B03,7,9,5,19,2,1,,7,7,1,12,4,120.617249,24.182216,2
6211,66000,387130000C,(04)23274275,(04)23288582,2025,08,16,23,55,臺中市,東區,0,0,0,7,,,50,,,,,,,,,,,,,,11,,,,,B01,,,1,,2,,,8,8,1,12,4,120.68963,24.144361,3
6212,66000,387130000C,(04)23274275,(04)23288582,2025,08,17,0,4,臺中市,大里區,0,0,0,7,,,50,,,,,,,,,,,,,,,,,,,B03,,,1,,1,,,84,84,1,12,4,120.688114,24.094825,4
6213,66000,387130000C,(04)23274275,(04)23288582,2025,08,17,0,9,臺中市,太平區,0,1,0,7,1,6,50,13,9,1,5,4,6,6,4,4,9,4,5,2,17,2,9,2,4,C03,7,9,1,10,2,11,14,58,58,1,12,2,120.725365,24.15124,2
6214,66000,387130000C,(04)23274275,(04)23288582,2025,08,17,0,30,臺中市,東區,0,0,0,7,,,30,,,,,,,,,,,,,,17,,,,,B03,,,1,,9,,,49,49,1,6,4,120.700553,24.126222,3
6215,66000,387130000C,(04)23274275,(04)23288582,2025,08,17,0,35,臺中市,北屯區,0,1,0,7,1,6,50,3,1,1,5,4,6,6,4,4,10,5,5,2,16,2,9,1,1,C03,7,6,1,10,2,12,,39,39,1,5,4,120.722507,24.173399,2
6216,66000,387130000C,(04)23274275,(04)23288582,2025,08,17,0,41,臺中市,西屯區,0,1,0,7,1,6,50,3,4,1,5,4,6,6,1,1,5,5,5,2,13,3,10,3,1,B03,7,9,1,8,2,1,,59,59,1,12,4,120.661267,24.198314,2
6217,66000,387130000C,(04)23274275,(04)23288582,2025,08,17,0,42,臺中市,西區,0,0,0,7,,,30,,,,,,,,,,,,,,,,,,,B03,,,1,,1,,,84,84,1,12,4,120.662491,24.133356,3
6218,66000,387130000C,(04)23274275,(04)23288582,2025,08,17,0,44,臺中市,龍井區,0,0,0,7,,,50,,,,,,,,,,,,,,13,,,,,C03,,,1,,2,,,7,7,1,5,4,120.590691,24.181037,3
6219,66000,387130000C,(04)23274275,(04)23288582,2025,08,17,0,50,臺中市,北區,0,1,0,7,1,6,50,4,1,1,5,4,6,6,1,1,10,5,5,2,13,2,9,1,1,C03,7,9,1,10,2,11,,58,58,1,12,4,120.678279,24.14853,2
6220,66000,387130000C,(04)23274275,(04)23288582,2025,08,17,1,1,臺中市,西區,0,0,0,7,,,40,,,,,,,,,,,,,,17,,,,,C03,,,1,,9,,,84,84,1,12,4,120.67253,24.131787,3
6221,66000,387130000C,(04)23274275,(04)23288582,2025,08,17,1,5,臺中市,北屯區,0,0,0,7,,,50,,,,,,,,,,,,,,12,,,,,B03,,,1,,3,,,59,59,1,12,4,120.676153,24.198174,3
6222,66000,387130000C,(04)23274275,(04)23288582,2025,08,17,1,21,臺中市,北區,0,0,0,7,,,50,,,,,,,,,,,,,,13,,,,,B03,,,1,,2,,,7,7,1,12,4,120.677,24.151416,3
6223,66000,387130000C,(04)23274275,(04)23288582,2025,08,17,1,37,臺中市,北區,0,2,0,7,1,6,50,3,1,1,5,4,6,6,1,1,10,5,5,2,13,2,9,1,1,C03,7,9,1,10,2,11,,58,58,1,4,4,120.670542,24.166864,2
6224,66000,387130000C,(04)23274275,(04)23288582,2025,08,17,1,45,臺中市,西屯區,0,1,0,7,1,6,50,4,1,1,5,4,6,6,3,1,10,5,5,2,16,3,10,3,1,B01,7,6,1,4,2,2,,11,11,1,12,4,120.64036,24.16427,2
6225,66000,387130000C,(04)23274275,(04)23288582,2025,08,17,1,54,臺中市,沙鹿區,0,0,0,7,,,30,,,,,,,,,,,,,,16,,,,,C03,,,1,,2,,,85,85,1,6,4,120.574258,24.258958,4
6226,66000,387130000C,(04)23274275,(04)23288582,2025,08,17,2,20,臺中市,中區,0,0,0,7,,,50,,,,,,,,,,,,,,,,,,,B02,,,1,,2,,,8,8,1,12,4,120.683504,24.138422,3
6227,66000,387130000C,(04)23274275,(04)23288582,2025,08,17,2,43,臺中市,南區,0,0,0,7,,,50,,,,,,,,,,,,,,,,,,,B03,,,1,,1,,,7,7,1,12,4,120.665713,24.113921,3
6228,66000,387130000C,(04)23274275,(04)23288582,2025,08,17,3,3,臺中市,北屯區,0,0,0,7,,,50,,,,,,,,,,,,,,12,,,,,A11,,,1,,2,,,40,40,1,12,4,120.667783,24.179436,3
6229,66000,387130000C,(04)23274275,(04)23288582,2025,08,17,3,4,臺中市,沙鹿區,0,0,0,7,,,30,,,,,,,,,,,,,,17,,,,,B03,,,1,,1,,,85,85,1,6,4,120.559228,24.235036,4
6230,66000,387130000C,(04)23274275,(04)23288582,2025,08,17,3,10,臺中市,清水區,0,2,0,7,1,6,50,13,9,1,5,4,6,6,4,4,9,3,5,2,13,2,9,1,1,C03,7,9,1,10,2,11,,7,7,1,12,4,120.549317,24.308075,2
6231,66000,387130000C,(04)23274275,(04)23288582,2025,08,17,3,14,臺中市,北屯區,0,2,0,7,1,6,50,13,9,1,2,4,6,6,4,4,1,4,5,2,17,3,10,3,1,A12,7,9,1,7,2,16,,68,68,1,12,4,120.67264,24.174111,2
6232,66000,387130000C,(04)23274275,(04)23288582,2025,08,17,3,50,臺中市,中區,0,0,0,7,,,50,,,,,,,,,,,,,,,,,,,B03,,,1,,2,,,84,84,1,12,4,120.68357,24.139106,3
6233,66000,387130000C,(04)23274275,(04)23288582,2025,08,17,3,57,臺中市,北屯區,0,2,0,7,1,6,50,4,1,1,5,4,6,6,2,1,10,5,5,2,16,2,9,1,1,C03,7,5,1,10,2,12,,11,11,1,12,4,120.707809,24.182145,2
6234,66000,387130000C,(04)23274275,(04)23288582,2025,08,17,4,56,臺中市,豐原區,0,2,0,7,2,6,50,4,1,1,5,4,6,6,2,1,10,5,5,1,3,2,9,6,5,H01,8,16,7,21,10,17,,95,95,1,13,5,120.726977,24.238458,2
6235,66000,387130000C,(04)23274275,(04)23288582,2025,08,17,6,10,臺中市,西屯區,0,1,0,7,2,6,40,4,1,1,5,4,6,6,2,1,1,4,1,2,15,2,9,1,1,C03,7,9,1,10,2,11,,21,21,1,12,4,120.633761,24.161688,2
6236,66000,387130000C,(04)23274275,(04)23288582,2025,08,17,6,11,臺中市,清水區,0,2,0,7,1,6,50,4,1,1,5,4,6,6,1,1,8,3,4,2,1,2,9,6,5,H01,8,16,7,21,10,17,,96,96,1,12,5,120.575374,24.268685,2
6237,66000,387130000C,(04)23274275,(04)23288582,2025,08,17,6,44,臺中市,豐原區,0,1,0,7,2,6,50,4,1,1,5,4,6,6,1,1,5,5,4,2,15,3,10,1,1,C03,7,9,1,10,2,12,,21,21,1,12,4,120.718748,24.253417,2
6238,66000,387130000C,(04)23274275,(04)23288582,2025,08,17,6,46,臺中市,太平區,0,1,0,7,3,6,50,13,9,1,5,4,6,6,4,4,5,5,4,2,28,2,9,2,1,C03,7,9,1,8,2,14,,84,84,1,12,4,120.738429,24.157105,2
6239,66000,387130000C,(04)23274275,(04)23288582,2025,08,17,7,10,臺中市,豐原區,0,1,0,7,2,6,30,4,1,1,5,4,6,6,2,1,5,4,5,2,17,2,9,1,4,C03,7,9,1,10,2,11,,21,21,1,12,4,120.720855,24.228943,2
6240,66000,387130000C,(04)23274275,(04)23288582,2025,08,17,7,20,臺中市,和平區,0,0,0,7,,,30,,,,,,,,,,,,,,1,,,,,C03,,,1,,2,,,41,41,1,13,4,121.313491,24.338519,3
6241,66000,387130000C,(04)23274275,(04)23288582,2025,08,17,7,29,臺中市,沙鹿區,0,1,0,7,2,6,50,4,1,1,5,4,6,6,4,4,10,5,5,2,15,3,10,3,1,B03,7,9,1,8,2,8,,12,12,1,12,4,120.568746,24.25281,2
6242,66000,387130000C,(04)23274275,(04)23288582,2025,08,17,7,32,臺中市,北屯區,0,1,0,7,2,6,50,13,9,1,5,4,6,6,4,4,9,5,5,2,18,2,9,1,1,F01,7,9,7,21,2,15,,82,82,1,12,1,120.769914,24.171394,2
6243,66000,387130000C,(04)23274275,(04)23288582,2025,08,17,7,32,臺中市,梧棲區,0,1,0,7,3,6,30,3,2,1,5,4,6,6,4,4,10,5,5,2,11,3,10,1,1,C03,7,5,1,10,2,11,,85,85,1,6,4,120.527398,24.254725,2
6244,66000,387130000C,(04)23274275,(04)23288582,2025,08,17,7,34,臺中市,西屯區,0,1,0,7,2,6,50,4,19,1,5,4,6,6,2,1,10,4,4,2,3,3,10,5,4,B03,7,6,1,8,2,1,,10,10,1,6,4,120.609952,24.185993,2
6245,66000,387130000C,(04)23274275,(04)23288582,2025,08,17,7,35,臺中市,龍井區,0,1,0,7,3,6,50,4,1,1,5,4,6,6,4,4,10,5,5,2,16,3,10,3,1,B03,7,6,1,3,1,1,,20,20,1,6,4,120.546774,24.196617,2
6246,66000,387130000C,(04)23274275,(04)23288582,2025,08,17,7,40,臺中市,沙鹿區,0,2,0,7,2,6,50,4,9,1,5,4,6,6,4,4,4,4,5,2,15,2,9,2,1,C03,7,9,1,10,2,11,,12,12,1,12,4,120.572422,24.211394,2
6247,66000,387130000C,(04)23274275,(04)23288582,2025,08,17,7,54,臺中市,北屯區,0,1,0,7,2,6,50,4,1,1,5,4,6,6,2,1,10,5,5,2,15,3,10,3,1,B03,7,9,1,8,2,2,,85,85,1,6,4,120.719611,24.180137,2
6248,66000,387130000C,(04)23274275,(04)23288582,2025,08,17,8,0,臺中市,北區,0,2,0,7,2,6,50,4,2,1,5,4,6,6,2,1,10,5,5,2,3,2,9,6,5,H01,8,16,7,21,10,17,,95,95,1,13,5,120.66471,24.161402,2
6249,66000,387130000C,(04)23274275,(04)23288582,2025,08,17,8,0,臺中市,烏日區,0,1,0,7,2,6,40,4,1,1,5,4,6,6,1,1,1,4,4,2,13,3,10,1,1,C03,7,9,1,10,2,11,,7,7,1,6,4,120.599642,24.110249,2
6250,66000,387130000C,(04)23274275,(04)23288582,2025,08,17,8,5,臺中市,北屯區,0,0,0,7,,,50,,,,,,,,,,,,,,13,,,,,B03,,,1,,1,,,59,59,1,12,4,120.665781,24.182774,3
6251,66000,387130000C,(04)23274275,(04)23288582,2025,08,17,8,15,臺中市,大雅區,0,1,0,7,3,6,50,3,2,1,5,4,6,6,1,1,1,5,5,1,17,3,10,5,4,B03,7,5,1,8,2,5,,20,20,1,12,4,120.648913,24.218033,2
6252,66000,387130000C,(04)23274275,(04)23288582,2025,08,17,8,35,臺中市,南屯區,0,1,0,7,3,6,50,4,1,1,5,4,6,6,4,4,10,5,5,2,16,3,10,3,1,B03,7,6,1,8,2,4,,48,48,1,12,4,120.637471,24.140362,2
6253,66000,387130000C,(04)23274275,(04)23288582,2025,08,17,8,38,臺中市,西區,0,0,0,7,,,50,,,,,,,,,,,,,,,,,,,B03,,,1,,1,,,84,84,1,12,4,120.675763,24.138754,3
6254,66000,387130000C,(04)23274275,(04)23288582,2025,08,17,8,45,臺中市,豐原區,0,0,0,7,,,50,,,,,,,,,,,,,,12,,,,,B03,,,1,,2,,,8,8,1,12,4,120.718883,24.24804,4
6255,66000,387130000C,(04)23274275,(04)23288582,2025,08,17,8,48,臺中市,東區,0,0,0,7,,,30,,,,,,,,,,,,,,17,,,,,B03,,,1,,1,,,50,50,1,6,4,120.706605,24.14669,3
6256,66000,387130000C,(04)23274275,(04)23288582,2025,08,17,8,57,臺中市,潭子區,0,2,0,7,2,6,50,3,1,1,5,4,6,6,4,4,10,5,5,2,16,2,9,1,1,C03,7,6,1,10,3,14,,48,48,1,13,4,120.678039,24.214741,2
6257,66000,387130000C,(04)23274275,(04)23288582,2025,08,17,9,3,臺中市,西屯區,0,1,0,7,2,6,50,13,9,1,5,4,6,6,4,4,10,5,5,2,20,2,9,5,4,B03,7,9,1,8,6,1,,59,59,1,13,4,120.620455,24.19781,2
6258,66000,387130000C,(04)23274275,(04)23288582,2025,08,17,9,4,臺中市,南區,0,0,0,7,,,50,,,,,,,,,,,,,,,,,,,B01,,,1,,1,,,7,7,1,13,4,120.6685,24.129403,3
6259,66000,387130000C,(04)23274275,(04)23288582,2025,08,17,9,11,臺中市,沙鹿區,0,0,0,7,,,60,,,,,,,,,,,,,,,,,,,B03,,,1,,2,,,40,40,1,13,4,120.573297,24.230929,3
6260,66000,387130000C,(04)23274275,(04)23288582,2025,08,17,9,12,臺中市,外埔區,0,1,0,7,2,6,40,11,9,1,5,4,6,6,4,4,10,5,5,1,11,3,10,3,1,B03,7,9,1,8,2,4,,41,41,1,12,4,120.646692,24.354093,2
6261,66000,387130000C,(04)23274275,(04)23288582,2025,08,17,9,17,臺中市,新社區,0,1,0,7,2,6,50,4,1,1,5,4,6,6,4,4,10,5,5,2,13,2,9,1,1,C03,7,9,1,10,2,11,,84,84,1,12,4,120.808318,24.24424,2
6262,66000,387130000C,(04)23274275,(04)23288582,2025,08,17,9,20,臺中市,西屯區,0,2,0,7,2,6,50,3,3,1,5,4,6,6,2,1,1,4,5,2,12,2,7,5,4,C03,7,9,1,10,2,12,,59,59,1,12,4,120.658904,24.17134,2
6263,66000,387130000C,(04)23274275,(04)23288582,2025,08,17,9,24,臺中市,外埔區,0,2,0,7,2,6,50,3,1,1,5,4,6,6,4,4,4,4,4,1,16,3,10,3,1,B03,7,6,1,8,2,2,,14,14,1,12,4,120.63794,24.342317,2
6264,66000,387130000C,(04)23274275,(04)23288582,2025,08,17,9,29,臺中市,大里區,0,1,0,7,3,6,50,13,7,1,5,4,6,6,4,4,5,4,4,1,16,2,9,5,4,C03,7,9,1,10,2,11,,20,20,1,13,4,120.688055,24.11039,2
6265,66000,387130000C,(04)23274275,(04)23288582,2025,08,17,9,29,臺中市,外埔區,0,1,0,7,2,6,50,5,2,1,5,4,6,6,4,4,1,2,4,2,12,2,9,1,1,C03,7,8,3,19,2,14,,40,40,1,12,4,120.639916,24.340923,2
6266,66000,387130000C,(04)23274275,(04)23288582,2025,08,17,9,30,臺中市,潭子區,0,0,0,7,,,40,,,,,,,,,,,,,,13,,,,,B03,,,1,,2,,,84,84,1,12,4,120.718981,24.229072,3
6267,66000,387130000C,(04)23274275,(04)23288582,2025,08,17,9,30,臺中市,霧峰區,0,0,0,7,,,50,,,,,,,,,,,,,,13,,,,,B03,,,1,,2,,,56,56,1,13,4,120.662584,24.059859,3
6268,66000,387130000C,(04)23274275,(04)23288582,2025,08,17,9,37,臺中市,龍井區,0,1,0,7,3,6,50,13,9,1,5,4,6,6,4,4,7,4,5,1,12,2,9,1,1,C03,7,1,5,19,2,14,,20,20,1,12,4,120.530786,24.180047,2
6269,66000,387130000C,(04)23274275,(04)23288582,2025,08,17,9,40,臺中市,太平區,0,0,0,7,,,30,,,,,,,,,,,,,,,,,,,B03,,,1,,2,,,49,49,1,12,4,120.708977,24.15028,3
6270,66000,387130000C,(04)23274275,(04)23288582,2025,08,17,9,43,臺中市,南屯區,0,0,0,7,,,50,,,,,,,,,,,,,,,,,,,B03,,,1,,9,,,59,59,1,6,4,120.639036,24.140079,3
6271,66000,387130000C,(04)23274275,(04)23288582,2025,08,17,9,45,臺中市,潭子區,0,1,0,7,2,6,50,13,14,1,5,4,6,6,4,4,5,5,4,2,17,2,9,1,1,C03,7,9,1,10,2,11,,84,84,1,13,4,120.692298,24.22111,2
6272,66000,387130000C,(04)23274275,(04)23288582,2025,08,17,9,45,臺中市,沙鹿區,0,0,0,7,,,50,,,,,,,,,,,,,,14,,,,,B03,,,1,,1,,,49,49,1,12,4,120.560521,24.243766,4
6273,66000,387130000C,(04)23274275,(04)23288582,2025,08,17,9,47,臺中市,太平區,0,1,0,7,2,6,50,4,1,1,5,4,6,6,2,1,10,5,5,2,15,3,10,1,1,C03,7,9,1,10,2,12,,84,84,1,12,2,120.710124,24.134772,2