﻿序號,縣市別代碼,機關代碼,市話,傳真,年,月,日,時,分,縣市,區,死亡數量,受傷數量,2-30,天候,道路照明設備,道路類別,道路速限,道路型態,事故位置,路面鋪裝,路面狀態,路面缺陷,障礙物,視距,號誌種類,號誌動作,分向設施,快車道或一般車道間,快慢車道間,路面邊線,事故類型及型態,受傷程度,主要傷處,保護裝備,行動電話或功能裝置,當事者區分_類別,車輛用途,當事者行動狀態,駕照狀態,駕照種類,飲酒情形,車輛撞擊部位最初,車輛撞擊部位其他,肇事因素個別,肇事因素主要,肇事逃逸,職業,共享經濟或外送平台,GPS座標X,GPS座標Y,事故類別
6274,66000,387130000C,(04)23274275,(04)23288582,2025,08,17,9,57,臺中市,南區,0,2,0,7,1,6,50,13,7,1,5,4,6,6,4,4,1,4,4,2,13,2,9,5,4,C03,7,9,1,10,2,11,,7,7,1,13,4,120.651989,24.119015,2
6275,66000,387130000C,(04)23274275,(04)23288582,2025,08,17,9,57,臺中市,豐原區,0,1,0,7,2,6,50,4,1,1,5,4,6,6,4,4,5,4,4,2,17,3,10,5,4,B03,7,1,1,8,2,1,,39,39,1,12,4,120.705603,24.253411,2
6276,66000,387130000C,(04)23274275,(04)23288582,2025,08,17,10,1,臺中市,烏日區,0,1,0,7,2,6,30,3,2,1,5,4,6,6,4,4,10,5,4,1,14,3,10,5,4,B02,7,2,1,4,2,6,,49,49,1,12,4,120.611732,24.11713,2
6277,66000,387130000C,(04)23274275,(04)23288582,2025,08,17,10,10,臺中市,北屯區,0,2,0,7,3,6,50,4,1,1,5,4,6,6,1,1,1,5,5,2,13,2,9,2,1,C03,7,9,1,10,1,11,,7,7,1,6,4,120.715149,24.164191,2
6278,66000,387130000C,(04)23274275,(04)23288582,2025,08,17,10,10,臺中市,烏日區,0,0,0,7,,,50,,,,,,,,,,,,,,9,,,,,F03,,,7,,2,,,51,51,1,6,4,120.638579,24.106502,3
6279,66000,387130000C,(04)23274275,(04)23288582,2025,08,17,10,10,臺中市,沙鹿區,0,2,0,7,2,6,30,13,9,1,5,4,6,6,4,4,10,5,5,2,11,2,9,1,1,C03,7,9,1,10,2,14,,8,8,1,5,4,120.597706,24.220908,2
6280,66000,387130000C,(04)23274275,(04)23288582,2025,08,17,10,11,臺中市,潭子區,0,2,0,7,2,6,60,13,8,1,5,4,6,6,4,4,1,4,4,1,12,2,9,2,1,C03,7,4,3,19,2,12,,8,8,1,12,4,120.702632,24.188884,2
6281,66000,387130000C,(04)23274275,(04)23288582,2025,08,17,10,20,臺中市,清水區,0,1,0,7,3,6,30,3,2,1,5,4,6,6,4,4,10,5,5,2,18,2,9,2,1,C03,7,5,1,10,2,12,,84,84,1,12,4,120.595052,24.268612,2
6282,66000,387130000C,(04)23274275,(04)23288582,2025,08,17,10,22,臺中市,大里區,0,1,0,7,2,6,50,4,1,1,5,4,6,6,2,1,5,5,4,1,15,3,10,3,1,B03,7,9,1,8,2,1,,21,21,1,6,4,120.676194,24.101691,2
6283,66000,387130000C,(04)23274275,(04)23288582,2025,08,17,10,25,臺中市,大甲區,0,0,0,7,,,40,,,,,,,,,,,,,,,,,,,B03,,,1,,1,,,51,51,2,12,4,120.627259,24.345823,3
6284,66000,387130000C,(04)23274275,(04)23288582,2025,08,17,10,30,臺中市,龍井區,0,0,0,7,,,70,,,,,,,,,,,,,,,,,,,B03,,,1,,2,,,7,7,1,12,4,120.536555,24.193983,3
6285,66000,387130000C,(04)23274275,(04)23288582,2025,08,17,10,36,臺中市,西區,0,0,0,7,,,0,,,,,,,,,,,,,,,,,,,C03,,,1,,1,,,78,78,1,12,4,120.658711,24.145306,3
6286,66000,387130000C,(04)23274275,(04)23288582,2025,08,17,10,40,臺中市,神岡區,0,1,0,7,2,6,15,13,13,1,5,4,6,6,4,4,9,5,5,2,18,2,9,5,1,F01,7,4,7,21,2,11,,84,84,1,6,4,120.645729,24.254886,2
6287,66000,387130000C,(04)23274275,(04)23288582,2025,08,17,10,41,臺中市,東區,0,1,0,7,3,6,50,4,1,1,5,4,5,5,4,4,5,4,4,2,17,3,10,3,1,B03,7,6,1,8,2,2,,14,14,1,13,4,120.699198,24.138891,2
6288,66000,387130000C,(04)23274275,(04)23288582,2025,08,17,10,52,臺中市,西屯區,0,1,0,7,2,6,50,13,9,1,5,4,6,6,2,1,5,4,5,2,13,3,10,5,4,B03,7,9,1,8,2,1,,59,59,1,12,4,120.604861,24.187762,2
6289,66000,387130000C,(04)23274275,(04)23288582,2025,08,17,10,53,臺中市,西屯區,0,1,0,7,2,6,40,13,8,1,5,4,6,6,4,4,1,4,1,2,16,3,10,5,4,B03,7,8,1,8,1,8,,40,40,1,13,4,120.641048,24.167041,2
6290,66000,387130000C,(04)23274275,(04)23288582,2025,08,17,10,54,臺中市,北區,0,1,0,7,2,6,40,13,8,1,5,4,6,6,4,4,3,4,4,2,17,3,10,3,1,B03,7,7,1,8,2,5,,40,40,1,12,4,120.672339,24.170855,2
6291,66000,387130000C,(04)23274275,(04)23288582,2025,08,17,10,54,臺中市,北屯區,0,1,0,7,2,6,50,4,1,1,5,4,6,6,1,1,10,5,5,2,17,3,10,3,1,B03,7,5,5,19,11,6,,47,47,1,12,4,120.678356,24.184126,2
6292,66000,387130000C,(04)23274275,(04)23288582,2025,08,17,10,55,臺中市,南區,0,1,0,7,2,6,50,5,1,1,5,4,6,6,1,1,10,5,5,2,17,3,10,2,1,C03,7,7,1,10,2,12,,40,40,1,5,4,120.663379,24.125384,2
6293,66000,387130000C,(04)23274275,(04)23288582,2025,08,17,10,58,臺中市,南屯區,0,0,0,7,,,50,,,,,,,,,,,,,,,,,,,C03,,,1,,1,,,7,7,1,13,4,120.642273,24.138522,3
6294,66000,387130000C,(04)23274275,(04)23288582,2025,08,17,10,59,臺中市,大里區,0,2,0,7,2,6,50,13,8,1,5,4,6,6,4,4,1,4,1,1,13,2,9,1,1,C03,7,9,1,10,2,11,,84,84,1,12,4,120.664137,24.079764,2
6295,66000,387130000C,(04)23274275,(04)23288582,2025,08,17,11,9,臺中市,東區,0,0,0,7,,,50,,,,,,,,,,,,,,,,,,,B03,,,1,,1,,,59,59,1,13,4,120.706049,24.144484,3
6296,66000,387130000C,(04)23274275,(04)23288582,2025,08,17,11,11,臺中市,北屯區,0,0,0,7,,,30,,,,,,,,,,,,,,,,,,,B03,,,1,,2,,,8,8,1,6,4,120.669433,24.178616,3
6297,66000,387130000C,(04)23274275,(04)23288582,2025,08,17,11,16,臺中市,梧棲區,0,0,0,7,,,50,,,,,,,,,,,,,,14,,,,,B12,,,1,,2,,,84,84,1,6,4,120.537591,24.245252,3
6298,66000,387130000C,(04)23274275,(04)23288582,2025,08,17,11,21,臺中市,西屯區,0,2,0,7,1,6,30,4,1,1,5,4,6,6,4,4,10,5,5,2,15,2,9,1,1,C03,7,9,1,10,2,14,,12,12,1,12,4,120.644169,24.180403,2
6299,66000,387130000C,(04)23274275,(04)23288582,2025,08,17,11,22,臺中市,西區,0,0,0,7,,,50,,,,,,,,,,,,,,,,,,,C02,,,1,9,1,,,85,85,1,13,4,120.657262,24.140026,3
6300,66000,387130000C,(04)23274275,(04)23288582,2025,08,17,11,23,臺中市,北屯區,0,0,0,7,,,50,,,,,,,,,,,,,,17,,,,,B03,,,1,,1,,,50,50,1,12,4,120.703555,24.169441,3
6301,66000,387130000C,(04)23274275,(04)23288582,2025,08,17,11,29,臺中市,北屯區,0,0,0,7,,,50,,,,,,,,,,,,,,13,,,,,C03,,,1,,2,,,7,7,1,12,4,120.71896,24.174885,4
6302,66000,387130000C,(04)23274275,(04)23288582,2025,08,17,11,30,臺中市,南區,0,0,0,7,,,50,,,,,,,,,,,,,,,,,,,B03,,,1,,2,,,8,8,1,13,4,120.653463,24.122717,3
6303,66000,387130000C,(04)23274275,(04)23288582,2025,08,17,11,30,臺中市,北屯區,0,0,0,7,,,50,,,,,,,,,,,,,,9,,,,,B03,,,1,,1,,,51,51,1,6,4,120.722731,24.167264,3
6304,66000,387130000C,(04)23274275,(04)23288582,2025,08,17,11,33,臺中市,北區,0,0,0,7,,,50,,,,,,,,,,,,,,13,,,,,B03,,,1,,2,,,7,7,1,12,4,120.668905,24.154844,3
6305,66000,387130000C,(04)23274275,(04)23288582,2025,08,17,11,35,臺中市,沙鹿區,0,1,0,7,2,6,50,5,9,1,5,4,6,6,1,1,1,3,4,2,15,3,10,3,1,B03,7,9,5,19,2,1,,21,21,1,12,4,120.553024,24.217214,2
6306,66000,387130000C,(04)23274275,(04)23288582,2025,08,17,11,45,臺中市,清水區,0,1,0,7,3,6,50,5,1,1,5,4,6,6,1,1,1,4,5,1,12,2,9,2,1,C03,7,8,1,10,2,12,,7,7,1,12,4,120.572297,24.263818,2
6307,66000,387130000C,(04)23274275,(04)23288582,2025,08,17,11,48,臺中市,大里區,0,3,0,7,3,6,50,4,1,1,5,4,6,6,1,1,5,4,5,1,16,2,9,5,4,C03,7,5,1,10,2,11,,20,20,1,13,4,120.700992,24.102708,2
6308,66000,387130000C,(04)23274275,(04)23288582,2025,08,17,11,50,臺中市,烏日區,0,0,0,7,,,50,,,,,,,,,,,,,,,,,,,C03,,,1,,1,,,49,49,1,13,4,120.63867,24.104765,3
6309,66000,387130000C,(04)23274275,(04)23288582,2025,08,17,11,57,臺中市,北屯區,0,0,0,7,,,50,,,,,,,,,,,,,,13,,,,,B03,,,1,,1,,,59,59,1,12,4,120.699599,24.1648,3
6310,66000,387130000C,(04)23274275,(04)23288582,2025,08,17,11,57,臺中市,神岡區,0,0,0,7,,,50,,,,,,,,,,,,,,14,,,,,B03,,,1,,2,,,49,49,1,12,4,120.68386,24.246802,4
6311,66000,387130000C,(04)23274275,(04)23288582,2025,08,17,12,0,臺中市,大里區,0,0,0,7,,,50,,,,,,,,,,,,,,12,,,,,B03,,,1,,2,,,8,8,1,6,4,120.6782,24.109477,3
6312,66000,387130000C,(04)23274275,(04)23288582,2025,08,17,12,1,臺中市,南屯區,0,0,0,7,,,50,,,,,,,,,,,,,,14,,,,,B03,,,1,,2,,,49,49,1,13,4,120.651659,24.134328,3
6313,66000,387130000C,(04)23274275,(04)23288582,2025,08,17,12,4,臺中市,沙鹿區,0,1,0,7,2,6,30,4,1,1,5,4,6,6,4,4,10,5,5,2,15,2,9,1,1,C03,7,9,1,10,2,12,,12,12,1,12,4,120.569522,24.230333,2
6314,66000,387130000C,(04)23274275,(04)23288582,2025,08,17,12,7,臺中市,中區,0,0,0,7,3,6,50,13,2,1,5,4,6,6,4,4,5,2,5,2,13,3,10,3,1,B03,7,9,3,19,2,5,,84,84,1,6,4,120.683607,24.141328,3
6315,66000,387130000C,(04)23274275,(04)23288582,2025,08,17,12,7,臺中市,西屯區,0,0,0,7,,,50,,,,,,,,,,,,,,17,,,,,B03,,,1,,2,,,50,50,1,12,4,120.658356,24.16833,3
6316,66000,387130000C,(04)23274275,(04)23288582,2025,08,17,12,8,臺中市,霧峰區,0,0,0,7,,,60,,,,,,,,,,,,,,13,,,,,B03,,,1,,1,,,59,59,1,13,4,120.696227,24.054533,3
6317,66000,387130000C,(04)23274275,(04)23288582,2025,08,17,12,9,臺中市,北屯區,0,0,0,7,,,50,,,,,,,,,,,,,,,,,,,B02,,,1,,1,,,39,39,1,6,4,120.67622,24.201272,3
6318,66000,387130000C,(04)23274275,(04)23288582,2025,08,17,12,10,臺中市,北屯區,0,1,0,7,2,6,50,4,1,1,5,4,6,6,2,1,5,5,4,2,13,3,10,2,1,C03,7,9,1,10,2,11,,59,59,1,12,4,120.711109,24.180117,2
6319,66000,387130000C,(04)23274275,(04)23288582,2025,08,17,12,10,臺中市,沙鹿區,0,0,0,7,,,40,,,,,,,,,,,,,,17,,,,,B03,,,1,,9,,,85,85,1,12,4,120.57023,24.237355,3
6320,66000,387130000C,(04)23274275,(04)23288582,2025,08,17,12,24,臺中市,烏日區,0,2,0,7,2,6,60,4,2,1,5,4,6,6,2,1,10,5,5,2,13,2,9,1,1,C03,7,9,1,10,2,11,,7,7,1,5,4,120.613603,24.106685,2
6321,66000,387130000C,(04)23274275,(04)23288582,2025,08,17,12,27,臺中市,東區,0,0,0,7,,,50,,,,,,,,,,,,,,,,,,,B03,,,1,,1,,,7,7,1,12,4,120.693024,24.134762,3
6322,66000,387130000C,(04)23274275,(04)23288582,2025,08,17,12,32,臺中市,西區,0,0,0,7,,,50,,,,,,,,,,,,,,,,,,,B03,,,1,,1,,,84,84,1,12,4,120.668365,24.129905,3
6323,66000,387130000C,(04)23274275,(04)23288582,2025,08,17,12,37,臺中市,西屯區,0,0,0,7,,,50,,,,,,,,,,,,,,14,,,,,B03,,,1,,2,,,49,49,1,12,4,120.63782,24.180582,3
6324,66000,387130000C,(04)23274275,(04)23288582,2025,08,17,12,41,臺中市,北屯區,0,3,0,7,3,6,50,4,1,1,5,4,6,6,1,1,10,5,5,2,15,2,9,2,1,C03,7,9,3,19,2,14,,21,21,1,6,4,120.689327,24.201289,2
6325,66000,387130000C,(04)23274275,(04)23288582,2025,08,17,12,42,臺中市,大里區,0,0,0,7,,,50,,,,,,,,,,,,,,14,,,,,B03,,,1,,2,,,49,49,1,13,4,120.682325,24.107978,3
6326,66000,387130000C,(04)23274275,(04)23288582,2025,08,17,12,45,臺中市,南屯區,0,0,0,7,3,6,50,13,9,1,5,4,6,6,1,1,1,2,1,2,11,,,,,B03,,,1,,1,,,25,25,1,12,4,120.623171,24.140214,3
6327,66000,387130000C,(04)23274275,(04)23288582,2025,08,17,12,51,臺中市,北屯區,0,1,0,7,2,6,50,13,9,1,5,4,6,6,4,4,9,5,5,2,17,2,9,1,1,C03,7,9,1,10,2,14,,59,59,1,12,4,120.684562,24.170313,2
6328,66000,387130000C,(04)23274275,(04)23288582,2025,08,17,12,58,臺中市,大甲區,0,1,0,7,2,6,50,13,9,1,5,4,6,3,4,4,9,5,5,1,16,2,8,2,1,C03,7,1,3,19,2,14,,51,51,1,6,4,120.619068,24.339711,2
6329,66000,387130000C,(04)23274275,(04)23288582,2025,08,17,13,1,臺中市,北區,0,0,0,7,,,50,,,,,,,,,,,,,,17,,,,,,,,,,,,,119,119,1,,,120.670677,24.162474,3
6330,66000,387130000C,(04)23274275,(04)23288582,2025,08,17,13,3,臺中市,梧棲區,0,0,0,7,,,60,,,,,,,,,,,,,,12,,,,,B03,,,1,,2,,,47,47,1,12,4,120.53706,24.252385,3
6331,66000,387130000C,(04)23274275,(04)23288582,2025,08,17,13,4,臺中市,烏日區,0,0,0,7,,,50,,,,,,,,,,,,,,12,,,,,B03,,,1,,1,,,26,26,1,6,4,120.614285,24.106782,3
6332,66000,387130000C,(04)23274275,(04)23288582,2025,08,17,13,10,臺中市,北屯區,0,1,0,7,2,6,50,4,1,1,5,4,6,6,2,1,10,5,5,2,16,3,10,3,1,B03,7,5,1,8,2,5,,84,84,1,6,4,120.685976,24.180221,2
6333,66000,387130000C,(04)23274275,(04)23288582,2025,08,17,13,10,臺中市,太平區,0,0,0,7,,,30,,,,,,,,,,,,,,,,,,,B03,,,1,,2,,,49,49,1,12,4,120.730955,24.154827,3
6334,66000,387130000C,(04)23274275,(04)23288582,2025,08,17,13,13,臺中市,南區,0,1,0,7,3,6,50,13,9,1,5,4,6,6,4,4,1,4,5,2,17,2,8,2,1,C04,7,14,1,10,2,16,,85,85,1,13,4,120.671594,24.127782,2
6335,66000,387130000C,(04)23274275,(04)23288582,2025,08,17,13,14,臺中市,西屯區,0,0,0,7,,,50,,,,,,,,,,,,,,13,,,,,B03,,,1,,1,,,59,59,1,12,4,120.653133,24.167213,3
6336,66000,387130000C,(04)23274275,(04)23288582,2025,08,17,13,15,臺中市,大肚區,0,0,0,7,,,30,,,,,,,,,,,,,,,,,,,A42,,,1,,2,,,87,87,1,6,4,120.566323,24.113278,3
6337,66000,387130000C,(04)23274275,(04)23288582,2025,08,17,13,31,臺中市,東區,0,3,0,7,1,6,30,4,1,1,5,4,6,6,4,4,10,5,5,2,15,2,9,5,4,C03,7,9,1,9,2,11,,15,15,1,13,4,120.695317,24.145549,2
6338,66000,387130000C,(04)23274275,(04)23288582,2025,08,17,13,33,臺中市,潭子區,0,0,0,7,,,30,,,,,,,,,,,,,,,,,,,,,,,,,,,86,86,1,,,120.695804,24.225653,3
6339,66000,387130000C,(04)23274275,(04)23288582,2025,08,17,13,45,臺中市,西屯區,0,2,0,5,1,6,50,4,1,1,4,4,6,6,4,4,10,5,5,2,18,2,9,1,1,C03,7,9,1,10,2,14,,59,59,1,12,4,120.646543,24.171315,2
6340,66000,387130000C,(04)23274275,(04)23288582,2025,08,17,13,46,臺中市,南屯區,0,0,0,7,,,50,,,,,,,,,,,,,,,,,,,C03,,,1,,9,,,59,59,1,6,4,120.648891,24.136026,4
6341,66000,387130000C,(04)23274275,(04)23288582,2025,08,17,13,50,臺中市,大肚區,0,1,0,7,2,6,40,13,8,1,5,4,6,6,4,4,1,4,4,1,18,2,9,1,1,F03,7,9,7,21,8,14,,84,84,1,6,4,120.559925,24.237877,2
6342,66000,387130000C,(04)23274275,(04)23288582,2025,08,17,13,55,臺中市,大甲區,0,1,0,7,3,6,30,13,9,1,5,4,6,6,4,4,10,5,5,2,17,2,9,1,1,C03,7,9,1,10,2,14,,59,59,1,6,4,120.646255,24.406459,2
6343,66000,387130000C,(04)23274275,(04)23288582,2025,08,17,13,57,臺中市,北屯區,0,0,0,7,,,50,,,,,,,,,,,,,,17,,,,,B02,,,1,,1,,,59,59,1,12,4,120.69894,24.185126,3
6344,66000,387130000C,(04)23274275,(04)23288582,2025,08,17,14,0,臺中市,烏日區,0,0,0,7,,,40,,,,,,,,,,,,,,9,,,,,C03,,,1,,2,,,50,50,1,6,4,120.613585,24.106343,3
6345,66000,387130000C,(04)23274275,(04)23288582,2025,08,17,14,4,臺中市,北區,0,0,0,7,,,30,,,,,,,,,,,,,,14,,,,,B03,,,1,,9,,,49,49,1,13,4,120.685587,24.15513,3
6346,66000,387130000C,(04)23274275,(04)23288582,2025,08,17,14,8,臺中市,大里區,0,0,0,7,,,50,,,,,,,,,,,,,,12,,,,,B03,,,3,,2,,,51,51,1,6,4,120.695172,24.099542,3
6347,66000,387130000C,(04)23274275,(04)23288582,2025,08,17,14,12,臺中市,南屯區,0,0,0,7,,,30,,,,,,,,,,,,,,13,,,,,B03,,,1,,1,,,7,7,1,12,4,120.636218,24.152796,3
6348,66000,387130000C,(04)23274275,(04)23288582,2025,08,17,14,20,臺中市,豐原區,0,0,0,7,,,50,,,,,,,,,,,,,,13,,,,,B03,,,1,,2,,,55,55,1,12,4,120.74483,24.265058,4
6349,66000,387130000C,(04)23274275,(04)23288582,2025,08,17,14,24,臺中市,大甲區,0,1,0,7,2,6,50,3,9,1,5,4,6,6,4,4,5,5,5,1,13,2,9,2,1,C03,7,9,1,10,2,11,,7,7,1,6,4,120.619528,24.341415,2
6350,66000,387130000C,(04)23274275,(04)23288582,2025,08,17,14,25,臺中市,大肚區,0,0,0,7,,,50,,,,,,,,,,,,,,13,,,,,B12,,,1,,2,,,84,84,1,6,4,120.548974,24.152105,3
6351,66000,387130000C,(04)23274275,(04)23288582,2025,08,17,14,28,臺中市,西區,0,0,0,7,,,50,,,,,,,,,,,,,,16,,,,,B03,,,1,,2,,,84,84,1,13,4,120.669806,24.146727,3
6352,66000,387130000C,(04)23274275,(04)23288582,2025,08,17,14,35,臺中市,豐原區,0,1,0,7,2,6,50,4,1,1,5,4,6,6,2,1,5,4,4,2,16,3,10,3,1,B03,7,5,1,8,2,5,,47,47,1,12,4,120.706859,24.24395,2
6353,66000,387130000C,(04)23274275,(04)23288582,2025,08,17,14,36,臺中市,豐原區,0,0,0,7,2,6,50,11,9,1,5,4,6,6,4,4,10,5,5,2,17,3,10,3,1,B03,7,5,1,8,2,1,,84,84,1,12,4,120.737084,24.233861,3
6354,66000,387130000C,(04)23274275,(04)23288582,2025,08,17,14,51,臺中市,西屯區,0,3,0,7,2,6,50,13,9,1,5,4,6,6,4,4,1,4,5,2,17,2,2,3,1,B03,7,1,1,8,2,8,,51,51,1,12,4,120.655519,24.168719,2
6355,66000,387130000C,(04)23274275,(04)23288582,2025,08,17,14,53,臺中市,西區,0,0,0,7,,,30,,,,,,,,,,,,,,,,,,,B03,,,1,,2,,,59,59,1,12,4,120.662433,24.152244,3
6356,66000,387130000C,(04)23274275,(04)23288582,2025,08,17,14,55,臺中市,南區,0,1,0,6,3,6,50,3,1,1,5,4,6,6,1,1,1,2,5,2,12,2,9,2,1,C03,7,6,1,10,2,14,,48,48,1,6,4,120.670023,24.120585,2
6357,66000,387130000C,(04)23274275,(04)23288582,2025,08,17,14,59,臺中市,中區,0,0,0,7,,,50,,,,,,,,,,,,,,35,,,,,B01,,,1,4,1,,,84,84,1,13,4,120.684478,24.138846,3
6358,66000,387130000C,(04)23274275,(04)23288582,2025,08,17,15,0,臺中市,東區,0,0,0,7,,,50,,,,,,,,,,,,,,12,,,,,C03,,,1,,1,,,51,51,1,13,4,120.684985,24.134776,3
6359,66000,387130000C,(04)23274275,(04)23288582,2025,08,17,15,9,臺中市,潭子區,0,1,0,7,3,6,30,13,9,1,5,4,6,6,4,4,10,5,5,2,17,3,10,3,1,B03,7,1,1,8,2,1,,51,51,1,13,4,120.701738,24.191578,2
6360,66000,387130000C,(04)23274275,(04)23288582,2025,08,17,15,10,臺中市,東區,0,0,0,7,,,50,,,,,,,,,,,,,,17,,,,,B03,,,1,,2,,,50,50,1,13,4,120.692459,24.147362,3
6361,66000,387130000C,(04)23274275,(04)23288582,2025,08,17,15,15,臺中市,北屯區,0,1,0,7,2,6,50,13,7,1,5,4,6,6,4,4,5,5,4,2,17,3,10,3,1,B03,7,1,1,8,2,8,,51,51,1,12,4,120.673753,24.181658,2
6362,66000,387130000C,(04)23274275,(04)23288582,2025,08,17,15,17,臺中市,中區,0,0,0,7,3,6,50,3,2,1,5,4,6,6,4,4,10,4,5,2,14,3,10,3,1,B03,7,2,1,8,2,8,,49,49,1,6,4,120.684268,24.13982,3
6363,66000,387130000C,(04)23274275,(04)23288582,2025,08,17,15,17,臺中市,南屯區,0,0,0,7,,,50,,,,,,,,,,,,,,13,,,,,B03,,,1,,1,,,7,7,1,12,4,120.646616,24.137364,3
6364,66000,387130000C,(04)23274275,(04)23288582,2025,08,17,15,20,臺中市,西區,0,0,0,7,,,50,,,,,,,,,,,,,,,,,,,C03,,,1,,1,,,84,84,1,12,4,120.669373,24.138795,3
6365,66000,387130000C,(04)23274275,(04)23288582,2025,08,17,15,21,臺中市,霧峰區,0,1,0,7,2,6,50,18,24,1,5,4,6,6,4,4,5,5,5,2,17,3,10,5,4,B03,7,15,1,8,2,4,,85,85,1,13,4,120.67288,24.064238,2
6366,66000,387130000C,(04)23274275,(04)23288582,2025,08,17,15,24,臺中市,南區,0,2,0,7,2,6,50,4,1,1,5,4,6,6,2,1,10,5,5,2,17,2,9,2,1,C03,7,15,1,10,2,12,,84,84,1,12,4,120.679406,24.123783,2
6367,66000,387130000C,(04)23274275,(04)23288582,2025,08,17,15,27,臺中市,中區,0,3,0,7,2,6,50,4,2,1,5,4,6,6,2,1,5,5,5,1,16,2,9,2,1,C03,7,4,1,10,2,12,,4,4,1,13,4,120.676921,24.141923,2
6368,66000,387130000C,(04)23274275,(04)23288582,2025,08,17,15,27,臺中市,大里區,0,0,0,7,,,50,,,,,,,,,,,,,,17,,,,,B03,,,1,,2,,,7,7,1,6,4,120.69038,24.092627,3
6369,66000,387130000C,(04)23274275,(04)23288582,2025,08,17,15,29,臺中市,外埔區,0,0,0,7,2,6,70,13,7,1,5,4,6,6,4,4,1,4,4,2,13,3,10,3,1,B03,7,14,1,8,2,8,,7,7,1,12,4,120.639933,24.340863,3
6370,66000,387130000C,(04)23274275,(04)23288582,2025,08,17,15,38,臺中市,北屯區,0,0,0,7,,,50,,,,,,,,,,,,,,13,,,,,B03,,,1,,1,,,59,59,1,12,4,120.718764,24.161356,3
6371,66000,387130000C,(04)23274275,(04)23288582,2025,08,17,15,40,臺中市,南屯區,0,1,0,7,2,6,40,13,8,1,5,4,6,6,4,4,9,4,4,2,18,2,9,1,1,F01,7,9,7,21,2,12,,84,84,1,12,4,120.602639,24.139284,2
6372,66000,387130000C,(04)23274275,(04)23288582,2025,08,17,15,41,臺中市,北區,0,0,0,7,,,50,,,,,,,,,,,,,,17,,,,,B03,,,1,,1,,,7,7,1,13,4,120.685259,24.159417,3
6373,66000,387130000C,(04)23274275,(04)23288582,2025,08,17,15,51,臺中市,霧峰區,0,1,0,7,3,6,30,11,9,1,5,4,6,6,4,4,10,5,5,1,18,2,9,1,1,C03,7,9,1,10,2,12,11,84,84,1,12,4,120.673343,24.037185,2
6374,66000,387130000C,(04)23274275,(04)23288582,2025,08,17,15,55,臺中市,西屯區,0,0,0,7,,,50,,,,,,,,,,,,,,13,,,,,B02,,,1,,1,,,59,59,1,12,4,120.631865,24.170688,3
6375,66000,387130000C,(04)23274275,(04)23288582,2025,08,17,15,56,臺中市,南屯區,0,2,0,7,2,6,50,13,9,1,5,4,6,6,4,4,10,5,5,2,13,2,9,1,1,C03,7,9,1,10,2,11,,7,7,1,6,4,120.613323,24.150713,2
6376,66000,387130000C,(04)23274275,(04)23288582,2025,08,17,15,57,臺中市,南屯區,0,0,0,7,,,50,,,,,,,,,,,,,,13,,,,,B03,,,1,,1,,,7,7,1,12,4,120.635711,24.143383,3
6377,66000,387130000C,(04)23274275,(04)23288582,2025,08,17,16,9,臺中市,烏日區,0,1,0,7,2,6,60,13,8,1,5,4,6,6,4,4,1,4,4,1,12,3,10,3,1,A04,7,7,1,2,2,2,,40,40,1,6,4,120.633576,24.106266,2
6378,66000,387130000C,(04)23274275,(04)23288582,2025,08,17,16,10,臺中市,西區,0,1,0,7,2,6,50,4,2,1,5,4,6,6,1,1,5,5,5,2,18,2,9,1,1,C03,7,9,1,10,2,12,,59,59,1,12,4,120.671925,24.151291,2
6379,66000,387130000C,(04)23274275,(04)23288582,2025,08,17,16,12,臺中市,龍井區,0,1,0,7,1,6,50,3,1,1,5,4,6,6,4,4,10,5,5,2,18,2,9,1,1,C03,7,9,1,10,2,11,,6,6,1,6,4,120.579258,24.18384,2
6380,66000,387130000C,(04)23274275,(04)23288582,2025,08,17,16,13,臺中市,南區,0,1,0,7,3,6,50,4,1,1,5,4,6,6,4,4,10,5,5,2,15,2,9,2,1,C03,7,9,1,10,2,11,,12,12,1,12,4,120.675096,24.129124,2
6381,66000,387130000C,(04)23274275,(04)23288582,2025,08,17,16,14,臺中市,北區,0,0,0,7,,,50,,,,,,,,,,,,,,12,,,,,B03,,,1,,1,,,58,58,1,13,4,120.684891,24.146079,3
6382,66000,387130000C,(04)23274275,(04)23288582,2025,08,17,16,14,臺中市,后里區,0,0,0,7,2,6,30,13,9,1,5,4,6,6,4,4,10,5,5,1,14,3,10,3,1,B13,7,2,1,8,2,6,,49,49,1,12,4,120.71188,24.292821,3
6383,66000,387130000C,(04)23274275,(04)23288582,2025,08,17,16,17,臺中市,中區,0,0,0,7,,,50,,,,,,,,,,,,,,16,,,,,B03,,,1,8,1,,,47,47,1,13,4,120.682212,24.135899,3
6384,66000,387130000C,(04)23274275,(04)23288582,2025,08,17,16,18,臺中市,北屯區,0,0,0,7,,,50,,,,,,,,,,,,,,12,,,,,B03,,,1,,1,,,8,8,1,6,4,120.734979,24.177525,4
6385,66000,387130000C,(04)23274275,(04)23288582,2025,08,17,16,18,臺中市,西屯區,0,0,0,7,,,50,,,,,,,,,,,,,,21,,,,,B03,,,1,,2,,,59,59,1,12,4,120.653735,24.194605,3