﻿序號,縣市別代碼,機關代碼,市話,傳真,年,月,日,時,分,縣市,區,死亡數量,受傷數量,2-30,天候,道路照明設備,道路類別,道路速限,道路型態,事故位置,路面鋪裝,路面狀態,路面缺陷,障礙物,視距,號誌種類,號誌動作,分向設施,快車道或一般車道間,快慢車道間,路面邊線,事故類型及型態,受傷程度,主要傷處,保護裝備,行動電話或功能裝置,當事者區分_類別,車輛用途,當事者行動狀態,駕照狀態,駕照種類,飲酒情形,車輛撞擊部位最初,車輛撞擊部位其他,肇事因素個別,肇事因素主要,肇事逃逸,職業,共享經濟或外送平台,GPS座標X,GPS座標Y,事故類別
6386,66000,387130000C,(04)23274275,(04)23288582,2025,08,17,16,18,臺中市,大里區,0,2,0,7,3,6,60,4,2,1,5,4,6,6,1,1,1,4,4,2,13,2,9,1,1,C03,7,9,1,10,2,11,,7,7,1,13,4,120.669831,24.103636,2
6387,66000,387130000C,(04)23274275,(04)23288582,2025,08,17,16,20,臺中市,清水區,0,0,0,7,,,50,,,,,,,,,,,,,,17,,,,,B03,,,1,,2,,,84,84,1,12,4,120.574663,24.269755,3
6388,66000,387130000C,(04)23274275,(04)23288582,2025,08,17,16,20,臺中市,豐原區,0,0,0,7,,,50,,,,,,,,,,,,,,30,,,,,B12,,,1,,2,,,59,59,1,12,4,120.717922,24.250702,3
6389,66000,387130000C,(04)23274275,(04)23288582,2025,08,17,16,24,臺中市,西屯區,0,0,0,7,,,40,,,,,,,,,,,,,,14,,,,,B03,,,1,,1,,,50,50,1,12,4,120.649986,24.175776,3
6390,66000,387130000C,(04)23274275,(04)23288582,2025,08,17,16,29,臺中市,北區,0,1,0,7,2,6,50,3,1,1,5,4,6,6,1,1,10,5,5,2,16,3,10,3,1,B03,7,6,1,8,2,1,,11,11,1,13,4,120.689085,24.153595,2
6391,66000,387130000C,(04)23274275,(04)23288582,2025,08,17,16,29,臺中市,南屯區,0,0,0,7,,,50,,,,,,,,,,,,,,,,,,,B03,,,1,,1,,,7,7,1,13,4,120.63536,24.146209,3
6392,66000,387130000C,(04)23274275,(04)23288582,2025,08,17,16,29,臺中市,沙鹿區,0,1,0,7,2,6,50,13,9,1,5,4,6,6,4,4,8,3,5,1,18,2,9,5,4,C03,7,9,1,10,11,14,,84,84,1,13,4,120.550705,24.226595,2
6393,66000,387130000C,(04)23274275,(04)23288582,2025,08,17,16,30,臺中市,西屯區,0,0,0,6,,,40,,,,,,,,,,,,,,,,,,,B03,,,1,,1,,,59,59,1,12,4,120.644258,24.195156,3
6394,66000,387130000C,(04)23274275,(04)23288582,2025,08,17,16,32,臺中市,太平區,0,1,0,7,2,6,50,13,7,1,5,4,6,6,4,4,5,2,4,1,13,2,8,1,1,C03,7,9,1,10,2,11,,7,7,1,12,4,120.719435,24.148774,2
6395,66000,387130000C,(04)23274275,(04)23288582,2025,08,17,16,39,臺中市,西區,0,0,0,7,,,40,,,,,,,,,,,,,,,,,,,B01,,,1,,1,,,49,49,1,6,4,120.665847,24.137717,3
6396,66000,387130000C,(04)23274275,(04)23288582,2025,08,17,16,39,臺中市,大甲區,0,4,0,7,2,6,40,3,9,1,5,4,6,6,3,1,6,4,5,1,13,2,9,1,1,C03,7,5,3,19,2,13,,24,24,1,12,4,120.626025,24.3558,2
6397,66000,387130000C,(04)23274275,(04)23288582,2025,08,17,16,41,臺中市,大雅區,0,1,0,7,3,9,30,3,9,1,5,4,6,6,4,4,10,5,5,1,12,3,10,3,1,B03,7,5,1,8,2,2,,84,84,1,13,4,120.632258,24.228074,2
6398,66000,387130000C,(04)23274275,(04)23288582,2025,08,17,16,41,臺中市,大甲區,0,0,0,7,,,50,,,,,,,,,,,,,,,,,,,B03,,,1,,1,,,14,14,1,6,4,120.630177,24.348743,3
6399,66000,387130000C,(04)23274275,(04)23288582,2025,08,17,16,45,臺中市,南屯區,0,1,0,7,2,6,50,4,1,1,5,4,6,6,1,1,9,4,3,2,11,3,10,3,1,B03,7,6,1,8,2,2,,11,11,1,12,4,120.648711,24.15078,2
6400,66000,387130000C,(04)23274275,(04)23288582,2025,08,17,16,46,臺中市,大里區,0,0,0,7,,,50,,,,,,,,,,,,,,17,,,,,,,,,,,,,119,119,1,,,120.694062,24.08941,3
6401,66000,387130000C,(04)23274275,(04)23288582,2025,08,17,16,48,臺中市,潭子區,0,0,0,7,,,50,,,,,,,,,,,,,,,,,,,B03,,,1,,2,,,59,59,1,12,4,120.718719,24.204122,3
6402,66000,387130000C,(04)23274275,(04)23288582,2025,08,17,16,48,臺中市,南區,0,1,0,7,2,9,50,13,8,1,5,4,6,6,4,4,3,4,5,2,13,2,8,1,1,C03,7,9,1,10,2,11,,7,7,1,12,4,120.654299,24.116003,2
6403,66000,387130000C,(04)23274275,(04)23288582,2025,08,17,16,51,臺中市,北屯區,0,0,0,7,,,50,,,,,,,,,,,,,,,,,,,B03,,,1,,1,,,26,26,1,13,4,120.702997,24.18004,3
6404,66000,387130000C,(04)23274275,(04)23288582,2025,08,17,16,53,臺中市,北區,0,1,0,7,2,6,50,5,1,1,5,4,6,6,1,1,1,4,4,2,17,2,9,1,1,C03,7,15,1,10,2,11,,39,39,1,12,4,120.686043,24.154826,2
6405,66000,387130000C,(04)23274275,(04)23288582,2025,08,17,16,58,臺中市,中區,0,1,0,7,1,6,50,13,9,1,5,4,6,6,4,4,5,4,5,1,30,2,9,5,4,C03,7,9,1,10,2,11,,84,84,1,12,4,120.67988,24.137919,2
6406,66000,387130000C,(04)23274275,(04)23288582,2025,08,17,16,59,臺中市,西屯區,0,0,0,7,,,50,,,,,,,,,,,,,,13,,,,,B03,,,1,,1,,,56,56,1,12,4,120.663156,24.178052,3
6407,66000,387130000C,(04)23274275,(04)23288582,2025,08,17,17,0,臺中市,烏日區,0,0,0,7,,,0,,,,,,,,,,,,,,,,,,,C03,,,1,,2,,,8,8,1,13,4,120.617007,24.111687,4
6408,66000,387130000C,(04)23274275,(04)23288582,2025,08,17,17,1,臺中市,沙鹿區,0,1,0,7,2,6,40,13,8,1,5,4,6,6,4,4,1,5,5,1,18,2,9,2,1,C03,7,9,1,10,2,12,,59,59,1,6,4,120.584866,24.250193,2
6409,66000,387130000C,(04)23274275,(04)23288582,2025,08,17,17,3,臺中市,神岡區,0,0,0,7,,,40,,,,,,,,,,,,,,9,,,,,H04,,,7,,1,,,109,109,1,13,5,120.709511,24.25909,3
6410,66000,387130000C,(04)23274275,(04)23288582,2025,08,17,17,5,臺中市,南屯區,0,0,0,7,,,60,,,,,,,,,,,,,,13,,,,,B03,,,1,,1,,,7,7,1,12,4,120.612236,24.150473,3
6411,66000,387130000C,(04)23274275,(04)23288582,2025,08,17,17,9,臺中市,西屯區,0,0,0,7,,,50,,,,,,,,,,,,,,12,,,,,C03,,,1,,1,,,8,8,1,12,4,120.638328,24.175584,3
6412,66000,387130000C,(04)23274275,(04)23288582,2025,08,17,17,12,臺中市,豐原區,0,0,0,7,,,50,,,,,,,,,,,,,,17,,,,,B03,,,1,,2,,,40,40,1,13,4,120.739764,24.262675,3
6413,66000,387130000C,(04)23274275,(04)23288582,2025,08,17,17,14,臺中市,龍井區,0,0,0,7,,,60,,,,,,,,,,,,,,12,,,,,B01,,,1,,1,,,38,38,1,6,4,120.575809,24.18072,3
6414,66000,387130000C,(04)23274275,(04)23288582,2025,08,17,17,34,臺中市,西屯區,0,1,0,7,2,6,50,13,7,1,5,4,6,6,4,4,3,4,4,2,18,2,9,5,1,C03,7,9,1,10,2,14,,59,59,1,12,4,120.653518,24.20289,2
6415,66000,387130000C,(04)23274275,(04)23288582,2025,08,17,17,36,臺中市,北屯區,0,0,0,7,,,50,,,,,,,,,,,,,,14,,,,,B12,,,1,,1,,,49,49,1,13,4,120.704816,24.179986,3
6416,66000,387130000C,(04)23274275,(04)23288582,2025,08,17,17,36,臺中市,大里區,0,2,0,7,3,6,30,4,1,1,5,4,6,6,4,4,10,5,5,2,15,2,9,1,1,C03,7,9,1,10,2,11,,15,15,1,12,4,120.691176,24.101526,2
6417,66000,387130000C,(04)23274275,(04)23288582,2025,08,17,17,37,臺中市,西區,0,2,0,7,2,6,30,3,1,1,5,4,6,6,4,4,1,4,4,2,16,2,3,3,1,B03,7,5,1,8,2,8,,12,12,1,12,4,120.657511,24.153835,2
6418,66000,387130000C,(04)23274275,(04)23288582,2025,08,17,17,37,臺中市,東區,0,0,0,7,,,50,,,,,,,,,,,,,,17,,,,,B02,,,1,,1,,,84,84,1,13,4,120.688002,24.134988,3
6419,66000,387130000C,(04)23274275,(04)23288582,2025,08,17,17,41,臺中市,大雅區,0,0,0,7,,,30,,,,,,,,,,,,,,,,,,,C03,,,1,,2,,,58,58,1,13,4,120.670936,24.236923,3
6420,66000,387130000C,(04)23274275,(04)23288582,2025,08,17,17,49,臺中市,南屯區,0,1,0,7,2,6,50,13,8,1,5,4,6,6,4,4,9,4,4,2,17,3,10,3,1,B03,7,7,1,8,2,2,,40,40,1,6,4,120.637458,24.143794,2
6421,66000,387130000C,(04)23274275,(04)23288582,2025,08,17,17,56,臺中市,東勢區,0,0,0,7,,,50,,,,,,,,,,,,,,17,,,,,B03,,,1,,1,,,8,8,1,12,4,120.82973,24.253616,3
6422,66000,387130000C,(04)23274275,(04)23288582,2025,08,17,17,58,臺中市,梧棲區,0,0,0,7,,,50,,,,,,,,,,,,,,16,,,,,B03,,,1,,1,,,24,24,1,12,4,120.544597,24.24877,3
6423,66000,387130000C,(04)23274275,(04)23288582,2025,08,17,17,59,臺中市,潭子區,0,0,0,7,,3,40,,,,,,,,,,,,,,,,,,,B03,,,1,,2,,,8,8,1,13,4,120.709739,24.200514,3
6424,66000,387130000C,(04)23274275,(04)23288582,2025,08,17,18,2,臺中市,沙鹿區,0,1,0,7,2,6,60,3,1,1,5,4,6,6,1,1,10,5,5,2,16,3,10,3,1,B03,7,9,1,8,2,5,,21,21,1,6,4,120.575591,24.248018,2
6425,66000,387130000C,(04)23274275,(04)23288582,2025,08,17,18,5,臺中市,北區,0,0,0,7,,,50,,,,,,,,,,,,,,17,,,,,B03,,,1,,1,,,59,59,1,13,4,120.670727,24.162241,3
6426,66000,387130000C,(04)23274275,(04)23288582,2025,08,17,18,15,臺中市,西屯區,0,0,0,7,,,40,,,,,,,,,,,,,,16,,,,,B03,,,1,,1,,,20,20,1,12,4,120.615369,24.183119,3
6427,66000,387130000C,(04)23274275,(04)23288582,2025,08,17,18,25,臺中市,潭子區,0,0,0,7,,,50,,,,,,,,,,,,,,,,,,,B03,,,1,,2,,,59,59,1,12,4,120.721561,24.18202,3
6428,66000,387130000C,(04)23274275,(04)23288582,2025,08,17,18,30,臺中市,潭子區,0,1,0,7,2,6,40,4,1,1,5,4,6,6,4,4,10,5,5,2,16,2,9,1,1,C03,7,6,1,10,2,14,,14,14,1,12,4,120.699607,24.206264,2
6429,66000,387130000C,(04)23274275,(04)23288582,2025,08,17,18,33,臺中市,北屯區,0,0,0,7,,,50,,,,,,,,,,,,,,13,,,,,B12,,,1,,1,,,84,84,1,12,4,120.709638,24.174702,3
6430,66000,387130000C,(04)23274275,(04)23288582,2025,08,17,18,45,臺中市,西區,0,0,0,7,,,50,,,,,,,,,,,,,,,,,,,C03,,,1,10,1,,,78,78,1,13,4,120.658154,24.146979,3
6431,66000,387130000C,(04)23274275,(04)23288582,2025,08,17,18,51,臺中市,大里區,0,2,0,7,1,6,50,3,2,1,5,4,6,6,4,4,4,3,5,1,17,2,7,2,1,C03,7,5,1,10,2,12,,14,14,1,6,4,120.702193,24.088565,2
6432,66000,387130000C,(04)23274275,(04)23288582,2025,08,17,18,55,臺中市,南屯區,0,0,0,7,,,50,,,,,,,,,,,,,,13,,,,,C03,,,1,,1,,,7,7,1,12,4,120.636981,24.144141,3
6433,66000,387130000C,(04)23274275,(04)23288582,2025,08,17,18,57,臺中市,大里區,0,1,0,7,1,6,50,11,9,1,5,4,6,6,4,4,1,4,5,1,17,2,9,2,1,C03,7,9,2,19,2,12,,84,84,1,13,4,120.683715,24.097448,2
6434,66000,387130000C,(04)23274275,(04)23288582,2025,08,17,19,0,臺中市,東區,0,0,0,7,,,50,,,,,,,,,,,,,,17,,,,,B03,,,1,,10,,,85,85,1,12,4,120.709808,24.146732,3
6435,66000,387130000C,(04)23274275,(04)23288582,2025,08,17,19,4,臺中市,東區,0,0,0,7,,,50,,,,,,,,,,,,,,17,,,,,B03,,,1,,2,,,45,45,1,13,4,120.693597,24.140526,3
6436,66000,387130000C,(04)23274275,(04)23288582,2025,08,17,19,5,臺中市,西屯區,0,0,0,7,,,40,,,,,,,,,,,,,,13,,,,,B03,,,1,,1,,,59,59,1,12,4,120.62904,24.163157,3
6437,66000,387130000C,(04)23274275,(04)23288582,2025,08,17,19,7,臺中市,南屯區,0,0,0,7,,,50,,,,,,,,,,,,,,,,,,,B03,,,1,,1,,,84,84,1,12,4,120.624582,24.152289,3
6438,66000,387130000C,(04)23274275,(04)23288582,2025,08,17,19,10,臺中市,沙鹿區,0,0,0,7,,,40,,,,,,,,,,,,,,17,,,,,B03,,,1,,2,,,50,50,1,7,4,120.56603,24.234586,3
6439,66000,387130000C,(04)23274275,(04)23288582,2025,08,17,19,13,臺中市,西屯區,0,0,0,7,,,40,,,,,,,,,,,,,,12,,,,,B02,,,1,,1,,,8,8,1,12,4,120.657612,24.158051,3
6440,66000,387130000C,(04)23274275,(04)23288582,2025,08,17,19,15,臺中市,烏日區,0,1,0,7,1,3,40,13,8,1,5,4,6,6,4,4,3,4,3,1,23,2,9,5,3,C03,7,9,1,10,2,14,,84,84,1,12,4,120.611928,24.100921,2
6441,66000,387130000C,(04)23274275,(04)23288582,2025,08,17,19,24,臺中市,北區,0,1,0,7,1,6,50,4,2,1,5,4,6,6,1,1,1,4,5,2,13,2,9,1,1,C03,7,9,1,10,2,11,,7,7,1,13,4,120.682396,24.163118,2
6442,66000,387130000C,(04)23274275,(04)23288582,2025,08,17,19,25,臺中市,西區,0,1,0,7,1,6,50,3,1,1,5,4,6,6,1,1,10,5,5,2,16,3,10,3,1,B03,7,5,1,8,2,2,,11,11,1,6,4,120.657365,24.144335,2
6443,66000,387130000C,(04)23274275,(04)23288582,2025,08,17,19,30,臺中市,北區,0,0,0,7,,,40,,,,,,,,,,,,,,14,,,,,B03,,,1,,2,,,50,50,1,12,4,120.688191,24.153883,3
6444,66000,387130000C,(04)23274275,(04)23288582,2025,08,17,19,30,臺中市,北區,0,0,0,7,,,30,,,,,,,,,,,,,,17,,,,,C03,,,1,,1,,,87,87,1,13,4,120.684451,24.162538,3
6445,66000,387130000C,(04)23274275,(04)23288582,2025,08,17,19,40,臺中市,西區,0,1,0,7,1,6,50,13,8,1,5,4,6,6,4,4,5,2,4,2,16,2,9,2,1,C03,7,9,1,10,1,14,,84,84,1,12,4,120.667245,24.140632,2
6446,66000,387130000C,(04)23274275,(04)23288582,2025,08,17,19,55,臺中市,西屯區,0,1,0,7,1,6,50,13,9,1,5,4,6,6,1,1,5,4,5,2,13,3,10,2,1,C03,7,12,1,10,2,13,,84,84,1,12,4,120.637499,24.175756,2
6447,66000,387130000C,(04)23274275,(04)23288582,2025,08,17,20,4,臺中市,太平區,0,1,0,7,1,6,40,13,12,1,5,4,6,6,4,4,5,5,4,2,18,2,9,1,1,C03,7,9,1,9,2,14,,84,84,1,12,4,120.704635,24.148367,2
6448,66000,387130000C,(04)23274275,(04)23288582,2025,08,17,20,7,臺中市,東區,0,0,0,7,,,50,,,,,,,,,,,,,,13,,,,,C03,,,5,,1,,,84,84,1,12,4,120.687829,24.138123,3
6449,66000,387130000C,(04)23274275,(04)23288582,2025,08,17,20,21,臺中市,霧峰區,0,0,0,7,,,40,,,,,,,,,,,,,,11,,,,,C03,,,1,,2,,,48,48,1,12,4,120.709319,24.080695,3
6450,66000,387130000C,(04)23274275,(04)23288582,2025,08,17,20,28,臺中市,北屯區,0,0,0,7,,,50,,,,,,,,,,,,,,13,,,,,B03,,,1,,1,,,84,84,1,12,4,120.714307,24.170659,3
6451,66000,387130000C,(04)23274275,(04)23288582,2025,08,17,20,28,臺中市,太平區,0,1,0,7,1,6,50,4,1,1,5,4,6,6,4,4,10,5,5,2,16,3,10,1,1,C03,7,6,1,10,9,12,14,11,11,2,12,4,120.73324,24.142752,2
6452,66000,387130000C,(04)23274275,(04)23288582,2025,08,17,20,36,臺中市,南區,0,0,0,7,,,40,,,,,,,,,,,,,,14,,,,,A12,,,1,,2,,,49,49,1,13,4,120.655833,24.129845,3
6453,66000,387130000C,(04)23274275,(04)23288582,2025,08,17,20,40,臺中市,石岡區,0,0,0,7,,,50,,,,,,,,,,,,,,13,,,,,B01,,,1,,1,,,7,7,1,13,4,120.816303,24.259738,3
6454,66000,387130000C,(04)23274275,(04)23288582,2025,08,17,20,55,臺中市,大里區,0,0,0,6,1,6,50,13,9,1,5,4,6,6,4,4,5,5,5,2,14,,,,,B12,,,1,,2,,,84,84,1,12,4,120.676789,24.100348,3
6455,66000,387130000C,(04)23274275,(04)23288582,2025,08,17,21,10,臺中市,太平區,0,0,0,7,,,30,,,,,,,,,,,,,,,,,,,B03,,,1,,2,,,50,50,1,12,4,120.731129,24.139519,3
6456,66000,387130000C,(04)23274275,(04)23288582,2025,08,17,21,12,臺中市,南區,0,0,0,7,,,50,,,,,,,,,,,,,,17,,,,,B03,,,1,,1,,,7,7,2,13,4,120.670125,24.114259,3
6457,66000,387130000C,(04)23274275,(04)23288582,2025,08,17,21,14,臺中市,西屯區,0,1,0,7,1,6,50,4,1,1,5,4,6,6,1,1,10,5,5,2,17,3,10,1,1,C03,7,5,1,10,1,16,,47,47,1,12,2,120.615735,24.184641,2
6458,66000,387130000C,(04)23274275,(04)23288582,2025,08,17,21,20,臺中市,中區,0,0,0,7,,,50,,,,,,,,,,,,,,,,,,,B03,,,1,,1,,,51,51,1,6,4,120.675191,24.14215,3
6459,66000,387130000C,(04)23274275,(04)23288582,2025,08,17,21,26,臺中市,豐原區,0,1,0,7,1,6,50,13,9,1,5,4,6,6,4,4,1,5,4,2,28,2,9,1,1,C03,7,9,1,10,2,11,,84,84,1,6,4,120.727252,24.277057,2
6460,66000,387130000C,(04)23274275,(04)23288582,2025,08,17,21,27,臺中市,東區,0,1,0,7,1,6,50,4,1,1,5,4,6,6,1,1,10,5,5,2,3,3,10,3,1,B02,7,5,1,8,2,5,,10,10,1,12,4,120.685867,24.143359,2
6461,66000,387130000C,(04)23274275,(04)23288582,2025,08,17,21,27,臺中市,沙鹿區,0,1,0,7,1,6,50,3,1,1,5,4,6,6,1,1,10,5,5,2,3,2,9,6,5,H01,8,18,7,21,10,17,,96,96,1,5,5,120.580654,24.217064,2
6462,66000,387130000C,(04)23274275,(04)23288582,2025,08,17,21,30,臺中市,龍井區,0,1,0,7,1,6,40,13,8,1,5,4,6,6,4,4,5,5,4,2,12,2,8,2,1,C03,7,1,1,10,2,11,,51,51,1,6,4,120.561941,24.199697,2
6463,66000,387130000C,(04)23274275,(04)23288582,2025,08,17,21,30,臺中市,沙鹿區,0,1,0,7,3,6,50,3,2,1,5,4,6,6,4,4,10,5,5,2,20,2,8,2,1,C03,7,9,1,10,2,11,,59,59,1,6,2,120.548997,24.227056,2
6464,66000,387130000C,(04)23274275,(04)23288582,2025,08,17,21,37,臺中市,東區,0,1,0,7,1,6,50,3,2,1,5,4,6,6,4,4,10,4,5,2,13,3,10,3,1,B03,7,5,1,8,2,1,,7,7,1,13,4,120.686524,24.135964,2
6465,66000,387130000C,(04)23274275,(04)23288582,2025,08,17,21,53,臺中市,清水區,0,0,0,7,1,6,50,13,8,1,5,4,6,6,4,4,8,4,4,1,12,3,10,3,1,B03,7,9,1,8,2,5,,59,59,1,12,4,120.566346,24.267527,3
6466,66000,387130000C,(04)23274275,(04)23288582,2025,08,17,21,58,臺中市,烏日區,0,0,0,7,,,50,,,,,,,,,,,,,,28,,,,,B03,,,1,,2,,,59,59,1,13,4,120.633039,24.108275,3
6467,66000,387130000C,(04)23274275,(04)23288582,2025,08,17,22,2,臺中市,東區,0,1,0,7,1,6,50,13,7,1,5,4,6,6,1,1,5,5,4,2,17,3,10,3,1,B03,7,1,1,8,2,8,,51,51,1,12,4,120.699702,24.144338,2
6468,66000,387130000C,(04)23274275,(04)23288582,2025,08,17,22,5,臺中市,神岡區,0,0,0,7,,,30,,,,,,,,,,,,,,19,,,,,B03,,,1,,2,,,59,59,1,13,4,120.702304,24.256589,3
6469,66000,387130000C,(04)23274275,(04)23288582,2025,08,17,22,10,臺中市,太平區,0,0,0,7,,,50,,,,,,,,,,,,,,17,,,,,B12,,,1,,2,,,84,84,1,12,4,120.721797,24.133174,3
6470,66000,387130000C,(04)23274275,(04)23288582,2025,08,17,22,10,臺中市,太平區,0,0,0,7,,,50,,,,,,,,,,,,,,,,,,,B03,,,1,,1,,,84,84,1,12,4,120.712882,24.157108,3
6471,66000,387130000C,(04)23274275,(04)23288582,2025,08,17,22,24,臺中市,烏日區,0,0,0,7,,,50,,,,,,,,,,,,,,13,,,,,B03,,,1,,1,,,84,84,1,13,4,120.616377,24.11188,3
6472,66000,387130000C,(04)23274275,(04)23288582,2025,08,17,22,28,臺中市,沙鹿區,0,0,0,7,,,30,,,,,,,,,,,,,,17,,,,,C03,,,1,,2,,,85,85,1,6,4,120.595908,24.228154,4
6473,66000,387130000C,(04)23274275,(04)23288582,2025,08,17,22,52,臺中市,北屯區,0,0,0,7,,,50,,,,,,,,,,,,,,13,,,,,B03,,,3,,2,,,7,7,1,13,4,120.72713,24.173982,3
6474,66000,387130000C,(04)23274275,(04)23288582,2025,08,17,22,55,臺中市,北屯區,0,1,0,7,1,6,50,13,9,1,5,4,6,6,4,4,3,4,5,2,17,2,9,1,1,C03,7,9,1,10,2,12,,84,84,1,12,4,120.729951,24.175108,2
6475,66000,387130000C,(04)23274275,(04)23288582,2025,08,17,22,58,臺中市,大里區,2,0,0,7,1,6,50,4,2,1,5,4,6,6,2,1,10,5,5,1,26,1,9,1,1,C03,7,9,1,10,8,11,,53,53,1,12,4,120.687725,24.094825,1
6476,66000,387130000C,(04)23274275,(04)23288582,2025,08,17,23,45,臺中市,西屯區,0,1,0,7,1,6,50,4,1,1,5,4,6,6,1,1,10,5,5,2,16,2,9,5,4,C03,7,5,1,10,2,12,,11,11,1,12,4,120.656573,24.169656,2
6477,66000,387130000C,(04)23274275,(04)23288582,2025,08,18,0,20,臺中市,北屯區,0,1,0,7,1,6,50,4,1,1,5,4,6,6,2,1,10,5,5,2,14,3,10,3,1,B03,7,2,1,8,2,3,,49,49,1,12,4,120.685998,24.180226,2
6478,66000,387130000C,(04)23274275,(04)23288582,2025,08,18,4,8,臺中市,沙鹿區,0,1,0,7,1,6,50,13,9,1,5,4,6,6,4,4,5,5,5,2,18,2,9,2,4,C03,7,9,1,10,11,12,,82,82,1,12,4,120.570415,24.230955,2
6479,66000,387130000C,(04)23274275,(04)23288582,2025,08,18,6,25,臺中市,清水區,0,1,0,7,2,6,40,4,2,1,5,4,6,6,1,1,8,4,3,1,17,3,10,3,1,B03,7,7,1,8,2,16,,40,40,1,12,4,120.564483,24.271321,2
6480,66000,387130000C,(04)23274275,(04)23288582,2025,08,18,6,30,臺中市,北屯區,0,2,0,7,3,6,50,13,7,1,5,4,6,6,4,4,5,5,4,2,16,2,8,1,1,C03,7,11,1,8,2,12,,34,34,1,12,4,120.705163,24.172538,2
6481,66000,387130000C,(04)23274275,(04)23288582,2025,08,18,6,49,臺中市,后里區,0,2,0,7,2,6,50,3,9,1,5,4,6,6,3,1,5,5,5,1,2,2,9,2,1,C03,7,9,1,10,2,11,,84,84,1,12,4,120.718403,24.304996,2
6482,66000,387130000C,(04)23274275,(04)23288582,2025,08,18,6,50,臺中市,北屯區,0,1,0,7,2,6,50,13,7,1,5,4,6,6,4,4,1,4,4,2,16,2,9,1,1,C03,7,9,1,10,2,14,12,59,59,1,12,4,120.686938,24.197172,2
6483,66000,387130000C,(04)23274275,(04)23288582,2025,08,18,6,50,臺中市,清水區,0,2,0,7,3,6,50,13,9,1,5,4,6,6,4,4,1,4,4,2,16,2,9,2,1,C03,7,6,1,10,2,12,,20,20,1,12,4,120.578365,24.277852,2
6484,66000,387130000C,(04)23274275,(04)23288582,2025,08,18,6,50,臺中市,清水區,0,0,0,7,,,40,,,,,,,,,,,,,,17,,,,,B03,,,1,,2,,,49,49,1,12,4,120.540365,24.289011,3
6485,66000,387130000C,(04)23274275,(04)23288582,2025,08,18,6,51,臺中市,大雅區,0,1,0,7,3,6,30,3,1,1,5,4,6,6,4,4,10,5,5,2,17,2,8,2,1,C03,7,9,1,10,2,11,,84,84,1,12,4,120.630912,24.214939,2
6486,66000,387130000C,(04)23274275,(04)23288582,2025,08,18,6,55,臺中市,南屯區,0,1,0,7,1,6,50,4,1,1,5,4,6,6,4,4,5,4,4,2,15,2,9,5,4,C03,7,9,1,10,2,11,,13,13,1,13,4,120.632249,24.142134,2
6487,66000,387130000C,(04)23274275,(04)23288582,2025,08,18,7,1,臺中市,南區,0,2,0,7,2,6,50,4,1,1,5,4,6,6,2,1,10,5,5,2,15,2,9,1,1,C03,7,9,1,10,2,14,,21,21,1,12,4,120.679384,24.119162,2
6488,66000,387130000C,(04)23274275,(04)23288582,2025,08,18,7,5,臺中市,清水區,0,2,0,7,3,6,40,3,1,1,5,4,6,6,1,1,1,4,1,1,16,2,9,2,1,C03,7,10,2,19,2,11,,21,21,1,12,4,120.561806,24.272071,2
6489,66000,387130000C,(04)23274275,(04)23288582,2025,08,18,7,9,臺中市,西區,0,0,0,7,,,30,,,,,,,,,,,,,,,,,,,B12,,,1,,2,,,8,8,1,12,4,120.658119,24.14632,3
6490,66000,387130000C,(04)23274275,(04)23288582,2025,08,18,7,10,臺中市,西區,0,0,0,7,,,50,,,,,,,,,,,,,,,,,,,A11,,,1,,2,,,84,84,1,12,4,120.661573,24.158658,3
6491,66000,387130000C,(04)23274275,(04)23288582,2025,08,18,7,22,臺中市,龍井區,0,0,0,7,,,0,,,,,,,,,,,,,,14,,,,,B12,,,1,,1,,,49,49,1,6,4,120.525121,24.203,3
6492,66000,387130000C,(04)23274275,(04)23288582,2025,08,18,7,25,臺中市,北屯區,0,1,0,7,2,6,50,13,8,1,5,4,6,6,4,4,5,4,4,2,18,2,9,5,1,F01,7,9,7,21,2,14,,84,84,1,12,4,120.694511,24.165966,2
6493,66000,387130000C,(04)23274275,(04)23288582,2025,08,18,7,29,臺中市,西屯區,0,0,0,7,,,50,,,,,,,,,,,,,,12,,,,,B03,,,1,,1,,,8,8,1,12,4,120.64437,24.194641,3
6494,66000,387130000C,(04)23274275,(04)23288582,2025,08,18,7,31,臺中市,大里區,0,0,0,7,,,50,,,,,,,,,,,,,,14,,,,,B03,,,1,,11,,,49,49,1,13,4,120.70097,24.088554,3
6495,66000,387130000C,(04)23274275,(04)23288582,2025,08,18,7,32,臺中市,西屯區,0,2,0,7,2,6,50,8,9,1,5,4,6,6,4,4,3,4,5,2,12,2,9,2,4,C03,7,7,1,10,2,12,,40,40,1,13,4,120.627546,24.172248,2
6496,66000,387130000C,(04)23274275,(04)23288582,2025,08,18,7,33,臺中市,大里區,0,1,0,7,2,6,40,3,1,1,5,4,6,6,4,4,10,5,5,1,18,2,9,1,1,C03,7,9,1,10,2,14,,84,84,1,13,4,120.702047,24.099223,2
6497,66000,387130000C,(04)23274275,(04)23288582,2025,08,18,7,35,臺中市,大雅區,0,0,0,7,,,50,,,,,,,,,,,,,,,,,,,C03,,,1,,2,,,7,7,1,12,4,120.646582,24.222703,3