﻿序號,縣市別代碼,機關代碼,市話,傳真,年,月,日,時,分,縣市,區,死亡數量,受傷數量,2-30,天候,道路照明設備,道路類別,道路速限,道路型態,事故位置,路面鋪裝,路面狀態,路面缺陷,障礙物,視距,號誌種類,號誌動作,分向設施,快車道或一般車道間,快慢車道間,路面邊線,事故類型及型態,受傷程度,主要傷處,保護裝備,行動電話或功能裝置,當事者區分_類別,車輛用途,當事者行動狀態,駕照狀態,駕照種類,飲酒情形,車輛撞擊部位最初,車輛撞擊部位其他,肇事因素個別,肇事因素主要,肇事逃逸,職業,共享經濟或外送平台,GPS座標X,GPS座標Y,事故類別
6498,66000,387130000C,(04)23274275,(04)23288582,2025,08,18,7,35,臺中市,南屯區,0,0,0,7,,,50,,,,,,,,,,,,,,13,,,,,B03,,,1,,1,,,59,59,1,12,4,120.628682,24.136579,3
6499,66000,387130000C,(04)23274275,(04)23288582,2025,08,18,7,38,臺中市,西屯區,0,3,0,7,2,6,50,4,9,1,5,4,6,6,1,1,5,4,5,2,13,2,7,5,4,C03,7,9,1,10,2,11,13,7,7,1,12,4,120.640319,24.186543,2
6500,66000,387130000C,(04)23274275,(04)23288582,2025,08,18,7,39,臺中市,新社區,0,1,0,7,2,6,50,13,5,1,5,4,6,6,4,4,10,5,5,2,17,3,10,3,1,B12,7,6,1,8,2,5,,20,20,1,12,4,120.808547,24.250196,2
6501,66000,387130000C,(04)23274275,(04)23288582,2025,08,18,7,40,臺中市,南屯區,0,0,0,7,3,6,30,13,9,1,5,4,6,6,4,4,10,5,5,2,12,,,,,C03,,,1,,1,,,51,51,1,12,4,120.614121,24.144857,3
6502,66000,387130000C,(04)23274275,(04)23288582,2025,08,18,7,40,臺中市,西屯區,0,1,0,7,2,6,50,13,9,1,5,4,6,6,4,4,9,5,5,2,16,3,10,5,4,B03,7,6,1,8,2,4,,42,42,1,12,4,120.596978,24.169662,2
6503,66000,387130000C,(04)23274275,(04)23288582,2025,08,18,7,41,臺中市,豐原區,0,0,0,7,,,50,,,,,,,,,,,,,,17,,,,,B03,,,1,,2,,,51,51,1,13,4,120.721262,24.25693,3
6504,66000,387130000C,(04)23274275,(04)23288582,2025,08,18,7,45,臺中市,大里區,0,1,0,7,2,6,30,4,1,1,5,4,6,6,4,4,10,5,5,1,16,3,10,3,1,B12,7,6,1,8,2,8,,14,14,1,13,4,120.701366,24.088734,2
6505,66000,387130000C,(04)23274275,(04)23288582,2025,08,18,7,46,臺中市,豐原區,0,0,0,7,,,30,,,,,,,,,,,,,,13,,,,,C03,,,1,,1,,,7,7,1,12,4,120.719022,24.264636,3
6506,66000,387130000C,(04)23274275,(04)23288582,2025,08,18,7,48,臺中市,南屯區,0,0,0,7,,,50,,,,,,,,,,,,,,13,,,,,C03,,,1,,1,,,7,7,1,13,4,120.646911,24.150903,3
6507,66000,387130000C,(04)23274275,(04)23288582,2025,08,18,7,50,臺中市,西區,0,1,0,7,2,6,50,4,1,1,5,4,6,6,2,1,5,4,5,1,18,2,9,2,1,C03,7,9,1,10,2,16,,87,87,1,13,4,120.670485,24.133675,2
6508,66000,387130000C,(04)23274275,(04)23288582,2025,08,18,7,50,臺中市,北區,0,0,0,7,,,50,,,,,,,,,,,,,,13,,,,,B03,,,1,,1,,,59,59,1,12,4,120.672565,24.168787,3
6509,66000,387130000C,(04)23274275,(04)23288582,2025,08,18,7,51,臺中市,潭子區,0,0,0,7,,,50,,,,,,,,,,,,,,14,,,,,B03,,,1,,1,,,50,50,1,13,4,120.706176,24.231383,3
6510,66000,387130000C,(04)23274275,(04)23288582,2025,08,18,7,52,臺中市,烏日區,0,0,0,7,,,50,,,,,,,,,,,,,,,,,,,B03,,,1,,2,,,84,84,1,12,4,120.629626,24.100928,3
6511,66000,387130000C,(04)23274275,(04)23288582,2025,08,18,7,53,臺中市,南屯區,0,0,0,7,,,30,,,,,,,,,,,,,,19,,,,,A11,,,1,,1,,,82,82,1,12,4,120.618689,24.146347,3
6512,66000,387130000C,(04)23274275,(04)23288582,2025,08,18,7,53,臺中市,北屯區,0,2,0,7,2,6,50,5,1,1,5,4,6,6,2,1,10,5,5,2,15,2,9,2,1,C03,7,9,1,10,1,11,,21,21,1,12,4,120.730261,24.17385,2
6513,66000,387130000C,(04)23274275,(04)23288582,2025,08,18,7,54,臺中市,西屯區,0,1,0,7,2,6,50,13,9,1,5,4,6,6,4,4,9,5,5,2,16,3,10,5,4,B12,7,11,1,8,2,8,,45,45,1,13,4,120.610809,24.159397,2
6514,66000,387130000C,(04)23274275,(04)23288582,2025,08,18,7,54,臺中市,西屯區,0,0,0,7,,,50,,,,,,,,,,,,,,15,,,,,F01,,,1,,1,,,11,11,1,12,4,120.650893,24.170869,3
6515,66000,387130000C,(04)23274275,(04)23288582,2025,08,18,7,54,臺中市,龍井區,0,0,0,7,,,50,,,,,,,,,,,,,,,,,,,C03,,,1,,2,,,7,7,1,12,4,120.592502,24.181474,3
6516,66000,387130000C,(04)23274275,(04)23288582,2025,08,18,7,55,臺中市,大肚區,0,2,0,7,2,6,30,4,1,1,5,4,6,6,4,4,10,5,5,2,15,2,7,1,1,C03,7,9,1,10,2,11,,15,15,1,6,4,120.539881,24.149419,2
6517,66000,387130000C,(04)23274275,(04)23288582,2025,08,18,7,55,臺中市,后里區,0,0,0,7,2,6,40,3,2,1,5,4,6,6,1,1,5,4,4,1,2,3,10,3,1,B03,7,13,1,8,1,4,,76,76,1,12,4,120.692311,24.313788,3
6518,66000,387130000C,(04)23274275,(04)23288582,2025,08,18,7,56,臺中市,北屯區,0,1,0,7,2,6,50,3,1,1,5,4,6,6,4,4,10,5,5,2,16,3,10,3,1,B03,7,6,1,8,2,5,,14,14,1,6,4,120.671279,24.187302,2
6519,66000,387130000C,(04)23274275,(04)23288582,2025,08,18,7,56,臺中市,西屯區,0,0,0,7,,,50,,,,,,,,,,,,,,14,,,,,B12,,,1,,1,,,49,49,1,12,4,120.635827,24.171128,3
6520,66000,387130000C,(04)23274275,(04)23288582,2025,08,18,7,58,臺中市,大里區,0,0,0,7,,,50,,,,,,,,,,,,,,13,,,,,B03,,,1,,2,,,7,7,1,6,4,120.670167,24.111198,3
6521,66000,387130000C,(04)23274275,(04)23288582,2025,08,18,7,58,臺中市,豐原區,0,0,0,7,,,50,,,,,,,,,,,,,,13,,,,,C03,,,1,,1,,,7,7,1,12,4,120.699346,24.24881,3
6522,66000,387130000C,(04)23274275,(04)23288582,2025,08,18,8,1,臺中市,南區,0,0,0,7,,,50,,,,,,,,,,,,,,13,,,,,B03,,,1,,1,,,83,83,1,6,4,120.683607,24.126256,3
6523,66000,387130000C,(04)23274275,(04)23288582,2025,08,18,8,2,臺中市,霧峰區,0,0,0,7,,,50,,,,,,,,,,,,,,17,,,,,B03,,,1,,2,,,51,51,1,13,4,120.663591,24.062247,3
6524,66000,387130000C,(04)23274275,(04)23288582,2025,08,18,8,4,臺中市,西屯區,0,2,0,7,2,6,40,8,9,1,5,4,6,6,4,4,3,5,5,2,13,2,9,2,4,C03,7,9,1,10,2,11,,7,7,1,13,4,120.63904,24.203333,2
6525,66000,387130000C,(04)23274275,(04)23288582,2025,08,18,8,5,臺中市,豐原區,0,0,0,7,,,60,,,,,,,,,,,,,,12,,,,,B02,,,1,,2,,,40,40,1,13,4,120.70324,24.23821,3
6526,66000,387130000C,(04)23274275,(04)23288582,2025,08,18,8,9,臺中市,大里區,0,1,0,7,3,6,30,3,1,1,5,4,6,6,4,4,10,5,5,2,16,3,10,3,1,B03,7,6,1,8,2,1,,14,14,1,6,4,120.682651,24.096104,2
6527,66000,387130000C,(04)23274275,(04)23288582,2025,08,18,8,11,臺中市,大雅區,0,1,0,7,3,6,50,13,9,1,5,4,6,6,4,4,5,2,5,1,17,2,9,1,1,C03,7,9,1,10,2,14,,84,84,1,12,4,120.60103,24.214708,2
6528,66000,387130000C,(04)23274275,(04)23288582,2025,08,18,8,11,臺中市,南區,0,1,0,7,3,6,50,4,2,1,5,4,6,6,2,1,5,4,4,2,17,3,10,3,1,B03,7,1,1,8,2,4,,51,51,1,13,4,120.655229,24.129412,2
6529,66000,387130000C,(04)23274275,(04)23288582,2025,08,18,8,19,臺中市,大里區,0,0,0,7,,,50,,,,,,,,,,,,,,12,,,,,B03,,,1,,2,,,8,8,1,6,4,120.687845,24.105605,3
6530,66000,387130000C,(04)23274275,(04)23288582,2025,08,18,8,20,臺中市,神岡區,0,2,0,7,3,6,30,3,1,1,5,4,6,6,4,4,10,5,5,2,16,2,9,1,1,C03,7,4,1,10,2,12,,41,41,1,13,4,120.652444,24.263666,2
6531,66000,387130000C,(04)23274275,(04)23288582,2025,08,18,8,22,臺中市,北區,0,1,0,7,2,6,50,4,2,1,5,4,6,6,1,1,10,5,5,2,12,3,10,3,1,B03,7,11,1,8,2,4,,45,45,1,13,4,120.683473,24.160246,2
6532,66000,387130000C,(04)23274275,(04)23288582,2025,08,18,8,22,臺中市,北區,0,1,0,7,2,9,50,4,2,1,5,4,6,6,2,1,10,5,5,2,12,3,10,3,1,B03,7,5,1,8,2,2,,20,20,1,13,4,120.677115,24.16334,2
6533,66000,387130000C,(04)23274275,(04)23288582,2025,08,18,8,22,臺中市,烏日區,0,0,0,7,,,50,,,,,,,,,,,,,,14,,,,,B03,,,1,,2,,,49,49,1,6,4,120.641465,24.108692,3
6534,66000,387130000C,(04)23274275,(04)23288582,2025,08,18,8,23,臺中市,潭子區,0,1,0,7,3,6,60,3,1,1,5,4,6,6,4,4,1,4,4,1,18,2,7,2,1,C03,7,12,1,9,2,14,,84,84,1,13,4,120.704753,24.205872,2
6535,66000,387130000C,(04)23274275,(04)23288582,2025,08,18,8,23,臺中市,北區,0,1,0,7,2,6,50,4,1,1,5,4,1,6,2,1,5,4,4,2,17,3,10,3,1,B03,7,5,1,8,1,15,,85,85,1,12,4,120.675845,24.159218,2
6536,66000,387130000C,(04)23274275,(04)23288582,2025,08,18,8,24,臺中市,北區,0,1,0,7,2,6,0,18,23,1,5,4,6,6,4,4,10,5,5,2,17,2,9,5,4,C03,7,15,3,19,9,14,,84,84,2,13,4,120.684914,24.16767,2
6537,66000,387130000C,(04)23274275,(04)23288582,2025,08,18,8,25,臺中市,南屯區,0,0,0,7,3,6,30,13,9,1,5,4,6,6,4,4,10,5,5,2,14,,,,,B03,,,1,,1,,,49,49,1,12,4,120.643209,24.137734,3
6538,66000,387130000C,(04)23274275,(04)23288582,2025,08,18,8,25,臺中市,清水區,0,0,0,7,,,60,,,,,,,,,,,,,,17,,,,,B12,,,1,,2,,,40,40,1,12,4,120.547288,24.27535,3
6539,66000,387130000C,(04)23274275,(04)23288582,2025,08,18,8,27,臺中市,龍井區,0,1,0,7,3,6,50,4,1,1,5,4,6,6,1,1,10,5,5,2,16,3,10,3,1,B03,7,11,1,7,2,5,,45,45,1,6,4,120.548826,24.206238,2
6540,66000,387130000C,(04)23274275,(04)23288582,2025,08,18,8,31,臺中市,大雅區,0,1,0,7,3,6,30,3,1,1,5,4,6,6,4,4,10,5,5,2,17,3,10,3,1,B12,7,5,1,8,2,2,,47,47,1,12,4,120.650266,24.2095,2
6541,66000,387130000C,(04)23274275,(04)23288582,2025,08,18,8,33,臺中市,潭子區,0,1,0,7,2,6,60,4,9,1,5,4,6,6,2,1,1,4,5,2,12,2,9,1,1,C03,7,9,1,10,2,14,,8,8,1,13,4,120.705374,24.209705,2
6542,66000,387130000C,(04)23274275,(04)23288582,2025,08,18,8,34,臺中市,西屯區,0,0,0,7,,,40,,,,,,,,,,,,,,13,,,,,B03,,,1,,1,,,7,7,1,12,4,120.615224,24.183317,3
6543,66000,387130000C,(04)23274275,(04)23288582,2025,08,18,8,37,臺中市,神岡區,0,1,0,7,2,6,30,13,9,1,5,4,6,6,4,4,10,5,5,2,18,2,9,2,1,C03,7,9,1,10,2,14,,84,84,1,6,4,120.691137,24.269914,2
6544,66000,387130000C,(04)23274275,(04)23288582,2025,08,18,8,38,臺中市,南屯區,0,2,0,7,3,6,50,3,1,1,5,4,6,6,4,4,10,5,5,2,13,2,8,2,1,C03,7,9,1,10,2,14,,7,7,1,12,4,120.638344,24.140887,2
6545,66000,387130000C,(04)23274275,(04)23288582,2025,08,18,8,38,臺中市,豐原區,0,1,0,7,2,6,60,3,1,1,5,4,6,6,4,4,1,4,5,2,17,3,10,5,4,B03,7,5,1,8,2,5,,14,14,1,12,4,120.710369,24.236651,2
6546,66000,387130000C,(04)23274275,(04)23288582,2025,08,18,8,39,臺中市,北屯區,0,2,0,7,2,6,30,4,1,1,5,4,6,6,2,3,5,4,5,2,15,2,9,2,1,C03,7,9,1,10,2,14,,13,13,1,12,4,120.72472,24.176146,2
6547,66000,387130000C,(04)23274275,(04)23288582,2025,08,18,8,39,臺中市,烏日區,0,1,0,7,2,6,50,3,1,1,5,4,6,6,1,1,10,5,5,2,17,3,10,5,4,B03,7,5,1,8,2,5,,11,11,1,12,4,120.645706,24.110071,2
6548,66000,387130000C,(04)23274275,(04)23288582,2025,08,18,8,43,臺中市,北區,0,2,0,7,2,6,50,3,2,1,5,4,6,6,4,4,10,5,5,2,13,2,9,2,1,C03,7,9,1,10,2,11,,7,7,1,13,4,120.667175,24.159373,2
6549,66000,387130000C,(04)23274275,(04)23288582,2025,08,18,8,43,臺中市,北屯區,0,0,0,7,,3,40,,,,,,,,,,,,,,17,,,,,B03,,,1,,1,,,59,59,1,6,4,120.722256,24.185426,3
6550,66000,387130000C,(04)23274275,(04)23288582,2025,08,18,8,44,臺中市,西屯區,0,0,0,7,,,50,,,,,,,,,,,,,,13,,,,,B02,,,1,,1,,,59,59,1,12,4,120.63336,24.17409,3
6551,66000,387130000C,(04)23274275,(04)23288582,2025,08,18,8,47,臺中市,西屯區,0,0,0,7,,,50,,,,,,,,,,,,,,12,,,,,B11,,,1,4,9,,,59,59,1,12,4,120.617416,24.175576,3
6552,66000,387130000C,(04)23274275,(04)23288582,2025,08,18,8,47,臺中市,霧峰區,0,1,0,7,2,6,40,4,1,1,5,4,6,6,4,4,10,5,5,1,17,2,9,1,1,C03,7,9,1,10,2,11,,84,84,1,13,4,120.696604,24.068601,2
6553,66000,387130000C,(04)23274275,(04)23288582,2025,08,18,8,49,臺中市,北區,0,1,0,7,2,6,50,4,2,1,5,4,6,6,2,1,10,5,5,2,12,3,10,2,1,C03,7,9,1,10,2,11,,8,8,1,13,4,120.674616,24.162533,2
6554,66000,387130000C,(04)23274275,(04)23288582,2025,08,18,8,50,臺中市,北區,0,0,0,7,,,50,,,,,,,,,,,,,,17,,,,,A11,,,1,,9,,,85,85,1,13,4,120.686573,24.16407,3
6555,66000,387130000C,(04)23274275,(04)23288582,2025,08,18,8,51,臺中市,南區,0,0,0,7,,,50,,,,,,,,,,,,,,,,,,,B03,,,1,,1,,,84,84,1,13,4,120.655457,24.115199,3
6556,66000,387130000C,(04)23274275,(04)23288582,2025,08,18,8,53,臺中市,豐原區,0,1,0,7,2,6,30,11,9,1,5,4,6,6,4,4,10,5,5,1,11,3,10,3,1,B03,7,9,1,8,2,8,,41,41,1,12,4,120.74827,24.25122,2
6557,66000,387130000C,(04)23274275,(04)23288582,2025,08,18,8,54,臺中市,大里區,0,2,0,7,2,6,50,3,1,1,5,4,6,6,4,4,10,5,5,2,16,2,3,3,1,B03,7,11,1,8,2,4,,45,45,1,13,4,120.703755,24.088056,2
6558,66000,387130000C,(04)23274275,(04)23288582,2025,08,18,8,55,臺中市,北屯區,0,1,0,7,2,6,50,4,1,1,5,4,6,6,2,1,10,5,5,2,13,3,10,3,1,B03,7,9,1,8,2,1,,84,84,1,12,4,120.676131,24.196633,2
6559,66000,387130000C,(04)23274275,(04)23288582,2025,08,18,9,0,臺中市,南屯區,0,0,0,7,3,6,50,13,9,1,5,4,6,6,1,1,1,4,5,2,12,,,,,B03,,,1,,1,,,84,84,1,12,4,120.646709,24.153847,3
6560,66000,387130000C,(04)23274275,(04)23288582,2025,08,18,9,0,臺中市,南屯區,0,1,0,7,3,6,50,4,1,1,5,4,6,6,1,1,5,5,4,2,16,3,10,3,1,B03,7,6,1,8,2,6,,11,11,1,12,4,120.641406,24.133392,2
6561,66000,387130000C,(04)23274275,(04)23288582,2025,08,18,9,2,臺中市,南屯區,0,1,0,7,3,6,50,13,9,1,5,4,6,6,4,4,1,5,5,1,22,2,3,3,1,B03,7,9,1,8,2,5,,58,58,1,12,4,120.623599,24.148781,2
6562,66000,387130000C,(04)23274275,(04)23288582,2025,08,18,9,8,臺中市,西區,0,0,0,7,,,50,,,,,,,,,,,,,,,,,,,B03,,,1,,1,,,51,51,1,12,4,120.676497,24.13441,3
6563,66000,387130000C,(04)23274275,(04)23288582,2025,08,18,9,11,臺中市,西區,0,1,0,7,1,6,50,4,1,1,5,4,6,6,4,4,10,5,5,1,17,3,10,5,4,B03,7,9,1,10,2,2,,20,20,1,12,4,120.668981,24.149558,2
6564,66000,387130000C,(04)23274275,(04)23288582,2025,08,18,9,17,臺中市,南區,0,1,0,7,2,6,50,13,9,1,5,4,6,6,4,4,9,5,5,2,17,3,10,1,1,C03,7,1,3,19,2,14,,51,51,1,12,4,120.663907,24.116359,2
6565,66000,387130000C,(04)23274275,(04)23288582,2025,08,18,9,17,臺中市,霧峰區,0,0,0,7,,,50,,,,,,,,,,,,,,17,,,,,B03,,,1,,2,,,7,7,1,13,4,120.677754,24.039523,3
6566,66000,387130000C,(04)23274275,(04)23288582,2025,08,18,9,18,臺中市,南區,0,1,0,7,2,6,40,13,8,1,5,4,6,6,4,4,1,4,4,2,17,2,9,2,1,C04,7,1,1,11,2,14,,51,51,1,12,4,120.652988,24.11345,2
6567,66000,387130000C,(04)23274275,(04)23288582,2025,08,18,9,19,臺中市,烏日區,0,1,0,7,2,6,30,4,2,1,5,4,6,6,4,4,10,5,5,1,17,2,9,1,1,C03,7,9,1,10,2,11,12,7,7,1,6,4,120.637458,24.078351,2
6568,66000,387130000C,(04)23274275,(04)23288582,2025,08,18,9,23,臺中市,太平區,0,0,0,7,,,50,,,,,,,,,,,,,,13,,,,,B03,,,1,,1,,,84,84,1,13,4,120.723523,24.14538,3
6569,66000,387130000C,(04)23274275,(04)23288582,2025,08,18,9,35,臺中市,西區,0,0,0,7,,,50,,,,,,,,,,,,,,14,,,,,B12,,,1,,1,,,50,50,1,13,4,120.66147,24.133235,3
6570,66000,387130000C,(04)23274275,(04)23288582,2025,08,18,9,45,臺中市,大里區,0,0,0,7,,,30,,,,,,,,,,,,,,12,,,,,B03,,,1,,2,,,8,8,1,13,4,120.668919,24.106377,3
6571,66000,387130000C,(04)23274275,(04)23288582,2025,08,18,9,45,臺中市,大里區,0,0,0,7,,,50,,,,,,,,,,,,,,13,,,,,B03,,,1,,2,,,7,7,1,13,4,120.688843,24.104389,3
6572,66000,387130000C,(04)23274275,(04)23288582,2025,08,18,9,49,臺中市,潭子區,0,0,0,7,,,60,,,,,,,,,,,,,,17,,,,,B03,,,1,,2,,,50,50,1,13,4,120.705796,24.217152,3
6573,66000,387130000C,(04)23274275,(04)23288582,2025,08,18,9,51,臺中市,沙鹿區,0,0,0,7,,,50,,,,,,,,,,,,,,,,,,,B03,,,1,,1,,,7,7,1,13,4,120.568569,24.208352,3
6574,66000,387130000C,(04)23274275,(04)23288582,2025,08,18,9,51,臺中市,大甲區,0,0,0,7,,,50,,,,,,,,,,,,,,,,,,,B12,,,1,,2,,,84,84,1,6,4,120.622827,24.342103,3
6575,66000,387130000C,(04)23274275,(04)23288582,2025,08,18,9,58,臺中市,西屯區,0,0,0,7,2,6,50,13,9,1,5,4,6,6,4,4,9,3,5,2,12,,,,,C03,,,1,,9,,,8,8,1,13,4,120.644935,24.172157,3
6576,66000,387130000C,(04)23274275,(04)23288582,2025,08,18,10,5,臺中市,北屯區,0,0,0,7,,3,80,,,,,,,,,,,,,,,,,,,B03,,,1,,1,,,40,40,1,12,4,120.681623,24.201149,3
6577,66000,387130000C,(04)23274275,(04)23288582,2025,08,18,10,5,臺中市,大肚區,0,0,0,7,,,50,,,,,,,,,,,,,,13,,,,,C03,,,1,,2,,,6,6,1,6,4,120.542759,24.150392,3
6578,66000,387130000C,(04)23274275,(04)23288582,2025,08,18,10,8,臺中市,北屯區,0,0,0,7,,,50,,,,,,,,,,,,,,17,,,,,B03,,,1,,1,,,50,50,1,12,4,120.67086,24.195411,3
6579,66000,387130000C,(04)23274275,(04)23288582,2025,08,18,10,8,臺中市,大里區,0,2,0,7,2,6,50,4,1,1,5,4,4,6,2,1,5,5,4,2,16,2,9,1,1,C03,7,9,1,10,2,11,,58,58,1,6,4,120.682909,24.106418,2
6580,66000,387130000C,(04)23274275,(04)23288582,2025,08,18,10,8,臺中市,大里區,0,0,0,7,,,50,,,,,,,,,,,,,,12,,,,,C03,,,3,,2,,,84,84,1,12,4,120.672586,24.089253,3
6581,66000,387130000C,(04)23274275,(04)23288582,2025,08,18,10,18,臺中市,豐原區,0,0,0,7,,,50,,,,,,,,,,,,,,13,,,,,B03,,,1,,2,,,84,84,1,13,4,120.716166,24.244101,3
6582,66000,387130000C,(04)23274275,(04)23288582,2025,08,18,10,19,臺中市,龍井區,0,0,0,7,,,60,,,,,,,,,,,,,,,,,,,B03,,,1,,1,,,84,84,1,12,4,120.580157,24.189864,3
6583,66000,387130000C,(04)23274275,(04)23288582,2025,08,18,10,29,臺中市,豐原區,0,0,0,7,,,50,,,,,,,,,,,,,,17,,,,,A05,,,1,,2,,,78,78,1,12,4,120.702423,24.243941,3
6584,66000,387130000C,(04)23274275,(04)23288582,2025,08,18,10,30,臺中市,南區,0,1,0,7,3,6,50,5,1,1,5,4,6,6,1,1,10,5,5,2,17,3,10,3,1,B03,7,11,1,8,2,2,,45,45,1,13,4,120.669995,24.124671,2
6585,66000,387130000C,(04)23274275,(04)23288582,2025,08,18,10,31,臺中市,太平區,0,1,0,7,3,6,30,3,1,1,5,4,6,6,4,4,10,5,5,2,14,2,7,2,1,F03,7,9,7,21,2,12,,84,84,1,12,4,120.724005,24.129729,2
6586,66000,387130000C,(04)23274275,(04)23288582,2025,08,18,10,31,臺中市,豐原區,0,2,0,7,2,6,50,13,7,1,5,4,6,6,4,4,5,4,4,2,12,3,10,1,1,C03,7,11,1,10,9,16,,45,45,1,12,4,120.713106,24.250733,2
6587,66000,387130000C,(04)23274275,(04)23288582,2025,08,18,10,33,臺中市,北屯區,0,0,0,7,,,40,,,,,,,,,,,,,,,,,,,B02,,,1,,2,,,8,8,1,6,4,120.665565,24.183454,3
6588,66000,387130000C,(04)23274275,(04)23288582,2025,08,18,10,35,臺中市,豐原區,0,0,0,7,,,50,,,,,,,,,,,,,,17,,,,,B03,,,1,,2,,,40,40,1,13,4,120.711049,24.239327,4
6589,66000,387130000C,(04)23274275,(04)23288582,2025,08,18,10,37,臺中市,大里區,0,0,0,7,,,60,,,,,,,,,,,,,,14,,,,,B12,,,1,,2,,,49,49,1,13,4,120.686504,24.10239,3
6590,66000,387130000C,(04)23274275,(04)23288582,2025,08,18,10,48,臺中市,北區,0,1,0,7,2,6,50,4,2,1,5,4,6,6,2,1,10,5,5,2,12,2,9,2,1,C03,7,1,1,10,2,14,,51,51,1,13,4,120.668488,24.17173,2
6591,66000,387130000C,(04)23274275,(04)23288582,2025,08,18,10,55,臺中市,西屯區,0,1,0,7,2,6,50,4,1,1,5,4,6,6,2,1,9,5,5,2,15,2,9,1,1,C03,7,9,1,10,2,12,,21,21,1,12,4,120.660451,24.164449,2
6592,66000,387130000C,(04)23274275,(04)23288582,2025,08,18,10,57,臺中市,沙鹿區,0,0,0,7,,,50,,,,,,,,,,,,,,,,,,,B03,,,1,,2,,,7,7,1,6,4,120.562433,24.233402,3
6593,66000,387130000C,(04)23274275,(04)23288582,2025,08,18,11,0,臺中市,龍井區,0,0,0,7,,,0,,,,,,,,,,,,,,14,,,,,B02,,,1,,2,,,49,49,1,6,4,120.505379,24.210437,3
6594,66000,387130000C,(04)23274275,(04)23288582,2025,08,18,11,5,臺中市,大雅區,0,0,0,7,,,50,,,,,,,,,,,,,,,,,,,A41,,,1,,2,,,40,40,1,13,4,120.614927,24.218457,3
6595,66000,387130000C,(04)23274275,(04)23288582,2025,08,18,11,7,臺中市,西屯區,0,0,0,7,,,40,,,,,,,,,,,,,,13,,,,,B03,,,1,,1,,,59,59,1,13,4,120.646048,24.164383,3
6596,66000,387130000C,(04)23274275,(04)23288582,2025,08,18,11,12,臺中市,大里區,0,0,0,7,,,30,,,,,,,,,,,,,,14,,,,,A12,,,1,,2,,,49,49,1,6,4,120.684712,24.118311,3
6597,66000,387130000C,(04)23274275,(04)23288582,2025,08,18,11,17,臺中市,豐原區,0,1,0,7,2,6,40,3,1,1,5,4,6,6,1,1,5,4,5,1,17,3,10,5,4,B03,7,6,1,8,2,1,,11,11,1,12,4,120.72435,24.230756,2
6598,66000,387130000C,(04)23274275,(04)23288582,2025,08,18,11,20,臺中市,大甲區,0,0,0,7,,,70,,,,,,,,,,,,,,,,,,,B03,,,1,,1,,,56,56,1,6,4,120.65211,24.383228,3
6599,66000,387130000C,(04)23274275,(04)23288582,2025,08,18,11,21,臺中市,東區,0,0,0,7,,,50,,,,,,,,,,,,,,17,,,,,C03,,,1,,1,,,51,51,1,12,4,120.709027,24.143908,3
6600,66000,387130000C,(04)23274275,(04)23288582,2025,08,18,11,21,臺中市,南區,0,3,0,7,1,6,50,4,1,1,5,4,6,6,2,1,10,5,5,2,9,2,7,5,4,B03,7,6,1,8,9,5,,10,10,1,13,4,120.653659,24.113755,2
6601,66000,387130000C,(04)23274275,(04)23288582,2025,08,18,11,22,臺中市,西屯區,0,0,0,7,,,50,,,,,,,,,,,,,,13,,,,,B03,,,1,,1,,,59,59,1,12,4,120.649292,24.162552,3
6602,66000,387130000C,(04)23274275,(04)23288582,2025,08,18,11,23,臺中市,中區,0,0,0,7,,,50,,,,,,,,,,,,,,13,,,,,C03,,,1,,1,,,84,84,1,12,4,120.685322,24.142574,3
6603,66000,387130000C,(04)23274275,(04)23288582,2025,08,18,11,36,臺中市,南屯區,0,0,0,7,,,50,,,,,,,,,,,,,,,,,,,B01,,,1,,1,,,8,8,1,13,4,120.646679,24.138636,3
6604,66000,387130000C,(04)23274275,(04)23288582,2025,08,18,11,40,臺中市,大甲區,0,0,0,7,,,40,,,,,,,,,,,,,,17,,,,,B03,,,1,,1,,,87,87,1,13,4,120.648241,24.376038,3
6605,66000,387130000C,(04)23274275,(04)23288582,2025,08,18,11,45,臺中市,大里區,0,1,0,7,3,6,60,4,1,1,5,4,6,6,1,1,10,5,5,2,16,3,10,3,1,B12,7,5,1,7,2,5,,39,39,1,6,4,120.665914,24.106319,2
6606,66000,387130000C,(04)23274275,(04)23288582,2025,08,18,11,45,臺中市,清水區,0,1,0,7,3,6,50,4,9,1,5,4,6,6,4,4,1,4,5,1,17,3,10,3,1,B03,7,5,1,10,2,3,,14,14,1,12,4,120.547526,24.266587,2
6607,66000,387130000C,(04)23274275,(04)23288582,2025,08,18,11,47,臺中市,南屯區,0,1,0,7,3,6,50,4,1,1,5,4,6,6,4,4,5,5,5,2,15,2,9,1,1,C03,7,9,1,10,2,12,,15,15,1,12,4,120.62875,24.116376,2
6608,66000,387130000C,(04)23274275,(04)23288582,2025,08,18,11,48,臺中市,神岡區,0,1,0,7,3,6,30,13,9,1,5,4,6,6,4,4,10,5,5,2,16,3,10,1,1,C03,7,1,1,10,2,11,,51,51,1,12,4,120.683041,24.245188,2