﻿序號,縣市別代碼,機關代碼,市話,傳真,年,月,日,時,分,縣市,區,死亡數量,受傷數量,2-30,天候,道路照明設備,道路類別,道路速限,道路型態,事故位置,路面鋪裝,路面狀態,路面缺陷,障礙物,視距,號誌種類,號誌動作,分向設施,快車道或一般車道間,快慢車道間,路面邊線,事故類型及型態,受傷程度,主要傷處,保護裝備,行動電話或功能裝置,當事者區分_類別,車輛用途,當事者行動狀態,駕照狀態,駕照種類,飲酒情形,車輛撞擊部位最初,車輛撞擊部位其他,肇事因素個別,肇事因素主要,肇事逃逸,職業,共享經濟或外送平台,GPS座標X,GPS座標Y,事故類別
6722,66000,387130000C,(04)23274275,(04)23288582,2025,08,18,16,55,臺中市,北屯區,0,0,0,7,,,50,,,,,,,,,,,,,,13,,,,,B03,,,1,8,1,,,84,84,1,6,4,120.719315,24.162113,3
6723,66000,387130000C,(04)23274275,(04)23288582,2025,08,18,16,57,臺中市,東區,0,0,0,7,,,50,,,,,,,,,,,,,,13,,,,,C03,,,3,,1,,,7,7,1,13,4,120.706096,24.12972,3
6724,66000,387130000C,(04)23274275,(04)23288582,2025,08,18,16,59,臺中市,北屯區,0,0,0,7,,,50,,,,,,,,,,,,,,,,,,,C03,,,1,,9,,,8,8,1,12,4,120.707669,24.182177,3
6725,66000,387130000C,(04)23274275,(04)23288582,2025,08,18,16,59,臺中市,西屯區,0,1,0,7,3,6,30,3,1,1,5,4,6,6,4,4,10,5,5,2,16,2,9,5,4,C03,7,6,1,10,2,11,,12,12,1,13,4,120.658671,24.175817,2
6726,66000,387130000C,(04)23274275,(04)23288582,2025,08,18,17,8,臺中市,大雅區,0,1,0,7,1,6,50,13,9,1,5,4,6,6,4,4,5,5,5,2,12,2,7,2,1,C03,7,9,1,10,2,11,,7,7,1,12,4,120.670048,24.224007,2
6727,66000,387130000C,(04)23274275,(04)23288582,2025,08,18,17,8,臺中市,西屯區,0,0,0,7,,,50,,,,,,,,,,,,,,13,,,,,B03,,,1,,1,,,84,84,1,13,4,120.646163,24.167897,3
6728,66000,387130000C,(04)23274275,(04)23288582,2025,08,18,17,8,臺中市,霧峰區,0,1,0,7,2,6,40,13,9,1,5,4,6,6,4,4,10,5,5,2,13,2,9,2,1,C03,7,9,1,10,2,11,,7,7,1,13,4,120.665233,24.07958,2
6729,66000,387130000C,(04)23274275,(04)23288582,2025,08,18,17,10,臺中市,北屯區,0,2,0,7,3,6,50,3,1,1,5,4,6,6,4,4,10,5,5,2,17,2,9,6,1,F01,7,5,7,21,2,14,,4,4,1,13,4,120.667111,24.178299,2
6730,66000,387130000C,(04)23274275,(04)23288582,2025,08,18,17,11,臺中市,東區,0,0,0,7,,,40,,,,,,,,,,,,,,17,,,,,B12,,,1,,1,,,76,76,1,12,4,120.696135,24.138723,3
6731,66000,387130000C,(04)23274275,(04)23288582,2025,08,18,17,14,臺中市,大里區,0,1,0,7,3,6,40,13,9,1,5,4,6,6,4,4,1,4,5,1,12,3,10,5,4,B03,7,9,1,8,2,2,,84,84,1,13,4,120.693236,24.105335,2
6732,66000,387130000C,(04)23274275,(04)23288582,2025,08,18,17,14,臺中市,神岡區,0,1,0,7,2,6,50,3,1,1,5,4,6,6,4,4,10,5,5,2,16,3,10,5,4,B03,7,6,1,8,2,1,,59,59,1,12,4,120.650365,24.274953,2
6733,66000,387130000C,(04)23274275,(04)23288582,2025,08,18,17,15,臺中市,后里區,0,1,0,7,2,6,50,3,1,1,5,4,6,6,1,1,1,2,5,1,13,3,10,3,1,B03,7,9,5,8,2,1,,7,7,1,12,4,120.723074,24.287771,2
6734,66000,387130000C,(04)23274275,(04)23288582,2025,08,18,17,16,臺中市,北區,0,0,0,7,,,50,,,,,,,,,,,,,,,,,,,B03,,,5,,1,,,84,84,1,12,4,120.674029,24.163669,3
6735,66000,387130000C,(04)23274275,(04)23288582,2025,08,18,17,18,臺中市,大里區,0,0,0,7,2,6,50,13,9,1,5,4,6,6,4,4,5,5,5,2,17,,,,,C03,,,3,,1,,,51,51,1,13,4,120.697182,24.10143,3
6736,66000,387130000C,(04)23274275,(04)23288582,2025,08,18,17,19,臺中市,豐原區,0,0,0,7,,,50,,,,,,,,,,,,,,13,,,,,B03,,,1,,2,,,7,7,1,12,4,120.742263,24.263754,3
6737,66000,387130000C,(04)23274275,(04)23288582,2025,08,18,17,20,臺中市,北屯區,0,2,0,7,2,6,50,3,1,1,5,4,6,6,4,4,10,5,5,2,16,2,9,1,1,C03,7,6,1,10,2,11,,20,20,1,12,4,120.720602,24.180135,2
6738,66000,387130000C,(04)23274275,(04)23288582,2025,08,18,17,21,臺中市,烏日區,0,0,0,7,,3,80,,,,,,,,,,,,,,17,,,,,B03,,,1,,9,,,7,7,1,6,4,120.61273,24.10265,3
6739,66000,387130000C,(04)23274275,(04)23288582,2025,08,18,17,25,臺中市,大甲區,0,0,0,7,,,40,,,,,,,,,,,,,,,,,,,C04,,,1,,2,,,8,8,1,12,4,120.617613,24.34663,3
6740,66000,387130000C,(04)23274275,(04)23288582,2025,08,18,17,28,臺中市,北屯區,0,0,0,7,,,40,,,,,,,,,,,,,,16,,,,,B01,,,1,,2,,,45,45,1,12,4,120.726408,24.166893,3
6741,66000,387130000C,(04)23274275,(04)23288582,2025,08,18,17,28,臺中市,神岡區,0,1,0,7,2,6,50,13,9,1,5,4,6,6,4,4,7,4,4,2,17,3,10,5,4,B03,7,6,1,8,2,5,,84,84,1,13,4,120.656248,24.262033,2
6742,66000,387130000C,(04)23274275,(04)23288582,2025,08,18,17,30,臺中市,清水區,0,0,0,7,,,50,,,,,,,,,,,,,,,,,,,C03,,,1,,1,,,21,21,1,12,4,120.561153,24.267324,3
6743,66000,387130000C,(04)23274275,(04)23288582,2025,08,18,17,32,臺中市,西屯區,0,0,0,7,,,50,,,,,,,,,,,,,,12,,,,,B03,,,1,,1,,,48,48,1,12,4,120.62904,24.163157,3
6744,66000,387130000C,(04)23274275,(04)23288582,2025,08,18,17,32,臺中市,西屯區,0,0,0,7,,,30,,,,,,,,,,,,,,14,,,,,B12,,,1,,1,,,49,49,1,12,4,120.636666,24.195538,3
6745,66000,387130000C,(04)23274275,(04)23288582,2025,08,18,17,32,臺中市,后里區,0,1,0,7,2,6,30,3,1,1,5,4,6,6,4,4,1,5,5,2,16,3,10,1,1,C03,7,6,1,10,2,13,,14,14,1,12,4,120.672889,24.308552,2
6746,66000,387130000C,(04)23274275,(04)23288582,2025,08,18,17,33,臺中市,沙鹿區,0,1,0,7,2,6,50,3,1,1,5,4,6,6,4,4,10,5,5,2,16,3,10,2,1,C03,7,6,3,19,2,11,,12,12,1,6,4,120.556819,24.232583,2
6747,66000,387130000C,(04)23274275,(04)23288582,2025,08,18,17,35,臺中市,中區,0,1,0,7,2,6,50,4,1,1,5,4,6,6,1,1,10,5,5,2,16,3,10,1,1,C04,7,9,1,10,2,14,,84,84,1,13,4,120.675547,24.141827,2
6748,66000,387130000C,(04)23274275,(04)23288582,2025,08,18,17,35,臺中市,烏日區,0,2,0,7,3,6,30,4,1,1,5,4,5,6,4,4,10,5,5,2,3,2,9,6,5,H01,8,18,7,21,10,17,,99,99,1,1,5,120.623629,24.103971,2
6749,66000,387130000C,(04)23274275,(04)23288582,2025,08,18,17,37,臺中市,南區,0,0,0,7,,,40,,,,,,,,,,,,,,12,,,,,C03,,,1,,2,,,84,84,1,13,4,120.677463,24.130845,3
6750,66000,387130000C,(04)23274275,(04)23288582,2025,08,18,17,39,臺中市,西屯區,0,0,0,7,,,50,,,,,,,,,,,,,,,,,,,B03,,,1,,2,,,49,49,1,12,4,120.621274,24.185666,3
6751,66000,387130000C,(04)23274275,(04)23288582,2025,08,18,17,39,臺中市,烏日區,0,2,0,7,2,6,50,13,7,1,5,4,6,6,4,4,9,5,4,2,17,2,9,5,4,C03,7,6,1,10,2,14,,84,84,1,12,4,120.62824,24.108285,2
6752,66000,387130000C,(04)23274275,(04)23288582,2025,08,18,17,40,臺中市,南屯區,0,0,0,7,,,50,,,,,,,,,,,,,,13,,,,,B03,,,1,,1,,,59,59,1,12,4,120.629177,24.139885,3
6753,66000,387130000C,(04)23274275,(04)23288582,2025,08,18,17,40,臺中市,南屯區,0,1,0,7,2,6,50,4,1,1,5,4,6,6,2,1,9,4,5,2,12,3,10,3,1,B03,7,5,1,8,1,2,,39,39,1,12,4,120.623141,24.145201,2
6754,66000,387130000C,(04)23274275,(04)23288582,2025,08,18,17,42,臺中市,北屯區,0,0,0,7,,,30,,,,,,,,,,,,,,15,,,,,B03,,,1,,1,,,15,15,1,12,4,120.701711,24.185843,3
6755,66000,387130000C,(04)23274275,(04)23288582,2025,08,18,17,42,臺中市,豐原區,0,1,0,7,2,6,60,4,1,1,5,4,6,6,1,1,1,2,4,1,13,2,8,1,1,C03,7,9,1,9,2,11,,84,84,1,13,4,120.710297,24.237039,2
6756,66000,387130000C,(04)23274275,(04)23288582,2025,08,18,17,43,臺中市,南屯區,0,0,0,7,,,50,,,,,,,,,,,,,,,,,,,B03,,,1,,2,,,49,49,1,6,4,120.612511,24.152286,3
6757,66000,387130000C,(04)23274275,(04)23288582,2025,08,18,17,43,臺中市,西屯區,0,0,0,7,,,50,,,,,,,,,,,,,,17,,,,,B02,,,1,,1,,,50,50,1,12,4,120.651625,24.167768,3
6758,66000,387130000C,(04)23274275,(04)23288582,2025,08,18,17,45,臺中市,大里區,0,0,0,7,,,50,,,,,,,,,,,,,,14,,,,,B03,,,1,,2,,,49,49,1,13,4,120.695125,24.100554,3
6759,66000,387130000C,(04)23274275,(04)23288582,2025,08,18,17,46,臺中市,南區,0,0,0,7,,,50,,,,,,,,,,,,,,12,,,,,B03,,,1,,1,,,40,40,1,13,4,120.658741,24.1172,3
6760,66000,387130000C,(04)23274275,(04)23288582,2025,08,18,17,47,臺中市,太平區,0,1,0,7,3,6,50,3,1,1,5,4,6,6,4,4,10,5,5,2,16,2,9,1,1,C03,7,9,1,10,2,11,,85,85,1,12,4,120.716902,24.155575,2
6761,66000,387130000C,(04)23274275,(04)23288582,2025,08,18,17,49,臺中市,西屯區,0,0,0,7,,,50,,,,,,,,,,,,,,14,,,,,B12,,,1,,1,,,49,49,1,12,4,120.643165,24.160058,3
6762,66000,387130000C,(04)23274275,(04)23288582,2025,08,18,17,49,臺中市,清水區,0,2,0,7,2,6,30,3,2,1,5,4,6,6,4,4,1,4,5,1,16,2,9,1,1,C03,7,5,1,10,2,14,,13,13,1,13,4,120.602362,24.31042,2
6763,66000,387130000C,(04)23274275,(04)23288582,2025,08,18,17,50,臺中市,南屯區,0,0,0,7,,,50,,,,,,,,,,,,,,12,,,,,B03,,,1,,1,,,47,47,1,12,4,120.652971,24.140127,3
6764,66000,387130000C,(04)23274275,(04)23288582,2025,08,18,17,50,臺中市,太平區,0,0,0,7,2,3,80,,,,,,,,,,,,,,,,,,,B12,,,1,,2,4,,40,40,1,12,4,120.715553,24.150648,3
6765,66000,387130000C,(04)23274275,(04)23288582,2025,08,18,17,52,臺中市,西屯區,0,0,0,7,,,50,,,,,,,,,,,,,,16,,,,,B03,,,1,,1,,,14,14,1,13,4,120.6543,24.161035,3
6766,66000,387130000C,(04)23274275,(04)23288582,2025,08,18,17,53,臺中市,北區,0,0,0,7,,,40,,,,,,,,,,,,,,18,,,,,C03,,,1,,2,,,84,84,1,12,4,120.672574,24.169181,4
6767,66000,387130000C,(04)23274275,(04)23288582,2025,08,18,17,54,臺中市,北屯區,0,0,0,7,,,50,,,,,,,,,,,,,,12,,,,,,,,,,,,,86,86,2,,,120.718811,24.185714,3
6768,66000,387130000C,(04)23274275,(04)23288582,2025,08,18,17,59,臺中市,西屯區,0,1,0,7,1,6,50,4,1,1,5,4,6,6,2,1,10,5,5,2,16,3,10,3,1,B03,7,6,1,8,2,5,,11,11,1,12,4,120.6261,24.184575,2
6769,66000,387130000C,(04)23274275,(04)23288582,2025,08,18,18,2,臺中市,南屯區,0,1,0,7,1,6,50,4,2,1,5,4,6,6,2,1,1,3,5,1,17,2,7,1,1,C03,7,9,1,10,2,12,,8,8,1,12,4,120.637555,24.151545,2
6770,66000,387130000C,(04)23274275,(04)23288582,2025,08,18,18,2,臺中市,西屯區,0,1,0,7,2,6,30,3,1,1,5,4,6,6,4,4,10,5,5,2,16,3,10,5,1,B03,7,6,1,8,2,8,,12,12,1,12,4,120.63882,24.172066,2
6771,66000,387130000C,(04)23274275,(04)23288582,2025,08,18,18,3,臺中市,南屯區,0,2,0,7,2,6,50,13,9,1,5,4,6,6,4,4,5,4,5,2,17,3,10,3,1,B03,7,14,1,8,2,16,,84,84,1,12,4,120.649968,24.133645,2
6772,66000,387130000C,(04)23274275,(04)23288582,2025,08,18,18,4,臺中市,南區,0,0,0,7,,,30,,,,,,,,,,,,,,17,,,,,C03,,,1,,1,,,84,84,1,12,4,120.674832,24.124958,4
6773,66000,387130000C,(04)23274275,(04)23288582,2025,08,18,18,7,臺中市,北屯區,0,2,0,7,1,6,50,13,9,1,5,4,6,6,4,4,5,4,5,2,13,2,9,1,1,C03,7,9,1,10,2,11,,84,84,1,13,4,120.709835,24.179848,2
6774,66000,387130000C,(04)23274275,(04)23288582,2025,08,18,18,7,臺中市,霧峰區,0,1,0,7,2,6,50,11,9,1,5,4,6,6,4,4,10,5,5,2,11,3,10,1,1,C03,7,9,1,10,2,14,,87,87,1,12,4,120.716523,24.072652,2
6775,66000,387130000C,(04)23274275,(04)23288582,2025,08,18,18,9,臺中市,西區,0,0,0,7,,,50,,,,,,,,,,,,,,13,,,,,B03,,,1,,1,,,7,7,1,12,4,120.670485,24.138057,3
6776,66000,387130000C,(04)23274275,(04)23288582,2025,08,18,18,11,臺中市,西區,0,0,0,7,,,50,,,,,,,,,,,,,,,,,,,C03,,,1,10,1,,,84,84,1,13,4,120.665268,24.146718,3
6777,66000,387130000C,(04)23274275,(04)23288582,2025,08,18,18,13,臺中市,南區,0,0,0,7,,,50,,,,,,,,,,,,,,15,,,,,B03,,,1,,2,,,15,15,1,12,4,120.647476,24.121103,3
6778,66000,387130000C,(04)23274275,(04)23288582,2025,08,18,18,14,臺中市,南區,0,0,0,7,,,50,,,,,,,,,,,,,,17,,,,,B03,,,1,,2,,,84,84,1,12,4,120.660449,24.113437,3
6779,66000,387130000C,(04)23274275,(04)23288582,2025,08,18,18,19,臺中市,烏日區,0,0,0,7,,,60,,,,,,,,,,,,,,2,,,,,B03,,,1,,2,,,35,35,1,6,4,120.618786,24.115063,3
6780,66000,387130000C,(04)23274275,(04)23288582,2025,08,18,18,19,臺中市,東勢區,0,0,0,7,,,50,,,,,,,,,,,,,,,,,,,B03,,,1,,2,,,50,50,1,12,4,120.830186,24.251466,4
6781,66000,387130000C,(04)23274275,(04)23288582,2025,08,18,18,20,臺中市,南區,0,1,0,7,2,6,40,3,1,1,5,4,6,6,2,1,2,2,2,2,13,3,10,3,1,B03,7,9,1,8,2,5,,84,84,1,13,4,120.659907,24.12476,2
6782,66000,387130000C,(04)23274275,(04)23288582,2025,08,18,18,21,臺中市,南區,0,0,0,7,,,50,,,,,,,,,,,,,,13,,,,,C03,,,1,,1,,,7,7,1,13,4,120.682929,24.134431,3
6783,66000,387130000C,(04)23274275,(04)23288582,2025,08,18,18,23,臺中市,南屯區,0,0,0,7,,,50,,,,,,,,,,,,,,,,,,,B11,,,1,,9,,,39,39,1,6,4,120.63475,24.131021,3
6784,66000,387130000C,(04)23274275,(04)23288582,2025,08,18,18,23,臺中市,北屯區,0,2,0,7,1,6,50,4,1,1,5,4,6,6,2,1,10,5,5,2,16,2,1,2,1,C03,7,5,1,10,2,12,,84,84,1,12,4,120.683537,24.1736,2
6785,66000,387130000C,(04)23274275,(04)23288582,2025,08,18,18,31,臺中市,南區,0,2,0,7,1,6,50,4,1,1,5,4,6,6,4,4,10,5,5,2,15,2,9,2,1,C03,7,9,1,10,2,11,,15,15,1,12,4,120.662581,24.121913,2
6786,66000,387130000C,(04)23274275,(04)23288582,2025,08,18,18,33,臺中市,北屯區,0,2,0,7,1,6,50,5,1,1,5,4,6,6,1,1,10,5,5,2,12,2,9,2,1,C03,7,7,1,10,9,11,,84,84,1,13,4,120.690897,24.171313,2
6787,66000,387130000C,(04)23274275,(04)23288582,2025,08,18,18,33,臺中市,清水區,0,0,0,7,,,50,,,,,,,,,,,,,,13,,,,,B03,,,1,,2,,,7,7,1,13,4,120.568056,24.270066,3
6788,66000,387130000C,(04)23274275,(04)23288582,2025,08,18,18,36,臺中市,北屯區,0,0,0,7,,,50,,,,,,,,,,,,,,17,,,,,B03,,,1,,2,,,50,50,1,12,4,120.72268,24.17728,3
6789,66000,387130000C,(04)23274275,(04)23288582,2025,08,18,18,43,臺中市,大甲區,0,1,0,7,2,6,50,4,1,1,5,4,6,6,1,1,10,4,5,1,3,3,10,3,1,B03,7,6,1,8,2,1,,10,10,1,6,4,120.619702,24.3498,2
6790,66000,387130000C,(04)23274275,(04)23288582,2025,08,18,18,47,臺中市,北屯區,0,0,0,7,,,30,,,,,,,,,,,,,,14,,,,,B03,,,1,,2,,,49,49,1,12,4,120.704754,24.167661,3
6791,66000,387130000C,(04)23274275,(04)23288582,2025,08,18,18,48,臺中市,太平區,0,1,0,7,1,6,50,5,1,1,5,4,6,6,2,1,10,5,5,2,16,3,10,3,1,B12,7,6,1,8,2,5,,11,11,1,12,4,120.724577,24.149636,2
6792,66000,387130000C,(04)23274275,(04)23288582,2025,08,18,18,51,臺中市,潭子區,0,0,0,7,,,0,,,,,,,,,,,,,,,,,,,C03,,,1,,2,,,50,50,1,12,4,120.700369,24.211157,3
6793,66000,387130000C,(04)23274275,(04)23288582,2025,08,18,18,53,臺中市,大里區,0,0,0,7,1,6,50,4,1,1,5,4,6,6,1,1,5,5,5,1,11,,,,,B03,,,1,,1,,,8,8,1,13,4,120.685861,24.10889,3
6794,66000,387130000C,(04)23274275,(04)23288582,2025,08,18,18,56,臺中市,太平區,0,1,0,7,1,6,50,13,24,1,5,4,6,6,4,4,10,5,5,2,16,3,10,1,1,C03,7,11,1,10,2,14,,46,46,1,12,4,120.719564,24.129973,2
6795,66000,387130000C,(04)23274275,(04)23288582,2025,08,18,18,59,臺中市,西屯區,0,1,0,7,1,6,50,4,1,1,5,4,6,6,4,4,4,4,5,2,15,3,10,5,4,C03,7,9,5,19,2,13,,13,13,1,13,4,120.612063,24.185364,2
6796,66000,387130000C,(04)23274275,(04)23288582,2025,08,18,19,2,臺中市,沙鹿區,0,0,0,7,,,50,,,,,,,,,,,,,,17,,,,,F03,,,7,,2,,,59,59,1,12,4,120.565366,24.246222,3
6797,66000,387130000C,(04)23274275,(04)23288582,2025,08,18,19,2,臺中市,神岡區,0,1,0,7,2,6,50,3,1,1,5,4,6,6,2,1,1,5,5,2,3,3,10,5,4,B03,7,6,1,10,2,8,,10,10,1,13,4,120.682555,24.246105,2
6798,66000,387130000C,(04)23274275,(04)23288582,2025,08,18,19,5,臺中市,北區,0,1,0,7,1,6,50,13,9,1,5,4,6,6,4,4,9,5,5,2,12,3,10,3,1,B03,7,10,1,8,2,5,,59,59,1,13,4,120.663668,24.162363,2
6799,66000,387130000C,(04)23274275,(04)23288582,2025,08,18,19,5,臺中市,南屯區,0,1,0,7,2,6,50,13,9,1,5,4,6,6,4,4,9,4,5,2,18,2,9,1,1,C03,7,9,1,10,2,12,,59,59,1,12,4,120.646406,24.147314,2
6800,66000,387130000C,(04)23274275,(04)23288582,2025,08,18,19,7,臺中市,中區,0,1,0,7,1,6,50,4,1,1,5,4,6,6,1,1,10,5,5,2,18,2,9,2,1,C03,7,9,1,10,2,12,,87,87,1,12,4,120.677512,24.142746,2
6801,66000,387130000C,(04)23274275,(04)23288582,2025,08,18,19,8,臺中市,太平區,0,0,0,7,,,40,,,,,,,,,,,,,,,,,,,B01,,,1,,2,,,50,50,1,12,4,120.724961,24.133974,3
6802,66000,387130000C,(04)23274275,(04)23288582,2025,08,18,19,9,臺中市,大里區,0,0,0,7,,,40,,,,,,,,,,,,,,17,,,,,C03,,,1,10,2,,,84,84,1,13,4,120.700828,24.088607,3
6803,66000,387130000C,(04)23274275,(04)23288582,2025,08,18,19,11,臺中市,西屯區,0,0,0,7,,,50,,,,,,,,,,,,,,12,,,,,B03,,,1,,1,,,42,42,1,12,4,120.659684,24.192971,3
6804,66000,387130000C,(04)23274275,(04)23288582,2025,08,18,19,11,臺中市,后里區,0,0,0,7,1,6,50,13,9,1,5,4,6,6,4,4,9,5,5,1,17,3,10,2,1,C03,7,6,1,10,1,12,,20,20,1,12,4,120.688309,24.314784,3
6805,66000,387130000C,(04)23274275,(04)23288582,2025,08,18,19,16,臺中市,大肚區,0,1,0,7,1,6,30,4,1,1,5,4,6,6,4,4,10,5,5,2,15,3,10,3,1,B03,7,9,1,8,2,1,,13,13,1,6,4,120.545863,24.149428,2
6806,66000,387130000C,(04)23274275,(04)23288582,2025,08,18,19,16,臺中市,豐原區,0,0,0,7,,,40,,,,,,,,,,,,,,17,,,,,B03,,,1,,2,,,8,8,1,13,4,120.718883,24.264269,3
6807,66000,387130000C,(04)23274275,(04)23288582,2025,08,18,19,20,臺中市,霧峰區,0,2,0,7,1,6,50,3,1,1,5,4,6,6,1,1,10,5,5,2,15,2,9,2,1,F03,7,9,7,21,2,11,,21,21,1,6,4,120.691695,24.042903,2
6808,66000,387130000C,(04)23274275,(04)23288582,2025,08,18,19,31,臺中市,北屯區,0,1,0,7,1,6,60,3,2,1,5,4,6,6,2,1,3,4,4,2,13,3,10,1,1,C03,7,9,1,10,1,11,,26,26,1,12,4,120.711884,24.164547,2
6809,66000,387130000C,(04)23274275,(04)23288582,2025,08,18,19,38,臺中市,潭子區,0,0,0,7,,,50,,,,,,,,,,,,,,9,,,,,B03,,,1,,2,,,84,84,1,12,4,120.702753,24.205047,3
6810,66000,387130000C,(04)23274275,(04)23288582,2025,08,18,19,38,臺中市,南屯區,0,0,0,7,,,50,,,,,,,,,,,,,,12,,,,,B03,,,1,,2,,,84,84,1,12,4,120.637467,24.150738,3
6811,66000,387130000C,(04)23274275,(04)23288582,2025,08,18,19,39,臺中市,北屯區,0,2,0,7,1,6,50,3,1,1,5,4,6,6,1,1,10,5,5,2,16,3,10,3,1,B03,7,6,1,8,2,8,,48,48,1,13,4,120.733272,24.166719,2
6812,66000,387130000C,(04)23274275,(04)23288582,2025,08,18,19,39,臺中市,沙鹿區,0,2,0,7,1,6,30,3,1,1,5,4,6,6,4,4,10,5,5,2,23,2,9,2,1,C03,7,9,1,10,2,11,,6,6,1,12,4,120.581092,24.201811,2
6813,66000,387130000C,(04)23274275,(04)23288582,2025,08,18,19,48,臺中市,太平區,0,2,0,7,1,6,50,4,1,1,4,4,6,6,4,4,10,5,5,2,16,2,8,4,1,F01,7,6,7,21,1,14,12,48,48,1,12,4,120.716561,24.137215,2
6814,66000,387130000C,(04)23274275,(04)23288582,2025,08,18,19,59,臺中市,大雅區,0,0,0,7,,,0,,,,,,,,,,,,,,14,,,,,B03,,,1,,1,,,49,49,1,13,4,120.63614,24.23494,3
6815,66000,387130000C,(04)23274275,(04)23288582,2025,08,18,20,6,臺中市,西屯區,0,0,0,7,,,50,,,,,,,,,,,,,,12,,,,,B03,,,1,,1,,,40,40,1,12,4,120.656453,24.200272,3
6816,66000,387130000C,(04)23274275,(04)23288582,2025,08,18,20,11,臺中市,西屯區,0,0,0,7,,,50,,,,,,,,,,,,,,,,,,,B03,,,1,,2,,,48,48,1,12,4,120.595199,24.170096,3
6817,66000,387130000C,(04)23274275,(04)23288582,2025,08,18,20,13,臺中市,北屯區,0,0,0,7,,,50,,,,,,,,,,,,,,13,,,,,B03,,,1,,1,,,7,7,1,12,4,120.686362,24.187723,3
6818,66000,387130000C,(04)23274275,(04)23288582,2025,08,18,20,22,臺中市,西屯區,0,0,0,7,,,50,,,,,,,,,,,,,,12,,,,,A05,,,1,,1,,,45,45,1,13,4,120.656501,24.200254,3
6819,66000,387130000C,(04)23274275,(04)23288582,2025,08,18,20,26,臺中市,豐原區,0,0,0,7,,,50,,,,,,,,,,,,,,25,,,,,B02,,,1,,2,,,59,59,1,12,1,120.724081,24.24426,3
6820,66000,387130000C,(04)23274275,(04)23288582,2025,08,18,20,32,臺中市,大肚區,0,1,0,7,2,6,50,5,9,1,5,4,6,6,1,1,10,5,5,2,18,2,9,2,1,C03,7,9,1,10,2,14,,59,59,1,6,4,120.542802,24.15039,2
6821,66000,387130000C,(04)23274275,(04)23288582,2025,08,18,20,34,臺中市,北屯區,0,1,0,7,1,6,50,4,1,1,5,4,6,6,4,4,10,5,5,2,15,3,10,3,1,B03,7,9,3,19,2,5,,15,15,1,12,4,120.724842,24.159638,2
6822,66000,387130000C,(04)23274275,(04)23288582,2025,08,18,20,48,臺中市,南區,0,1,0,7,1,6,50,13,8,1,5,4,6,6,4,4,9,4,4,2,2,2,9,1,1,C03,7,9,1,10,2,12,,7,7,1,13,4,120.677926,24.129453,2
6823,66000,387130000C,(04)23274275,(04)23288582,2025,08,18,20,51,臺中市,大里區,0,0,0,7,,,50,,,,,,,,,,,,,,,,,,,B03,,,1,,1,,,7,7,1,12,4,120.682525,24.079081,3
6824,66000,387130000C,(04)23274275,(04)23288582,2025,08,18,21,10,臺中市,烏日區,0,2,0,7,1,6,50,4,1,1,5,4,6,6,4,4,1,3,5,1,12,2,9,2,1,C03,7,4,1,10,2,14,,1,1,1,6,4,120.631733,24.105206,2
6825,66000,387130000C,(04)23274275,(04)23288582,2025,08,18,21,10,臺中市,大甲區,0,1,0,7,3,6,50,13,9,1,5,4,6,6,4,4,5,5,5,1,30,2,9,1,1,F03,7,9,7,21,2,11,,7,7,1,6,4,120.618281,24.350768,2
6826,66000,387130000C,(04)23274275,(04)23288582,2025,08,18,21,17,臺中市,北屯區,0,0,0,7,,,50,,,,,,,,,,,,,,,,,,,B03,,,1,,9,,,49,49,1,12,4,120.665138,24.183921,3
6827,66000,387130000C,(04)23274275,(04)23288582,2025,08,18,21,40,臺中市,太平區,0,1,0,7,1,6,40,3,2,1,5,4,6,6,4,4,10,5,5,2,18,2,9,1,1,C03,7,9,1,10,2,14,,58,58,1,6,4,120.733227,24.150632,2
6828,66000,387130000C,(04)23274275,(04)23288582,2025,08,18,21,46,臺中市,后里區,0,2,0,7,1,6,50,3,2,1,5,4,6,6,1,1,5,4,5,1,30,2,7,3,1,B03,7,9,1,8,2,5,,59,59,1,12,4,120.677125,24.316526,2
6829,66000,387130000C,(04)23274275,(04)23288582,2025,08,18,21,47,臺中市,北屯區,0,2,0,7,1,6,50,4,1,1,5,4,6,6,2,1,10,5,5,2,16,2,9,1,1,C03,7,6,1,10,2,14,,48,48,1,12,4,120.671151,24.193054,2
6830,66000,387130000C,(04)23274275,(04)23288582,2025,08,18,21,50,臺中市,北區,0,1,0,7,1,6,50,4,1,1,5,4,6,6,1,1,10,5,5,2,23,2,6,3,1,B03,7,6,1,8,2,8,,84,84,1,12,4,120.678255,24.163174,2
6831,66000,387130000C,(04)23274275,(04)23288582,2025,08,18,21,54,臺中市,神岡區,0,0,0,7,,,50,,,,,,,,,,,,,,2,,,,,B03,,,1,,2,,,84,84,1,12,4,120.695745,24.248225,3
6832,66000,387130000C,(04)23274275,(04)23288582,2025,08,18,22,8,臺中市,南屯區,0,2,0,7,1,6,50,4,1,1,5,4,6,6,2,1,5,4,4,2,11,2,9,2,1,C03,7,6,1,10,2,12,,36,36,1,13,4,120.620854,24.13999,2
6833,66000,387130000C,(04)23274275,(04)23288582,2025,08,18,22,15,臺中市,西屯區,0,0,0,7,,,50,,,,,,,,,,,,,,12,,,,,B12,,,1,,1,,,8,8,1,12,4,120.659269,24.193468,3