﻿序號,縣市別代碼,機關代碼,市話,傳真,年,月,日,時,分,縣市,區,死亡數量,受傷數量,2-30,天候,道路照明設備,道路類別,道路速限,道路型態,事故位置,路面鋪裝,路面狀態,路面缺陷,障礙物,視距,號誌種類,號誌動作,分向設施,快車道或一般車道間,快慢車道間,路面邊線,事故類型及型態,受傷程度,主要傷處,保護裝備,行動電話或功能裝置,當事者區分_類別,車輛用途,當事者行動狀態,駕照狀態,駕照種類,飲酒情形,車輛撞擊部位最初,車輛撞擊部位其他,肇事因素個別,肇事因素主要,肇事逃逸,職業,共享經濟或外送平台,GPS座標X,GPS座標Y,事故類別
6834,66000,387130000C,(04)23274275,(04)23288582,2025,08,18,22,20,臺中市,西屯區,0,0,0,7,,,50,,,,,,,,,,,,,,12,,,,,C03,,,1,,2,,,8,8,1,12,4,120.627094,24.181222,3
6835,66000,387130000C,(04)23274275,(04)23288582,2025,08,18,22,26,臺中市,豐原區,0,2,0,7,1,6,50,5,1,1,5,4,6,6,1,1,10,5,5,2,16,2,9,1,1,C03,7,6,1,10,2,12,,11,11,1,12,4,120.706088,24.242889,2
6836,66000,387130000C,(04)23274275,(04)23288582,2025,08,18,22,35,臺中市,北區,0,1,0,7,1,6,50,4,2,1,5,4,6,6,1,1,5,4,5,2,17,2,8,1,1,C03,7,15,1,10,2,14,,36,36,1,12,4,120.684843,24.159104,2
6837,66000,387130000C,(04)23274275,(04)23288582,2025,08,18,22,45,臺中市,大里區,0,1,0,7,1,6,50,4,2,1,5,4,6,6,2,1,1,4,4,1,18,2,9,1,1,C03,7,6,1,10,2,14,,87,87,1,13,4,120.69013,24.101104,2
6838,66000,387130000C,(04)23274275,(04)23288582,2025,08,18,22,46,臺中市,北屯區,0,0,0,7,,,50,,,,,,,,,,,,,,13,,,,,B03,,,1,,2,,,59,59,1,12,4,120.686607,24.197844,3
6839,66000,387130000C,(04)23274275,(04)23288582,2025,08,18,22,46,臺中市,北屯區,0,0,0,7,,,,,,,,,,,,,,,,,17,,,,,,,,,,,,,119,119,1,,,120.687171,24.186431,3
6840,66000,387130000C,(04)23274275,(04)23288582,2025,08,18,22,49,臺中市,龍井區,0,0,0,7,,,50,,,,,,,,,,,,,,13,,,,,B03,,,1,,1,,,7,7,1,12,4,120.574261,24.19605,3
6841,66000,387130000C,(04)23274275,(04)23288582,2025,08,18,23,3,臺中市,北區,0,0,0,7,,,40,,,,,,,,,,,,,,,,,,,C03,,,1,,1,,,7,7,1,12,4,120.694331,24.159247,3
6842,66000,387130000C,(04)23274275,(04)23288582,2025,08,18,23,11,臺中市,南屯區,0,0,0,7,,,50,,,,,,,,,,,,,,30,,,,,B02,,,1,,2,,,49,49,1,6,4,120.649852,24.138133,3
6843,66000,387130000C,(04)23274275,(04)23288582,2025,08,18,23,14,臺中市,龍井區,0,0,0,7,,,50,,,,,,,,,,,,,,16,,,,,C03,,,1,,1,,,65,65,1,6,4,120.585167,24.184679,3
6844,66000,387130000C,(04)23274275,(04)23288582,2025,08,18,23,17,臺中市,西區,0,2,0,7,2,6,50,4,1,1,5,4,6,6,1,1,10,5,5,2,16,2,9,2,1,C03,7,9,1,10,2,11,,84,84,1,12,4,120.655131,24.15079,2
6845,66000,387130000C,(04)23274275,(04)23288582,2025,08,18,23,28,臺中市,龍井區,0,0,0,7,,,30,,,,,,,,,,,,,,16,,,,,B03,,,1,,1,,,14,14,1,6,4,120.58277,24.182283,3
6846,66000,387130000C,(04)23274275,(04)23288582,2025,08,18,23,31,臺中市,烏日區,0,0,0,7,,,70,,,,,,,,,,,,,,17,,,,,A41,,,1,,1,,,51,51,1,6,4,120.593608,24.112809,3
6847,66000,387130000C,(04)23274275,(04)23288582,2025,08,18,23,40,臺中市,太平區,0,0,0,7,,,50,,,,,,,,,,,,,,,,,,,B03,,,1,,1,,,84,84,1,12,4,120.719104,24.125092,3
6848,66000,387130000C,(04)23274275,(04)23288582,2025,08,18,23,58,臺中市,北屯區,0,1,0,7,1,6,50,11,9,1,5,4,6,6,4,4,4,3,5,2,11,2,9,2,1,C03,7,8,5,19,2,14,,26,26,1,13,4,120.669048,24.181978,2
6849,66000,387130000C,(04)23274275,(04)23288582,2025,08,19,0,12,臺中市,潭子區,0,0,0,7,,,50,,,,,,,,,,,,,,17,,,,,B02,,,1,,2,,,84,84,1,12,4,120.703621,24.213077,3
6850,66000,387130000C,(04)23274275,(04)23288582,2025,08,19,0,59,臺中市,大里區,0,2,0,7,1,6,50,4,2,1,5,4,6,6,1,1,10,5,5,2,12,2,9,2,1,C03,7,6,3,19,2,14,,11,11,1,12,4,120.694597,24.111591,2
6851,66000,387130000C,(04)23274275,(04)23288582,2025,08,19,1,19,臺中市,龍井區,0,0,0,7,,,40,,,,,,,,,,,,,,,,,,,B03,,,1,,2,,,49,49,1,6,4,120.549723,24.208684,3
6852,66000,387130000C,(04)23274275,(04)23288582,2025,08,19,3,21,臺中市,烏日區,0,1,0,7,1,6,50,13,9,1,5,4,6,6,4,4,9,5,5,2,18,2,9,6,1,F01,7,9,7,21,2,14,,59,59,1,6,4,120.597452,24.110293,2
6853,66000,387130000C,(04)23274275,(04)23288582,2025,08,19,3,30,臺中市,神岡區,0,0,0,7,,,30,,,,,,,,,,,,,,27,,,,,A21,,,1,,2,,,29,29,1,6,4,120.682473,24.271783,3
6854,66000,387130000C,(04)23274275,(04)23288582,2025,08,19,3,57,臺中市,西屯區,0,0,0,7,,,50,,,,,,,,,,,,,,12,,,,,B03,,,5,,1,,,84,84,1,13,4,120.649155,24.167641,3
6855,66000,387130000C,(04)23274275,(04)23288582,2025,08,19,4,23,臺中市,北區,0,0,0,7,,,50,,,,,,,,,,,,,,13,,,,,B03,,,1,,1,,,59,59,1,13,4,120.689875,24.158181,3
6856,66000,387130000C,(04)23274275,(04)23288582,2025,08,19,4,50,臺中市,太平區,0,0,0,7,,,30,,,,,,,,,,,,,,25,,,,,B02,,,1,,2,,,39,39,1,6,4,120.726583,24.149611,3
6857,66000,387130000C,(04)23274275,(04)23288582,2025,08,19,4,54,臺中市,沙鹿區,0,1,0,7,2,6,50,3,1,1,5,4,6,6,1,1,5,4,4,2,30,2,9,1,1,C03,7,9,1,10,2,12,,85,85,1,13,4,120.57671,24.224373,2
6858,66000,387130000C,(04)23274275,(04)23288582,2025,08,19,5,14,臺中市,神岡區,0,1,0,7,1,6,50,13,9,1,5,4,5,6,4,4,5,5,5,1,10,3,10,3,1,D02,7,9,1,8,2,5,,84,84,1,10,4,120.659109,24.274928,2
6859,66000,387130000C,(04)23274275,(04)23288582,2025,08,19,5,28,臺中市,西屯區,0,1,0,7,2,6,50,13,9,1,5,4,6,6,4,4,5,4,5,2,18,2,8,1,4,C01,7,15,1,9,2,14,,54,54,1,12,4,120.619888,24.169263,2
6860,66000,387130000C,(04)23274275,(04)23288582,2025,08,19,6,2,臺中市,北屯區,0,2,0,7,2,6,50,4,1,1,5,4,6,6,2,1,1,3,5,2,15,2,8,2,1,C03,7,9,1,10,2,14,,21,21,1,13,4,120.678418,24.201302,2
6861,66000,387130000C,(04)23274275,(04)23288582,2025,08,19,6,14,臺中市,大甲區,0,1,0,7,3,6,50,4,1,1,5,4,6,6,2,1,10,5,5,2,17,3,10,5,4,B03,7,5,5,19,2,5,,47,47,1,6,4,120.625843,24.343542,2
6862,66000,387130000C,(04)23274275,(04)23288582,2025,08,19,6,30,臺中市,西屯區,0,0,0,7,,,,,,,,,,,,,,,,,17,,,,,,,,,,,,,86,86,1,12,,120.656721,24.156493,3
6863,66000,387130000C,(04)23274275,(04)23288582,2025,08,19,6,33,臺中市,西區,0,0,0,7,,,50,,,,,,,,,,,,,,12,,,,,B03,,,1,,2,,,7,7,1,12,4,120.669792,24.143996,3
6864,66000,387130000C,(04)23274275,(04)23288582,2025,08,19,6,33,臺中市,霧峰區,0,2,0,7,3,6,30,4,1,1,5,4,6,6,4,4,10,5,5,1,15,2,8,1,1,C03,7,9,1,10,2,12,13,12,12,1,12,4,120.687319,24.051465,2
6865,66000,387130000C,(04)23274275,(04)23288582,2025,08,19,6,38,臺中市,大里區,0,1,0,7,2,6,50,13,9,1,5,4,6,6,4,4,1,5,5,2,30,2,9,2,1,C03,7,9,1,10,2,12,,55,55,1,12,4,120.667805,24.083441,2
6866,66000,387130000C,(04)23274275,(04)23288582,2025,08,19,6,47,臺中市,霧峰區,0,0,0,7,,,50,,,,,,,,,,,,,,12,,,,,C03,,,1,,2,,,48,48,1,12,4,120.664749,24.059921,3
6867,66000,387130000C,(04)23274275,(04)23288582,2025,08,19,6,50,臺中市,北區,0,0,0,7,,,50,,,,,,,,,,,,,,14,,,,,B01,,,1,,1,,,49,49,1,12,4,120.67033,24.159467,3
6868,66000,387130000C,(04)23274275,(04)23288582,2025,08,19,6,50,臺中市,南區,0,0,0,7,,,30,,,,,,,,,,,,,,14,,,,,B03,,,1,,1,,,49,49,1,6,4,120.671113,24.126123,3
6869,66000,387130000C,(04)23274275,(04)23288582,2025,08,19,7,2,臺中市,潭子區,0,0,0,7,,,50,,,,,,,,,,,,,,,,,,,,,,,,,,,86,86,1,,,120.705944,24.201325,3
6870,66000,387130000C,(04)23274275,(04)23288582,2025,08,19,7,4,臺中市,東區,0,1,0,7,2,6,50,5,1,1,5,4,6,6,2,1,10,5,5,2,12,3,10,2,1,C03,7,4,1,10,3,13,,1,1,1,13,4,120.692418,24.151667,2
6871,66000,387130000C,(04)23274275,(04)23288582,2025,08,19,7,5,臺中市,清水區,0,0,0,7,,,50,,,,,,,,,,,,,,17,,,,,C03,,,3,,2,,,7,7,1,12,4,120.574278,24.269294,3
6872,66000,387130000C,(04)23274275,(04)23288582,2025,08,19,7,10,臺中市,太平區,0,0,0,7,2,6,50,3,1,1,5,4,6,6,4,4,5,5,5,2,13,3,10,1,1,C03,7,9,1,10,1,11,,7,7,1,6,4,120.732094,24.140996,3
6873,66000,387130000C,(04)23274275,(04)23288582,2025,08,19,7,13,臺中市,北區,0,0,0,7,,,50,,,,,,,,,,,,,,13,,,,,B03,,,1,,2,,,7,7,1,13,4,120.680527,24.159013,3
6874,66000,387130000C,(04)23274275,(04)23288582,2025,08,19,7,15,臺中市,南屯區,0,2,0,7,2,6,50,4,2,1,5,4,6,6,4,4,10,5,5,2,18,2,9,2,1,C03,7,9,1,10,2,11,,59,59,1,12,4,120.611921,24.135584,2
6875,66000,387130000C,(04)23274275,(04)23288582,2025,08,19,7,20,臺中市,北屯區,0,0,0,7,,,50,,,,,,,,,,,,,,9,,,,,B03,,,1,,2,,,51,51,1,6,4,120.718653,24.182039,3
6876,66000,387130000C,(04)23274275,(04)23288582,2025,08,19,7,21,臺中市,梧棲區,0,0,0,7,,,40,,,,,,,,,,,,,,16,,,,,C03,,,1,,1,,,7,7,1,6,4,120.527524,24.222609,3
6877,66000,387130000C,(04)23274275,(04)23288582,2025,08,19,7,25,臺中市,西屯區,0,0,0,7,,,50,,,,,,,,,,,,,,13,,,,,B03,,,1,,1,,,7,7,1,13,4,120.594685,24.191219,3
6878,66000,387130000C,(04)23274275,(04)23288582,2025,08,19,7,28,臺中市,梧棲區,0,1,0,7,3,6,50,4,1,1,5,4,6,6,4,4,10,5,5,2,16,2,8,1,1,C03,7,6,1,10,2,11,,14,14,1,6,4,120.53813,24.247321,2
6879,66000,387130000C,(04)23274275,(04)23288582,2025,08,19,7,29,臺中市,大里區,0,0,0,7,,,50,,,,,,,,,,,,,,12,,,,,C03,,,1,,1,,,40,40,1,13,4,120.701505,24.124791,3
6880,66000,387130000C,(04)23274275,(04)23288582,2025,08,19,7,31,臺中市,西屯區,0,0,0,7,2,6,50,13,5,1,5,4,6,6,4,4,10,5,5,2,16,,,,,C03,,,1,,1,,,87,87,1,12,4,120.66698,24.175054,3
6881,66000,387130000C,(04)23274275,(04)23288582,2025,08,19,7,31,臺中市,烏日區,0,0,0,7,,,50,,,,,,,,,,,,,,,,,,,B03,,,1,,1,,,7,7,1,6,4,120.650268,24.107077,3
6882,66000,387130000C,(04)23274275,(04)23288582,2025,08,19,7,33,臺中市,大甲區,0,0,0,7,,,70,,,,,,,,,,,,,,,,,,,B03,,,1,,1,,,8,8,1,12,4,120.639448,24.363326,3
6883,66000,387130000C,(04)23274275,(04)23288582,2025,08,19,7,37,臺中市,潭子區,0,1,0,7,2,6,60,3,2,1,5,4,6,6,2,1,1,4,5,1,13,3,10,1,1,C03,7,9,1,10,2,11,,59,59,1,13,4,120.708665,24.231448,2
6884,66000,387130000C,(04)23274275,(04)23288582,2025,08,19,7,37,臺中市,東區,0,0,0,7,,,30,,,,,,,,,,,,,,17,,,,,B03,,,1,,1,,,84,84,1,12,4,120.69539,24.125154,3
6885,66000,387130000C,(04)23274275,(04)23288582,2025,08,19,7,37,臺中市,南區,0,1,0,7,3,6,50,13,7,1,5,4,6,6,4,4,5,5,4,2,17,3,10,3,1,B03,7,1,1,7,2,8,,51,51,1,13,4,120.654864,24.113744,2
6886,66000,387130000C,(04)23274275,(04)23288582,2025,08,19,7,41,臺中市,北區,0,0,0,7,,,50,,,,,,,,,,,,,,17,,,,,B01,,,6,,9,,,85,85,1,13,4,120.677366,24.149547,4
6887,66000,387130000C,(04)23274275,(04)23288582,2025,08,19,7,44,臺中市,南區,0,2,0,7,2,6,0,13,9,1,5,4,6,6,4,4,10,5,5,2,3,2,9,6,5,H01,8,16,7,21,10,17,,98,98,1,13,5,120.650424,24.113085,2
6888,66000,387130000C,(04)23274275,(04)23288582,2025,08,19,7,44,臺中市,梧棲區,0,1,0,7,3,6,50,4,1,1,5,4,6,6,1,1,10,5,5,2,16,3,10,3,1,B03,7,5,1,8,1,2,,11,11,1,6,4,120.525148,24.223052,2
6889,66000,387130000C,(04)23274275,(04)23288582,2025,08,19,7,45,臺中市,大肚區,0,0,0,7,,,30,,,,,,,,,,,,,,,,,,,C03,,,1,,1,,,7,7,1,6,4,120.574658,24.122967,3
6890,66000,387130000C,(04)23274275,(04)23288582,2025,08,19,7,45,臺中市,大肚區,0,0,0,7,,,50,,,,,,,,,,,,,,16,,,,,B03,,,1,,2,,,51,51,1,13,4,120.547771,24.152387,3
6891,66000,387130000C,(04)23274275,(04)23288582,2025,08,19,7,46,臺中市,烏日區,0,2,0,7,2,6,50,3,1,1,5,4,6,6,2,1,10,5,5,2,12,2,9,1,1,C03,7,1,1,10,2,11,14,85,85,1,6,4,120.62732,24.099987,2
6892,66000,387130000C,(04)23274275,(04)23288582,2025,08,19,7,46,臺中市,豐原區,0,1,0,7,2,6,60,4,2,1,5,4,6,6,1,1,1,2,4,1,13,3,10,1,1,C03,7,9,1,10,2,11,13,7,7,1,13,4,120.735831,24.260937,2
6893,66000,387130000C,(04)23274275,(04)23288582,2025,08,19,7,47,臺中市,西區,0,1,0,7,2,6,50,4,1,1,5,4,6,6,1,1,10,5,5,2,13,3,10,5,4,C03,7,9,1,10,2,11,,7,7,1,12,4,120.673668,24.147719,2
6894,66000,387130000C,(04)23274275,(04)23288582,2025,08,19,7,50,臺中市,大里區,0,0,0,7,,,50,,,,,,,,,,,,,,17,,,,,C03,,,1,,1,,,8,8,1,12,4,120.6828,24.100739,3
6895,66000,387130000C,(04)23274275,(04)23288582,2025,08,19,7,50,臺中市,豐原區,0,0,0,7,,,30,,,,,,,,,,,,,,17,,,,,B03,,,1,,2,,,50,50,1,13,4,120.744756,24.276451,3
6896,66000,387130000C,(04)23274275,(04)23288582,2025,08,19,7,51,臺中市,西屯區,0,1,0,7,2,6,40,13,8,1,5,4,6,6,4,4,1,5,1,2,18,2,9,5,4,C03,7,9,1,8,2,14,,59,59,1,13,4,120.634436,24.172746,2
6897,66000,387130000C,(04)23274275,(04)23288582,2025,08,19,7,51,臺中市,太平區,0,1,0,7,3,6,30,3,1,1,5,4,6,6,4,4,10,5,5,2,16,3,10,3,1,B03,7,6,1,8,2,5,,14,14,1,12,4,120.735702,24.143485,2
6898,66000,387130000C,(04)23274275,(04)23288582,2025,08,19,7,52,臺中市,東區,0,1,0,7,2,6,40,4,2,1,5,4,6,6,1,1,5,5,4,2,12,2,9,1,1,C03,7,8,1,10,2,14,,40,40,1,12,4,120.702879,24.144576,2
6899,66000,387130000C,(04)23274275,(04)23288582,2025,08,19,7,53,臺中市,太平區,0,2,0,7,2,6,50,3,1,1,5,4,6,6,4,4,5,5,5,1,3,2,9,6,5,H01,8,16,7,21,10,17,,95,95,1,6,5,120.714847,24.140286,2
6900,66000,387130000C,(04)23274275,(04)23288582,2025,08,19,7,53,臺中市,烏日區,0,1,0,7,3,6,50,8,9,1,5,4,6,6,4,4,9,5,5,1,12,3,10,3,1,B03,7,1,1,7,2,8,,51,51,1,6,4,120.630146,24.108662,2
6901,66000,387130000C,(04)23274275,(04)23288582,2025,08,19,7,55,臺中市,西屯區,0,0,0,7,,,50,,,,,,,,,,,,,,13,,,,,C03,,,1,,1,,,8,8,1,13,4,120.660525,24.172172,3
6902,66000,387130000C,(04)23274275,(04)23288582,2025,08,19,7,56,臺中市,北屯區,0,1,0,7,2,6,50,4,1,1,5,4,6,6,2,1,10,5,5,2,13,3,10,3,1,B03,7,9,1,8,2,1,,7,7,1,12,4,120.690746,24.163,2
6903,66000,387130000C,(04)23274275,(04)23288582,2025,08,19,7,57,臺中市,烏日區,0,1,0,7,3,6,50,3,1,1,5,4,5,6,4,4,9,5,5,1,13,2,8,1,1,C03,7,12,1,9,2,11,14,7,7,1,6,4,120.630023,24.108614,2
6904,66000,387130000C,(04)23274275,(04)23288582,2025,08,19,8,0,臺中市,太平區,0,0,0,7,,,50,,,,,,,,,,,,,,13,,,,,C03,,,1,,2,,,84,84,1,12,4,120.733099,24.134778,3
6905,66000,387130000C,(04)23274275,(04)23288582,2025,08,19,8,0,臺中市,清水區,0,1,0,7,3,6,50,13,9,1,5,4,6,6,4,4,5,5,5,2,17,2,8,2,1,C03,7,9,1,10,4,12,,7,7,1,12,4,120.573716,24.26709,2
6906,66000,387130000C,(04)23274275,(04)23288582,2025,08,19,8,0,臺中市,沙鹿區,0,1,0,7,2,6,50,4,9,1,5,4,6,6,1,1,4,3,5,2,12,3,10,3,1,B03,7,9,1,8,2,5,,7,7,1,12,4,120.580544,24.209606,2
6907,66000,387130000C,(04)23274275,(04)23288582,2025,08,19,8,2,臺中市,大雅區,0,0,0,7,,,60,,,,,,,,,,,,,,,,,,,C03,,,1,,2,,,36,36,1,12,4,120.645202,24.225274,3
6908,66000,387130000C,(04)23274275,(04)23288582,2025,08,19,8,2,臺中市,西屯區,0,1,0,7,2,6,30,3,1,1,5,4,6,6,4,4,10,5,5,2,16,3,10,5,4,B03,7,5,1,8,2,8,,11,11,1,13,4,120.619408,24.165475,2
6909,66000,387130000C,(04)23274275,(04)23288582,2025,08,19,8,7,臺中市,潭子區,0,0,0,7,,,30,,,,,,,,,,,,,,,,,,,B03,,,1,,2,,,84,84,1,13,4,120.681229,24.203457,3
6910,66000,387130000C,(04)23274275,(04)23288582,2025,08,19,8,9,臺中市,太平區,0,3,0,7,3,6,50,3,1,1,5,4,6,6,4,4,5,5,5,2,16,2,9,2,1,C03,7,4,1,10,2,12,,1,1,1,12,4,120.719679,24.155017,2
6911,66000,387130000C,(04)23274275,(04)23288582,2025,08,19,8,10,臺中市,豐原區,0,0,0,7,,,30,,,,,,,,,,,,,,14,,,,,B03,,,1,,2,,,50,50,1,12,4,120.733574,24.250631,3
6912,66000,387130000C,(04)23274275,(04)23288582,2025,08,19,8,11,臺中市,西屯區,0,0,0,7,,,70,,,,,,,,,,,,,,13,,,,,B03,,,1,,1,,,59,59,1,13,4,120.625462,24.178581,3
6913,66000,387130000C,(04)23274275,(04)23288582,2025,08,19,8,11,臺中市,西屯區,0,2,0,7,2,6,50,5,1,1,5,4,6,6,1,1,10,5,5,2,16,3,10,5,4,B03,7,5,1,8,2,6,,11,11,1,12,4,120.663954,24.176198,2
6914,66000,387130000C,(04)23274275,(04)23288582,2025,08,19,8,13,臺中市,西區,0,0,0,7,,,40,,,,,,,,,,,,,,,,,,,C03,,,1,,1,,,40,40,1,12,4,120.669213,24.134503,3
6915,66000,387130000C,(04)23274275,(04)23288582,2025,08,19,8,14,臺中市,龍井區,0,1,0,7,3,6,40,13,9,1,5,4,6,6,4,4,1,4,4,1,13,2,9,2,1,C03,7,9,1,10,2,11,,7,7,1,6,4,120.542817,24.174273,2
6916,66000,387130000C,(04)23274275,(04)23288582,2025,08,19,8,15,臺中市,北屯區,0,1,0,7,2,6,50,4,1,1,5,4,6,6,2,1,10,5,5,2,16,3,10,2,1,C03,7,9,1,10,2,11,,84,84,1,12,4,120.688188,24.175626,2
6917,66000,387130000C,(04)23274275,(04)23288582,2025,08,19,8,17,臺中市,南區,0,3,0,7,2,6,50,4,1,1,5,4,6,6,4,4,10,5,5,2,17,2,9,2,1,C03,7,1,1,10,2,11,,51,51,1,12,4,120.684151,24.12114,2
6918,66000,387130000C,(04)23274275,(04)23288582,2025,08,19,8,18,臺中市,西屯區,0,2,0,7,2,6,50,13,9,1,5,4,6,6,4,4,3,4,5,2,12,2,9,2,4,C03,7,7,1,10,2,12,,40,40,1,13,4,120.595075,24.196845,2
6919,66000,387130000C,(04)23274275,(04)23288582,2025,08,19,8,18,臺中市,龍井區,0,0,0,7,,,70,,,,,,,,,,,,,,,,,,,B03,,,2,,2,,,7,7,1,12,4,120.538871,24.206747,3
6920,66000,387130000C,(04)23274275,(04)23288582,2025,08,19,8,19,臺中市,西屯區,0,0,0,7,,,40,,,,,,,,,,,,,,12,,,,,B03,,,1,,2,,,51,51,1,13,4,120.604613,24.183536,3
6921,66000,387130000C,(04)23274275,(04)23288582,2025,08,19,8,19,臺中市,太平區,0,1,0,7,2,6,50,3,1,1,5,4,6,6,4,4,5,5,4,1,16,3,10,3,1,A12,7,6,1,3,2,7,,13,13,1,6,4,120.728485,24.097916,2
6922,66000,387130000C,(04)23274275,(04)23288582,2025,08,19,8,20,臺中市,清水區,0,1,0,7,3,6,50,4,1,1,5,4,6,1,4,4,5,5,5,1,17,3,10,3,1,B03,7,6,1,8,2,8,,14,14,1,12,4,120.574059,24.274113,2
6923,66000,387130000C,(04)23274275,(04)23288582,2025,08,19,8,21,臺中市,北屯區,0,1,0,7,2,6,50,4,2,1,5,4,6,6,1,1,9,4,4,2,17,3,10,1,1,C03,7,9,1,10,2,11,,7,7,1,12,4,120.705978,24.16948,2
6924,66000,387130000C,(04)23274275,(04)23288582,2025,08,19,8,23,臺中市,大甲區,0,0,0,7,,,50,,,,,,,,,,,,,,,,,,,B03,,,1,,1,,,7,7,1,6,4,120.638871,24.362802,3
6925,66000,387130000C,(04)23274275,(04)23288582,2025,08,19,8,25,臺中市,南屯區,0,0,0,7,3,6,50,13,9,1,5,4,6,6,1,1,5,4,5,2,12,,,,,B03,,,1,,1,,,8,8,1,12,4,120.637447,24.130107,3
6926,66000,387130000C,(04)23274275,(04)23288582,2025,08,19,8,25,臺中市,北屯區,0,1,0,7,2,6,50,5,2,1,5,4,6,6,2,1,1,1,5,2,15,2,8,1,1,C03,7,9,1,10,2,11,,21,21,1,6,2,120.697713,24.170492,2
6927,66000,387130000C,(04)23274275,(04)23288582,2025,08,19,8,25,臺中市,北屯區,0,1,0,7,3,6,50,4,2,1,5,4,6,6,1,1,5,5,4,2,13,2,9,2,1,C03,7,9,1,10,2,11,,7,7,1,6,4,120.676136,24.200773,2
6928,66000,387130000C,(04)23274275,(04)23288582,2025,08,19,8,27,臺中市,北區,0,2,0,7,3,6,50,4,2,1,5,4,6,6,4,4,9,5,5,2,17,2,9,2,1,C03,7,9,1,10,2,11,,59,59,1,12,4,120.690337,24.160308,2
6929,66000,387130000C,(04)23274275,(04)23288582,2025,08,19,8,27,臺中市,太平區,0,2,0,7,2,6,30,13,9,1,5,4,6,6,4,4,10,5,5,2,17,2,9,1,1,C03,7,9,3,19,2,14,,84,84,1,6,4,120.716128,24.142546,2
6930,66000,387130000C,(04)23274275,(04)23288582,2025,08,19,8,30,臺中市,中區,0,1,0,7,1,6,50,4,1,1,5,4,6,6,1,1,10,5,5,1,17,3,10,5,4,B01,7,6,1,8,2,8,,11,11,1,12,4,120.685582,24.138476,2
6931,66000,387130000C,(04)23274275,(04)23288582,2025,08,19,8,31,臺中市,北區,0,0,0,7,,,50,,,,,,,,,,,,,,12,,,,,B03,,,1,,2,,,8,8,1,13,4,120.688049,24.161604,3
6932,66000,387130000C,(04)23274275,(04)23288582,2025,08,19,8,32,臺中市,西屯區,0,2,0,7,3,6,50,3,9,1,5,4,6,6,4,4,1,4,5,2,12,3,10,3,1,B03,7,9,1,8,2,6,,8,8,1,13,4,120.624125,24.182625,2
6933,66000,387130000C,(04)23274275,(04)23288582,2025,08,19,8,33,臺中市,北區,0,2,0,7,2,6,30,4,2,1,5,4,6,6,4,4,10,5,5,2,17,2,9,2,1,C04,7,9,1,10,2,12,,12,12,1,13,4,120.671833,24.168897,2
6934,66000,387130000C,(04)23274275,(04)23288582,2025,08,19,8,36,臺中市,西區,0,0,0,7,,,50,,,,,,,,,,,,,,,,,,,C03,,,1,,2,,,50,50,1,12,4,120.677387,24.13365,3
6935,66000,387130000C,(04)23274275,(04)23288582,2025,08,19,8,40,臺中市,南屯區,0,2,0,7,3,6,50,4,4,1,5,4,6,6,1,1,10,5,5,2,13,2,8,2,1,C03,7,9,1,10,2,11,,7,7,1,12,4,120.646809,24.139792,2
6936,66000,387130000C,(04)23274275,(04)23288582,2025,08,19,8,40,臺中市,北屯區,0,2,0,7,2,6,50,3,1,1,5,4,6,6,4,4,10,5,5,2,16,2,9,2,1,C03,7,9,1,10,2,11,,85,85,1,12,4,120.703207,24.169,2
6937,66000,387130000C,(04)23274275,(04)23288582,2025,08,19,8,41,臺中市,西屯區,0,1,0,7,3,6,50,13,9,1,5,4,6,6,4,4,3,4,5,2,12,2,9,5,4,C03,7,8,1,10,2,14,,40,40,1,13,4,120.653327,24.167679,2
6938,66000,387130000C,(04)23274275,(04)23288582,2025,08,19,8,44,臺中市,北屯區,0,0,0,7,,,50,,,,,,,,,,,,,,,,,,,B12,,,1,,2,,,84,84,1,12,4,120.712542,24.182632,3
6939,66000,387130000C,(04)23274275,(04)23288582,2025,08,19,8,44,臺中市,烏日區,0,2,0,7,2,6,30,13,9,1,5,4,6,6,4,4,10,5,5,2,11,2,1,1,1,C03,7,9,1,10,7,11,14,43,43,1,6,4,120.605678,24.117536,2
6940,66000,387130000C,(04)23274275,(04)23288582,2025,08,19,8,46,臺中市,西屯區,0,0,0,7,,,30,,,,,,,,,,,,,,12,,,,,C03,,,1,,1,,,8,8,1,13,4,120.640094,24.172123,3
6941,66000,387130000C,(04)23274275,(04)23288582,2025,08,19,8,47,臺中市,潭子區,0,0,0,7,,,,,,,,,,,,,,,,,17,,,,,,,,,,,,,86,86,1,,,120.710086,24.206903,3
6942,66000,387130000C,(04)23274275,(04)23288582,2025,08,19,8,49,臺中市,太平區,0,0,0,7,,,30,,,,,,,,,,,,,,14,,,,,B12,,,1,,2,,,49,49,1,12,4,120.713334,24.127941,3
6943,66000,387130000C,(04)23274275,(04)23288582,2025,08,19,8,51,臺中市,豐原區,0,0,0,7,,,50,,,,,,,,,,,,,,14,,,,,A06,,,1,,2,,,78,78,1,13,4,120.719575,24.277887,3
6944,66000,387130000C,(04)23274275,(04)23288582,2025,08,19,8,53,臺中市,南區,0,0,0,7,,,40,,,,,,,,,,,,,,17,,,,,A12,,,1,,9,,,84,84,1,12,4,120.654682,24.114247,3