﻿序號,縣市別代碼,機關代碼,市話,傳真,年,月,日,時,分,縣市,區,死亡數量,受傷數量,2-30,天候,道路照明設備,道路類別,道路速限,道路型態,事故位置,路面鋪裝,路面狀態,路面缺陷,障礙物,視距,號誌種類,號誌動作,分向設施,快車道或一般車道間,快慢車道間,路面邊線,事故類型及型態,受傷程度,主要傷處,保護裝備,行動電話或功能裝置,當事者區分_類別,車輛用途,當事者行動狀態,駕照狀態,駕照種類,飲酒情形,車輛撞擊部位最初,車輛撞擊部位其他,肇事因素個別,肇事因素主要,肇事逃逸,職業,共享經濟或外送平台,GPS座標X,GPS座標Y,事故類別
6945,66000,387130000C,(04)23274275,(04)23288582,2025,08,19,8,56,臺中市,中區,0,1,0,7,2,6,30,4,1,1,5,4,6,6,4,4,10,5,5,2,15,3,10,3,1,B03,7,9,1,8,2,1,,13,13,1,12,4,120.683719,24.140077,2
6946,66000,387130000C,(04)23274275,(04)23288582,2025,08,19,8,59,臺中市,潭子區,0,1,0,7,3,6,50,3,1,1,5,4,6,6,4,4,5,4,5,1,17,3,10,2,1,C03,7,6,1,10,2,14,,48,48,1,13,4,120.700548,24.21228,2
6947,66000,387130000C,(04)23274275,(04)23288582,2025,08,19,9,0,臺中市,豐原區,0,0,0,7,,,50,,,,,,,,,,,,,,17,,,,,B03,,,1,,2,,,50,50,1,13,4,120.728783,24.251773,3
6948,66000,387130000C,(04)23274275,(04)23288582,2025,08,19,9,1,臺中市,南區,0,0,0,7,,,50,,,,,,,,,,,,,,,,,,,B03,,,1,,1,,,26,26,1,13,4,120.654329,24.114418,3
6949,66000,387130000C,(04)23274275,(04)23288582,2025,08,19,9,2,臺中市,西屯區,0,0,0,7,,,50,,,,,,,,,,,,,,17,,,,,B13,,,1,,1,,,51,51,1,12,4,120.630367,24.166645,3
6950,66000,387130000C,(04)23274275,(04)23288582,2025,08,19,9,2,臺中市,霧峰區,0,1,0,7,2,6,60,3,2,1,5,4,6,6,4,4,3,4,4,1,16,2,7,2,1,C03,7,6,1,10,2,14,,14,14,1,13,4,120.691974,24.044526,2
6951,66000,387130000C,(04)23274275,(04)23288582,2025,08,19,9,3,臺中市,大里區,0,1,0,7,2,6,40,3,8,1,5,4,6,6,4,4,1,5,4,1,17,2,9,1,1,C03,7,9,1,10,2,12,,84,84,1,12,4,120.66457,24.094381,2
6952,66000,387130000C,(04)23274275,(04)23288582,2025,08,19,9,6,臺中市,東區,0,1,0,7,2,6,50,4,1,1,5,4,6,6,2,1,10,5,5,2,16,3,10,3,1,B03,7,6,1,8,2,1,,11,11,1,13,4,120.692441,24.140098,2
6953,66000,387130000C,(04)23274275,(04)23288582,2025,08,19,9,7,臺中市,南區,0,1,0,7,2,6,30,13,9,1,5,4,6,6,4,4,10,5,5,2,12,3,10,1,1,C03,7,4,1,10,1,12,,1,1,1,12,4,120.682845,24.127552,2
6954,66000,387130000C,(04)23274275,(04)23288582,2025,08,19,9,21,臺中市,北屯區,0,0,0,7,,,50,,,,,,,,,,,,,,14,,,,,B12,,,1,,2,,,49,49,1,12,4,120.703391,24.183772,3
6955,66000,387130000C,(04)23274275,(04)23288582,2025,08,19,9,23,臺中市,大甲區,0,0,0,7,,,40,,,,,,,,,,,,,,,,,,,B12,,,1,,2,,,7,7,1,12,4,120.627608,24.421297,3
6956,66000,387130000C,(04)23274275,(04)23288582,2025,08,19,9,24,臺中市,豐原區,0,0,0,7,,,50,,,,,,,,,,,,,,14,,,,,B12,,,1,,2,,,49,49,1,12,4,120.718838,24.251782,3
6957,66000,387130000C,(04)23274275,(04)23288582,2025,08,19,9,29,臺中市,霧峰區,0,0,0,6,,,50,,,,,,,,,,,,,,17,,,,,C03,,,1,,1,,,84,84,1,13,4,120.682376,24.065377,3
6958,66000,387130000C,(04)23274275,(04)23288582,2025,08,19,9,30,臺中市,西屯區,0,1,0,7,2,6,50,13,9,1,5,4,6,6,4,4,5,5,5,2,12,3,10,5,4,C03,7,6,1,10,2,12,,84,84,1,13,4,120.659143,24.159908,2
6959,66000,387130000C,(04)23274275,(04)23288582,2025,08,19,9,30,臺中市,沙鹿區,0,2,0,7,2,6,50,4,1,1,5,4,6,6,1,1,10,5,5,2,15,2,9,1,1,C03,7,9,1,10,2,11,,21,21,1,12,4,120.558781,24.233672,2
6960,66000,387130000C,(04)23274275,(04)23288582,2025,08,19,9,33,臺中市,豐原區,0,2,0,7,2,6,50,13,8,1,5,4,6,6,4,4,1,4,4,2,13,2,9,1,4,C03,7,9,1,10,2,11,,85,85,1,13,4,120.716018,24.24449,2
6961,66000,387130000C,(04)23274275,(04)23288582,2025,08,19,9,43,臺中市,東區,0,0,0,7,,,50,,,,,,,,,,,,,,17,,,,,B03,,,1,,2,,,11,11,1,6,4,120.69983,24.142735,3
6962,66000,387130000C,(04)23274275,(04)23288582,2025,08,19,9,43,臺中市,西屯區,0,1,0,7,2,6,30,13,9,1,5,4,6,6,4,4,10,5,5,2,14,3,10,5,4,B03,7,2,1,8,2,3,,49,49,1,12,4,120.605723,24.186698,2
6963,66000,387130000C,(04)23274275,(04)23288582,2025,08,19,9,45,臺中市,東勢區,0,2,0,7,2,6,50,13,8,1,5,4,6,6,4,4,2,4,4,1,15,2,9,2,1,C03,7,21,1,10,2,11,,85,85,1,12,4,120.82033,24.26102,2
6964,66000,387130000C,(04)23274275,(04)23288582,2025,08,19,9,46,臺中市,大里區,0,0,0,7,,,50,,,,,,,,,,,,,,13,,,,,B01,,,1,,2,,,7,7,1,6,4,120.695499,24.111074,3
6965,66000,387130000C,(04)23274275,(04)23288582,2025,08,19,9,50,臺中市,南屯區,0,0,0,7,,,50,,,,,,,,,,,,,,13,,,,,B03,,,1,,1,,,7,7,1,13,4,120.615379,24.153801,3
6966,66000,387130000C,(04)23274275,(04)23288582,2025,08,19,9,51,臺中市,南屯區,0,2,0,7,3,6,50,13,9,1,5,4,6,6,1,1,5,5,5,2,9,2,9,1,1,C03,7,9,3,19,2,12,,6,6,1,12,4,120.610887,24.145395,2
6967,66000,387130000C,(04)23274275,(04)23288582,2025,08,19,9,51,臺中市,太平區,0,0,0,7,,,30,,,,,,,,,,,,,,14,,,,,B12,,,1,,2,,,49,49,1,12,4,120.7277,24.100602,3
6968,66000,387130000C,(04)23274275,(04)23288582,2025,08,19,9,55,臺中市,北屯區,0,1,0,7,3,6,50,5,1,1,5,4,6,6,1,1,10,5,5,2,16,3,10,3,1,B03,7,5,1,8,2,5,,84,84,1,6,4,120.68624,24.188258,2
6969,66000,387130000C,(04)23274275,(04)23288582,2025,08,19,10,8,臺中市,西屯區,0,1,0,7,2,6,50,13,9,1,5,4,6,6,4,4,5,5,5,2,18,2,9,5,4,C03,7,9,1,10,2,12,,7,7,1,13,4,120.657575,24.167808,2
6970,66000,387130000C,(04)23274275,(04)23288582,2025,08,19,10,9,臺中市,北區,0,1,0,7,2,6,50,4,1,1,5,4,6,6,3,1,5,5,5,2,15,3,10,3,1,B03,7,9,1,8,2,8,,24,24,1,12,4,120.697361,24.156714,2
6971,66000,387130000C,(04)23274275,(04)23288582,2025,08,19,10,14,臺中市,神岡區,0,0,0,7,,,50,,,,,,,,,,,,,,16,,,,,B03,,,1,,2,,,12,12,1,13,4,120.695641,24.247688,3
6972,66000,387130000C,(04)23274275,(04)23288582,2025,08,19,10,15,臺中市,西區,0,0,0,7,,,50,,,,,,,,,,,,,,,,,,,B03,,,1,,1,,,8,8,1,12,4,120.665268,24.146718,3
6973,66000,387130000C,(04)23274275,(04)23288582,2025,08,19,10,15,臺中市,大里區,0,0,0,7,,,50,,,,,,,,,,,,,,17,,,,,A12,,,1,,2,,,84,84,1,12,4,120.664763,24.097291,3
6974,66000,387130000C,(04)23274275,(04)23288582,2025,08,19,10,18,臺中市,神岡區,0,0,0,7,1,6,50,3,2,1,5,4,6,6,1,1,5,5,3,2,13,,,,,B03,,,1,,1,,,84,84,1,12,4,120.641409,24.286843,3
6975,66000,387130000C,(04)23274275,(04)23288582,2025,08,19,10,20,臺中市,神岡區,0,0,0,7,,,50,,,,,,,,,,,,,,21,,,,,B12,,,1,,1,,,8,8,1,13,4,120.713253,24.258819,4
6976,66000,387130000C,(04)23274275,(04)23288582,2025,08,19,10,24,臺中市,北屯區,0,0,0,7,,,50,,,,,,,,,,,,,,,,,,,C03,,,1,,1,,,85,85,1,12,4,120.755293,24.166961,3
6977,66000,387130000C,(04)23274275,(04)23288582,2025,08,19,10,29,臺中市,西屯區,0,1,0,7,2,6,50,4,1,1,5,4,6,6,2,1,10,5,5,2,16,3,10,3,1,B12,7,6,1,8,2,8,,11,11,1,13,4,120.660864,24.172447,2
6978,66000,387130000C,(04)23274275,(04)23288582,2025,08,19,10,31,臺中市,南區,0,0,0,7,,,50,,,,,,,,,,,,,,,,,,,B01,,,1,,2,,,87,87,1,13,4,120.650828,24.120984,3
6979,66000,387130000C,(04)23274275,(04)23288582,2025,08,19,10,32,臺中市,北屯區,0,0,0,7,,,50,,,,,,,,,,,,,,,,,,,H01,,,7,,10,,,95,95,1,12,5,120.678515,24.175323,3
6980,66000,387130000C,(04)23274275,(04)23288582,2025,08,19,10,33,臺中市,豐原區,0,0,0,7,,,60,,,,,,,,,,,,,,13,,,,,B12,,,1,,2,,,59,59,1,13,4,120.704849,24.255109,3
6981,66000,387130000C,(04)23274275,(04)23288582,2025,08,19,10,35,臺中市,北屯區,0,0,0,7,,,50,,,,,,,,,,,,,,13,,,,,B03,,,1,,2,,,59,59,1,12,4,120.682027,24.180402,3
6982,66000,387130000C,(04)23274275,(04)23288582,2025,08,19,10,36,臺中市,西屯區,0,0,0,7,,,50,,,,,,,,,,,,,,13,,,,,B03,,,5,,1,,,59,59,1,13,4,120.639069,24.168932,3
6983,66000,387130000C,(04)23274275,(04)23288582,2025,08,19,10,36,臺中市,西屯區,0,0,0,7,,,50,,,,,,,,,,,,,,13,,,,,B01,,,1,,1,,,59,59,1,13,4,120.638118,24.175559,3
6984,66000,387130000C,(04)23274275,(04)23288582,2025,08,19,10,40,臺中市,北屯區,0,0,0,7,,,50,,,,,,,,,,,,,,9,,,,,C03,,,1,,2,,,84,84,1,6,4,120.709831,24.165202,3
6985,66000,387130000C,(04)23274275,(04)23288582,2025,08,19,10,43,臺中市,南屯區,0,0,0,7,,,50,,,,,,,,,,,,,,,,,,,B03,,,1,,1,,,49,49,1,12,4,120.632829,24.133088,3
6986,66000,387130000C,(04)23274275,(04)23288582,2025,08,19,10,44,臺中市,北屯區,0,0,0,7,,,50,,,,,,,,,,,,,,9,,,,,B03,,,1,,9,,,40,40,1,6,4,120.686873,24.201849,3
6987,66000,387130000C,(04)23274275,(04)23288582,2025,08,19,10,51,臺中市,太平區,0,0,0,7,,,30,,,,,,,,,,,,,,17,,,,,B03,,,1,,9,,,84,84,1,12,4,120.72635,24.145635,3
6988,66000,387130000C,(04)23274275,(04)23288582,2025,08,19,10,54,臺中市,西屯區,0,1,0,7,2,6,50,4,1,1,5,4,6,6,4,4,10,5,5,2,18,2,5,5,4,C03,7,9,1,10,2,16,,84,84,1,12,4,120.657446,24.165077,2
6989,66000,387130000C,(04)23274275,(04)23288582,2025,08,19,10,56,臺中市,北區,0,2,0,7,2,6,50,13,9,1,5,4,6,6,4,4,3,4,5,2,12,2,9,1,1,C03,7,9,1,10,2,12,,68,68,1,13,4,120.683255,24.157317,2
6990,66000,387130000C,(04)23274275,(04)23288582,2025,08,19,10,56,臺中市,太平區,0,0,0,7,2,6,50,13,9,1,5,4,6,6,4,4,5,5,5,1,14,3,10,3,1,B03,7,2,1,8,2,3,,49,49,1,6,4,120.769534,24.104344,3
6991,66000,387130000C,(04)23274275,(04)23288582,2025,08,19,11,4,臺中市,中區,0,2,0,7,2,6,50,4,1,1,5,4,6,6,1,1,10,5,5,2,15,2,9,1,1,C03,7,9,1,10,2,11,,21,21,1,13,4,120.685677,24.140131,2
6992,66000,387130000C,(04)23274275,(04)23288582,2025,08,19,11,8,臺中市,南區,0,0,0,7,,,50,,,,,,,,,,,,,,16,,,,,B03,,,1,,2,,,47,47,1,13,4,120.678972,24.12682,3
6993,66000,387130000C,(04)23274275,(04)23288582,2025,08,19,11,10,臺中市,北區,0,2,0,7,2,6,50,4,1,1,5,4,6,6,1,1,10,5,5,2,13,2,9,5,4,C03,7,9,1,10,2,14,,7,7,1,13,4,120.675466,24.167137,2
6994,66000,387130000C,(04)23274275,(04)23288582,2025,08,19,11,18,臺中市,西屯區,0,0,0,7,,,40,,,,,,,,,,,,,,12,,,,,B12,,,1,,1,,,8,8,1,12,4,120.613517,24.172724,3
6995,66000,387130000C,(04)23274275,(04)23288582,2025,08,19,11,20,臺中市,西屯區,0,0,0,7,,,50,,,,,,,,,,,,,,12,,,,,B12,,,1,,2,,,76,76,1,13,4,120.66253,24.172841,3
6996,66000,387130000C,(04)23274275,(04)23288582,2025,08,19,11,25,臺中市,龍井區,0,1,0,7,3,6,50,13,9,1,5,4,6,6,4,4,1,5,4,2,17,3,10,3,1,A12,7,9,1,7,2,5,,8,8,1,6,4,120.547693,24.201335,2
6997,66000,387130000C,(04)23274275,(04)23288582,2025,08,19,11,26,臺中市,東區,0,0,0,7,,,50,,,,,,,,,,,,,,17,,,,,,,,,,,,,86,86,1,,,120.697589,24.149933,3
6998,66000,387130000C,(04)23274275,(04)23288582,2025,08,19,11,28,臺中市,大安區,0,2,0,7,2,6,30,11,9,1,5,4,6,2,4,4,10,5,5,1,11,2,8,2,1,C03,7,6,1,10,2,11,,8,8,1,6,4,120.603796,24.358148,2
6999,66000,387130000C,(04)23274275,(04)23288582,2025,08,19,11,29,臺中市,中區,0,2,0,7,2,6,50,4,1,1,5,4,6,6,2,1,5,2,5,2,16,2,9,3,1,B03,7,5,1,8,2,2,,39,39,1,12,4,120.684316,24.141886,2
7000,66000,387130000C,(04)23274275,(04)23288582,2025,08,19,11,30,臺中市,南屯區,0,1,0,7,3,6,50,13,9,1,5,4,6,6,4,4,5,4,5,2,12,3,10,3,1,B03,7,11,1,8,2,4,,45,45,1,12,4,120.649745,24.146094,2
7001,66000,387130000C,(04)23274275,(04)23288582,2025,08,19,11,34,臺中市,北屯區,0,1,0,7,2,6,50,4,2,1,5,4,6,6,2,1,9,4,5,2,12,2,8,3,1,B03,7,9,1,8,2,8,,85,85,1,12,4,120.719919,24.163814,2
7002,66000,387130000C,(04)23274275,(04)23288582,2025,08,19,11,37,臺中市,豐原區,0,2,0,7,1,6,50,5,1,1,5,4,6,6,2,1,1,4,5,2,17,2,9,2,4,C03,7,5,1,10,2,12,,85,85,1,12,4,120.703431,24.249678,2
7003,66000,387130000C,(04)23274275,(04)23288582,2025,08,19,11,40,臺中市,北屯區,0,0,0,7,,,50,,,,,,,,,,,,,,,,,,,B03,,,1,,2,,,50,50,1,12,4,120.680842,24.188676,3
7004,66000,387130000C,(04)23274275,(04)23288582,2025,08,19,11,43,臺中市,中區,0,3,0,7,2,6,50,4,1,1,5,4,6,6,1,1,10,5,5,2,17,2,9,5,4,C03,7,6,1,10,2,14,,48,48,1,12,4,120.682905,24.140778,2
7005,66000,387130000C,(04)23274275,(04)23288582,2025,08,19,11,43,臺中市,霧峰區,0,0,0,7,,,50,,,,,,,,,,,,,,17,,,,,A12,,,1,,1,,,23,23,1,13,4,120.663591,24.062247,3
7006,66000,387130000C,(04)23274275,(04)23288582,2025,08,19,11,45,臺中市,西屯區,0,0,0,7,,,40,,,,,,,,,,,,,,13,,,,,B01,,,1,2,1,,,59,59,1,13,4,120.593116,24.183163,3
7007,66000,387130000C,(04)23274275,(04)23288582,2025,08,19,11,46,臺中市,東區,0,1,0,7,3,6,50,4,1,1,5,4,6,6,1,1,10,5,5,2,13,3,10,2,1,C03,7,9,1,10,2,11,,7,7,1,13,2,120.696491,24.136959,2
7008,66000,387130000C,(04)23274275,(04)23288582,2025,08,19,11,48,臺中市,后里區,0,2,0,7,2,6,30,4,2,1,5,4,6,6,4,4,5,5,5,1,16,2,5,1,1,C03,7,5,1,10,2,13,,12,12,1,12,4,120.70754,24.314241,2
7009,66000,387130000C,(04)23274275,(04)23288582,2025,08,19,11,50,臺中市,清水區,0,1,0,7,3,6,40,13,7,1,5,4,1,6,4,4,1,4,4,2,17,2,9,2,1,C03,7,8,1,10,2,14,,40,40,1,12,4,120.578584,24.277549,2
7010,66000,387130000C,(04)23274275,(04)23288582,2025,08,19,11,53,臺中市,西屯區,0,1,0,7,2,6,50,3,1,1,5,4,6,6,4,4,10,5,5,2,16,3,10,5,4,B03,7,5,1,8,1,2,,14,14,1,13,4,120.63486,24.172016,2
7011,66000,387130000C,(04)23274275,(04)23288582,2025,08,19,11,56,臺中市,西區,0,0,0,7,,,50,,,,,,,,,,,,,,,,,,,B03,,,1,,1,,,84,84,1,12,4,120.66762,24.13223,3
7012,66000,387130000C,(04)23274275,(04)23288582,2025,08,19,11,58,臺中市,北屯區,0,2,0,7,2,6,30,13,9,1,5,4,6,6,4,4,10,5,5,2,10,2,9,1,1,C03,7,9,1,10,1,11,,84,84,1,12,4,120.695136,24.164378,2
7013,66000,387130000C,(04)23274275,(04)23288582,2025,08,19,11,58,臺中市,烏日區,0,2,0,7,2,3,80,13,7,1,5,4,6,6,4,4,1,4,4,1,13,2,9,5,4,B03,7,12,1,8,2,1,,7,7,1,12,4,120.611796,24.101534,2
7014,66000,387130000C,(04)23274275,(04)23288582,2025,08,19,11,59,臺中市,南屯區,0,0,0,7,3,6,50,13,9,1,5,4,6,6,1,1,3,4,5,2,12,,,,,B03,,,1,,1,,,84,84,1,12,4,120.623198,24.149768,3
7015,66000,387130000C,(04)23274275,(04)23288582,2025,08,19,12,0,臺中市,南屯區,0,2,0,7,2,6,50,13,9,1,5,4,6,6,4,4,5,5,5,2,17,3,10,3,1,B03,7,1,1,8,2,1,,51,51,1,13,4,120.646041,24.141753,2
7016,66000,387130000C,(04)23274275,(04)23288582,2025,08,19,12,3,臺中市,豐原區,0,1,0,7,2,6,50,4,1,1,5,4,6,6,1,1,10,5,5,2,11,2,9,1,1,C03,7,1,3,19,2,11,,51,51,1,12,4,120.715278,24.256103,2
7017,66000,387130000C,(04)23274275,(04)23288582,2025,08,19,12,10,臺中市,西屯區,0,0,0,7,,,30,,,,,,,,,,,,,,17,,,,,A12,,,1,,2,,,8,8,1,13,4,120.602079,24.18354,3
7018,66000,387130000C,(04)23274275,(04)23288582,2025,08,19,12,11,臺中市,霧峰區,0,0,0,7,,,50,,,,,,,,,,,,,,17,,,,,C03,,,1,,1,,,84,84,1,13,4,120.662465,24.059504,3
7019,66000,387130000C,(04)23274275,(04)23288582,2025,08,19,12,14,臺中市,西區,0,1,0,7,1,6,50,4,1,1,5,4,6,6,4,4,10,5,5,1,17,3,10,5,4,C03,7,9,1,10,2,11,,84,84,1,12,4,120.659936,24.147939,2
7020,66000,387130000C,(04)23274275,(04)23288582,2025,08,19,12,14,臺中市,西屯區,0,2,0,7,2,6,40,3,2,1,5,4,6,6,4,4,5,5,4,2,14,2,8,5,4,C03,7,2,1,10,2,13,,49,49,1,13,4,120.639224,24.17258,2
7021,66000,387130000C,(04)23274275,(04)23288582,2025,08,19,12,20,臺中市,北區,0,2,0,7,2,6,0,11,9,1,5,4,6,6,4,4,10,5,5,2,17,2,8,5,4,C03,7,1,1,10,2,11,,51,51,1,13,4,120.688389,24.161513,2
7022,66000,387130000C,(04)23274275,(04)23288582,2025,08,19,12,20,臺中市,南屯區,0,0,0,7,,,50,,,,,,,,,,,,,,,,,,,B12,,,1,,9,,,49,49,1,12,4,120.611891,24.148728,3
7023,66000,387130000C,(04)23274275,(04)23288582,2025,08,19,12,21,臺中市,西屯區,0,0,0,7,,,50,,,,,,,,,,,,,,17,,,,,B03,,,1,,1,,,59,59,1,12,4,120.665848,24.168361,3
7024,66000,387130000C,(04)23274275,(04)23288582,2025,08,19,12,23,臺中市,南區,0,0,0,7,,,50,,,,,,,,,,,,,,17,,,,,B03,,,1,,2,,,84,84,1,13,4,120.650424,24.113085,3
7025,66000,387130000C,(04)23274275,(04)23288582,2025,08,19,12,24,臺中市,大雅區,0,1,0,7,1,6,30,3,1,1,5,4,6,6,4,4,10,5,5,1,16,3,10,4,1,G03,7,6,3,19,2,17,,14,14,1,12,4,120.645943,24.234303,2
7026,66000,387130000C,(04)23274275,(04)23288582,2025,08,19,12,26,臺中市,北區,0,1,0,7,2,6,50,3,2,1,5,4,6,6,4,4,2,4,5,2,17,3,10,3,1,B03,7,1,1,8,2,4,,51,51,1,13,4,120.684651,24.151407,2
7027,66000,387130000C,(04)23274275,(04)23288582,2025,08,19,12,28,臺中市,西屯區,0,0,0,7,,,30,,,,,,,,,,,,,,15,,,,,B03,,,1,,1,,,15,15,1,12,4,120.615719,24.188101,3
7028,66000,387130000C,(04)23274275,(04)23288582,2025,08,19,12,30,臺中市,烏日區,0,0,0,7,,,40,,,,,,,,,,,,,,,,,,,C03,,,3,,1,,,7,7,1,13,4,120.613391,24.103024,3
7029,66000,387130000C,(04)23274275,(04)23288582,2025,08,19,12,32,臺中市,中區,0,0,0,7,,,50,,,,,,,,,,,,,,,,,,,B03,,,1,8,1,,,51,51,1,13,4,120.677111,24.144534,3
7030,66000,387130000C,(04)23274275,(04)23288582,2025,08,19,12,34,臺中市,北區,0,0,0,7,,,50,,,,,,,,,,,,,,17,,,,,B03,,,1,,2,,,50,50,1,13,4,120.683626,24.167592,3
7031,66000,387130000C,(04)23274275,(04)23288582,2025,08,19,12,35,臺中市,大雅區,0,1,0,7,3,6,30,3,1,1,5,4,6,6,4,4,10,5,5,2,9,3,10,3,1,B03,7,9,1,8,9,4,,84,84,1,12,4,120.657105,24.228757,2
7032,66000,387130000C,(04)23274275,(04)23288582,2025,08,19,12,35,臺中市,沙鹿區,0,0,0,7,2,6,30,13,9,1,5,4,6,6,4,4,10,4,5,2,14,,,,,B03,,,1,,2,,,49,49,1,12,4,120.569006,24.21871,3
7033,66000,387130000C,(04)23274275,(04)23288582,2025,08,19,12,39,臺中市,北屯區,0,0,0,7,,,50,,,,,,,,,,,,,,13,,,,,B03,,,1,,1,,,84,84,1,12,4,120.694352,24.165783,3
7034,66000,387130000C,(04)23274275,(04)23288582,2025,08,19,12,40,臺中市,南屯區,0,0,0,7,3,6,50,13,9,1,5,4,6,6,4,4,5,4,5,2,13,,,,,C03,,,3,,1,,,7,7,1,12,4,120.653185,24.142946,3
7035,66000,387130000C,(04)23274275,(04)23288582,2025,08,19,12,41,臺中市,西屯區,0,0,0,7,,,50,,,,,,,,,,,,,,13,,,,,B03,,,1,,2,,,59,59,1,12,4,120.648197,24.160654,3
7036,66000,387130000C,(04)23274275,(04)23288582,2025,08,19,12,42,臺中市,潭子區,0,0,0,7,,,60,,,,,,,,,,,,,,,,,,,B03,,,3,,2,,,84,84,1,12,4,120.705212,24.209446,3
7037,66000,387130000C,(04)23274275,(04)23288582,2025,08,19,12,44,臺中市,西區,0,0,0,7,,,50,,,,,,,,,,,,,,13,,,,,B03,,,1,,1,,,84,84,1,12,4,120.657002,24.136929,3
7038,66000,387130000C,(04)23274275,(04)23288582,2025,08,19,12,45,臺中市,南屯區,0,0,0,7,,,50,,,,,,,,,,,,,,17,,,,,B03,,,1,,1,,,50,50,1,12,4,120.651414,24.132635,3
7039,66000,387130000C,(04)23274275,(04)23288582,2025,08,19,12,54,臺中市,大里區,0,1,0,7,2,6,50,4,1,1,5,4,6,6,1,1,10,5,5,1,17,3,10,1,1,C03,7,9,1,10,2,13,,21,21,1,12,4,120.696908,24.11159,2
7040,66000,387130000C,(04)23274275,(04)23288582,2025,08,19,12,58,臺中市,東區,0,1,0,7,2,6,40,13,7,1,5,4,6,6,4,4,9,5,4,2,14,3,10,3,1,B03,7,2,1,8,2,3,,49,49,1,12,4,120.705515,24.138131,2
7041,66000,387130000C,(04)23274275,(04)23288582,2025,08,19,13,4,臺中市,西屯區,0,1,0,7,2,6,50,13,7,1,5,4,6,6,4,4,9,4,4,2,12,2,9,5,4,C03,7,8,1,10,2,14,,40,40,1,13,4,120.620605,24.187614,2
7042,66000,387130000C,(04)23274275,(04)23288582,2025,08,19,13,7,臺中市,西區,0,0,0,7,,,50,,,,,,,,,,,,,,,,,,,C03,,,1,,2,,,84,84,1,12,4,120.673112,24.139687,3
7043,66000,387130000C,(04)23274275,(04)23288582,2025,08,19,13,9,臺中市,后里區,0,2,0,7,2,6,50,4,1,1,5,4,6,6,4,4,5,5,5,1,16,2,9,1,1,C03,7,6,1,10,2,14,,14,14,1,12,4,120.713139,24.307742,2
7044,66000,387130000C,(04)23274275,(04)23288582,2025,08,19,13,13,臺中市,西屯區,0,0,0,7,,,70,,,,,,,,,,,,,,12,,,,,A12,,,1,,9,,,8,8,1,12,4,120.616742,24.182424,3
7045,66000,387130000C,(04)23274275,(04)23288582,2025,08,19,13,14,臺中市,南屯區,0,0,0,7,,,50,,,,,,,,,,,,,,12,,,,,B03,,,1,,9,,,35,35,2,6,4,120.622643,24.150214,3
7046,66000,387130000C,(04)23274275,(04)23288582,2025,08,19,13,17,臺中市,西屯區,0,0,0,7,,,50,,,,,,,,,,,,,,14,,,,,B03,,,1,,2,,,49,49,1,13,4,120.613608,24.173429,3
7047,66000,387130000C,(04)23274275,(04)23288582,2025,08,19,13,19,臺中市,南區,0,1,0,7,3,6,50,3,1,1,5,4,6,6,3,1,10,5,5,2,15,2,8,2,1,C03,7,9,1,10,2,11,,24,24,1,12,4,120.650572,24.10793,2
7048,66000,387130000C,(04)23274275,(04)23288582,2025,08,19,13,20,臺中市,南區,0,1,0,7,2,6,50,13,9,1,5,4,6,6,4,4,5,5,5,2,17,3,10,3,1,B03,7,11,1,8,2,4,,45,45,1,6,4,120.667186,24.128239,2
7049,66000,387130000C,(04)23274275,(04)23288582,2025,08,19,13,21,臺中市,太平區,0,0,0,7,,,40,,,,,,,,,,,,,,17,,,,,A11,,,1,,2,,,84,84,1,12,4,120.716874,24.158766,3
7050,66000,387130000C,(04)23274275,(04)23288582,2025,08,19,13,22,臺中市,豐原區,0,2,0,7,2,6,60,4,1,1,5,4,6,6,1,1,1,4,4,1,13,2,9,2,1,C03,7,9,1,10,2,12,,58,58,1,13,4,120.712877,24.241794,2
7051,66000,387130000C,(04)23274275,(04)23288582,2025,08,19,13,23,臺中市,北區,0,2,0,7,2,6,50,4,9,1,5,4,6,6,2,1,5,4,5,2,12,2,9,1,1,C03,7,7,1,10,2,12,,42,42,1,13,4,120.676932,24.162998,2
7052,66000,387130000C,(04)23274275,(04)23288582,2025,08,19,13,24,臺中市,南屯區,0,0,0,7,,,50,,,,,,,,,,,,,,14,,,,,C03,,,1,,1,,,50,50,1,12,4,120.636142,24.152312,3
7053,66000,387130000C,(04)23274275,(04)23288582,2025,08,19,13,29,臺中市,太平區,0,0,0,7,2,6,30,3,9,1,5,4,6,6,1,1,10,5,5,2,17,3,10,3,1,B12,7,4,1,8,2,6,,1,1,1,6,4,120.701929,24.112426,3
7054,66000,387130000C,(04)23274275,(04)23288582,2025,08,19,13,31,臺中市,南屯區,0,1,0,7,2,6,50,4,2,1,5,4,6,6,2,1,1,4,5,2,13,3,10,3,1,B03,7,9,1,8,2,1,3,7,7,1,6,4,120.64655,24.133376,2
7055,66000,387130000C,(04)23274275,(04)23288582,2025,08,19,13,33,臺中市,西屯區,0,0,0,7,,,40,,,,,,,,,,,,,,12,,,,,C03,,,1,,1,,,47,47,1,13,4,120.634649,24.176252,3
7056,66000,387130000C,(04)23274275,(04)23288582,2025,08,19,13,35,臺中市,清水區,0,0,0,7,,,50,,,,,,,,,,,,,,13,,,,,C03,,,1,,1,,,58,58,1,13,4,120.57805,24.271733,3