﻿序號,縣市別代碼,機關代碼,市話,傳真,年,月,日,時,分,縣市,區,死亡數量,受傷數量,2-30,天候,道路照明設備,道路類別,道路速限,道路型態,事故位置,路面鋪裝,路面狀態,路面缺陷,障礙物,視距,號誌種類,號誌動作,分向設施,快車道或一般車道間,快慢車道間,路面邊線,事故類型及型態,受傷程度,主要傷處,保護裝備,行動電話或功能裝置,當事者區分_類別,車輛用途,當事者行動狀態,駕照狀態,駕照種類,飲酒情形,車輛撞擊部位最初,車輛撞擊部位其他,肇事因素個別,肇事因素主要,肇事逃逸,職業,共享經濟或外送平台,GPS座標X,GPS座標Y,事故類別
7057,66000,387130000C,(04)23274275,(04)23288582,2025,08,19,13,36,臺中市,西屯區,0,0,0,7,,,50,,,,,,,,,,,,,,17,,,,,B03,,,1,,1,,,49,49,1,12,4,120.636332,24.164011,3
7058,66000,387130000C,(04)23274275,(04)23288582,2025,08,19,13,36,臺中市,大里區,0,1,0,7,3,3,80,10,14,1,5,4,6,6,4,4,1,3,5,1,13,3,10,3,1,A12,7,9,1,2,2,5,,59,59,1,6,4,120.682517,24.078147,2
7059,66000,387130000C,(04)23274275,(04)23288582,2025,08,19,13,39,臺中市,南屯區,0,0,0,7,,,50,,,,,,,,,,,,,,16,,,,,B03,,,1,,1,,,51,51,1,12,4,120.624911,24.147846,3
7060,66000,387130000C,(04)23274275,(04)23288582,2025,08,19,13,42,臺中市,大里區,0,0,0,7,,,50,,,,,,,,,,,,,,17,,,,,B03,,,6,,11,,,7,7,1,12,4,120.688738,24.101722,3
7061,66000,387130000C,(04)23274275,(04)23288582,2025,08,19,13,43,臺中市,北屯區,0,0,0,7,,,50,,,,,,,,,,,,,,12,,,,,B03,,,1,,1,,,85,85,1,6,4,120.681195,24.172939,3
7062,66000,387130000C,(04)23274275,(04)23288582,2025,08,19,13,44,臺中市,南區,0,0,0,7,,,50,,,,,,,,,,,,,,17,,,,,B03,,,1,,9,,,84,84,2,13,4,120.673652,24.129331,3
7063,66000,387130000C,(04)23274275,(04)23288582,2025,08,19,13,45,臺中市,沙鹿區,0,0,0,7,,,50,,,,,,,,,,,,,,17,,,,,B03,,,1,,1,,,50,50,1,12,4,120.558295,24.228324,3
7064,66000,387130000C,(04)23274275,(04)23288582,2025,08,19,13,55,臺中市,西屯區,0,2,0,7,2,6,50,4,1,1,5,4,6,6,4,4,9,5,5,2,15,2,9,5,4,C03,7,9,1,10,2,12,,13,13,1,13,4,120.590022,24.177042,2
7065,66000,387130000C,(04)23274275,(04)23288582,2025,08,19,13,58,臺中市,太平區,0,0,0,7,,,1,,,,,,,,,,,,,,17,,,,,B12,,,1,,2,,,51,51,1,12,4,120.717699,24.102803,3
7066,66000,387130000C,(04)23274275,(04)23288582,2025,08,19,14,3,臺中市,西屯區,0,0,0,7,,,50,,,,,,,,,,,,,,13,,,,,B03,,,1,,2,,,57,57,1,13,4,120.640124,24.165591,3
7067,66000,387130000C,(04)23274275,(04)23288582,2025,08,19,14,4,臺中市,北區,0,1,0,7,3,6,50,3,1,1,5,4,6,6,4,4,10,5,5,2,16,3,10,3,1,B01,7,5,1,4,2,2,,20,20,1,12,4,120.673004,24.167469,2
7068,66000,387130000C,(04)23274275,(04)23288582,2025,08,19,14,5,臺中市,清水區,0,1,0,7,3,6,50,3,2,1,5,4,6,6,4,4,5,5,5,2,17,2,9,2,1,C03,7,1,1,10,2,11,,51,51,1,12,4,120.573732,24.27042,2
7069,66000,387130000C,(04)23274275,(04)23288582,2025,08,19,14,8,臺中市,南屯區,0,0,0,7,,,50,,,,,,,,,,,,,,35,,,,,B03,,,1,,2,,,49,49,1,12,4,120.634815,24.147849,3
7070,66000,387130000C,(04)23274275,(04)23288582,2025,08,19,14,15,臺中市,南區,0,1,0,7,2,6,50,3,1,1,5,4,6,6,4,4,1,4,5,2,12,3,10,3,1,B01,7,5,1,4,2,4,,20,20,1,12,4,120.683465,24.119203,2
7071,66000,387130000C,(04)23274275,(04)23288582,2025,08,19,14,25,臺中市,霧峰區,0,2,0,7,2,6,30,4,1,1,5,4,6,6,4,4,10,5,5,2,15,2,8,2,1,C03,7,9,1,10,2,12,,15,15,1,13,4,120.713019,24.071515,2
7072,66000,387130000C,(04)23274275,(04)23288582,2025,08,19,14,30,臺中市,南屯區,0,2,0,7,2,6,40,13,8,1,5,3,6,6,4,4,5,5,4,2,17,2,7,2,1,C03,7,1,1,10,2,11,,51,51,1,12,4,120.64811,24.153737,2
7073,66000,387130000C,(04)23274275,(04)23288582,2025,08,19,14,30,臺中市,北屯區,0,0,0,7,,,50,,,,,,,,,,,,,,,,,,,B03,,,1,,1,,,84,84,1,12,4,120.685708,24.172661,4
7074,66000,387130000C,(04)23274275,(04)23288582,2025,08,19,14,30,臺中市,烏日區,0,0,0,7,,,50,,,,,,,,,,,,,,,,,,,B03,,,3,,9,,,57,57,1,6,4,120.638086,24.113367,3
7075,66000,387130000C,(04)23274275,(04)23288582,2025,08,19,14,36,臺中市,西屯區,0,3,0,7,2,6,40,13,8,1,5,4,6,6,4,4,1,4,1,2,13,2,8,5,4,C03,7,9,1,10,2,11,,7,7,1,13,4,120.643474,24.164767,2
7076,66000,387130000C,(04)23274275,(04)23288582,2025,08,19,14,40,臺中市,西區,0,0,0,7,,,50,,,,,,,,,,,,,,,,,,,B03,,,1,,2,,,40,40,1,12,4,120.660558,24.15692,3
7077,66000,387130000C,(04)23274275,(04)23288582,2025,08,19,14,40,臺中市,神岡區,0,0,0,7,,,50,,,,,,,,,,,,,,12,,,,,A12,,,1,,2,,,8,8,1,6,4,120.657946,24.266214,3
7078,66000,387130000C,(04)23274275,(04)23288582,2025,08,19,14,41,臺中市,北區,0,0,0,7,,,50,,,,,,,,,,,,,,17,,,,,B03,,,1,,1,,,51,51,1,13,4,120.676831,24.155681,3
7079,66000,387130000C,(04)23274275,(04)23288582,2025,08,19,14,49,臺中市,東區,0,2,0,7,2,6,50,5,1,1,5,4,6,6,2,1,10,5,5,2,12,2,8,2,1,C03,7,9,1,10,2,11,,7,7,1,6,4,120.694166,24.142668,2
7080,66000,387130000C,(04)23274275,(04)23288582,2025,08,19,14,52,臺中市,大里區,0,1,0,7,2,6,30,11,9,1,5,4,6,6,4,4,10,5,5,1,17,2,9,1,1,C03,7,9,1,10,2,11,,84,84,1,13,4,120.662966,24.098401,2
7081,66000,387130000C,(04)23274275,(04)23288582,2025,08,19,14,54,臺中市,太平區,0,1,0,7,2,6,50,13,9,1,5,4,6,6,4,4,5,4,5,2,17,2,9,1,1,C03,7,8,1,10,2,14,,40,40,1,6,4,120.734194,24.149827,2
7082,66000,387130000C,(04)23274275,(04)23288582,2025,08,19,14,55,臺中市,北區,0,0,0,7,,,0,,,,,,,,,,,,,,17,,,,,C03,,,6,,2,,,85,85,1,13,4,120.670335,24.156996,4
7083,66000,387130000C,(04)23274275,(04)23288582,2025,08,19,14,57,臺中市,北屯區,0,1,0,7,2,6,50,13,9,1,5,4,6,6,4,4,1,4,5,2,17,3,10,3,1,B03,7,5,1,8,2,5,,20,20,1,12,4,120.68506,24.171192,2
7084,66000,387130000C,(04)23274275,(04)23288582,2025,08,19,14,58,臺中市,沙鹿區,0,0,0,7,,,50,,,,,,,,,,,,,,,,,,,B13,,,1,,4,,,8,8,1,12,4,120.566886,24.20627,3
7085,66000,387130000C,(04)23274275,(04)23288582,2025,08,19,14,59,臺中市,潭子區,0,1,0,7,2,6,0,13,8,1,5,4,6,6,4,4,1,4,4,1,12,2,7,4,1,B12,7,13,1,8,2,4,,76,76,1,12,4,120.706366,24.219466,2
7086,66000,387130000C,(04)23274275,(04)23288582,2025,08,19,15,0,臺中市,東勢區,0,0,0,7,,,50,,,,,,,,,,,,,,13,,,,,C01,,,1,,2,,,59,59,1,6,4,120.861344,24.237367,3
7087,66000,387130000C,(04)23274275,(04)23288582,2025,08,19,15,8,臺中市,太平區,0,0,0,7,,,30,,,,,,,,,,,,,,17,,,,,B12,,,1,,2,,,49,49,1,12,4,120.707721,24.125108,3
7088,66000,387130000C,(04)23274275,(04)23288582,2025,08,19,15,12,臺中市,南屯區,0,0,0,7,,,0,,,,,,,,,,,,,,14,,,,,B03,,,1,,2,,,49,49,1,6,4,120.624166,24.141004,3
7089,66000,387130000C,(04)23274275,(04)23288582,2025,08,19,15,12,臺中市,豐原區,0,2,0,7,2,6,30,4,1,1,5,4,6,6,4,4,10,5,5,1,15,2,9,5,4,C03,7,9,1,10,2,11,,12,12,1,13,4,120.708551,24.239537,2
7090,66000,387130000C,(04)23274275,(04)23288582,2025,08,19,15,14,臺中市,梧棲區,0,0,0,7,,,50,,,,,,,,,,,,,,14,,,,,B03,,,1,,1,,,49,49,1,6,4,120.530034,24.257123,3
7091,66000,387130000C,(04)23274275,(04)23288582,2025,08,19,15,20,臺中市,龍井區,0,1,0,7,2,6,50,4,1,1,5,4,6,6,4,4,5,5,5,2,15,3,10,3,1,B03,7,9,1,8,2,1,2,12,12,1,6,4,120.593826,24.189602,2
7092,66000,387130000C,(04)23274275,(04)23288582,2025,08,19,15,21,臺中市,大里區,0,1,0,7,3,6,60,3,4,1,5,4,6,6,2,1,1,4,4,1,12,3,10,3,1,B03,7,9,1,8,2,2,,59,59,1,13,4,120.677865,24.103458,2
7093,66000,387130000C,(04)23274275,(04)23288582,2025,08,19,15,24,臺中市,西屯區,0,1,0,7,2,6,40,13,8,1,5,4,6,6,4,4,1,4,1,2,17,2,9,1,4,C03,7,9,5,19,2,14,,84,84,1,13,4,120.608547,24.18395,2
7094,66000,387130000C,(04)23274275,(04)23288582,2025,08,19,15,24,臺中市,太平區,0,2,0,7,2,6,50,4,4,1,5,4,6,6,2,1,5,4,5,2,13,2,8,1,1,C03,7,9,1,10,2,11,,7,7,1,6,4,120.734053,24.148577,2
7095,66000,387130000C,(04)23274275,(04)23288582,2025,08,19,15,31,臺中市,大里區,0,2,0,7,2,6,50,3,1,1,5,4,6,6,4,4,1,2,5,1,16,2,7,1,1,F03,7,5,7,21,2,12,,47,47,1,12,4,120.692072,24.091357,2
7096,66000,387130000C,(04)23274275,(04)23288582,2025,08,19,15,32,臺中市,北屯區,0,2,0,7,2,6,30,4,1,1,5,4,6,6,4,4,10,5,5,2,15,2,9,1,1,C03,7,9,1,10,2,11,,15,15,1,12,4,120.717408,24.177445,2
7097,66000,387130000C,(04)23274275,(04)23288582,2025,08,19,15,34,臺中市,西屯區,0,0,0,7,,,50,,,,,,,,,,,,,,13,,,,,C03,,,1,,1,,,87,87,1,13,4,120.649874,24.163262,4
7098,66000,387130000C,(04)23274275,(04)23288582,2025,08,19,15,37,臺中市,西屯區,0,0,0,7,,,50,,,,,,,,,,,,,,16,,,,,B03,,,1,,1,,,40,40,1,12,4,120.649155,24.167641,3
7099,66000,387130000C,(04)23274275,(04)23288582,2025,08,19,15,38,臺中市,霧峰區,0,0,0,7,,,0,,,,,,,,,,,,,,14,,,,,B12,,,1,,1,,,49,49,1,13,4,120.678019,24.064618,3
7100,66000,387130000C,(04)23274275,(04)23288582,2025,08,19,15,39,臺中市,南屯區,0,0,0,7,,,50,,,,,,,,,,,,,,12,,,,,B03,,,1,,2,,,84,84,1,12,4,120.627539,24.148176,3
7101,66000,387130000C,(04)23274275,(04)23288582,2025,08,19,15,42,臺中市,豐原區,0,0,0,7,,,30,,,,,,,,,,,,,,17,,,,,C03,,,1,,2,,,14,14,1,12,4,120.717904,24.242429,3
7102,66000,387130000C,(04)23274275,(04)23288582,2025,08,19,15,45,臺中市,大雅區,0,1,0,7,2,6,50,13,8,1,5,4,6,6,4,4,1,4,4,1,13,2,9,3,1,B03,7,9,1,8,2,5,,54,54,1,13,4,120.650709,24.221442,2
7103,66000,387130000C,(04)23274275,(04)23288582,2025,08,19,15,50,臺中市,大里區,0,0,0,7,,,30,,,,,,,,,,,,,,17,,,,,A12,,,1,,11,,,58,58,1,13,4,120.70592,24.092963,3
7104,66000,387130000C,(04)23274275,(04)23288582,2025,08,19,15,55,臺中市,南屯區,0,0,0,7,,,50,,,,,,,,,,,,,,,,,,,B03,,,1,,1,,,12,12,1,6,4,120.64189,24.147808,3
7105,66000,387130000C,(04)23274275,(04)23288582,2025,08,19,15,56,臺中市,烏日區,0,0,0,7,,,50,,,,,,,,,,,,,,,,,,,B03,,,1,,2,,,84,84,1,13,4,120.629273,24.10149,3
7106,66000,387130000C,(04)23274275,(04)23288582,2025,08,19,15,59,臺中市,東勢區,0,0,0,7,,,50,,,,,,,,,,,,,,,,,,,A12,,,1,,1,,,40,40,1,12,4,120.80092,24.294609,3
7107,66000,387130000C,(04)23274275,(04)23288582,2025,08,19,16,0,臺中市,北屯區,0,0,0,7,,,50,,,,,,,,,,,,,,12,,,,,B03,,,1,,2,,,85,85,1,13,4,120.686559,24.188444,3
7108,66000,387130000C,(04)23274275,(04)23288582,2025,08,19,16,2,臺中市,烏日區,0,0,0,7,,,50,,,,,,,,,,,,,,13,,,,,B03,,,1,,1,,,7,7,1,6,4,120.634013,24.106606,3
7109,66000,387130000C,(04)23274275,(04)23288582,2025,08,19,16,4,臺中市,西屯區,0,2,0,7,2,6,50,4,1,1,5,4,6,6,4,4,5,5,5,2,15,2,9,2,1,C03,7,9,1,10,2,11,,15,15,1,12,4,120.624262,24.185988,2
7110,66000,387130000C,(04)23274275,(04)23288582,2025,08,19,16,5,臺中市,豐原區,0,1,0,7,2,6,40,11,9,1,5,4,6,6,4,4,4,5,5,1,12,2,9,1,1,C03,7,4,1,10,2,12,,8,8,1,13,4,120.75304,24.259772,2
7111,66000,387130000C,(04)23274275,(04)23288582,2025,08,19,16,6,臺中市,霧峰區,0,0,0,7,,,50,,,,,,,,,,,,,,,,,,,B03,,,1,,1,,,8,8,1,12,4,120.699117,24.068332,3
7112,66000,387130000C,(04)23274275,(04)23288582,2025,08,19,16,6,臺中市,太平區,0,0,0,7,,3,80,,,,,,,,,,,,,,13,,,,,B12,,,1,,2,,,84,84,1,12,4,120.715392,24.151874,3
7113,66000,387130000C,(04)23274275,(04)23288582,2025,08,19,16,8,臺中市,大雅區,0,1,0,7,1,6,70,3,2,1,5,4,6,6,1,1,1,4,4,1,17,3,10,3,1,B02,7,7,1,8,2,16,,40,40,1,12,4,120.64136,24.230232,2
7114,66000,387130000C,(04)23274275,(04)23288582,2025,08,19,16,9,臺中市,南屯區,0,0,0,7,,,10,,,,,,,,,,,,,,14,,,,,B03,,,1,,1,,,49,49,1,12,4,120.646415,24.149204,3
7115,66000,387130000C,(04)23274275,(04)23288582,2025,08,19,16,13,臺中市,西屯區,0,1,0,7,1,6,50,4,1,1,5,4,6,6,1,1,10,5,5,2,16,2,9,1,1,C03,7,9,1,10,2,11,,21,21,1,12,4,120.632516,24.182843,2
7116,66000,387130000C,(04)23274275,(04)23288582,2025,08,19,16,15,臺中市,北屯區,0,0,0,7,,,50,,,,,,,,,,,,,,12,,,,,B03,,,1,,1,,,2,2,1,6,4,120.697745,24.170349,3
7117,66000,387130000C,(04)23274275,(04)23288582,2025,08,19,16,17,臺中市,東區,0,0,0,7,,,30,,,,,,,,,,,,,,15,,,,,B11,,,1,,2,,,15,15,1,13,4,120.710413,24.145024,3
7118,66000,387130000C,(04)23274275,(04)23288582,2025,08,19,16,18,臺中市,南區,0,0,0,7,,,50,,,,,,,,,,,,,,13,,,,,C03,,,1,,1,,,7,7,1,12,4,120.648524,24.122522,3
7119,66000,387130000C,(04)23274275,(04)23288582,2025,08,19,16,19,臺中市,西屯區,0,1,0,7,2,6,40,3,1,1,5,4,6,6,4,4,1,4,1,2,12,3,10,3,4,B12,7,5,1,4,2,6,,84,84,1,13,4,120.650964,24.162311,2
7120,66000,387130000C,(04)23274275,(04)23288582,2025,08,19,16,20,臺中市,大里區,0,0,0,7,,,30,,,,,,,,,,,,,,12,,,,,B12,,,1,,2,,,84,84,1,6,4,120.68647,24.120561,3
7121,66000,387130000C,(04)23274275,(04)23288582,2025,08,19,16,21,臺中市,新社區,0,0,0,7,,,30,,,,,,,,,,,,,,,,,,,B03,,,1,,1,,,49,49,1,13,4,120.815051,24.24073,3
7122,66000,387130000C,(04)23274275,(04)23288582,2025,08,19,16,22,臺中市,北區,0,0,0,7,,,1,,,,,,,,,,,,,,17,,,,,C03,,,1,,2,,,84,84,1,12,4,120.665888,24.163067,3
7123,66000,387130000C,(04)23274275,(04)23288582,2025,08,19,16,25,臺中市,大雅區,0,0,0,7,,,50,,,,,,,,,,,,,,16,,,,,C03,,,1,,1,,,11,11,1,13,4,120.669578,24.22248,3
7124,66000,387130000C,(04)23274275,(04)23288582,2025,08,19,16,28,臺中市,大雅區,0,0,0,7,,,30,,,,,,,,,,,,,,11,,,,,C03,,,3,,1,,,8,8,1,12,4,120.669992,24.237036,3
7125,66000,387130000C,(04)23274275,(04)23288582,2025,08,19,16,32,臺中市,大甲區,0,1,0,7,2,6,40,13,9,1,5,4,6,6,4,4,4,4,5,2,11,3,10,3,1,B03,7,11,1,8,2,4,,46,46,1,12,4,120.60442,24.346933,2
7126,66000,387130000C,(04)23274275,(04)23288582,2025,08,19,16,33,臺中市,南屯區,0,0,0,7,,,50,,,,,,,,,,,,,,17,,,,,A12,,,1,,9,,,76,76,2,6,4,120.649777,24.142937,3
7127,66000,387130000C,(04)23274275,(04)23288582,2025,08,19,16,34,臺中市,北區,0,0,0,7,,,50,,,,,,,,,,,,,,13,,,,,B03,,,1,,1,,,59,59,1,13,4,120.680556,24.166887,3
7128,66000,387130000C,(04)23274275,(04)23288582,2025,08,19,16,38,臺中市,龍井區,0,0,0,7,,,50,,,,,,,,,,,,,,,,,,,C03,,,1,,1,,,20,20,1,12,4,120.55155,24.21308,4
7129,66000,387130000C,(04)23274275,(04)23288582,2025,08,19,16,40,臺中市,北區,0,1,0,7,3,6,50,4,2,1,5,4,6,6,1,1,5,3,4,2,9,3,10,5,4,B03,7,6,1,8,2,1,,10,10,1,13,4,120.667924,24.153878,2
7130,66000,387130000C,(04)23274275,(04)23288582,2025,08,19,16,40,臺中市,沙鹿區,0,1,0,7,2,6,60,13,7,1,5,4,6,6,4,4,1,3,4,2,5,2,9,6,5,H03,8,20,7,21,10,17,,107,107,1,12,5,120.595832,24.250124,2
7131,66000,387130000C,(04)23274275,(04)23288582,2025,08,19,16,42,臺中市,南區,0,2,0,7,2,6,50,4,1,1,5,4,6,6,1,1,10,4,4,2,17,2,9,2,1,C03,7,9,1,10,2,14,,7,7,1,13,4,120.650118,24.120638,2
7132,66000,387130000C,(04)23274275,(04)23288582,2025,08,19,16,42,臺中市,沙鹿區,1,0,0,7,2,6,40,13,8,1,5,4,6,6,4,4,1,2,3,2,23,1,3,2,1,C03,7,9,1,10,9,14,,82,82,1,5,4,120.579948,24.219152,1
7133,66000,387130000C,(04)23274275,(04)23288582,2025,08,19,16,43,臺中市,清水區,0,0,0,7,,,50,,,,,,,,,,,,,,13,,,,,B02,,,1,,2,,,7,7,1,13,4,120.590421,24.304238,3
7134,66000,387130000C,(04)23274275,(04)23288582,2025,08,19,16,48,臺中市,龍井區,0,0,0,7,2,6,50,3,1,1,5,4,6,6,4,4,10,5,5,2,11,,,,,B03,,,1,,1,,,8,8,1,6,4,120.588951,24.178456,3
7135,66000,387130000C,(04)23274275,(04)23288582,2025,08,19,16,55,臺中市,西屯區,0,0,0,7,,,50,,,,,,,,,,,,,,14,,,,,B12,,,1,,2,,,49,49,1,12,4,120.664347,24.166375,3
7136,66000,387130000C,(04)23274275,(04)23288582,2025,08,19,17,0,臺中市,北屯區,0,0,0,7,,,50,,,,,,,,,,,,,,17,,,,,C03,,,1,,1,,,51,51,1,13,4,120.667227,24.173321,3
7137,66000,387130000C,(04)23274275,(04)23288582,2025,08,19,17,0,臺中市,北屯區,0,0,0,7,,,50,,,,,,,,,,,,,,13,,,,,C03,,,1,,2,,,84,84,1,12,4,120.685081,24.177556,3
7138,66000,387130000C,(04)23274275,(04)23288582,2025,08,19,17,0,臺中市,神岡區,0,0,0,7,,,40,,,,,,,,,,,,,,11,,,,,B12,,,1,,2,,,8,8,1,12,4,120.669806,24.245511,3
7139,66000,387130000C,(04)23274275,(04)23288582,2025,08,19,17,1,臺中市,西屯區,0,0,0,7,,,40,,,,,,,,,,,,,,,,,,,B03,,,3,,9,,,49,49,1,13,4,120.651705,24.163889,3
7140,66000,387130000C,(04)23274275,(04)23288582,2025,08,19,17,1,臺中市,沙鹿區,0,0,0,7,,,30,,,,,,,,,,,,,,,,,,,C03,,,1,,1,,,7,7,1,6,4,120.57416,24.228522,3
7141,66000,387130000C,(04)23274275,(04)23288582,2025,08,19,17,4,臺中市,北屯區,0,0,0,7,,,50,,,,,,,,,,,,,,17,,,,,B03,,,1,,2,,,40,40,1,13,4,120.698626,24.164763,3
7142,66000,387130000C,(04)23274275,(04)23288582,2025,08,19,17,8,臺中市,大里區,0,1,0,7,2,6,30,3,1,1,5,4,6,6,4,4,10,5,5,2,16,3,10,2,1,C03,7,6,1,10,2,14,,14,14,1,13,4,120.705296,24.085307,2
7143,66000,387130000C,(04)23274275,(04)23288582,2025,08,19,17,10,臺中市,中區,0,0,0,7,,,50,,,,,,,,,,,,,,13,,,,,F03,,,7,,2,,,7,7,1,12,4,120.679497,24.142426,3
7144,66000,387130000C,(04)23274275,(04)23288582,2025,08,19,17,10,臺中市,龍井區,0,2,0,7,3,6,30,5,1,1,5,4,6,6,4,4,10,5,5,2,17,2,9,2,1,C03,7,9,1,12,2,12,,12,12,1,12,4,120.527179,24.18847,2
7145,66000,387130000C,(04)23274275,(04)23288582,2025,08,19,17,11,臺中市,大里區,0,1,0,7,3,6,30,4,2,1,2,4,6,6,1,1,10,5,5,2,17,3,10,5,4,B12,7,13,1,8,9,16,,75,75,1,13,4,120.663815,24.08611,2
7146,66000,387130000C,(04)23274275,(04)23288582,2025,08,19,17,12,臺中市,大里區,0,1,0,7,2,6,50,3,1,1,5,4,6,6,4,4,10,5,5,2,18,2,9,1,1,C03,7,9,1,10,2,12,,59,59,1,12,4,120.682142,24.071867,2
7147,66000,387130000C,(04)23274275,(04)23288582,2025,08,19,17,13,臺中市,大里區,0,1,0,7,2,6,50,13,9,1,5,4,6,6,4,4,5,4,5,1,12,2,8,1,1,C03,7,15,1,10,2,14,,40,40,1,13,4,120.701469,24.123287,2
7148,66000,387130000C,(04)23274275,(04)23288582,2025,08,19,17,15,臺中市,北屯區,0,0,0,7,,,50,,,,,,,,,,,,,,12,,,,,B03,,,1,,2,,,8,8,1,6,4,120.682561,24.181633,3
7149,66000,387130000C,(04)23274275,(04)23288582,2025,08,19,17,15,臺中市,西屯區,0,0,0,7,,,50,,,,,,,,,,,,,,,,,,,B03,,,1,,1,,,7,7,1,13,4,120.663997,24.176032,4
7150,66000,387130000C,(04)23274275,(04)23288582,2025,08,19,17,15,臺中市,太平區,0,2,0,7,2,6,30,4,1,1,5,4,6,6,4,4,10,5,5,2,15,2,9,2,1,C03,7,9,1,10,2,13,,12,12,1,13,4,120.719672,24.116314,2
7151,66000,387130000C,(04)23274275,(04)23288582,2025,08,19,17,17,臺中市,大雅區,0,1,0,7,2,6,30,3,1,1,5,4,6,6,4,4,10,5,5,1,17,2,9,2,1,C03,7,1,1,10,2,11,,51,51,1,13,4,120.664382,24.235462,2
7152,66000,387130000C,(04)23274275,(04)23288582,2025,08,19,17,17,臺中市,西區,0,1,0,7,2,6,50,4,1,1,5,4,6,6,1,1,10,5,5,2,17,2,9,1,1,C03,7,8,1,10,2,14,,42,42,1,13,4,120.671996,24.146246,2
7153,66000,387130000C,(04)23274275,(04)23288582,2025,08,19,17,22,臺中市,南屯區,0,0,0,7,,,50,,,,,,,,,,,,,,14,,,,,B03,,,1,,2,,,49,49,1,12,4,120.641197,24.141794,3
7154,66000,387130000C,(04)23274275,(04)23288582,2025,08,19,17,23,臺中市,梧棲區,0,0,0,7,,,50,,,,,,,,,,,,,,25,,,,,B11,,,1,,1,,,50,50,1,12,4,120.534332,24.233493,3
7155,66000,387130000C,(04)23274275,(04)23288582,2025,08,19,17,23,臺中市,清水區,0,0,0,7,,3,90,,,,,,,,,,,,,,13,,,,,B03,,,1,,1,,,7,7,1,13,4,120.546323,24.273305,3
7156,66000,387130000C,(04)23274275,(04)23288582,2025,08,19,17,25,臺中市,西屯區,0,0,0,7,,,50,,,,,,,,,,,,,,16,,,,,C03,,,1,,1,,,59,59,1,12,4,120.607485,24.195133,3
7157,66000,387130000C,(04)23274275,(04)23288582,2025,08,19,17,25,臺中市,大里區,0,1,0,7,2,6,30,3,1,1,5,4,6,6,4,4,10,5,5,1,16,2,9,4,1,F01,7,6,7,21,2,11,,14,14,1,2,4,120.699899,24.1054,2
7158,66000,387130000C,(04)23274275,(04)23288582,2025,08,19,17,26,臺中市,南屯區,0,2,0,7,2,6,50,4,1,1,5,4,6,6,2,1,5,5,5,2,16,2,9,1,1,C03,7,5,3,19,2,12,,65,65,1,6,4,120.630584,24.138933,2
7159,66000,387130000C,(04)23274275,(04)23288582,2025,08,19,17,27,臺中市,梧棲區,0,1,0,7,3,6,30,13,9,1,5,4,6,6,4,4,10,5,5,2,13,2,8,1,1,C03,7,9,1,10,2,11,,7,7,1,6,4,120.538745,24.226809,2
7160,66000,387130000C,(04)23274275,(04)23288582,2025,08,19,17,29,臺中市,豐原區,0,0,0,7,,,50,,,,,,,,,,,,,,17,,,,,C03,,,1,,9,,,50,50,1,12,4,120.721558,24.239509,3
7161,66000,387130000C,(04)23274275,(04)23288582,2025,08,19,17,30,臺中市,西區,0,0,0,7,,,30,,,,,,,,,,,,,,,,,,,C03,,,1,10,1,,,50,50,1,13,4,120.662518,24.1505,3
7162,66000,387130000C,(04)23274275,(04)23288582,2025,08,19,17,30,臺中市,中區,0,0,0,7,,,50,,,,,,,,,,,,,,,,,,,B03,,,1,8,1,,,40,40,1,13,4,120.675931,24.144413,3
7163,66000,387130000C,(04)23274275,(04)23288582,2025,08,19,17,30,臺中市,南屯區,0,1,0,7,2,6,40,3,1,1,5,4,6,6,4,4,9,4,4,2,13,2,9,1,1,C03,7,9,1,10,2,11,,7,7,1,12,4,120.638331,24.141334,2
7164,66000,387130000C,(04)23274275,(04)23288582,2025,08,19,17,31,臺中市,梧棲區,0,0,0,7,,,50,,,,,,,,,,,,,,13,,,,,B03,,,1,,2,,,84,84,1,12,4,120.555823,24.250334,3
7165,66000,387130000C,(04)23274275,(04)23288582,2025,08,19,17,33,臺中市,西區,0,0,0,7,,,50,,,,,,,,,,,,,,,,,,,B13,,,1,,2,,,78,78,1,12,4,120.658712,24.135986,3
7166,66000,387130000C,(04)23274275,(04)23288582,2025,08,19,17,33,臺中市,后里區,0,2,0,7,2,6,50,4,1,1,5,4,6,6,1,1,5,4,4,2,16,2,9,1,1,C03,7,6,5,19,2,11,,11,11,1,12,4,120.710503,24.304948,2
7167,66000,387130000C,(04)23274275,(04)23288582,2025,08,19,17,35,臺中市,梧棲區,0,1,0,7,2,6,50,4,1,1,5,4,6,6,3,1,10,5,5,2,16,3,10,3,1,B03,7,5,1,8,2,5,,11,11,1,12,4,120.540214,24.242968,2
7168,66000,387130000C,(04)23274275,(04)23288582,2025,08,19,17,36,臺中市,南屯區,0,1,0,7,3,6,40,13,8,1,5,4,6,6,4,4,1,4,4,2,13,2,9,2,4,C03,7,9,1,10,2,11,,7,7,1,6,4,120.624782,24.145346,2