﻿序號,縣市別代碼,機關代碼,市話,傳真,年,月,日,時,分,縣市,區,死亡數量,受傷數量,2-30,天候,道路照明設備,道路類別,道路速限,道路型態,事故位置,路面鋪裝,路面狀態,路面缺陷,障礙物,視距,號誌種類,號誌動作,分向設施,快車道或一般車道間,快慢車道間,路面邊線,事故類型及型態,受傷程度,主要傷處,保護裝備,行動電話或功能裝置,當事者區分_類別,車輛用途,當事者行動狀態,駕照狀態,駕照種類,飲酒情形,車輛撞擊部位最初,車輛撞擊部位其他,肇事因素個別,肇事因素主要,肇事逃逸,職業,共享經濟或外送平台,GPS座標X,GPS座標Y,事故類別
7169,66000,387130000C,(04)23274275,(04)23288582,2025,08,19,17,37,臺中市,后里區,0,2,0,7,2,6,50,3,1,1,5,4,6,6,4,4,1,4,4,1,16,2,8,1,1,C03,7,6,1,10,2,12,,14,14,1,12,4,120.722903,24.291611,2
7170,66000,387130000C,(04)23274275,(04)23288582,2025,08,19,17,39,臺中市,西屯區,0,2,0,7,2,6,50,4,1,1,5,4,6,6,2,1,4,4,5,2,16,2,9,5,4,C03,7,6,1,10,2,11,,11,11,1,13,4,120.616375,24.171262,2
7171,66000,387130000C,(04)23274275,(04)23288582,2025,08,19,17,39,臺中市,太平區,0,1,0,7,2,6,50,4,4,1,5,4,6,6,2,1,1,2,5,2,17,2,8,2,1,C03,7,9,1,10,2,14,,84,84,1,12,4,120.711591,24.149779,2
7172,66000,387130000C,(04)23274275,(04)23288582,2025,08,19,17,40,臺中市,西區,0,1,0,7,2,6,50,3,1,1,5,4,6,6,4,4,9,4,5,2,13,3,10,3,1,B03,7,9,1,8,2,1,,7,7,1,12,4,120.656106,24.144949,2
7173,66000,387130000C,(04)23274275,(04)23288582,2025,08,19,17,41,臺中市,西屯區,0,1,0,7,2,6,50,4,1,1,5,4,6,6,1,1,5,4,5,2,13,2,9,2,1,C03,7,9,1,10,2,14,,59,59,1,12,4,120.65681,24.184602,2
7174,66000,387130000C,(04)23274275,(04)23288582,2025,08,19,17,42,臺中市,西屯區,0,0,0,7,,,50,,,,,,,,,,,,,,14,,,,,B03,,,1,,1,,,49,49,1,12,4,120.66014,24.200662,3
7175,66000,387130000C,(04)23274275,(04)23288582,2025,08,19,17,43,臺中市,西屯區,0,0,0,7,,,50,,,,,,,,,,,,,,12,,,,,B03,,,1,,2,,,40,40,1,12,4,120.656565,24.200503,3
7176,66000,387130000C,(04)23274275,(04)23288582,2025,08,19,17,44,臺中市,北屯區,0,1,0,7,3,6,50,4,1,1,5,4,6,6,2,1,10,5,5,2,16,3,10,3,1,B03,7,6,1,8,2,1,,48,48,1,12,4,120.685679,24.175769,2
7177,66000,387130000C,(04)23274275,(04)23288582,2025,08,19,17,44,臺中市,大肚區,0,0,0,7,,,50,,,,,,,,,,,,,,,,,,,B03,,,1,,2,,,7,7,1,6,4,120.567708,24.121996,3
7178,66000,387130000C,(04)23274275,(04)23288582,2025,08,19,17,45,臺中市,神岡區,0,1,0,7,2,6,50,13,9,1,5,4,6,6,4,4,5,4,4,2,12,2,9,5,4,C03,7,9,1,10,2,12,,54,54,1,12,4,120.697018,24.25013,2
7179,66000,387130000C,(04)23274275,(04)23288582,2025,08,19,17,48,臺中市,西區,0,0,0,7,,,50,,,,,,,,,,,,,,,,,,,B03,,,1,8,1,,,84,84,1,13,4,120.669363,24.151301,3
7180,66000,387130000C,(04)23274275,(04)23288582,2025,08,19,17,48,臺中市,新社區,0,2,0,7,2,6,50,3,1,1,5,4,6,6,4,4,10,5,5,2,17,3,10,3,1,B03,7,9,1,8,2,5,,84,84,1,12,4,120.796937,24.219367,2
7181,66000,387130000C,(04)23274275,(04)23288582,2025,08,19,17,50,臺中市,西屯區,0,1,0,7,2,6,50,5,1,1,5,4,6,6,2,1,4,4,4,2,12,3,10,5,4,B03,7,9,1,8,2,2,,8,8,1,13,4,120.660102,24.164309,2
7182,66000,387130000C,(04)23274275,(04)23288582,2025,08,19,17,50,臺中市,外埔區,0,1,0,7,2,6,50,4,1,1,5,4,6,6,1,1,5,5,4,1,13,3,10,3,1,B03,7,6,1,8,2,8,,7,7,1,12,4,120.634727,24.330784,2
7183,66000,387130000C,(04)23274275,(04)23288582,2025,08,19,17,50,臺中市,豐原區,0,1,0,7,2,6,50,4,1,1,5,4,6,6,1,1,10,5,5,2,28,2,9,2,1,C03,7,9,1,10,2,11,,58,58,1,13,4,120.726647,24.247665,2
7184,66000,387130000C,(04)23274275,(04)23288582,2025,08,19,17,51,臺中市,后里區,0,1,0,7,2,6,50,4,1,1,5,4,6,6,1,1,5,5,5,1,16,3,10,3,1,B03,7,5,1,8,2,5,,84,84,1,12,4,120.695857,24.311392,2
7185,66000,387130000C,(04)23274275,(04)23288582,2025,08,19,17,53,臺中市,南屯區,0,1,0,7,1,6,50,3,1,1,5,4,6,6,4,4,5,5,5,2,17,3,10,3,1,B03,7,6,1,8,2,8,,13,13,1,6,4,120.612582,24.152919,2
7186,66000,387130000C,(04)23274275,(04)23288582,2025,08,19,17,53,臺中市,龍井區,0,0,0,7,2,6,50,13,9,1,5,4,6,6,4,4,5,5,,1,13,,,,,C03,,,1,,2,,,59,59,1,6,4,120.584703,24.183923,3
7187,66000,387130000C,(04)23274275,(04)23288582,2025,08,19,17,55,臺中市,太平區,0,1,0,7,2,6,30,3,1,1,5,4,6,6,4,4,10,5,5,2,16,3,10,3,1,B03,7,6,1,8,2,8,,14,14,1,13,4,120.701482,24.148412,2
7188,66000,387130000C,(04)23274275,(04)23288582,2025,08,19,17,56,臺中市,東區,0,0,0,7,,,50,,,,,,,,,,,,,,13,,,,,B11,,,1,,1,,,84,84,1,13,4,120.689186,24.142917,4
7189,66000,387130000C,(04)23274275,(04)23288582,2025,08,19,17,58,臺中市,清水區,0,1,0,7,2,6,30,3,2,1,5,4,6,6,4,4,10,5,5,2,11,3,10,3,1,B03,7,6,1,8,2,4,,41,41,1,13,4,120.58953,24.297476,2
7190,66000,387130000C,(04)23274275,(04)23288582,2025,08,19,17,59,臺中市,清水區,0,0,0,7,,,0,,,,,,,,,,,,,,,,,,,B03,,,1,,1,,,58,58,1,12,4,120.614688,24.288044,3
7191,66000,387130000C,(04)23274275,(04)23288582,2025,08,19,18,0,臺中市,西屯區,0,0,0,7,,,50,,,,,,,,,,,,,,13,,,,,B03,,,1,,1,,,59,59,1,13,4,120.615369,24.183119,3
7192,66000,387130000C,(04)23274275,(04)23288582,2025,08,19,18,2,臺中市,北屯區,0,1,0,7,3,6,50,4,1,1,5,4,6,6,1,1,10,5,5,2,13,2,9,2,1,C03,7,9,1,10,1,11,,59,59,1,13,4,120.667056,24.180179,2
7193,66000,387130000C,(04)23274275,(04)23288582,2025,08,19,18,3,臺中市,神岡區,0,0,0,7,,,30,,,,,,,,,,,,,,14,,,,,B03,,,1,,1,,,49,49,1,12,4,120.71029,24.257061,3
7194,66000,387130000C,(04)23274275,(04)23288582,2025,08,19,18,7,臺中市,大肚區,0,1,0,7,2,6,40,13,8,1,5,4,6,6,4,4,1,4,4,1,12,3,10,1,1,C03,7,9,1,10,2,12,,8,8,1,6,4,120.571148,24.120742,2
7195,66000,387130000C,(04)23274275,(04)23288582,2025,08,19,18,10,臺中市,西屯區,0,0,0,7,,,30,,,,,,,,,,,,,,9,,,,,C03,,,1,,1,,,8,8,1,12,4,120.640603,24.169818,3
7196,66000,387130000C,(04)23274275,(04)23288582,2025,08,19,18,13,臺中市,潭子區,0,1,0,7,2,6,50,3,1,1,5,4,6,6,4,4,10,5,5,2,13,3,10,2,1,C03,7,12,1,10,2,11,,84,84,1,12,4,120.700548,24.21228,2
7197,66000,387130000C,(04)23274275,(04)23288582,2025,08,19,18,15,臺中市,北區,0,1,0,7,1,6,50,4,1,1,5,4,6,6,1,1,10,5,5,2,16,3,10,3,1,B03,7,5,1,8,2,2,,20,20,1,12,4,120.686725,24.165283,2
7198,66000,387130000C,(04)23274275,(04)23288582,2025,08,19,18,16,臺中市,西區,0,1,0,7,2,6,50,4,2,1,5,4,6,6,1,1,9,4,5,2,18,2,9,1,1,C04,7,9,1,10,2,16,,84,84,1,12,4,120.671994,24.135147,2
7199,66000,387130000C,(04)23274275,(04)23288582,2025,08,19,18,16,臺中市,東區,0,0,0,7,,,50,,,,,,,,,,,,,,12,,,,,C03,,,1,,2,,,87,87,1,13,4,120.692743,24.147866,3
7200,66000,387130000C,(04)23274275,(04)23288582,2025,08,19,18,16,臺中市,南屯區,0,1,0,7,2,6,50,4,1,1,5,4,6,6,2,1,9,4,4,2,17,3,10,3,1,B03,7,9,1,8,2,2,,84,84,1,12,4,120.634806,24.153878,2
7201,66000,387130000C,(04)23274275,(04)23288582,2025,08,19,18,18,臺中市,清水區,0,1,0,7,2,6,50,13,9,1,5,4,6,6,4,4,5,4,5,1,3,2,6,6,5,H01,8,16,7,21,10,17,,95,95,1,13,5,120.567937,24.273057,2
7202,66000,387130000C,(04)23274275,(04)23288582,2025,08,19,18,23,臺中市,南屯區,0,0,0,7,,,50,,,,,,,,,,,,,,,,,,,B03,,,1,,1,,,50,50,1,13,4,120.647429,24.155305,3
7203,66000,387130000C,(04)23274275,(04)23288582,2025,08,19,18,25,臺中市,大雅區,0,1,0,7,1,6,50,3,1,1,5,4,6,6,1,1,5,5,5,1,17,3,10,3,1,B03,7,6,1,8,2,2,,11,11,1,13,4,120.638189,24.24656,2
7204,66000,387130000C,(04)23274275,(04)23288582,2025,08,19,18,28,臺中市,潭子區,0,1,0,7,2,6,50,13,14,1,5,4,6,6,4,4,1,4,4,1,17,3,10,3,1,B12,7,9,1,8,2,5,,84,84,1,12,4,120.686649,24.215959,2
7205,66000,387130000C,(04)23274275,(04)23288582,2025,08,19,18,30,臺中市,豐原區,0,0,0,7,,,50,,,,,,,,,,,,,,13,,,,,B03,,,1,,2,,,59,59,1,12,4,120.713513,24.260245,3
7206,66000,387130000C,(04)23274275,(04)23288582,2025,08,19,18,32,臺中市,南屯區,0,0,0,7,,,50,,,,,,,,,,,,,,12,,,,,C03,,,1,,1,,,37,37,1,6,4,120.637271,24.150305,3
7207,66000,387130000C,(04)23274275,(04)23288582,2025,08,19,18,34,臺中市,清水區,0,0,0,7,,,50,,,,,,,,,,,,,,,,,,,B03,,,1,,1,,,58,58,1,12,4,120.540479,24.269545,3
7208,66000,387130000C,(04)23274275,(04)23288582,2025,08,19,18,39,臺中市,西屯區,0,0,0,7,,,50,,,,,,,,,,,,,,17,,,,,B03,,,1,,1,,,50,50,1,12,4,120.611016,24.186864,3
7209,66000,387130000C,(04)23274275,(04)23288582,2025,08,19,18,40,臺中市,南區,0,0,0,7,,,50,,,,,,,,,,,,,,,,,,,B03,,,1,,1,,,85,85,1,6,4,120.681423,24.11901,3
7210,66000,387130000C,(04)23274275,(04)23288582,2025,08,19,18,44,臺中市,清水區,0,1,0,7,2,6,50,4,1,1,5,4,6,6,1,1,8,3,4,1,17,3,10,3,1,B03,7,5,1,8,2,5,,58,58,1,12,4,120.564994,24.277141,2
7211,66000,387130000C,(04)23274275,(04)23288582,2025,08,19,18,49,臺中市,南屯區,0,0,0,7,,,50,,,,,,,,,,,,,,13,,,,,C03,,,1,,1,,,59,59,1,12,4,120.632194,24.150746,3
7212,66000,387130000C,(04)23274275,(04)23288582,2025,08,19,18,50,臺中市,西區,0,1,0,7,1,6,50,4,1,1,5,4,6,6,4,4,10,5,5,2,3,3,10,5,4,B03,7,2,1,8,2,7,,49,49,1,13,4,120.660677,24.13525,2
7213,66000,387130000C,(04)23274275,(04)23288582,2025,08,19,18,54,臺中市,西區,0,1,0,7,1,6,60,5,1,1,5,4,6,6,2,1,1,2,1,2,16,3,10,3,1,B03,7,5,1,8,2,5,,11,11,1,12,4,120.664014,24.154889,2
7214,66000,387130000C,(04)23274275,(04)23288582,2025,08,19,18,56,臺中市,西屯區,0,1,0,7,1,6,50,3,7,1,5,4,6,6,4,4,5,3,4,2,13,3,10,3,4,B03,7,9,1,8,2,1,,7,7,1,13,4,120.648454,24.173663,2
7215,66000,387130000C,(04)23274275,(04)23288582,2025,08,19,18,56,臺中市,梧棲區,0,0,0,7,,,50,,,,,,,,,,,,,,14,,,,,B13,,,1,,1,,,49,49,1,6,4,120.531203,24.257047,3
7216,66000,387130000C,(04)23274275,(04)23288582,2025,08,19,18,59,臺中市,大甲區,0,0,0,7,,,50,,,,,,,,,,,,,,13,,,,,B03,,,1,,2,,,59,59,1,12,4,120.651312,24.381097,3
7217,66000,387130000C,(04)23274275,(04)23288582,2025,08,19,19,0,臺中市,太平區,0,2,0,7,1,6,50,4,1,1,5,4,6,6,2,1,10,5,5,2,16,3,10,3,1,B03,7,5,1,8,2,2,,47,47,1,12,4,120.701865,24.153694,2
7218,66000,387130000C,(04)23274275,(04)23288582,2025,08,19,19,0,臺中市,大肚區,0,1,0,7,1,6,50,13,9,1,5,4,6,6,4,4,8,5,5,1,17,2,9,2,1,C03,7,9,3,19,7,12,,53,53,1,6,4,120.537101,24.161097,2
7219,66000,387130000C,(04)23274275,(04)23288582,2025,08,19,19,5,臺中市,南區,0,0,0,7,,,30,,,,,,,,,,,,,,17,,,,,B03,,,1,,1,,,84,84,1,12,4,120.666818,24.115311,4
7220,66000,387130000C,(04)23274275,(04)23288582,2025,08,19,19,16,臺中市,北屯區,0,0,0,7,,,30,,,,,,,,,,,,,,15,,,,,C03,,,3,,3,,,24,24,1,12,4,120.704076,24.16939,3
7221,66000,387130000C,(04)23274275,(04)23288582,2025,08,19,19,18,臺中市,南屯區,0,0,0,7,,,50,,,,,,,,,,,,,,,,,,,B03,,,1,,2,,,8,8,1,6,4,120.645286,24.151188,4
7222,66000,387130000C,(04)23274275,(04)23288582,2025,08,19,19,26,臺中市,東勢區,0,0,0,7,,,50,,,,,,,,,,,,,,,,,,,B03,,,1,,2,,,84,84,1,12,4,120.82779,24.25637,3
7223,66000,387130000C,(04)23274275,(04)23288582,2025,08,19,19,28,臺中市,神岡區,0,0,0,7,,,1,,,,,,,,,,,,,,17,,,,,B03,,,1,,1,,,51,51,1,13,4,120.696554,24.248704,3
7224,66000,387130000C,(04)23274275,(04)23288582,2025,08,19,19,29,臺中市,北屯區,0,1,0,7,1,6,50,4,2,1,5,4,6,6,4,4,5,5,5,2,13,3,10,3,1,B03,7,9,1,8,2,8,,84,84,1,13,4,120.686584,24.190503,2
7225,66000,387130000C,(04)23274275,(04)23288582,2025,08,19,19,32,臺中市,太平區,0,1,0,7,1,6,50,3,1,1,5,4,6,6,1,1,10,5,5,2,3,3,10,3,1,B03,7,6,1,8,2,1,,10,10,1,13,4,120.718824,24.12678,2
7226,66000,387130000C,(04)23274275,(04)23288582,2025,08,19,19,36,臺中市,北屯區,0,0,0,7,,,50,,,,,,,,,,,,,,12,,,,,B03,,,1,,1,,,8,8,1,6,4,120.701011,24.178623,3
7227,66000,387130000C,(04)23274275,(04)23288582,2025,08,19,19,36,臺中市,后里區,0,1,0,7,1,6,50,4,2,1,5,4,6,6,3,1,5,5,5,1,13,2,7,2,1,F03,7,9,7,21,2,11,,7,7,1,12,4,120.717843,24.307406,2
7228,66000,387130000C,(04)23274275,(04)23288582,2025,08,19,19,40,臺中市,大雅區,0,1,0,7,1,6,30,4,1,1,5,4,6,6,1,1,10,5,5,2,17,3,10,1,1,C03,7,9,1,10,2,11,14,25,25,1,13,4,120.6392,24.225982,2
7229,66000,387130000C,(04)23274275,(04)23288582,2025,08,19,19,45,臺中市,霧峰區,0,1,0,7,1,6,50,4,1,1,5,4,6,6,4,4,1,4,4,1,16,2,8,4,1,F01,7,1,7,21,2,14,,51,51,1,12,4,120.696383,24.068578,2
7230,66000,387130000C,(04)23274275,(04)23288582,2025,08,19,19,49,臺中市,西區,0,1,0,7,1,6,50,5,2,1,5,4,6,6,4,4,9,4,5,2,17,2,9,1,1,C03,7,6,1,10,2,11,,14,14,1,12,4,120.666498,24.137946,2
7231,66000,387130000C,(04)23274275,(04)23288582,2025,08,19,19,50,臺中市,和平區,0,0,0,7,,,40,,,,,,,,,,,,,,12,3,10,6,1,B12,,13,1,8,1,4,,76,76,1,13,4,120.882762,24.174649,3
7232,66000,387130000C,(04)23274275,(04)23288582,2025,08,19,19,55,臺中市,西區,0,0,0,7,,,50,,,,,,,,,,,,,,,,,,,,,,,,,,,85,85,1,,,120.65968,24.136397,3
7233,66000,387130000C,(04)23274275,(04)23288582,2025,08,19,19,57,臺中市,豐原區,0,0,0,7,,,60,,,,,,,,,,,,,,13,,,,,A11,,,1,,2,,,59,59,1,13,4,120.729763,24.243619,3
7234,66000,387130000C,(04)23274275,(04)23288582,2025,08,19,20,0,臺中市,南屯區,0,0,0,7,,,50,,,,,,,,,,,,,,,,,,,B03,,,1,,1,,,7,7,1,13,4,120.630691,24.142899,3
7235,66000,387130000C,(04)23274275,(04)23288582,2025,08,19,20,10,臺中市,西屯區,0,0,0,7,,,50,,,,,,,,,,,,,,13,,,,,B03,,,1,,1,,,7,7,1,12,4,120.647847,24.196114,3
7236,66000,387130000C,(04)23274275,(04)23288582,2025,08,19,20,16,臺中市,西區,0,0,0,7,,,50,,,,,,,,,,,,,,13,,,,,B03,,,1,,1,,,59,59,1,12,4,120.657079,24.134428,3
7237,66000,387130000C,(04)23274275,(04)23288582,2025,08,19,20,20,臺中市,沙鹿區,0,0,0,7,,,50,,,,,,,,,,,,,,13,,,,,C03,,,1,,1,,,7,7,1,6,4,120.566606,24.203374,3
7238,66000,387130000C,(04)23274275,(04)23288582,2025,08,19,20,22,臺中市,大里區,0,1,0,7,1,6,40,4,2,1,5,4,6,6,1,1,5,5,4,2,13,3,10,1,1,C03,7,9,1,10,2,11,,7,7,1,13,4,120.694456,24.111441,2
7239,66000,387130000C,(04)23274275,(04)23288582,2025,08,19,20,25,臺中市,北區,0,0,0,7,,,50,,,,,,,,,,,,,,13,,,,,B03,,,1,,1,,,84,84,1,12,4,120.674725,24.163007,3
7240,66000,387130000C,(04)23274275,(04)23288582,2025,08,19,20,28,臺中市,豐原區,0,0,0,7,1,6,50,13,7,1,5,4,6,6,1,1,5,5,4,2,17,3,10,1,1,C03,7,9,5,19,8,14,,53,53,1,12,4,120.718791,24.249894,3
7241,66000,387130000C,(04)23274275,(04)23288582,2025,08,19,20,30,臺中市,豐原區,0,0,0,7,,,50,,,,,,,,,,,,,,17,,,,,B03,,,1,,2,,,8,8,1,13,4,120.719133,24.248088,3
7242,66000,387130000C,(04)23274275,(04)23288582,2025,08,19,20,33,臺中市,沙鹿區,0,2,0,7,1,6,50,5,1,1,5,4,6,6,1,1,10,5,5,2,16,2,9,2,1,C03,7,6,1,10,2,11,,48,48,1,6,4,120.573005,24.210639,2
7243,66000,387130000C,(04)23274275,(04)23288582,2025,08,19,20,34,臺中市,西屯區,0,2,0,7,1,6,50,4,1,1,5,4,6,6,1,1,5,4,4,2,16,2,9,2,1,C03,7,6,1,10,2,12,,11,11,1,12,4,120.64456,24.202866,2
7244,66000,387130000C,(04)23274275,(04)23288582,2025,08,19,20,36,臺中市,西區,0,0,0,7,,,50,,,,,,,,,,,,,,,,,,,B03,,,1,8,1,,,84,84,1,13,4,120.660463,24.146828,3
7245,66000,387130000C,(04)23274275,(04)23288582,2025,08,19,20,52,臺中市,后里區,0,0,0,7,,,50,,,,,,,,,,,,,,16,,,,,C03,,,1,,1,,,39,39,1,12,4,120.710041,24.310786,3
7246,66000,387130000C,(04)23274275,(04)23288582,2025,08,19,20,57,臺中市,霧峰區,0,0,0,7,,,50,,,,,,,,,,,,,,13,,,,,C03,,,1,,2,,,58,58,1,13,4,120.702072,24.071057,4
7247,66000,387130000C,(04)23274275,(04)23288582,2025,08,19,21,8,臺中市,西屯區,0,0,0,6,,,50,,,,,,,,,,,,,,,,,,,B03,,,1,,1,,,49,49,1,13,4,120.621145,24.183703,3
7248,66000,387130000C,(04)23274275,(04)23288582,2025,08,19,21,15,臺中市,北區,0,1,0,7,1,6,50,3,1,1,5,4,6,6,1,1,10,5,5,2,13,3,10,3,1,B03,7,9,1,8,2,1,,59,59,1,12,4,120.668305,24.166829,2
7249,66000,387130000C,(04)23274275,(04)23288582,2025,08,19,21,15,臺中市,北區,0,2,0,7,1,6,50,5,2,1,5,4,6,6,1,1,5,4,5,2,16,3,10,5,4,B03,7,6,1,8,2,4,,11,11,1,13,4,120.689278,24.153931,2
7250,66000,387130000C,(04)23274275,(04)23288582,2025,08,19,21,29,臺中市,豐原區,0,1,0,7,1,6,50,4,2,1,5,4,6,6,1,1,5,5,5,2,13,3,10,5,4,B03,7,9,1,8,2,5,,54,54,1,13,4,120.71563,24.251408,2
7251,66000,387130000C,(04)23274275,(04)23288582,2025,08,19,21,30,臺中市,南區,0,1,0,7,1,6,50,4,1,1,5,4,6,6,4,4,10,5,5,2,16,3,10,2,1,C03,7,6,1,10,2,11,,14,14,1,13,4,120.662012,24.129407,2
7252,66000,387130000C,(04)23274275,(04)23288582,2025,08,19,21,35,臺中市,清水區,0,1,0,7,1,6,50,13,7,1,5,4,6,6,1,1,1,4,4,2,13,3,10,3,1,B03,7,1,1,8,2,1,,58,58,1,12,4,120.577225,24.275453,2
7253,66000,387130000C,(04)23274275,(04)23288582,2025,08,19,21,50,臺中市,豐原區,0,1,0,7,1,6,60,4,1,1,5,4,6,6,1,1,10,5,5,2,17,3,10,3,1,B03,7,5,1,8,2,6,,11,11,1,13,4,120.734921,24.246775,2
7254,66000,387130000C,(04)23274275,(04)23288582,2025,08,19,21,55,臺中市,北區,0,0,0,7,,,30,,,,,,,,,,,,,,17,,,,,C03,,,1,,2,,,84,84,1,13,4,120.684059,24.152488,4
7255,66000,387130000C,(04)23274275,(04)23288582,2025,08,19,21,56,臺中市,東區,0,1,0,7,3,6,50,4,1,1,5,4,6,6,4,4,10,5,5,2,15,2,9,5,4,C03,7,9,5,19,2,12,,15,15,1,12,4,120.690925,24.144208,2
7256,66000,387130000C,(04)23274275,(04)23288582,2025,08,19,21,59,臺中市,西屯區,0,0,0,7,,,60,,,,,,,,,,,,,,13,,,,,B03,,,1,,1,,,7,7,1,13,4,120.646149,24.16429,3
7257,66000,387130000C,(04)23274275,(04)23288582,2025,08,19,22,5,臺中市,西區,0,1,0,6,2,6,40,3,1,1,5,4,6,6,1,1,10,5,5,2,17,2,9,1,1,C03,7,9,1,10,2,11,,7,7,1,12,4,120.664164,24.140066,2
7258,66000,387130000C,(04)23274275,(04)23288582,2025,08,19,22,8,臺中市,北屯區,0,1,0,7,1,6,50,5,1,1,5,4,6,6,2,1,10,5,5,2,13,3,10,3,1,B01,7,9,1,4,2,1,,84,84,1,12,4,120.697641,24.170156,2
7259,66000,387130000C,(04)23274275,(04)23288582,2025,08,19,22,10,臺中市,太平區,0,1,0,7,1,6,50,4,1,1,5,4,6,6,4,4,10,5,5,2,15,2,9,1,1,C03,7,9,1,10,2,11,,15,15,1,6,4,120.716981,24.115375,2
7260,66000,387130000C,(04)23274275,(04)23288582,2025,08,19,22,20,臺中市,烏日區,0,0,0,7,,,30,,,,,,,,,,,,,,12,,,,,B03,,,1,,1,,,40,40,1,6,4,120.616372,24.110954,3
7261,66000,387130000C,(04)23274275,(04)23288582,2025,08,19,22,21,臺中市,西屯區,0,0,0,7,1,6,50,13,9,1,5,4,6,6,4,4,1,4,5,2,17,3,10,3,1,B03,7,9,1,8,7,1,,53,53,1,12,4,120.647181,24.157417,3
7262,66000,387130000C,(04)23274275,(04)23288582,2025,08,19,22,29,臺中市,豐原區,0,1,0,7,2,6,40,3,1,1,5,4,6,6,4,4,5,5,5,1,18,2,9,5,4,C03,7,9,1,10,2,16,,84,84,1,13,4,120.751958,24.259134,2
7263,66000,387130000C,(04)23274275,(04)23288582,2025,08,19,22,50,臺中市,北屯區,0,1,0,7,1,6,50,11,9,1,5,4,6,6,4,4,5,4,5,2,17,3,10,3,1,B03,7,11,1,8,2,4,,39,39,1,13,4,120.745186,24.18838,2
7264,66000,387130000C,(04)23274275,(04)23288582,2025,08,19,22,50,臺中市,豐原區,0,0,0,7,,,50,,,,,,,,,,,,,,17,,,,,B03,,,1,,2,,,84,84,1,6,4,120.7196,24.241897,3
7265,66000,387130000C,(04)23274275,(04)23288582,2025,08,19,22,52,臺中市,烏日區,0,2,0,7,1,6,50,4,2,1,5,4,6,6,1,1,10,5,5,2,17,3,10,3,1,B03,7,5,1,8,2,8,,20,20,1,6,4,120.607805,24.112019,2
7266,66000,387130000C,(04)23274275,(04)23288582,2025,08,19,22,52,臺中市,烏日區,0,1,0,7,1,6,40,3,2,1,5,4,6,6,2,1,5,4,1,1,13,3,10,3,1,B03,7,9,1,8,2,5,,59,59,1,6,4,120.618916,24.102726,2
7267,66000,387130000C,(04)23274275,(04)23288582,2025,08,19,22,54,臺中市,西區,0,0,0,7,,,50,,,,,,,,,,,,,,16,,,,,C03,,,1,,1,,,84,84,1,12,4,120.6602,24.144317,3
7268,66000,387130000C,(04)23274275,(04)23288582,2025,08,19,22,57,臺中市,南區,0,1,0,7,3,6,30,13,9,1,5,4,6,6,4,4,10,5,5,1,30,2,9,2,1,C03,7,9,1,10,2,11,,7,7,1,13,4,120.657624,24.123769,2
7269,66000,387130000C,(04)23274275,(04)23288582,2025,08,19,23,3,臺中市,沙鹿區,0,1,0,7,1,6,50,3,2,1,5,4,6,6,4,4,5,5,5,1,12,3,10,2,1,C03,7,9,1,10,2,12,,8,8,1,6,4,120.557063,24.208399,2
7270,66000,387130000C,(04)23274275,(04)23288582,2025,08,19,23,14,臺中市,東區,0,1,0,7,1,6,50,4,9,1,5,4,6,6,1,1,5,5,5,2,16,3,10,5,4,B03,7,6,1,8,2,5,,11,11,1,6,4,120.697677,24.150765,2
7271,66000,387130000C,(04)23274275,(04)23288582,2025,08,19,23,15,臺中市,北區,0,0,0,7,,,50,,,,,,,,,,,,,,17,,,,,B02,,,1,,1,,,58,58,1,13,1,120.676286,24.148087,3
7272,66000,387130000C,(04)23274275,(04)23288582,2025,08,20,0,14,臺中市,西屯區,0,0,0,7,,,50,,,,,,,,,,,,,,,,,,,B03,,,1,,1,,,59,59,1,12,4,120.65263,24.166498,3
7273,66000,387130000C,(04)23274275,(04)23288582,2025,08,20,1,5,臺中市,西屯區,0,1,0,7,1,6,50,4,1,1,5,4,6,6,1,1,10,5,5,2,16,2,8,1,4,C03,7,6,1,10,2,13,12,25,25,1,12,4,120.647213,24.159638,2
7274,66000,387130000C,(04)23274275,(04)23288582,2025,08,20,1,45,臺中市,太平區,0,1,0,7,1,6,30,4,1,1,5,4,6,6,4,4,10,5,5,2,17,3,10,5,4,B03,7,9,1,8,2,4,,20,20,1,6,4,120.709106,24.150613,2
7275,66000,387130000C,(04)23274275,(04)23288582,2025,08,20,6,35,臺中市,霧峰區,0,0,0,7,,,60,,,,,,,,,,,,,,,,,,,B03,,,1,,2,,,20,20,1,6,4,120.691951,24.041142,3
7276,66000,387130000C,(04)23274275,(04)23288582,2025,08,20,6,37,臺中市,西區,0,0,0,7,,,30,,,,,,,,,,,,,,17,,,,,B03,,,1,,1,,,8,8,2,12,4,120.661326,24.160692,3
7277,66000,387130000C,(04)23274275,(04)23288582,2025,08,20,6,46,臺中市,大里區,0,0,0,7,,,30,,,,,,,,,,,,,,10,,,,,C03,,,1,,2,,,84,84,1,12,4,120.6961,24.079247,3
7278,66000,387130000C,(04)23274275,(04)23288582,2025,08,20,6,50,臺中市,沙鹿區,0,0,0,7,,,50,,,,,,,,,,,,,,30,,,,,C03,,,1,,2,,,59,59,1,12,4,120.55472,24.225848,3