﻿序號,縣市別代碼,機關代碼,市話,傳真,年,月,日,時,分,縣市,區,死亡數量,受傷數量,2-30,天候,道路照明設備,道路類別,道路速限,道路型態,事故位置,路面鋪裝,路面狀態,路面缺陷,障礙物,視距,號誌種類,號誌動作,分向設施,快車道或一般車道間,快慢車道間,路面邊線,事故類型及型態,受傷程度,主要傷處,保護裝備,行動電話或功能裝置,當事者區分_類別,車輛用途,當事者行動狀態,駕照狀態,駕照種類,飲酒情形,車輛撞擊部位最初,車輛撞擊部位其他,肇事因素個別,肇事因素主要,肇事逃逸,職業,共享經濟或外送平台,GPS座標X,GPS座標Y,事故類別
7279,66000,387130000C,(04)23274275,(04)23288582,2025,08,20,7,4,臺中市,石岡區,0,1,0,7,2,6,50,13,12,1,5,4,6,6,4,4,1,4,4,1,12,2,9,1,1,C03,7,9,1,10,2,11,,84,84,1,12,4,120.815748,24.260262,2
7280,66000,387130000C,(04)23274275,(04)23288582,2025,08,20,7,10,臺中市,北屯區,0,0,0,7,,,50,,,,,,,,,,,,,,,,,,,B03,,,1,,1,,,40,40,1,6,4,120.686871,24.171681,3
7281,66000,387130000C,(04)23274275,(04)23288582,2025,08,20,7,11,臺中市,西屯區,0,1,0,7,2,6,50,4,9,1,5,4,6,6,1,1,1,5,1,2,13,3,10,3,1,B03,7,9,1,8,2,1,,84,84,1,12,4,120.657865,24.184655,2
7282,66000,387130000C,(04)23274275,(04)23288582,2025,08,20,7,17,臺中市,東區,0,1,0,7,2,6,50,4,1,1,5,4,6,6,1,1,10,5,5,2,16,3,10,3,1,B02,7,5,1,8,2,5,,11,11,1,13,4,120.698047,24.138876,2
7283,66000,387130000C,(04)23274275,(04)23288582,2025,08,20,7,19,臺中市,大肚區,0,3,0,7,2,6,50,13,9,1,5,4,6,6,4,4,9,5,5,1,3,2,9,6,5,H01,8,16,7,21,10,17,,98,98,1,6,5,120.579222,24.174942,2
7284,66000,387130000C,(04)23274275,(04)23288582,2025,08,20,7,20,臺中市,東區,0,1,0,7,2,6,50,4,1,1,5,4,6,6,1,1,5,5,4,2,12,3,10,3,1,B03,7,5,1,8,2,6,,11,11,1,13,4,120.708245,24.135807,2
7285,66000,387130000C,(04)23274275,(04)23288582,2025,08,20,7,22,臺中市,大里區,0,0,0,7,,,50,,,,,,,,,,,,,,17,,,,,C03,,,1,,2,,,84,84,1,12,4,120.698338,24.094639,3
7286,66000,387130000C,(04)23274275,(04)23288582,2025,08,20,7,27,臺中市,梧棲區,0,0,0,7,,,60,,,,,,,,,,,,,,16,,,,,,,,,,,,,47,47,1,,,120.52669,24.223,3
7287,66000,387130000C,(04)23274275,(04)23288582,2025,08,20,7,30,臺中市,霧峰區,0,1,0,7,2,6,40,4,1,1,5,4,6,6,1,1,10,5,5,2,30,,,,,,,,,,,,,119,119,1,,,120.662953,24.072308,2
7288,66000,387130000C,(04)23274275,(04)23288582,2025,08,20,7,30,臺中市,烏日區,0,1,0,7,3,6,60,4,1,1,5,4,6,6,2,1,1,4,4,1,13,2,9,1,1,C03,7,12,1,10,2,11,,7,7,1,6,4,120.624412,24.104353,2
7289,66000,387130000C,(04)23274275,(04)23288582,2025,08,20,7,31,臺中市,西屯區,0,1,0,7,2,6,40,3,1,1,5,4,6,6,4,4,10,5,5,2,16,3,10,5,4,B03,7,5,3,19,2,2,,14,14,1,13,4,120.639414,24.188611,2
7290,66000,387130000C,(04)23274275,(04)23288582,2025,08,20,7,32,臺中市,大里區,0,2,0,7,2,6,50,13,9,1,5,4,6,6,4,4,1,4,5,1,17,2,9,1,1,C03,7,9,1,10,2,11,13,7,7,1,12,4,120.678863,24.111504,2
7291,66000,387130000C,(04)23274275,(04)23288582,2025,08,20,7,33,臺中市,北區,0,2,0,7,3,6,50,3,1,1,5,4,6,6,2,1,10,5,5,2,17,2,9,5,4,C03,7,9,1,8,2,11,,7,7,1,13,4,120.66629,24.155848,2
7292,66000,387130000C,(04)23274275,(04)23288582,2025,08,20,7,33,臺中市,大里區,0,1,0,7,3,6,50,3,2,1,5,4,6,6,4,4,10,5,5,1,17,3,10,1,1,C03,7,1,3,19,2,11,,51,51,1,12,4,120.720678,24.0998,2
7293,66000,387130000C,(04)23274275,(04)23288582,2025,08,20,7,36,臺中市,南屯區,0,0,0,7,,,50,,,,,,,,,,,,,,,,,,,B03,,,1,,1,,,7,7,1,12,4,120.616343,24.15381,3
7294,66000,387130000C,(04)23274275,(04)23288582,2025,08,20,7,38,臺中市,北屯區,0,0,0,7,,,50,,,,,,,,,,,,,,13,,,,,C03,,,1,,1,,,7,7,1,12,4,120.744284,24.186994,3
7295,66000,387130000C,(04)23274275,(04)23288582,2025,08,20,7,38,臺中市,梧棲區,0,0,0,7,,,60,,,,,,,,,,,,,,16,,,,,B03,,,1,,1,,,50,50,1,6,4,120.529242,24.235433,3
7296,66000,387130000C,(04)23274275,(04)23288582,2025,08,20,7,42,臺中市,大雅區,0,0,0,7,,,50,,,,,,,,,,,,,,13,,,,,C03,,,1,,1,,,7,7,1,12,4,120.651621,24.246053,3
7297,66000,387130000C,(04)23274275,(04)23288582,2025,08,20,7,44,臺中市,西屯區,0,1,0,7,2,6,50,4,1,1,5,4,6,6,1,1,10,5,5,2,13,2,9,5,4,C03,7,9,1,10,2,11,,7,7,1,12,4,120.650813,24.166464,2
7298,66000,387130000C,(04)23274275,(04)23288582,2025,08,20,7,44,臺中市,龍井區,0,1,0,7,2,6,50,13,9,1,5,4,6,6,4,4,5,5,5,1,16,3,10,5,4,C03,7,11,1,10,2,12,,39,39,1,12,4,120.582005,24.177112,2
7299,66000,387130000C,(04)23274275,(04)23288582,2025,08,20,7,46,臺中市,大安區,0,0,0,7,,,50,,,,,,,,,,,,,,,,,,,F01,,,7,,2,,,7,7,1,6,4,120.596678,24.389328,3
7300,66000,387130000C,(04)23274275,(04)23288582,2025,08,20,7,47,臺中市,南區,0,1,0,7,2,6,50,4,2,1,5,4,6,6,2,1,1,4,5,2,13,2,9,1,1,C03,7,9,1,10,2,11,,7,7,1,12,4,120.679142,24.126888,2
7301,66000,387130000C,(04)23274275,(04)23288582,2025,08,20,7,49,臺中市,太平區,0,0,0,7,,,50,,,,,,,,,,,,,,,,,,,C03,,,1,,9,,,7,7,1,12,4,120.700571,24.147974,3
7302,66000,387130000C,(04)23274275,(04)23288582,2025,08,20,7,51,臺中市,南屯區,0,1,0,7,2,6,50,4,1,1,5,4,6,6,1,1,10,5,5,2,17,3,10,2,1,C03,7,5,1,10,2,12,,84,84,1,12,4,120.651349,24.148825,2
7303,66000,387130000C,(04)23274275,(04)23288582,2025,08,20,7,51,臺中市,沙鹿區,0,0,0,7,,,50,,,,,,,,,,,,,,,,,,,B03,,,1,,1,,,7,7,1,13,4,120.568931,24.202631,3
7304,66000,387130000C,(04)23274275,(04)23288582,2025,08,20,7,51,臺中市,豐原區,0,0,0,7,,,50,,,,,,,,,,,,,,,,,,,B03,,,1,,1,,,7,7,1,13,4,120.725748,24.246442,3
7305,66000,387130000C,(04)23274275,(04)23288582,2025,08,20,7,51,臺中市,豐原區,0,1,0,7,2,6,50,13,9,1,5,4,3,3,4,4,9,5,5,1,17,2,9,6,1,F01,7,9,7,21,2,14,,4,4,1,13,4,120.727074,24.245314,2
7306,66000,387130000C,(04)23274275,(04)23288582,2025,08,20,7,54,臺中市,烏日區,0,1,0,7,2,6,30,4,1,1,5,4,6,6,4,4,10,5,5,2,17,3,10,5,4,B03,7,6,1,8,2,8,,59,59,1,13,4,120.637253,24.078455,2
7307,66000,387130000C,(04)23274275,(04)23288582,2025,08,20,7,55,臺中市,西屯區,0,1,0,7,2,6,30,3,1,1,5,4,6,6,4,4,10,5,5,2,17,3,10,3,1,B12,7,6,1,8,2,5,,12,12,1,13,4,120.637209,24.173936,2
7308,66000,387130000C,(04)23274275,(04)23288582,2025,08,20,7,56,臺中市,西屯區,0,0,0,7,,,50,,,,,,,,,,,,,,12,,,,,B03,,,1,,2,,,11,11,1,12,4,120.635989,24.169183,3
7309,66000,387130000C,(04)23274275,(04)23288582,2025,08,20,7,58,臺中市,北區,0,1,0,7,2,6,50,4,1,1,5,4,6,6,1,1,10,5,5,2,16,2,9,5,4,C03,7,6,1,10,2,14,,48,48,1,13,4,120.668516,24.156352,2
7310,66000,387130000C,(04)23274275,(04)23288582,2025,08,20,7,58,臺中市,西屯區,0,0,0,7,,,30,,,,,,,,,,,,,,12,,,,,B12,,,1,,1,,,8,8,1,12,4,120.64253,24.204339,3
7311,66000,387130000C,(04)23274275,(04)23288582,2025,08,20,7,59,臺中市,南區,0,0,0,7,1,6,50,13,7,1,5,4,6,6,4,4,5,4,4,2,17,3,10,3,1,B03,7,1,1,8,1,8,,51,51,1,12,4,120.648036,24.11858,3
7312,66000,387130000C,(04)23274275,(04)23288582,2025,08,20,8,0,臺中市,北屯區,0,0,0,7,,,50,,,,,,,,,,,,,,,,,,,B03,,,1,,9,,,41,41,1,12,4,120.689589,24.201651,3
7313,66000,387130000C,(04)23274275,(04)23288582,2025,08,20,8,0,臺中市,烏日區,0,1,0,7,2,6,40,13,9,1,5,4,6,6,4,4,10,5,5,2,11,2,9,1,1,C03,7,9,1,10,2,11,,84,84,1,6,4,120.646405,24.070429,2
7314,66000,387130000C,(04)23274275,(04)23288582,2025,08,20,8,3,臺中市,梧棲區,0,1,0,7,2,6,40,13,9,1,5,4,6,6,4,4,10,5,5,1,28,,,,,,,,,,,,,118,118,1,,,120.539162,24.232779,2
7315,66000,387130000C,(04)23274275,(04)23288582,2025,08,20,8,8,臺中市,大雅區,0,0,0,7,,,70,,,,,,,,,,,,,,,,,,,A41,,,1,,2,,,78,78,1,12,4,120.631273,24.24055,3
7316,66000,387130000C,(04)23274275,(04)23288582,2025,08,20,8,8,臺中市,西屯區,0,2,0,7,2,6,40,3,1,1,5,4,6,6,4,4,9,5,5,2,12,2,9,2,1,C03,7,9,1,10,2,11,,7,7,1,12,4,120.648319,24.1693,2
7317,66000,387130000C,(04)23274275,(04)23288582,2025,08,20,8,9,臺中市,大肚區,0,0,0,6,,,30,,,,,,,,,,,,,,,,,,,B03,,,1,,2,,,49,49,1,6,4,120.539045,24.158655,3
7318,66000,387130000C,(04)23274275,(04)23288582,2025,08,20,8,10,臺中市,南屯區,0,1,0,7,3,6,30,13,9,1,5,4,6,6,4,4,10,5,5,2,17,3,10,3,1,B03,7,1,1,8,2,8,,51,51,1,12,4,120.614357,24.151854,2
7319,66000,387130000C,(04)23274275,(04)23288582,2025,08,20,8,10,臺中市,南屯區,0,0,0,7,,,50,,,,,,,,,,,,,,11,,,,,,,,,,,,,119,119,1,,,120.589808,24.165824,3
7320,66000,387130000C,(04)23274275,(04)23288582,2025,08,20,8,10,臺中市,南屯區,0,1,0,7,3,6,50,13,9,1,5,4,6,6,4,4,5,5,5,1,17,2,9,2,1,C03,7,9,1,10,2,14,,84,84,1,12,4,120.590152,24.165709,2
7321,66000,387130000C,(04)23274275,(04)23288582,2025,08,20,8,12,臺中市,西屯區,0,0,0,7,,,50,,,,,,,,,,,,,,14,,,,,B12,,,1,,2,,,49,49,1,13,4,120.657938,24.163288,4
7322,66000,387130000C,(04)23274275,(04)23288582,2025,08,20,8,12,臺中市,西屯區,0,1,0,7,2,6,60,4,1,1,5,4,6,6,1,1,10,5,5,2,15,3,10,5,4,B03,7,9,1,8,2,2,,21,21,1,12,4,120.59066,24.191989,2
7323,66000,387130000C,(04)23274275,(04)23288582,2025,08,20,8,12,臺中市,烏日區,0,0,0,7,,,50,,,,,,,,,,,,,,16,,,,,C03,,,1,,1,,,14,14,1,6,4,120.611463,24.11054,3
7324,66000,387130000C,(04)23274275,(04)23288582,2025,08,20,8,15,臺中市,南區,0,1,0,7,2,6,50,13,8,1,5,4,6,6,4,4,5,5,4,2,17,2,9,2,1,C03,7,1,1,10,2,14,,51,51,1,13,4,120.656599,24.117514,2
7325,66000,387130000C,(04)23274275,(04)23288582,2025,08,20,8,16,臺中市,西屯區,0,1,0,7,2,6,50,13,9,1,5,4,6,6,4,4,7,5,5,2,16,2,9,2,1,C03,7,6,1,10,2,12,,59,59,1,12,4,120.610296,24.158299,2
7326,66000,387130000C,(04)23274275,(04)23288582,2025,08,20,8,16,臺中市,清水區,0,0,0,7,,,50,,,,,,,,,,,,,,,,,,,B03,,,1,,2,,,7,7,1,12,4,120.562638,24.287931,3
7327,66000,387130000C,(04)23274275,(04)23288582,2025,08,20,8,16,臺中市,梧棲區,0,0,0,7,,,30,,,,,,,,,,,,,,16,,,,,B03,,,1,,1,,,20,20,1,6,4,120.541559,24.242213,3
7328,66000,387130000C,(04)23274275,(04)23288582,2025,08,20,8,17,臺中市,西屯區,0,1,0,7,2,6,50,3,1,1,5,4,6,6,4,4,10,5,5,2,13,2,9,1,1,F01,7,5,7,21,1,11,,47,47,1,12,4,120.626017,24.176419,2
7329,66000,387130000C,(04)23274275,(04)23288582,2025,08,20,8,18,臺中市,神岡區,0,1,0,7,2,6,30,4,1,1,5,4,6,6,4,4,10,5,5,2,15,2,9,5,1,C03,7,9,1,10,2,11,,12,12,1,12,4,120.665445,24.251121,2
7330,66000,387130000C,(04)23274275,(04)23288582,2025,08,20,8,19,臺中市,西屯區,0,0,0,7,,,40,,,,,,,,,,,,,,13,,,,,C03,,,1,,1,,,7,7,1,13,4,120.644064,24.156471,3
7331,66000,387130000C,(04)23274275,(04)23288582,2025,08,20,8,20,臺中市,東區,0,1,0,7,2,6,40,5,1,1,5,4,6,6,2,1,10,5,5,2,16,2,9,1,1,C03,7,1,1,10,2,14,,51,51,1,12,4,120.692525,24.140158,2
7332,66000,387130000C,(04)23274275,(04)23288582,2025,08,20,8,20,臺中市,沙鹿區,0,0,0,7,,,0,,,,,,,,,,,,,,11,,,,,F01,,,7,,1,,,39,39,1,13,4,120.569866,24.235675,4
7333,66000,387130000C,(04)23274275,(04)23288582,2025,08,20,8,23,臺中市,南屯區,0,0,0,7,3,6,50,13,,1,5,4,6,6,1,1,5,4,5,2,12,,,,,C03,,,1,,1,,,8,8,1,12,4,120.641575,24.134848,3
7334,66000,387130000C,(04)23274275,(04)23288582,2025,08,20,8,25,臺中市,北屯區,0,0,0,7,,,50,,,,,,,,,,,,,,13,,,,,C03,,,1,,2,,,7,7,1,12,4,120.697531,24.164954,4
7335,66000,387130000C,(04)23274275,(04)23288582,2025,08,20,8,28,臺中市,西區,0,2,0,7,3,6,50,3,9,1,5,4,6,6,4,4,9,5,5,2,16,2,9,2,1,C03,7,6,1,10,2,12,,20,20,1,12,4,120.668171,24.132756,2
7336,66000,387130000C,(04)23274275,(04)23288582,2025,08,20,8,30,臺中市,北屯區,0,1,0,7,2,6,50,13,9,1,5,4,6,6,4,4,1,3,5,2,16,3,10,3,1,B03,7,3,1,8,2,6,,20,20,1,6,4,120.67565,24.173811,2
7337,66000,387130000C,(04)23274275,(04)23288582,2025,08,20,8,31,臺中市,西屯區,0,0,0,7,,,50,,,,,,,,,,,,,,16,,,,,B03,,,1,,1,,,11,11,1,12,4,120.649495,24.159668,3
7338,66000,387130000C,(04)23274275,(04)23288582,2025,08,20,8,32,臺中市,北區,0,0,0,7,,,50,,,,,,,,,,,,,,17,,,,,B03,,,1,,1,,,84,84,1,13,4,120.677124,24.15462,3
7339,66000,387130000C,(04)23274275,(04)23288582,2025,08,20,8,37,臺中市,西屯區,0,0,0,7,,,50,,,,,,,,,,,,,,12,,,,,B03,,,1,,1,,,20,20,1,12,4,120.646847,24.173372,3
7340,66000,387130000C,(04)23274275,(04)23288582,2025,08,20,8,38,臺中市,大雅區,0,0,0,7,,,70,,,,,,,,,,,,,,,,,,,C03,,,1,,1,,,7,7,1,12,4,120.640679,24.230522,3
7341,66000,387130000C,(04)23274275,(04)23288582,2025,08,20,8,38,臺中市,霧峰區,0,1,0,7,2,6,50,5,1,1,5,4,6,6,1,1,10,5,5,2,3,3,10,5,4,B12,7,6,1,8,2,7,,59,59,1,12,4,120.694841,24.065928,2
7342,66000,387130000C,(04)23274275,(04)23288582,2025,08,20,8,44,臺中市,太平區,0,0,0,7,,,50,,,,,,,,,,,,,,15,,,,,B03,,,1,,1,,,15,15,1,12,4,120.720539,24.15593,3
7343,66000,387130000C,(04)23274275,(04)23288582,2025,08,20,8,45,臺中市,南屯區,0,2,0,7,2,6,30,3,1,1,5,4,6,6,4,4,5,4,5,2,16,2,9,2,1,C03,7,6,3,19,2,11,,13,13,1,12,4,120.649846,24.145615,2
7344,66000,387130000C,(04)23274275,(04)23288582,2025,08,20,8,45,臺中市,西屯區,0,1,0,7,2,6,50,4,9,1,5,1,6,6,1,1,1,5,5,2,12,2,9,2,1,C03,7,8,3,19,2,14,,8,8,1,12,4,120.635172,24.179435,2
7345,66000,387130000C,(04)23274275,(04)23288582,2025,08,20,8,46,臺中市,大雅區,0,1,0,7,1,6,30,13,9,1,5,4,6,6,4,4,10,5,5,2,17,3,10,3,1,B12,7,1,1,8,2,1,8,51,51,1,12,4,120.668656,24.23365,2
7346,66000,387130000C,(04)23274275,(04)23288582,2025,08,20,8,50,臺中市,北屯區,0,1,0,7,3,6,0,13,9,1,5,4,6,6,4,4,9,5,5,2,16,3,10,3,1,B03,7,1,1,8,2,5,,51,51,1,6,4,120.699423,24.168372,2
7347,66000,387130000C,(04)23274275,(04)23288582,2025,08,20,8,50,臺中市,北屯區,0,0,0,7,,,50,,,,,,,,,,,,,,,,,,,A12,,,1,,1,,,49,49,1,12,4,120.70069,24.182802,3
7348,66000,387130000C,(04)23274275,(04)23288582,2025,08,20,8,50,臺中市,北屯區,0,0,0,7,,,50,,,,,,,,,,,,,,13,,,,,B03,,,1,,1,,,7,7,1,6,4,120.695377,24.164938,3
7349,66000,387130000C,(04)23274275,(04)23288582,2025,08,20,8,57,臺中市,中區,0,1,0,7,2,6,50,13,9,1,5,4,6,6,4,4,5,4,5,2,12,2,9,5,4,C03,7,15,1,10,2,12,,84,84,1,12,4,120.681818,24.14026,2
7350,66000,387130000C,(04)23274275,(04)23288582,2025,08,20,8,57,臺中市,烏日區,0,0,0,7,,,15,,,,,,,,,,,,,,31,,,,,B12,,,1,,2,,,64,64,1,13,4,120.593593,24.113109,3
7351,66000,387130000C,(04)23274275,(04)23288582,2025,08,20,8,57,臺中市,大甲區,0,2,0,7,2,6,70,3,9,1,5,4,6,6,4,4,6,3,4,1,12,2,9,1,1,F03,7,7,7,21,2,12,,40,40,1,12,4,120.649948,24.378549,2
7352,66000,387130000C,(04)23274275,(04)23288582,2025,08,20,8,58,臺中市,西區,0,0,0,7,,,50,,,,,,,,,,,,,,,,,,,B03,,,1,,2,,,76,76,1,12,4,120.655923,24.155798,3
7353,66000,387130000C,(04)23274275,(04)23288582,2025,08,20,9,0,臺中市,北屯區,0,0,0,7,,3,80,,,,,,,,,,,,,,17,,,,,A12,,,1,,1,,,40,40,1,12,4,120.722158,24.186428,3
7354,66000,387130000C,(04)23274275,(04)23288582,2025,08,20,9,2,臺中市,大里區,0,1,0,7,3,6,50,4,1,1,5,4,6,6,1,1,10,5,5,2,16,3,10,3,1,B03,7,5,1,8,2,5,,47,47,1,12,4,120.697144,24.084354,2
7355,66000,387130000C,(04)23274275,(04)23288582,2025,08,20,9,2,臺中市,沙鹿區,0,2,0,7,2,6,40,13,8,1,5,4,6,6,4,4,1,4,4,2,12,2,8,1,1,C03,7,1,1,10,2,14,,51,51,1,12,4,120.568697,24.222776,2
7356,66000,387130000C,(04)23274275,(04)23288582,2025,08,20,9,3,臺中市,南屯區,0,2,0,7,2,6,50,4,1,1,5,4,6,6,1,1,10,5,5,2,17,2,9,2,1,C03,7,9,1,10,2,11,,39,39,1,12,4,120.637844,24.145594,2
7357,66000,387130000C,(04)23274275,(04)23288582,2025,08,20,9,4,臺中市,太平區,0,1,0,7,2,6,50,4,1,1,5,4,6,6,2,1,5,5,4,2,16,3,10,3,1,B12,7,5,1,8,2,6,,20,20,1,12,4,120.713509,24.160638,2
7358,66000,387130000C,(04)23274275,(04)23288582,2025,08,20,9,7,臺中市,西屯區,0,0,0,7,,,,,,,,,,,,,,,,,30,,,,,,,,,,,,,119,119,1,,,120.651983,24.203654,3
7359,66000,387130000C,(04)23274275,(04)23288582,2025,08,20,9,8,臺中市,西屯區,0,2,0,7,2,6,30,4,1,1,5,4,6,6,4,4,10,5,5,2,15,2,9,5,4,C03,7,9,1,10,2,11,,12,12,1,12,4,120.644351,24.179919,2
7360,66000,387130000C,(04)23274275,(04)23288582,2025,08,20,9,17,臺中市,北屯區,0,0,0,7,,,50,,,,,,,,,,,,,,13,,,,,B03,,,1,,1,,,59,59,1,12,4,120.720763,24.176089,3
7361,66000,387130000C,(04)23274275,(04)23288582,2025,08,20,9,18,臺中市,北屯區,0,0,0,7,,,60,,,,,,,,,,,,,,14,,,,,B03,,,1,,1,,,49,49,1,6,4,120.719216,24.163125,3
7362,66000,387130000C,(04)23274275,(04)23288582,2025,08,20,9,21,臺中市,東區,0,1,0,7,2,6,50,4,1,1,5,4,6,6,4,4,10,5,5,2,17,3,10,3,1,B03,7,5,1,8,2,2,,47,47,1,6,4,120.683103,24.134379,2
7363,66000,387130000C,(04)23274275,(04)23288582,2025,08,20,9,23,臺中市,太平區,0,0,0,7,,,30,,,,,,,,,,,,,,,,,,,B03,,,1,,1,,,51,51,1,12,4,120.711648,24.141066,3
7364,66000,387130000C,(04)23274275,(04)23288582,2025,08,20,9,28,臺中市,潭子區,0,0,0,7,,,30,,,,,,,,,,,,,,13,,,,,C03,,,1,,2,,,59,59,1,13,4,120.683594,24.215151,3
7365,66000,387130000C,(04)23274275,(04)23288582,2025,08,20,9,30,臺中市,東區,0,1,0,7,1,6,50,4,1,1,5,4,6,6,4,4,10,5,5,2,30,2,9,1,1,C03,7,6,1,10,2,14,,84,84,1,12,4,120.707895,24.149012,2
7366,66000,387130000C,(04)23274275,(04)23288582,2025,08,20,9,30,臺中市,大里區,0,1,0,7,3,6,50,13,9,1,5,4,6,6,1,1,5,4,5,1,17,3,10,3,1,B03,7,14,1,8,2,2,,84,84,1,12,4,120.684122,24.104311,2
7367,66000,387130000C,(04)23274275,(04)23288582,2025,08,20,9,30,臺中市,大里區,0,0,0,7,,,50,,,,,,,,,,,,,,,,,,,B03,,,1,,1,,,87,87,1,12,4,120.701809,24.11081,3
7368,66000,387130000C,(04)23274275,(04)23288582,2025,08,20,9,33,臺中市,北區,0,0,0,7,,,50,,,,,,,,,,,,,,17,,,,,B03,,,1,,1,,,84,84,1,13,4,120.678224,24.149208,3
7369,66000,387130000C,(04)23274275,(04)23288582,2025,08,20,9,34,臺中市,太平區,0,1,0,7,3,6,50,3,1,1,5,4,6,6,4,4,9,5,4,1,16,3,10,3,1,A12,7,6,1,7,2,6,,14,14,1,12,4,120.732322,24.114442,2
7370,66000,387130000C,(04)23274275,(04)23288582,2025,08,20,9,38,臺中市,霧峰區,0,0,0,7,,,50,,,,,,,,,,,,,,12,,,,,B03,,,1,,1,,,8,8,1,12,4,120.700587,24.066297,3
7371,66000,387130000C,(04)23274275,(04)23288582,2025,08,20,9,40,臺中市,西屯區,0,1,0,7,2,6,50,4,1,1,5,4,6,6,4,4,10,5,5,2,17,3,10,2,1,C03,7,9,1,10,2,16,,68,68,1,12,4,120.62141,24.179621,2
7372,66000,387130000C,(04)23274275,(04)23288582,2025,08,20,9,41,臺中市,清水區,0,2,0,7,2,6,40,4,1,1,5,4,6,6,2,1,1,4,4,1,15,2,9,1,1,C03,7,9,1,9,2,11,,21,21,1,13,4,120.595206,24.300418,2
7373,66000,387130000C,(04)23274275,(04)23288582,2025,08,20,9,45,臺中市,西屯區,0,0,0,7,,,50,,,,,,,,,,,,,,13,,,,,B03,,,1,,1,,,7,7,1,13,4,120.634492,24.172744,3
7374,66000,387130000C,(04)23274275,(04)23288582,2025,08,20,9,45,臺中市,霧峰區,0,1,0,7,3,6,50,3,1,1,5,4,6,6,3,1,10,5,5,1,17,3,10,3,1,B01,7,15,1,4,2,8,,84,84,1,12,4,120.695968,24.01708,2
7375,66000,387130000C,(04)23274275,(04)23288582,2025,08,20,9,45,臺中市,太平區,0,0,0,7,,3,80,,,,,,,,,,,,,,17,,,,,B03,,,1,,2,,,85,85,1,12,4,120.716677,24.153919,3
7376,66000,387130000C,(04)23274275,(04)23288582,2025,08,20,9,49,臺中市,豐原區,0,1,0,7,2,6,50,5,1,1,5,4,6,6,1,1,5,5,4,2,13,2,9,1,1,C03,7,9,1,10,2,12,,4,4,1,13,4,120.711324,24.246263,2
7377,66000,387130000C,(04)23274275,(04)23288582,2025,08,20,9,51,臺中市,西屯區,0,0,0,7,,,50,,,,,,,,,,,,,,13,,,,,B01,,,1,,1,,,7,7,1,12,4,120.656502,24.199554,3
7378,66000,387130000C,(04)23274275,(04)23288582,2025,08,20,9,55,臺中市,北屯區,0,0,0,7,,,50,,,,,,,,,,,,,,25,,,,,B02,,,1,8,2,,,49,49,1,6,4,120.708467,24.170015,3
7379,66000,387130000C,(04)23274275,(04)23288582,2025,08,20,9,56,臺中市,新社區,0,2,0,7,2,6,50,4,1,1,5,4,6,6,1,1,10,5,5,2,16,2,9,1,1,C03,7,6,1,10,2,12,,11,11,1,12,4,120.806846,24.255865,2
7380,66000,387130000C,(04)23274275,(04)23288582,2025,08,20,9,58,臺中市,西屯區,0,0,0,7,,3,80,,,,,,,,,,,,,,13,,,,,B03,,,1,,2,,,7,7,1,12,4,120.629603,24.164592,3
7381,66000,387130000C,(04)23274275,(04)23288582,2025,08,20,10,0,臺中市,中區,0,0,0,7,,,50,,,,,,,,,,,,,,17,,,,,B03,,,1,,1,,,50,50,1,12,4,120.680119,24.139111,3
7382,66000,387130000C,(04)23274275,(04)23288582,2025,08,20,10,0,臺中市,南區,0,0,0,7,,,50,,,,,,,,,,,,,,13,,,,,B03,,,1,,1,,,59,59,1,13,4,120.66999,24.119723,3
7383,66000,387130000C,(04)23274275,(04)23288582,2025,08,20,10,4,臺中市,太平區,0,2,0,7,3,6,50,4,1,1,5,4,1,4,1,1,10,5,5,2,16,2,9,1,1,C03,7,1,1,10,2,14,,51,51,1,12,4,120.718467,24.129166,2
7384,66000,387130000C,(04)23274275,(04)23288582,2025,08,20,10,5,臺中市,北屯區,0,0,0,7,,,50,,,,,,,,,,,,,,13,,,,,B03,,,1,,2,,,59,59,1,6,4,120.68653,24.198508,3
7385,66000,387130000C,(04)23274275,(04)23288582,2025,08,20,10,9,臺中市,西屯區,0,1,0,7,1,6,50,13,9,1,5,4,6,6,4,4,9,5,5,2,12,2,9,2,1,C03,7,9,1,10,2,14,,7,7,1,12,4,120.64553,24.172028,2
7386,66000,387130000C,(04)23274275,(04)23288582,2025,08,20,10,10,臺中市,南區,0,2,0,7,2,6,50,4,1,1,5,4,6,6,2,1,10,5,5,2,13,2,8,1,1,C03,7,9,1,10,2,11,,7,7,1,12,4,120.652142,24.112887,2
7387,66000,387130000C,(04)23274275,(04)23288582,2025,08,20,10,15,臺中市,大里區,0,1,0,7,2,6,50,3,1,1,5,4,6,6,1,1,10,5,5,2,17,3,10,3,1,B03,7,9,1,8,2,5,,7,7,1,12,4,120.695172,24.099542,2
7388,66000,387130000C,(04)23274275,(04)23288582,2025,08,20,10,17,臺中市,北屯區,0,0,0,7,,,50,,,,,,,,,,,,,,,,,,,B03,,,5,,1,,,84,84,1,12,4,120.685938,24.176904,3
7389,66000,387130000C,(04)23274275,(04)23288582,2025,08,20,10,20,臺中市,南屯區,0,0,0,7,3,6,50,13,9,1,5,4,6,6,4,4,9,5,5,2,12,,,,,B03,,,1,,1,,,50,50,1,12,4,120.632239,24.149571,3
7390,66000,387130000C,(04)23274275,(04)23288582,2025,08,20,10,22,臺中市,北屯區,0,0,0,7,,,50,,,,,,,,,,,,,,14,,,,,B03,,,1,,1,,,49,49,1,12,4,120.723034,24.159546,3