﻿序號,縣市別代碼,機關代碼,市話,傳真,年,月,日,時,分,縣市,區,死亡數量,受傷數量,2-30,天候,道路照明設備,道路類別,道路速限,道路型態,事故位置,路面鋪裝,路面狀態,路面缺陷,障礙物,視距,號誌種類,號誌動作,分向設施,快車道或一般車道間,快慢車道間,路面邊線,事故類型及型態,受傷程度,主要傷處,保護裝備,行動電話或功能裝置,當事者區分_類別,車輛用途,當事者行動狀態,駕照狀態,駕照種類,飲酒情形,車輛撞擊部位最初,車輛撞擊部位其他,肇事因素個別,肇事因素主要,肇事逃逸,職業,共享經濟或外送平台,GPS座標X,GPS座標Y,事故類別
7503,66000,387130000C,(04)23274275,(04)23288582,2025,08,20,15,48,臺中市,北屯區,0,0,0,7,,,50,,,,,,,,,,,,,,,,,,,B03,,,1,,9,,,78,78,1,12,4,120.665531,24.183533,3
7504,66000,387130000C,(04)23274275,(04)23288582,2025,08,20,15,50,臺中市,南區,0,0,0,5,,,50,,,,,,,,,,,,,,17,,,,,B03,,,1,,1,,,84,84,1,12,4,120.657142,24.133887,4
7505,66000,387130000C,(04)23274275,(04)23288582,2025,08,20,15,50,臺中市,南屯區,0,2,0,7,3,6,50,4,1,1,5,4,6,6,2,1,10,5,5,2,17,2,9,2,4,C03,7,15,1,10,2,11,,4,4,1,6,4,120.651383,24.134897,2
7506,66000,387130000C,(04)23274275,(04)23288582,2025,08,20,15,55,臺中市,西區,0,0,0,5,,,50,,,,,,,,,,,,,,12,,,,,B03,,,1,,1,,,40,40,1,12,4,120.661827,24.15135,3
7507,66000,387130000C,(04)23274275,(04)23288582,2025,08,20,15,59,臺中市,西屯區,0,1,0,5,2,6,50,13,9,1,4,4,6,6,4,4,5,4,5,2,17,3,10,5,4,B03,7,1,1,8,2,16,,51,51,1,13,4,120.655571,24.174248,2
7508,66000,387130000C,(04)23274275,(04)23288582,2025,08,20,16,0,臺中市,南區,0,0,0,5,,,50,,,,,,,,,,,,,,12,,,,,,,,,,,,,86,86,1,,,120.659545,24.116266,4
7509,66000,387130000C,(04)23274275,(04)23288582,2025,08,20,16,5,臺中市,北屯區,0,0,0,5,,,40,,,,,,,,,,,,,,17,,,,,B03,,,1,,2,,,51,51,1,13,4,120.684539,24.172489,3
7510,66000,387130000C,(04)23274275,(04)23288582,2025,08,20,16,12,臺中市,西屯區,0,0,0,5,2,6,30,13,21,1,4,4,6,6,4,4,5,5,5,2,14,3,10,5,4,B03,7,2,1,8,4,6,,49,49,1,13,4,120.656052,24.189295,3
7511,66000,387130000C,(04)23274275,(04)23288582,2025,08,20,16,13,臺中市,西區,0,0,0,5,,,50,,,,,,,,,,,,,,,,,,,B03,,,1,,1,,,84,84,1,13,4,120.660201,24.15084,3
7512,66000,387130000C,(04)23274275,(04)23288582,2025,08,20,16,13,臺中市,北區,0,1,0,5,2,6,40,4,1,1,4,4,6,6,1,1,1,4,4,2,17,2,9,1,1,C03,7,9,1,10,2,16,14,84,84,1,12,4,120.676176,24.150291,2
7513,66000,387130000C,(04)23274275,(04)23288582,2025,08,20,16,15,臺中市,大里區,0,0,0,5,,,30,,,,,,,,,,,,,,,,,,,B03,,,1,,2,,,76,76,1,12,4,120.689457,24.106634,3
7514,66000,387130000C,(04)23274275,(04)23288582,2025,08,20,16,15,臺中市,霧峰區,0,1,0,5,2,6,50,13,9,1,4,4,6,6,4,4,9,4,5,1,17,3,10,3,1,B03,7,11,1,8,2,1,,45,45,1,13,4,120.687685,24.055215,2
7515,66000,387130000C,(04)23274275,(04)23288582,2025,08,20,16,16,臺中市,龍井區,0,1,0,5,3,6,60,13,8,1,4,4,6,6,4,4,5,2,4,1,18,2,9,1,1,C03,7,9,1,10,1,11,,59,59,1,6,4,120.509391,24.191694,2
7516,66000,387130000C,(04)23274275,(04)23288582,2025,08,20,16,19,臺中市,北區,0,1,0,5,2,6,50,13,9,1,4,4,6,5,4,4,5,4,5,2,17,3,10,3,1,B03,7,2,1,8,2,7,,49,49,1,12,4,120.677216,24.166837,2
7517,66000,387130000C,(04)23274275,(04)23288582,2025,08,20,16,20,臺中市,大雅區,0,1,0,5,2,6,30,3,1,1,4,4,6,6,4,4,10,5,5,1,16,3,10,3,1,A12,7,6,1,7,2,5,,84,84,1,13,4,120.666658,24.229274,2
7518,66000,387130000C,(04)23274275,(04)23288582,2025,08,20,16,20,臺中市,北區,0,0,0,5,,,50,,,,,,,,,,,,,,13,,,,,B03,,,1,,2,,,59,59,1,12,4,120.676591,24.158864,3
7519,66000,387130000C,(04)23274275,(04)23288582,2025,08,20,16,20,臺中市,大里區,0,0,0,5,,,50,,,,,,,,,,,,,,12,,,,,B03,,,1,,1,,,2,2,1,13,4,120.695442,24.096765,3
7520,66000,387130000C,(04)23274275,(04)23288582,2025,08,20,16,24,臺中市,南區,0,0,0,5,,,50,,,,,,,,,,,,,,13,,,,,B12,,,1,,1,,,7,7,1,12,4,120.660608,24.132724,3
7521,66000,387130000C,(04)23274275,(04)23288582,2025,08,20,16,26,臺中市,龍井區,0,0,0,5,,3,90,,,,,,,,,,,,,,12,,,,,A31,,,1,,1,,,40,40,1,6,4,120.516919,24.204975,3
7522,66000,387130000C,(04)23274275,(04)23288582,2025,08,20,16,27,臺中市,后里區,0,2,0,6,2,6,50,4,2,1,4,4,6,6,1,1,5,4,5,1,13,2,9,1,1,C03,7,9,1,10,2,11,12,84,84,1,6,4,120.714825,24.305958,2
7523,66000,387130000C,(04)23274275,(04)23288582,2025,08,20,16,27,臺中市,石岡區,0,0,0,7,,,70,,,,,,,,,,,,,,,,,,,B03,,,1,,1,,,7,7,1,12,4,120.773702,24.274666,3
7524,66000,387130000C,(04)23274275,(04)23288582,2025,08,20,16,28,臺中市,龍井區,0,1,0,5,2,6,30,13,9,1,4,4,6,6,4,4,10,5,5,2,10,2,7,2,1,C04,7,9,1,11,2,11,,59,59,1,12,4,120.576808,24.183884,2
7525,66000,387130000C,(04)23274275,(04)23288582,2025,08,20,16,39,臺中市,沙鹿區,0,0,0,5,,,50,,,,,,,,,,,,,,,,,,,B03,,,1,,2,,,59,59,1,6,4,120.564279,24.236543,3
7526,66000,387130000C,(04)23274275,(04)23288582,2025,08,20,16,41,臺中市,西屯區,0,2,0,5,2,6,50,4,2,1,4,4,6,6,1,1,10,5,5,2,13,2,9,1,4,C03,7,9,3,19,2,11,,7,7,1,13,4,120.634634,24.164854,2
7527,66000,387130000C,(04)23274275,(04)23288582,2025,08,20,16,41,臺中市,西屯區,0,0,0,5,,,50,,,,,,,,,,,,,,13,,,,,B03,,,1,,1,,,7,7,1,12,4,120.658906,24.176347,3
7528,66000,387130000C,(04)23274275,(04)23288582,2025,08,20,16,43,臺中市,大甲區,0,0,0,7,,,40,,,,,,,,,,,,,,,,,,,B02,,,1,,2,,,8,8,1,12,4,120.624682,24.348031,4
7529,66000,387130000C,(04)23274275,(04)23288582,2025,08,20,16,44,臺中市,沙鹿區,0,1,0,5,2,6,30,4,1,1,4,4,6,6,4,4,10,5,5,2,18,2,9,1,1,C03,7,5,1,10,2,12,,82,82,1,13,4,120.573574,24.224288,2
7530,66000,387130000C,(04)23274275,(04)23288582,2025,08,20,16,45,臺中市,西區,0,0,0,7,,,50,,,,,,,,,,,,,,12,,,,,B03,,,1,,1,,,84,84,1,2,4,120.659906,24.157647,3
7531,66000,387130000C,(04)23274275,(04)23288582,2025,08,20,16,45,臺中市,南屯區,0,0,0,5,,,50,,,,,,,,,,,,,,13,,,,,B03,,,1,,1,,,7,7,1,12,4,120.642527,24.146889,3
7532,66000,387130000C,(04)23274275,(04)23288582,2025,08,20,16,46,臺中市,太平區,0,1,0,5,2,6,40,4,1,1,4,4,3,6,4,4,5,5,4,2,17,2,9,2,1,F02,7,9,7,21,2,14,,84,84,1,12,4,120.717762,24.131377,2
7533,66000,387130000C,(04)23274275,(04)23288582,2025,08,20,16,47,臺中市,北區,0,0,0,5,,,50,,,,,,,,,,,,,,17,,,,,B02,,,1,,2,,,84,84,1,12,4,120.685096,24.161133,3
7534,66000,387130000C,(04)23274275,(04)23288582,2025,08,20,16,47,臺中市,大甲區,0,1,0,7,2,6,50,13,9,1,5,4,6,6,4,4,10,5,4,2,16,3,10,3,1,B03,7,6,1,8,2,5,,20,20,1,6,4,120.627577,24.350605,2
7535,66000,387130000C,(04)23274275,(04)23288582,2025,08,20,16,48,臺中市,南區,0,0,0,5,,,50,,,,,,,,,,,,,,13,,,,,B03,,,1,,1,,,7,7,1,12,4,120.670254,24.111673,3
7536,66000,387130000C,(04)23274275,(04)23288582,2025,08,20,16,48,臺中市,大里區,0,1,0,5,2,6,50,4,1,1,4,4,6,6,3,1,10,5,5,2,18,2,9,1,1,C03,7,9,1,10,2,12,,84,84,1,13,4,120.691852,24.076988,2
7537,66000,387130000C,(04)23274275,(04)23288582,2025,08,20,16,49,臺中市,太平區,0,1,0,5,2,6,50,4,4,1,4,4,6,6,2,1,5,2,5,2,13,3,10,3,1,B03,7,9,1,8,1,1,,84,84,1,12,4,120.725136,24.116852,2
7538,66000,387130000C,(04)23274275,(04)23288582,2025,08,20,16,50,臺中市,太平區,0,0,0,5,,,40,,,,,,,,,,,,,,,,,,,B03,,,1,,2,,,59,59,1,12,4,120.735006,24.131957,3
7539,66000,387130000C,(04)23274275,(04)23288582,2025,08,20,16,53,臺中市,神岡區,0,0,0,5,,,50,,,,,,,,,,,,,,14,,,,,A12,,,1,,2,,,49,49,1,12,4,120.677553,24.25002,3
7540,66000,387130000C,(04)23274275,(04)23288582,2025,08,20,16,55,臺中市,西屯區,0,1,0,5,2,6,50,3,1,1,4,4,6,6,4,4,4,5,5,2,16,2,7,5,4,C03,7,5,1,10,2,14,,14,14,1,13,4,120.644249,24.175078,2
7541,66000,387130000C,(04)23274275,(04)23288582,2025,08,20,16,56,臺中市,南屯區,0,0,0,5,,,50,,,,,,,,,,,,,,,,,,,B03,,,1,,1,,,59,59,1,6,4,120.636584,24.130847,3
7542,66000,387130000C,(04)23274275,(04)23288582,2025,08,20,16,56,臺中市,西屯區,0,1,0,7,1,6,30,3,2,1,4,4,6,6,4,4,10,5,5,2,17,2,9,1,1,C03,7,9,1,10,2,16,,84,84,1,12,4,120.616726,24.186458,2
7543,66000,387130000C,(04)23274275,(04)23288582,2025,08,20,16,57,臺中市,北屯區,0,0,0,5,,,50,,,,,,,,,,,,,,17,,,,,B03,,,1,,1,,,51,51,1,12,4,120.708088,24.165423,3
7544,66000,387130000C,(04)23274275,(04)23288582,2025,08,20,16,57,臺中市,大里區,0,2,0,5,2,6,50,3,1,1,4,4,6,6,4,4,5,5,5,1,3,2,9,1,1,C03,7,9,1,10,2,15,,84,84,1,13,4,120.703831,24.088142,2
7545,66000,387130000C,(04)23274275,(04)23288582,2025,08,20,16,58,臺中市,烏日區,0,0,0,5,,,30,,,,,,,,,,,,,,,,,,,B02,,,1,,1,,,85,85,1,6,4,120.616275,24.111503,3
7546,66000,387130000C,(04)23274275,(04)23288582,2025,08,20,17,0,臺中市,大雅區,0,0,0,5,,,50,,,,,,,,,,,,,,,,,,,B03,,,1,,1,,,56,56,1,13,4,120.645518,24.225808,3
7547,66000,387130000C,(04)23274275,(04)23288582,2025,08,20,17,1,臺中市,大肚區,0,1,0,5,1,6,40,4,1,1,4,4,6,6,2,1,10,5,5,2,18,2,9,1,1,C03,7,9,1,10,2,14,,84,84,1,6,4,120.544194,24.162056,2
7548,66000,387130000C,(04)23274275,(04)23288582,2025,08,20,17,3,臺中市,潭子區,0,0,0,5,,,50,,,,,,,,,,,,,,,,,,,B03,,,1,,2,,,51,51,1,13,4,120.703398,24.226533,3
7549,66000,387130000C,(04)23274275,(04)23288582,2025,08,20,17,5,臺中市,大雅區,0,1,0,5,2,6,30,13,9,1,4,4,6,6,4,4,10,4,5,1,17,2,9,1,1,C03,7,9,1,10,2,11,,7,7,1,12,4,120.664437,24.226597,2
7550,66000,387130000C,(04)23274275,(04)23288582,2025,08,20,17,5,臺中市,神岡區,0,0,0,5,,,40,,,,,,,,,,,,,,14,,,,,B12,,,1,,2,,,49,49,1,13,4,120.694643,24.279346,3
7551,66000,387130000C,(04)23274275,(04)23288582,2025,08,20,17,6,臺中市,北區,0,0,0,5,2,6,50,13,9,1,4,4,6,6,4,4,5,4,5,2,17,3,10,3,1,B03,7,9,1,8,1,2,,84,84,1,12,4,120.67048,24.159533,3
7552,66000,387130000C,(04)23274275,(04)23288582,2025,08,20,17,7,臺中市,西屯區,0,1,0,5,2,6,50,4,1,1,4,4,6,6,4,4,10,5,5,2,17,2,9,5,4,C03,7,9,1,10,2,16,,59,59,1,13,4,120.651004,24.158841,2
7553,66000,387130000C,(04)23274275,(04)23288582,2025,08,20,17,7,臺中市,后里區,0,2,0,5,2,6,50,3,1,1,4,4,6,6,1,1,5,4,4,2,11,3,10,3,1,B03,7,6,1,8,2,5,,11,11,1,6,4,120.716685,24.296343,2
7554,66000,387130000C,(04)23274275,(04)23288582,2025,08,20,17,8,臺中市,北區,0,1,0,5,2,6,50,4,1,1,4,4,6,5,1,1,5,5,5,2,17,2,9,6,1,F01,7,15,7,21,2,13,,40,40,1,4,1,120.677216,24.166837,2
7555,66000,387130000C,(04)23274275,(04)23288582,2025,08,20,17,8,臺中市,大里區,0,0,0,5,,,50,,,,,,,,,,,,,,17,,,,,B12,,,1,,2,,,75,75,1,13,4,120.705653,24.087444,3
7556,66000,387130000C,(04)23274275,(04)23288582,2025,08,20,17,10,臺中市,太平區,0,1,0,5,1,6,50,3,2,1,4,4,6,6,4,4,9,4,4,1,17,2,8,2,1,C03,7,9,1,10,2,11,,84,84,1,12,4,120.72804,24.134551,2
7557,66000,387130000C,(04)23274275,(04)23288582,2025,08,20,17,11,臺中市,大甲區,0,1,0,7,2,6,40,4,9,1,5,4,6,6,4,4,6,4,5,1,17,3,10,3,1,B03,7,9,1,8,2,16,,15,15,1,12,4,120.620916,24.352676,2
7558,66000,387130000C,(04)23274275,(04)23288582,2025,08,20,17,12,臺中市,西屯區,0,0,0,5,,3,80,,,,,,,,,,,,,,13,,,,,B01,,,1,,1,,,7,7,1,13,4,120.655149,24.199375,3
7559,66000,387130000C,(04)23274275,(04)23288582,2025,08,20,17,13,臺中市,大雅區,0,0,0,5,,,50,,,,,,,,,,,,,,16,,,,,C03,,,1,,1,,,6,6,1,13,4,120.667071,24.213416,3
7560,66000,387130000C,(04)23274275,(04)23288582,2025,08,20,17,15,臺中市,南屯區,0,1,0,5,3,6,50,4,1,1,4,4,6,6,2,1,10,5,5,2,16,3,10,5,4,B03,7,6,1,8,2,5,,11,11,1,6,4,120.633919,24.146281,2
7561,66000,387130000C,(04)23274275,(04)23288582,2025,08,20,17,15,臺中市,太平區,0,1,0,5,2,6,40,13,11,1,4,4,6,6,4,4,5,5,4,2,17,2,7,2,1,C03,7,9,1,10,2,14,12,84,84,1,12,4,120.702481,24.148248,2
7562,66000,387130000C,(04)23274275,(04)23288582,2025,08,20,17,18,臺中市,南屯區,0,0,0,5,,,50,,,,,,,,,,,,,,12,,,,,B03,,,1,,1,,,8,8,1,12,4,120.626059,24.145114,3
7563,66000,387130000C,(04)23274275,(04)23288582,2025,08,20,17,18,臺中市,霧峰區,0,1,0,5,2,6,30,13,9,1,4,4,6,6,4,4,10,5,5,1,18,2,9,2,1,C03,7,9,1,10,2,15,,84,84,1,13,4,120.67485,24.052496,2
7564,66000,387130000C,(04)23274275,(04)23288582,2025,08,20,17,19,臺中市,西屯區,0,0,0,5,,,0,,,,,,,,,,,,,,14,,,,,B03,,,1,,1,,,49,49,1,12,4,120.655784,24.172544,3
7565,66000,387130000C,(04)23274275,(04)23288582,2025,08,20,17,20,臺中市,豐原區,0,0,0,5,,,30,,,,,,,,,,,,,,14,,,,,B03,,,1,,2,,,49,49,1,12,4,120.714632,24.270888,3
7566,66000,387130000C,(04)23274275,(04)23288582,2025,08,20,17,21,臺中市,烏日區,0,0,0,5,,,40,,,,,,,,,,,,,,13,,,,,B01,,,1,,2,,,84,84,1,13,4,120.614575,24.117502,3
7567,66000,387130000C,(04)23274275,(04)23288582,2025,08,20,17,23,臺中市,北屯區,0,1,0,5,1,6,50,3,2,1,4,4,6,6,4,4,5,4,5,2,16,3,10,1,1,C03,7,6,1,10,2,11,,14,14,1,13,4,120.685167,24.180209,2
7568,66000,387130000C,(04)23274275,(04)23288582,2025,08,20,17,25,臺中市,大雅區,0,1,0,5,1,6,30,4,2,1,4,4,6,6,4,4,10,5,5,2,17,3,10,4,1,F02,7,9,7,21,2,12,,15,15,1,13,4,120.655087,24.211918,2
7569,66000,387130000C,(04)23274275,(04)23288582,2025,08,20,17,25,臺中市,龍井區,0,1,0,5,2,6,30,3,1,1,4,4,6,6,4,4,10,5,5,2,11,2,9,2,1,C03,7,9,1,10,2,11,,43,43,1,6,4,120.570267,24.176371,2
7570,66000,387130000C,(04)23274275,(04)23288582,2025,08,20,17,25,臺中市,豐原區,0,1,0,5,2,6,50,13,8,1,4,4,6,6,4,4,5,5,4,2,17,3,10,5,1,B03,7,13,1,8,2,4,,76,76,1,13,4,120.709822,24.240461,2
7571,66000,387130000C,(04)23274275,(04)23288582,2025,08,20,17,26,臺中市,東區,0,0,0,5,,,50,,,,,,,,,,,,,,13,,,,,B02,,,1,,1,,,84,84,1,13,4,120.700103,24.138881,3
7572,66000,387130000C,(04)23274275,(04)23288582,2025,08,20,17,27,臺中市,北區,0,2,0,5,3,6,50,13,9,1,4,4,6,6,4,4,1,4,5,2,17,3,10,3,1,B03,7,9,1,8,3,5,,59,59,1,12,4,120.670552,24.173573,2
7573,66000,387130000C,(04)23274275,(04)23288582,2025,08,20,17,27,臺中市,西屯區,0,1,0,5,2,6,50,4,1,1,4,4,6,6,1,1,10,5,5,2,12,3,10,3,4,B03,7,5,1,8,1,2,,47,47,1,13,4,120.656315,24.169383,2
7574,66000,387130000C,(04)23274275,(04)23288582,2025,08,20,17,28,臺中市,西屯區,0,0,0,5,,,50,,,,,,,,,,,,,,12,,,,,C03,,,1,,2,,,40,40,1,13,4,120.624056,24.194267,3
7575,66000,387130000C,(04)23274275,(04)23288582,2025,08,20,17,28,臺中市,霧峰區,0,0,0,6,,,50,,,,,,,,,,,,,,17,,,,,A12,,,1,,2,,,40,40,1,13,4,120.695817,24.057741,3
7576,66000,387130000C,(04)23274275,(04)23288582,2025,08,20,17,29,臺中市,南屯區,0,0,0,5,,,50,,,,,,,,,,,,,,13,,,,,B03,,,1,,1,,,7,7,1,12,4,120.625929,24.145026,3
7577,66000,387130000C,(04)23274275,(04)23288582,2025,08,20,17,30,臺中市,西區,0,0,0,5,,,50,,,,,,,,,,,,,,12,,,,,B03,,,1,,2,,,43,43,1,12,4,120.660649,24.160417,3
7578,66000,387130000C,(04)23274275,(04)23288582,2025,08,20,17,30,臺中市,南屯區,0,0,0,7,,,50,,,,,,,,,,,,,,,,,,,B03,,,1,,1,,,47,47,1,6,4,120.630846,24.14649,3
7579,66000,387130000C,(04)23274275,(04)23288582,2025,08,20,17,32,臺中市,龍井區,0,1,0,6,3,6,50,13,9,1,4,4,6,6,4,4,5,4,5,1,18,2,7,6,1,F02,7,9,7,21,1,14,,59,59,1,3,4,120.523645,24.199222,2
7580,66000,387130000C,(04)23274275,(04)23288582,2025,08,20,17,33,臺中市,西屯區,0,0,0,7,,,50,,,,,,,,,,,,,,12,,,,,B03,,,1,,9,,,40,40,1,12,4,120.654345,24.194323,3
7581,66000,387130000C,(04)23274275,(04)23288582,2025,08,20,17,38,臺中市,沙鹿區,0,0,0,7,,,40,,,,,,,,,,,,,,2,,,,,C03,,,1,,1,,,8,8,1,6,4,120.561486,24.208209,3
7582,66000,387130000C,(04)23274275,(04)23288582,2025,08,20,17,39,臺中市,東區,0,0,0,5,,,30,,,,,,,,,,,,,,12,,,,,B03,,,3,,1,,,8,8,1,12,4,120.699749,24.127718,3
7583,66000,387130000C,(04)23274275,(04)23288582,2025,08,20,17,39,臺中市,南區,0,2,0,5,2,6,50,4,1,1,4,4,6,6,2,1,10,5,5,2,12,2,9,2,1,C03,7,9,1,10,2,12,,84,84,1,12,4,120.682879,24.134353,2
7584,66000,387130000C,(04)23274275,(04)23288582,2025,08,20,17,39,臺中市,大安區,0,1,0,7,2,6,50,13,9,1,5,4,6,6,1,1,5,5,5,1,11,2,9,1,1,C03,7,9,5,19,8,11,,53,53,1,6,4,120.609602,24.347903,2
7585,66000,387130000C,(04)23274275,(04)23288582,2025,08,20,17,40,臺中市,西區,0,0,0,5,,,40,,,,,,,,,,,,,,,,,,,B03,,,1,8,2,,,50,50,1,13,4,120.672689,24.146755,3
7586,66000,387130000C,(04)23274275,(04)23288582,2025,08,20,17,42,臺中市,南屯區,0,1,0,6,2,6,60,4,1,1,4,4,6,6,4,4,5,4,5,2,16,3,10,3,1,B03,7,5,1,8,2,2,,11,11,1,12,4,120.61524,24.147704,2
7587,66000,387130000C,(04)23274275,(04)23288582,2025,08,20,17,43,臺中市,潭子區,0,0,0,7,,3,80,,,,,,,,,,,,,,,,,,,B03,,,1,,9,,,7,7,1,13,4,120.709739,24.200514,3
7588,66000,387130000C,(04)23274275,(04)23288582,2025,08,20,17,43,臺中市,北屯區,0,0,0,7,,,50,,,,,,,,,,,,,,,,,,,B03,,,1,,9,,,78,78,1,12,4,120.684,24.181634,3
7589,66000,387130000C,(04)23274275,(04)23288582,2025,08,20,17,45,臺中市,北屯區,0,0,0,5,,,50,,,,,,,,,,,,,,17,,,,,C03,,,1,,1,,,82,82,1,6,4,120.713327,24.169337,3
7590,66000,387130000C,(04)23274275,(04)23288582,2025,08,20,17,45,臺中市,西屯區,0,0,0,5,,3,80,,,,,,,,,,,,,,13,,,,,B12,,,1,,2,,,7,7,1,13,4,120.635563,24.182138,3
7591,66000,387130000C,(04)23274275,(04)23288582,2025,08,20,17,45,臺中市,沙鹿區,0,0,0,7,,,60,,,,,,,,,,,,,,,,,,,B03,,,1,,1,,,8,8,1,6,4,120.552965,24.215088,4
7592,66000,387130000C,(04)23274275,(04)23288582,2025,08,20,17,46,臺中市,南區,0,0,0,5,,,1,,,,,,,,,,,,,,17,,,,,A11,,,1,,1,,,84,84,1,12,4,120.657199,24.119759,3
7593,66000,387130000C,(04)23274275,(04)23288582,2025,08,20,17,47,臺中市,東區,0,1,0,5,2,6,50,4,1,1,4,4,6,6,4,4,1,4,5,2,17,3,10,3,1,B11,7,6,1,8,2,1,,84,84,1,13,4,120.697162,24.139603,2
7594,66000,387130000C,(04)23274275,(04)23288582,2025,08,20,17,48,臺中市,豐原區,0,0,0,5,,,50,,,,,,,,,,,,,,14,,,,,B03,,,1,,2,,,49,49,1,12,4,120.736478,24.272656,4
7595,66000,387130000C,(04)23274275,(04)23288582,2025,08,20,17,50,臺中市,烏日區,0,1,0,5,3,6,50,13,8,1,4,4,6,6,4,4,5,5,4,2,18,2,9,1,1,C03,7,12,1,10,2,11,12,84,84,1,6,4,120.607895,24.11939,2
7596,66000,387130000C,(04)23274275,(04)23288582,2025,08,20,17,51,臺中市,南屯區,0,0,0,6,,,50,,,,,,,,,,,,,,13,,,,,B03,,,1,,2,,,7,7,1,6,4,120.620441,24.152604,3
7597,66000,387130000C,(04)23274275,(04)23288582,2025,08,20,17,52,臺中市,東區,0,1,0,5,1,6,50,13,8,1,4,4,6,6,4,4,5,5,4,2,16,3,10,3,1,B03,7,11,1,8,2,6,,39,39,1,12,4,120.706054,24.1431,2
7598,66000,387130000C,(04)23274275,(04)23288582,2025,08,20,17,52,臺中市,大里區,0,0,0,5,,,60,,,,,,,,,,,,,,13,,,,,B03,,,1,,2,,,56,56,1,13,4,120.667416,24.10534,3
7599,66000,387130000C,(04)23274275,(04)23288582,2025,08,20,17,53,臺中市,北屯區,0,2,0,6,1,6,50,13,7,1,4,4,6,6,4,4,9,5,4,2,13,3,10,3,1,B03,7,9,1,8,1,1,,84,84,1,12,4,120.677755,24.187453,2
7600,66000,387130000C,(04)23274275,(04)23288582,2025,08,20,17,56,臺中市,北屯區,0,0,0,5,,3,40,,,,,,,,,,,,,,13,,,,,B03,,,1,,1,,,84,84,1,6,4,120.680027,24.200807,3
7601,66000,387130000C,(04)23274275,(04)23288582,2025,08,20,17,57,臺中市,龍井區,0,1,0,5,2,6,40,13,8,1,4,4,6,6,4,4,3,4,3,2,18,2,9,2,1,C03,7,9,1,10,2,14,,59,59,1,6,4,120.573442,24.188355,2
7602,66000,387130000C,(04)23274275,(04)23288582,2025,08,20,18,0,臺中市,南屯區,0,0,0,7,,,50,,,,,,,,,,,,,,12,,,,,B03,,,1,,1,,,35,35,1,6,4,120.622643,24.150214,3
7603,66000,387130000C,(04)23274275,(04)23288582,2025,08,20,18,0,臺中市,北屯區,0,0,0,5,,,50,,,,,,,,,,,,,,,,,,,B03,,,1,,1,,,8,8,1,13,4,120.69108,24.181597,4
7604,66000,387130000C,(04)23274275,(04)23288582,2025,08,20,18,0,臺中市,太平區,0,0,0,7,,,30,,,,,,,,,,,,,,17,,,,,A11,,,1,,9,,,75,75,1,12,4,120.715034,24.118891,3
7605,66000,387130000C,(04)23274275,(04)23288582,2025,08,20,18,2,臺中市,南屯區,0,0,0,7,,,50,,,,,,,,,,,,,,,,,,,B03,,,1,,2,,,7,7,1,6,4,120.637336,24.145312,3
7606,66000,387130000C,(04)23274275,(04)23288582,2025,08,20,18,3,臺中市,南屯區,0,0,0,6,,,60,,,,,,,,,,,,,,16,,,,,B03,,,1,,1,,,26,26,1,12,4,120.63363,24.148275,3
7607,66000,387130000C,(04)23274275,(04)23288582,2025,08,20,18,4,臺中市,北屯區,0,0,0,7,,,50,,,,,,,,,,,,,,,,,,,B03,,,1,,2,,,22,22,1,12,4,120.705794,24.178224,3
7608,66000,387130000C,(04)23274275,(04)23288582,2025,08,20,18,4,臺中市,西屯區,0,0,0,7,,,50,,,,,,,,,,,,,,13,,,,,B03,,,1,,1,,,59,59,1,13,4,120.655766,24.169022,3
7609,66000,387130000C,(04)23274275,(04)23288582,2025,08,20,18,5,臺中市,豐原區,0,1,0,7,1,6,30,13,9,1,5,4,6,6,4,4,10,5,5,2,17,3,10,3,1,B03,7,9,1,8,2,2,,84,84,1,6,4,120.716851,24.279066,2
7610,66000,387130000C,(04)23274275,(04)23288582,2025,08,20,18,11,臺中市,南屯區,0,1,0,6,3,6,50,4,1,1,4,4,6,6,2,1,10,5,5,2,16,3,10,5,4,B01,7,6,1,4,2,5,,11,11,1,6,4,120.64975,24.155611,2
7611,66000,387130000C,(04)23274275,(04)23288582,2025,08,20,18,16,臺中市,南屯區,0,1,0,6,1,6,50,3,1,1,4,4,6,6,4,4,5,4,4,2,16,3,10,3,1,B03,7,5,1,8,2,6,,14,14,1,12,4,120.639845,24.142864,2
7612,66000,387130000C,(04)23274275,(04)23288582,2025,08,20,18,16,臺中市,西屯區,0,1,0,6,1,6,50,4,2,1,4,4,6,6,1,1,5,4,4,2,18,2,9,5,4,C03,7,9,1,10,2,14,,6,6,1,12,4,120.644977,24.16928,2
7613,66000,387130000C,(04)23274275,(04)23288582,2025,08,20,18,18,臺中市,南屯區,0,1,0,7,1,6,50,13,8,1,5,4,6,6,4,4,5,4,4,2,16,3,10,3,1,B03,7,7,1,8,2,2,,20,20,1,6,4,120.614958,24.138852,2
7614,66000,387130000C,(04)23274275,(04)23288582,2025,08,20,18,18,臺中市,西屯區,0,1,0,6,2,6,50,3,2,1,4,4,6,6,1,1,10,5,5,2,17,3,10,3,4,B03,7,6,1,8,2,5,3,8,8,1,13,4,120.613216,24.171574,2