﻿序號,縣市別代碼,機關代碼,市話,傳真,年,月,日,時,分,縣市,區,死亡數量,受傷數量,2-30,天候,道路照明設備,道路類別,道路速限,道路型態,事故位置,路面鋪裝,路面狀態,路面缺陷,障礙物,視距,號誌種類,號誌動作,分向設施,快車道或一般車道間,快慢車道間,路面邊線,事故類型及型態,受傷程度,主要傷處,保護裝備,行動電話或功能裝置,當事者區分_類別,車輛用途,當事者行動狀態,駕照狀態,駕照種類,飲酒情形,車輛撞擊部位最初,車輛撞擊部位其他,肇事因素個別,肇事因素主要,肇事逃逸,職業,共享經濟或外送平台,GPS座標X,GPS座標Y,事故類別
7615,66000,387130000C,(04)23274275,(04)23288582,2025,08,20,18,19,臺中市,南屯區,0,0,0,6,,,60,,,,,,,,,,,,,,13,,,,,C03,,,1,,1,,,7,7,1,12,4,120.598422,24.155204,3
7616,66000,387130000C,(04)23274275,(04)23288582,2025,08,20,18,20,臺中市,北區,0,1,0,6,1,6,50,13,9,1,4,4,6,6,4,4,5,4,5,2,13,2,9,5,4,C03,7,9,1,10,2,14,11,7,7,1,12,4,120.689958,24.155506,2
7617,66000,387130000C,(04)23274275,(04)23288582,2025,08,20,18,20,臺中市,南屯區,0,0,0,6,,,50,,,,,,,,,,,,,,13,,,,,C03,,,1,,1,,,84,84,1,6,4,120.637184,24.15155,3
7618,66000,387130000C,(04)23274275,(04)23288582,2025,08,20,18,24,臺中市,霧峰區,0,0,0,7,,,60,,,,,,,,,,,,,,13,,,,,B03,,,1,,2,,,59,59,1,13,4,120.696013,24.065512,3
7619,66000,387130000C,(04)23274275,(04)23288582,2025,08,20,18,25,臺中市,北屯區,0,1,0,5,1,6,50,4,1,1,4,4,6,6,1,1,10,5,5,2,3,3,10,3,1,B03,7,5,1,8,2,1,,10,10,1,13,4,120.70774,24.182337,2
7620,66000,387130000C,(04)23274275,(04)23288582,2025,08,20,18,26,臺中市,烏日區,0,1,0,7,1,6,50,4,1,1,5,4,6,6,2,1,10,5,5,2,17,3,10,5,4,B03,7,11,1,8,2,7,,45,45,1,13,4,120.59577,24.110642,2
7621,66000,387130000C,(04)23274275,(04)23288582,2025,08,20,18,30,臺中市,霧峰區,0,1,0,6,1,6,30,4,1,1,4,4,6,6,4,4,10,5,5,2,16,2,9,2,1,C03,7,9,1,10,2,11,,20,20,1,13,4,120.687776,24.042907,2
7622,66000,387130000C,(04)23274275,(04)23288582,2025,08,20,18,37,臺中市,中區,0,0,0,5,,,50,,,,,,,,,,,,,,12,,,,,C03,,,1,,1,,,40,40,1,12,4,120.678757,24.141681,3
7623,66000,387130000C,(04)23274275,(04)23288582,2025,08,20,18,38,臺中市,大里區,0,0,0,7,,,50,,,,,,,,,,,,,,,,,,,B03,,,1,,2,,,84,84,1,12,4,120.684871,24.09709,3
7624,66000,387130000C,(04)23274275,(04)23288582,2025,08,20,18,39,臺中市,后里區,0,1,0,5,1,6,50,4,1,1,4,4,6,6,1,1,5,4,4,1,17,2,7,1,1,C03,7,6,1,10,2,12,14,11,11,1,6,4,120.7057,24.295576,2
7625,66000,387130000C,(04)23274275,(04)23288582,2025,08,20,18,41,臺中市,北區,0,0,0,6,1,6,50,13,7,1,5,4,6,6,4,4,1,4,4,2,12,3,10,,1,B03,7,8,1,8,2,8,,84,84,1,12,4,120.685138,24.164148,3
7626,66000,387130000C,(04)23274275,(04)23288582,2025,08,20,18,48,臺中市,霧峰區,0,1,0,6,1,6,50,13,9,1,4,4,6,6,4,4,10,4,5,1,17,2,9,1,1,C03,7,9,1,10,2,14,,84,84,1,13,4,120.693993,24.026436,2
7627,66000,387130000C,(04)23274275,(04)23288582,2025,08,20,18,48,臺中市,沙鹿區,0,0,0,6,,,40,,,,,,,,,,,,,,,,,,,B03,,,1,,2,,,50,50,1,13,4,120.56416,24.239543,3
7628,66000,387130000C,(04)23274275,(04)23288582,2025,08,20,18,49,臺中市,西屯區,0,0,0,7,,,50,,,,,,,,,,,,,,12,,,,,B12,,,1,,11,,,8,8,1,13,4,120.659262,24.193398,3
7629,66000,387130000C,(04)23274275,(04)23288582,2025,08,20,18,53,臺中市,北屯區,0,0,0,5,,,50,,,,,,,,,,,,,,13,,,,,C03,,,1,,1,,,7,7,1,6,4,120.683512,24.172112,3
7630,66000,387130000C,(04)23274275,(04)23288582,2025,08,20,18,53,臺中市,神岡區,0,1,0,5,1,6,60,4,1,1,4,4,6,6,1,1,1,4,4,1,18,2,9,2,4,C03,7,12,1,10,2,12,,84,84,1,12,4,120.698907,24.235318,2
7631,66000,387130000C,(04)23274275,(04)23288582,2025,08,20,18,59,臺中市,梧棲區,0,1,0,7,1,6,50,13,9,1,5,4,6,6,4,4,5,5,5,1,13,3,10,3,1,B02,7,9,1,8,2,1,,84,84,1,6,4,120.54157,24.251476,2
7632,66000,387130000C,(04)23274275,(04)23288582,2025,08,20,19,2,臺中市,北屯區,0,1,0,6,1,6,50,4,2,1,5,4,6,6,1,1,5,4,5,2,15,3,10,3,1,B03,7,9,5,19,2,1,,21,21,1,13,4,120.719301,24.176852,2
7633,66000,387130000C,(04)23274275,(04)23288582,2025,08,20,19,4,臺中市,北區,0,1,0,7,1,6,50,4,1,1,4,4,6,6,1,1,10,5,5,2,18,2,9,5,4,C03,7,9,1,10,2,12,,84,84,1,13,4,120.68277,24.166912,2
7634,66000,387130000C,(04)23274275,(04)23288582,2025,08,20,19,5,臺中市,太平區,0,1,0,6,1,6,50,13,9,1,4,4,6,6,4,4,9,4,5,2,17,2,8,1,1,C03,7,9,1,10,2,14,,85,85,1,12,4,120.708327,24.158363,2
7635,66000,387130000C,(04)23274275,(04)23288582,2025,08,20,19,10,臺中市,東區,0,0,0,5,,,40,,,,,,,,,,,,,,13,,,,,C03,,,1,,2,,,7,7,1,12,4,120.696485,24.138879,3
7636,66000,387130000C,(04)23274275,(04)23288582,2025,08,20,19,13,臺中市,東區,0,0,0,7,,,50,,,,,,,,,,,,,,13,,,,,B12,,,1,,2,,,84,84,1,13,4,120.685038,24.12957,3
7637,66000,387130000C,(04)23274275,(04)23288582,2025,08,20,19,14,臺中市,西屯區,0,1,0,7,1,6,50,4,1,1,3,4,6,6,4,4,10,5,5,2,18,2,7,1,1,C03,7,6,1,10,2,16,,48,48,1,12,4,120.598459,24.165171,2
7638,66000,387130000C,(04)23274275,(04)23288582,2025,08,20,19,18,臺中市,大里區,0,1,0,6,1,6,50,4,1,1,5,4,6,6,4,4,10,5,5,2,13,2,8,1,1,C03,7,9,1,10,2,11,,59,59,1,13,4,120.710917,24.086201,2
7639,66000,387130000C,(04)23274275,(04)23288582,2025,08,20,19,24,臺中市,南屯區,0,1,0,6,2,6,50,4,1,1,4,4,6,6,2,1,5,4,5,2,16,3,10,3,1,B03,7,5,1,8,2,2,,84,84,1,12,4,120.635522,24.136069,2
7640,66000,387130000C,(04)23274275,(04)23288582,2025,08,20,19,27,臺中市,東區,0,0,0,7,,,50,,,,,,,,,,,,,,16,,,,,B03,,,1,,2,,,11,11,1,12,4,120.692395,24.139415,3
7641,66000,387130000C,(04)23274275,(04)23288582,2025,08,20,19,37,臺中市,大里區,0,1,0,7,1,6,50,4,1,1,5,4,6,6,1,1,1,2,1,1,16,3,10,3,1,B03,7,5,1,8,2,5,,38,38,1,13,4,120.687961,24.094611,2
7642,66000,387130000C,(04)23274275,(04)23288582,2025,08,20,19,45,臺中市,南屯區,0,0,0,7,,,60,,,,,,,,,,,,,,12,,,,,B02,,,6,,1,,,43,43,1,12,4,120.623241,24.137107,3
7643,66000,387130000C,(04)23274275,(04)23288582,2025,08,20,19,45,臺中市,大里區,0,0,0,5,,,30,,,,,,,,,,,,,,17,,,,,B03,,,1,,2,,,8,8,1,13,4,120.703122,24.100369,3
7644,66000,387130000C,(04)23274275,(04)23288582,2025,08,20,19,51,臺中市,西區,0,0,0,7,,,50,,,,,,,,,,,,,,,,,,,C03,,,1,,2,,,13,13,1,6,4,120.661651,24.155818,3
7645,66000,387130000C,(04)23274275,(04)23288582,2025,08,20,19,54,臺中市,北區,0,2,0,7,1,6,50,4,1,1,5,4,6,6,1,1,10,5,5,2,16,2,9,1,1,C03,7,6,1,10,2,12,,11,11,1,12,4,120.680853,24.149177,2
7646,66000,387130000C,(04)23274275,(04)23288582,2025,08,20,19,57,臺中市,北屯區,0,1,0,7,1,6,50,13,7,1,4,4,6,6,1,1,5,4,4,2,18,2,9,1,4,C03,7,15,5,10,2,14,,84,84,1,12,4,120.681545,24.171111,2
7647,66000,387130000C,(04)23274275,(04)23288582,2025,08,20,19,58,臺中市,南區,0,0,0,7,,,30,,,,,,,,,,,,,,17,,,,,B03,,,1,,1,,,84,84,1,13,4,120.684019,24.129399,4
7648,66000,387130000C,(04)23274275,(04)23288582,2025,08,20,20,0,臺中市,大雅區,0,0,0,6,,,50,,,,,,,,,,,,,,,,,,,C03,,,1,,2,,,82,82,1,13,4,120.673399,24.231629,3
7649,66000,387130000C,(04)23274275,(04)23288582,2025,08,20,20,0,臺中市,西屯區,0,0,0,5,,,50,,,,,,,,,,,,,,13,,,,,B03,,,1,,2,,,51,51,1,13,4,120.653199,24.168659,3
7650,66000,387130000C,(04)23274275,(04)23288582,2025,08,20,20,13,臺中市,北區,0,0,0,7,,,50,,,,,,,,,,,,,,9,,,,,B02,,,1,,2,,,84,84,1,12,4,120.675884,24.171452,4
7651,66000,387130000C,(04)23274275,(04)23288582,2025,08,20,20,15,臺中市,潭子區,0,0,0,7,,,50,,,,,,,,,,,,,,,,,,,B03,,,1,,2,,,8,8,1,13,4,120.704463,24.215591,3
7652,66000,387130000C,(04)23274275,(04)23288582,2025,08,20,20,16,臺中市,西屯區,0,0,0,7,,,50,,,,,,,,,,,,,,16,,,,,B03,,,1,,1,,,51,51,1,13,4,120.644029,24.171563,3
7653,66000,387130000C,(04)23274275,(04)23288582,2025,08,20,20,21,臺中市,西屯區,0,0,0,7,,,50,,,,,,,,,,,,,,12,,,,,B03,,,1,,1,,,47,47,1,12,4,120.621921,24.186405,3
7654,66000,387130000C,(04)23274275,(04)23288582,2025,08,20,20,35,臺中市,北屯區,0,0,0,6,,,50,,,,,,,,,,,,,,13,,,,,C03,,,1,,2,,,7,7,1,13,4,120.726965,24.173249,4
7655,66000,387130000C,(04)23274275,(04)23288582,2025,08,20,20,42,臺中市,南區,0,0,0,7,,,30,,,,,,,,,,,,,,12,,,,,B03,,,1,,1,,,84,84,1,12,4,120.682701,24.134221,3
7656,66000,387130000C,(04)23274275,(04)23288582,2025,08,20,20,46,臺中市,南區,0,1,0,6,1,6,50,3,1,1,5,4,6,6,4,4,5,4,5,2,16,3,10,3,1,B03,7,1,1,8,2,6,,39,39,1,12,4,120.684436,24.13141,2
7657,66000,387130000C,(04)23274275,(04)23288582,2025,08,20,20,46,臺中市,北屯區,0,0,0,7,,,50,,,,,,,,,,,,,,13,,,,,B02,,,1,,1,,,84,84,1,12,4,120.72123,24.162089,3
7658,66000,387130000C,(04)23274275,(04)23288582,2025,08,20,21,0,臺中市,沙鹿區,0,1,0,7,2,6,50,4,1,1,5,4,6,6,1,1,10,5,5,2,17,3,10,3,1,B03,7,1,1,8,9,8,,51,51,1,6,4,120.580621,24.209742,2
7659,66000,387130000C,(04)23274275,(04)23288582,2025,08,20,21,13,臺中市,烏日區,0,2,0,7,1,6,50,4,2,1,5,4,6,6,1,1,5,4,5,1,13,2,9,2,1,C03,7,9,1,10,2,11,,84,84,1,6,4,120.638894,24.09649,2
7660,66000,387130000C,(04)23274275,(04)23288582,2025,08,20,21,21,臺中市,南區,0,0,0,7,,,50,,,,,,,,,,,,,,17,,,,,B03,,,1,,2,,,84,84,1,12,4,120.668807,24.118367,3
7661,66000,387130000C,(04)23274275,(04)23288582,2025,08,20,21,24,臺中市,太平區,0,3,0,7,1,6,50,4,1,1,5,4,6,6,1,1,10,5,5,2,15,2,9,1,1,C03,7,9,1,10,2,11,,21,21,1,6,4,120.710052,24.134804,2
7662,66000,387130000C,(04)23274275,(04)23288582,2025,08,20,21,37,臺中市,沙鹿區,0,2,0,7,1,6,50,4,1,1,5,4,6,6,4,4,10,5,5,2,16,2,9,2,1,C03,7,6,1,10,2,11,,14,14,1,6,4,120.561009,24.24183,2
7663,66000,387130000C,(04)23274275,(04)23288582,2025,08,20,21,44,臺中市,大里區,0,0,0,7,,,60,,,,,,,,,,,,,,12,,,,,B03,,,1,,1,,,84,84,1,13,4,120.689806,24.101051,3
7664,66000,387130000C,(04)23274275,(04)23288582,2025,08,20,21,47,臺中市,西屯區,0,1,0,7,1,6,50,3,1,1,5,4,6,6,4,4,10,5,5,2,17,3,10,3,4,B03,7,11,1,8,2,7,,45,45,1,13,4,120.641454,24.170146,2
7665,66000,387130000C,(04)23274275,(04)23288582,2025,08,20,21,53,臺中市,西屯區,0,1,0,7,1,6,50,13,9,1,5,4,6,6,4,4,1,4,5,2,16,3,10,5,4,B03,7,5,1,8,2,2,,20,20,1,13,4,120.651529,24.165041,2
7666,66000,387130000C,(04)23274275,(04)23288582,2025,08,20,22,23,臺中市,南屯區,0,0,0,7,,,50,,,,,,,,,,,,,,,,,,,C03,,,1,,1,,,84,84,1,12,4,120.652382,24.135808,3
7667,66000,387130000C,(04)23274275,(04)23288582,2025,08,20,22,49,臺中市,西屯區,0,1,0,6,1,3,80,13,7,1,5,4,1,5,4,4,10,4,5,2,29,2,9,3,1,B02,7,9,1,8,2,1,,5,5,1,13,4,120.634948,24.179291,2
7668,66000,387130000C,(04)23274275,(04)23288582,2025,08,20,22,59,臺中市,大里區,0,0,0,7,,,50,,,,,,,,,,,,,,,,,,,B03,,,1,,1,,,7,7,1,12,4,120.681372,24.105038,3
7669,66000,387130000C,(04)23274275,(04)23288582,2025,08,20,23,8,臺中市,東區,0,2,0,7,1,6,50,4,9,1,5,4,6,6,3,1,5,5,5,2,15,2,9,5,4,C03,7,9,1,10,2,12,,20,20,1,6,4,120.684233,24.130588,2
7670,66000,387130000C,(04)23274275,(04)23288582,2025,08,20,23,38,臺中市,沙鹿區,0,0,0,6,,,50,,,,,,,,,,,,,,,,,,,B03,,,1,,2,,,50,50,1,13,4,120.572349,24.209873,3
7671,66000,387130000C,(04)23274275,(04)23288582,2025,08,21,0,19,臺中市,西屯區,0,0,0,7,,,50,,,,,,,,,,,,,,,,,,,,,,,,,,,86,86,1,,,120.64784,24.159039,3
7672,66000,387130000C,(04)23274275,(04)23288582,2025,08,21,0,20,臺中市,北屯區,0,2,0,7,1,6,50,3,2,1,5,4,6,6,4,4,5,5,4,2,12,2,9,2,1,C03,7,7,1,10,2,13,,20,20,1,12,2,120.689919,24.179867,2
7673,66000,387130000C,(04)23274275,(04)23288582,2025,08,21,1,4,臺中市,太平區,0,1,0,7,1,6,30,3,1,1,5,4,6,6,4,4,10,5,5,2,30,2,8,1,1,C03,7,6,1,10,1,14,,48,48,1,5,4,120.732066,24.143079,2
7674,66000,387130000C,(04)23274275,(04)23288582,2025,08,21,1,11,臺中市,北屯區,0,0,0,7,,,50,,,,,,,,,,,,,,13,,,,,B03,,,1,,1,,,8,8,1,13,4,120.686851,24.204906,3
7675,66000,387130000C,(04)23274275,(04)23288582,2025,08,21,1,43,臺中市,西區,0,1,0,6,2,6,50,13,9,1,5,4,6,6,1,1,5,4,5,2,18,2,9,1,1,C03,7,9,1,10,2,14,,84,84,1,12,4,120.680572,24.141737,2
7676,66000,387130000C,(04)23274275,(04)23288582,2025,08,21,2,38,臺中市,北區,0,1,0,7,1,6,50,13,9,1,5,4,6,6,4,4,9,5,5,2,17,2,9,1,1,C03,7,9,1,10,7,12,,53,53,1,12,4,120.67553,24.156186,2
7677,66000,387130000C,(04)23274275,(04)23288582,2025,08,21,5,21,臺中市,外埔區,0,0,0,7,,,50,,,,,,,,,,,,,,20,,,,,B03,,,1,,9,,,56,56,1,6,4,120.644209,24.335467,3
7678,66000,387130000C,(04)23274275,(04)23288582,2025,08,21,5,28,臺中市,北區,0,1,0,7,3,6,50,13,9,1,5,4,6,6,4,4,3,4,5,2,17,2,9,5,4,C03,7,9,1,10,2,12,,84,84,1,13,4,120.673375,24.165973,2
7679,66000,387130000C,(04)23274275,(04)23288582,2025,08,21,5,49,臺中市,太平區,0,1,0,7,3,6,30,13,9,1,5,4,6,6,4,4,10,5,5,2,20,2,8,3,1,B03,7,9,1,8,2,5,,59,59,1,7,4,120.769715,24.14337,2
7680,66000,387130000C,(04)23274275,(04)23288582,2025,08,21,6,4,臺中市,南區,0,0,0,7,,,30,,,,,,,,,,,,,,12,,,,,B03,,,1,,2,,,8,8,1,6,4,120.66716,24.127476,3
7681,66000,387130000C,(04)23274275,(04)23288582,2025,08,21,6,38,臺中市,東區,0,1,0,7,3,6,50,13,9,1,5,4,6,6,4,4,3,5,5,2,17,3,10,5,4,C03,7,9,1,10,2,11,,84,84,1,6,4,120.687676,24.138151,2
7682,66000,387130000C,(04)23274275,(04)23288582,2025,08,21,6,45,臺中市,沙鹿區,0,0,0,7,,,50,,,,,,,,,,,,,,14,,,,,A42,,,1,,2,,,49,49,1,12,4,120.572028,24.210298,4
7683,66000,387130000C,(04)23274275,(04)23288582,2025,08,21,6,58,臺中市,烏日區,0,1,0,7,3,6,50,13,8,1,5,4,6,6,4,4,5,5,4,1,12,3,10,3,1,B03,7,1,1,8,2,8,,51,51,1,6,4,120.623088,24.106203,2
7684,66000,387130000C,(04)23274275,(04)23288582,2025,08,21,7,0,臺中市,豐原區,0,0,0,7,,,50,,,,,,,,,,,,,,,,,,,B12,,,1,,2,,,58,58,1,13,4,120.70577,24.250092,3
7685,66000,387130000C,(04)23274275,(04)23288582,2025,08,21,7,3,臺中市,西屯區,0,1,0,7,1,6,50,3,1,1,5,4,6,6,1,1,1,5,1,1,17,3,10,5,4,B03,7,15,1,8,2,1,,84,84,1,13,4,120.629059,24.16265,2
7686,66000,387130000C,(04)23274275,(04)23288582,2025,08,21,7,4,臺中市,外埔區,0,1,0,7,2,6,50,4,1,1,5,4,6,6,1,1,1,2,4,2,15,2,9,1,1,C03,7,9,1,8,9,11,12,21,21,1,6,4,120.662334,24.319257,2
7687,66000,387130000C,(04)23274275,(04)23288582,2025,08,21,7,20,臺中市,北屯區,0,0,0,7,,,30,,,,,,,,,,,,,,13,,,,,C02,,,1,9,1,,,7,7,1,6,4,120.693162,24.162439,3
7688,66000,387130000C,(04)23274275,(04)23288582,2025,08,21,7,21,臺中市,北屯區,0,1,0,7,3,6,50,4,1,1,5,4,6,6,4,4,10,5,5,2,16,3,10,3,1,B03,7,5,1,8,2,5,,11,11,1,6,4,120.737371,24.178446,2
7689,66000,387130000C,(04)23274275,(04)23288582,2025,08,21,7,21,臺中市,梧棲區,0,0,0,7,,,30,,,,,,,,,,,,,,17,,,,,C03,,,1,,2,,,59,59,1,6,4,120.521092,24.24484,3
7690,66000,387130000C,(04)23274275,(04)23288582,2025,08,21,7,22,臺中市,大雅區,0,1,0,7,2,6,30,4,1,1,5,4,6,6,1,1,10,5,5,1,13,2,9,2,1,C03,7,9,1,10,2,11,,7,7,1,13,4,120.665663,24.229318,2
7691,66000,387130000C,(04)23274275,(04)23288582,2025,08,21,7,23,臺中市,烏日區,0,0,0,7,,,40,,,,,,,,,,,,,,12,,,,,C03,,,1,,1,,,40,40,1,13,4,120.626801,24.104113,3
7692,66000,387130000C,(04)23274275,(04)23288582,2025,08,21,7,25,臺中市,烏日區,0,2,0,7,3,6,50,4,1,1,5,4,6,6,2,1,5,4,5,1,16,2,9,1,1,F03,7,9,7,21,2,11,12,21,21,1,6,4,120.625741,24.110485,2
7693,66000,387130000C,(04)23274275,(04)23288582,2025,08,21,7,29,臺中市,北區,0,0,0,5,3,6,40,13,8,1,5,4,6,6,4,4,3,4,4,2,17,,,,,C03,,,1,,1,,,7,7,1,13,4,120.67375,24.164514,3
7694,66000,387130000C,(04)23274275,(04)23288582,2025,08,21,7,33,臺中市,北區,0,1,0,7,2,6,50,13,9,1,5,4,6,6,4,4,1,5,4,2,23,2,9,5,4,B03,7,15,1,8,2,1,,84,84,1,13,4,120.690309,24.158836,2
7695,66000,387130000C,(04)23274275,(04)23288582,2025,08,21,7,33,臺中市,龍井區,0,0,0,7,,,40,,,,,,,,,,,,,,13,,,,,B03,,,1,,1,,,7,7,1,6,4,120.503926,24.210638,3
7696,66000,387130000C,(04)23274275,(04)23288582,2025,08,21,7,34,臺中市,霧峰區,0,1,0,7,3,6,0,11,9,1,5,4,6,6,4,4,5,5,5,1,9,3,10,6,5,H01,8,16,7,21,1,17,,109,109,1,12,5,120.694984,24.066878,2
7697,66000,387130000C,(04)23274275,(04)23288582,2025,08,21,7,38,臺中市,烏日區,0,1,0,7,3,6,40,13,8,1,5,4,6,6,4,4,1,4,4,1,13,3,10,5,4,C03,7,9,1,10,2,11,,59,59,1,13,4,120.614925,24.10634,2
7698,66000,387130000C,(04)23274275,(04)23288582,2025,08,21,7,39,臺中市,東區,0,2,0,7,3,6,50,4,1,1,5,4,6,6,1,1,10,5,5,2,16,2,9,2,1,C03,7,6,1,10,2,11,,11,11,1,12,4,120.695237,24.141652,2
7699,66000,387130000C,(04)23274275,(04)23288582,2025,08,21,7,39,臺中市,后里區,0,1,0,7,2,6,50,3,1,1,5,4,6,6,1,1,5,4,4,1,17,3,10,3,1,B03,7,6,1,8,2,6,,11,11,1,6,4,120.717009,24.309475,2
7700,66000,387130000C,(04)23274275,(04)23288582,2025,08,21,7,40,臺中市,南屯區,0,0,0,7,3,6,50,13,9,1,5,4,6,6,1,1,3,4,5,2,13,,,,,B03,,,1,,1,,,7,7,1,12,4,120.62367,24.149472,3
7701,66000,387130000C,(04)23274275,(04)23288582,2025,08,21,7,40,臺中市,西屯區,0,1,0,7,2,6,40,13,9,1,5,4,6,6,4,4,9,5,5,2,12,2,9,2,1,C03,7,8,1,10,2,14,,42,42,1,12,4,120.617145,24.174638,2
7702,66000,387130000C,(04)23274275,(04)23288582,2025,08,21,7,41,臺中市,西屯區,0,0,0,7,,,40,,,,,,,,,,,,,,13,,,,,C03,,,5,,1,,,7,7,1,13,4,120.642153,24.16443,3
7703,66000,387130000C,(04)23274275,(04)23288582,2025,08,21,7,42,臺中市,豐原區,0,0,0,7,,,50,,,,,,,,,,,,,,17,,,,,B03,,,1,,2,,,50,50,1,13,4,120.721531,24.246705,3
7704,66000,387130000C,(04)23274275,(04)23288582,2025,08,21,7,42,臺中市,豐原區,0,0,0,7,,,50,,,,,,,,,,,,,,12,,,,,C03,,,1,,1,,,84,84,1,13,2,120.718031,24.254283,3
7705,66000,387130000C,(04)23274275,(04)23288582,2025,08,21,7,44,臺中市,西屯區,0,0,0,7,,,50,,,,,,,,,,,,,,13,,,,,C03,,,1,,2,,,7,7,1,12,4,120.589563,24.178059,3
7706,66000,387130000C,(04)23274275,(04)23288582,2025,08,21,7,44,臺中市,西屯區,0,1,0,7,2,6,50,13,9,1,5,4,6,6,4,4,1,4,5,2,13,2,3,1,1,C03,7,9,1,10,9,11,,59,59,1,13,4,120.64979,24.163139,2
7707,66000,387130000C,(04)23274275,(04)23288582,2025,08,21,7,45,臺中市,太平區,0,0,0,7,,,50,,,,,,,,,,,,,,13,,,,,B03,,,1,,1,,,84,84,1,12,4,120.712521,24.141263,3
7708,66000,387130000C,(04)23274275,(04)23288582,2025,08,21,7,45,臺中市,龍井區,0,1,0,7,3,6,30,3,1,1,5,4,6,6,4,4,10,5,5,2,16,3,10,3,1,B12,7,5,1,8,2,2,,8,8,1,6,4,120.537804,24.176735,2
7709,66000,387130000C,(04)23274275,(04)23288582,2025,08,21,7,58,臺中市,南屯區,0,2,0,7,2,6,50,3,2,1,5,4,6,6,4,4,5,5,4,2,17,2,9,2,1,C03,7,11,3,19,2,11,,12,12,1,13,4,120.628088,24.119215,2
7710,66000,387130000C,(04)23274275,(04)23288582,2025,08,21,7,58,臺中市,清水區,0,2,0,7,3,6,30,4,1,1,5,4,6,6,4,4,10,5,5,2,15,2,9,3,1,B03,7,9,1,8,2,5,,15,15,1,12,4,120.566622,24.290771,2
7711,66000,387130000C,(04)23274275,(04)23288582,2025,08,21,8,0,臺中市,西屯區,0,1,0,7,2,6,50,3,1,1,5,4,6,6,1,1,10,5,5,2,13,3,10,1,1,C03,7,5,1,10,2,13,,11,11,1,12,4,120.663863,24.17626,2
7712,66000,387130000C,(04)23274275,(04)23288582,2025,08,21,8,0,臺中市,霧峰區,0,2,0,7,2,6,30,11,9,1,5,4,6,6,4,4,10,5,5,2,10,2,9,5,4,C03,7,9,6,20,2,15,,41,41,1,12,4,120.669538,24.073455,2
7713,66000,387130000C,(04)23274275,(04)23288582,2025,08,21,8,3,臺中市,大里區,0,2,0,7,3,6,50,11,9,1,5,4,6,6,4,4,9,5,5,2,2,2,9,1,1,C03,7,9,1,10,2,11,,84,84,1,12,4,120.685409,24.120305,2
7714,66000,387130000C,(04)23274275,(04)23288582,2025,08,21,8,4,臺中市,烏日區,0,0,0,7,2,6,50,3,1,1,5,4,6,,1,1,5,4,5,1,12,3,10,3,1,B03,7,3,1,8,1,1,,84,84,1,6,4,120.642572,24.074551,3
7715,66000,387130000C,(04)23274275,(04)23288582,2025,08,21,8,5,臺中市,西屯區,0,0,0,7,,,50,,,,,,,,,,,,,,17,,,,,B03,,,1,,2,,,50,50,1,13,4,120.619882,24.184148,3
7716,66000,387130000C,(04)23274275,(04)23288582,2025,08,21,8,5,臺中市,梧棲區,0,0,0,7,,,50,,,,,,,,,,,,,,17,,,,,B12,,,1,,2,,,77,77,1,6,4,120.540003,24.243886,3
7717,66000,387130000C,(04)23274275,(04)23288582,2025,08,21,8,6,臺中市,北屯區,0,0,0,7,,,50,,,,,,,,,,,,,,,,,,,B03,,,1,,1,,,7,7,1,12,4,120.702265,24.182211,3
7718,66000,387130000C,(04)23274275,(04)23288582,2025,08,21,8,7,臺中市,西屯區,0,1,0,7,2,6,50,8,9,1,5,4,6,6,4,4,3,4,5,2,13,2,9,2,4,C03,7,9,1,9,2,11,,7,7,1,13,4,120.65064,24.199887,2
7719,66000,387130000C,(04)23274275,(04)23288582,2025,08,21,8,8,臺中市,西屯區,0,2,0,7,2,6,35,11,9,1,5,4,6,6,4,4,10,5,5,2,12,2,9,2,1,C03,7,5,5,19,2,14,,8,8,1,12,4,120.627323,24.176835,2
7720,66000,387130000C,(04)23274275,(04)23288582,2025,08,21,8,11,臺中市,西屯區,0,3,0,7,2,6,50,3,1,1,5,4,6,6,4,4,10,5,5,1,15,2,8,1,1,C03,7,1,1,10,5,11,,51,51,1,13,4,120.648454,24.173663,2
7721,66000,387130000C,(04)23274275,(04)23288582,2025,08,21,8,11,臺中市,大里區,0,1,0,7,3,6,50,13,9,1,5,4,6,6,4,4,5,5,5,2,24,2,9,1,1,C03,7,9,1,10,2,12,,87,87,1,12,4,120.679872,24.076734,2
7722,66000,387130000C,(04)23274275,(04)23288582,2025,08,21,8,12,臺中市,南區,0,0,0,7,,,50,,,,,,,,,,,,,,17,,,,,B03,,,1,,1,,,40,40,1,12,4,120.657425,24.121005,3
7723,66000,387130000C,(04)23274275,(04)23288582,2025,08,21,8,14,臺中市,北區,0,0,0,7,,,50,,,,,,,,,,,,,,12,,,,,B03,,,1,,2,,,8,8,1,13,4,120.690927,24.160018,3
7724,66000,387130000C,(04)23274275,(04)23288582,2025,08,21,8,15,臺中市,大雅區,0,1,0,7,2,6,50,13,7,1,5,4,6,6,4,4,4,5,4,1,17,3,10,1,1,C03,7,11,1,10,9,16,,34,34,2,13,4,120.63539,24.214861,2
7725,66000,387130000C,(04)23274275,(04)23288582,2025,08,21,8,18,臺中市,大雅區,0,0,0,7,,,50,,,,,,,,,,,,,,,,,,,C03,,,1,,1,,,7,7,1,13,4,120.614097,24.215774,3