﻿序號,縣市別代碼,機關代碼,市話,傳真,年,月,日,時,分,縣市,區,死亡數量,受傷數量,2-30,天候,道路照明設備,道路類別,道路速限,道路型態,事故位置,路面鋪裝,路面狀態,路面缺陷,障礙物,視距,號誌種類,號誌動作,分向設施,快車道或一般車道間,快慢車道間,路面邊線,事故類型及型態,受傷程度,主要傷處,保護裝備,行動電話或功能裝置,當事者區分_類別,車輛用途,當事者行動狀態,駕照狀態,駕照種類,飲酒情形,車輛撞擊部位最初,車輛撞擊部位其他,肇事因素個別,肇事因素主要,肇事逃逸,職業,共享經濟或外送平台,GPS座標X,GPS座標Y,事故類別
7726,66000,387130000C,(04)23274275,(04)23288582,2025,08,21,8,19,臺中市,南區,0,2,0,7,2,6,50,3,19,1,5,4,6,6,4,4,10,5,5,2,3,2,9,1,1,C03,7,9,1,11,2,11,,10,10,1,13,4,120.659503,24.124049,2
7727,66000,387130000C,(04)23274275,(04)23288582,2025,08,21,8,19,臺中市,神岡區,0,0,0,7,,,50,,,,,,,,,,,,,,17,,,,,B12,,,1,,2,,,84,84,1,12,4,120.695909,24.248572,3
7728,66000,387130000C,(04)23274275,(04)23288582,2025,08,21,8,20,臺中市,北屯區,0,1,0,7,2,6,50,13,9,1,5,4,6,6,4,4,10,5,5,2,12,3,10,3,1,B03,7,1,1,8,2,8,,51,51,1,12,4,120.726536,24.156857,2
7729,66000,387130000C,(04)23274275,(04)23288582,2025,08,21,8,21,臺中市,太平區,0,0,0,7,,,50,,,,,,,,,,,,,,16,,,,,C03,,,1,,2,,,48,48,1,12,4,120.71761,24.10267,3
7730,66000,387130000C,(04)23274275,(04)23288582,2025,08,21,8,25,臺中市,南屯區,0,0,0,7,,,50,,,,,,,,,,,,,,,,,,,B03,,,1,,1,,,59,59,1,12,4,120.639397,24.144469,3
7731,66000,387130000C,(04)23274275,(04)23288582,2025,08,21,8,25,臺中市,南屯區,0,0,0,7,3,6,50,13,9,1,5,4,6,6,4,4,5,5,5,2,12,,,,,B03,,,1,,1,,,59,59,1,12,4,120.646789,24.146405,3
7732,66000,387130000C,(04)23274275,(04)23288582,2025,08,21,8,27,臺中市,西屯區,0,1,0,7,2,6,50,11,9,1,5,4,6,6,4,4,10,5,5,2,18,2,8,2,1,C03,7,5,1,10,2,14,,84,84,1,12,4,120.608507,24.158674,2
7733,66000,387130000C,(04)23274275,(04)23288582,2025,08,21,8,27,臺中市,沙鹿區,0,0,0,7,,,30,,,,,,,,,,,,,,20,,,,,B03,,,1,,2,,,59,59,1,6,4,120.605913,24.244388,3
7734,66000,387130000C,(04)23274275,(04)23288582,2025,08,21,8,30,臺中市,大里區,0,1,0,7,3,6,50,3,1,1,5,4,6,6,4,4,10,5,5,2,17,2,9,1,1,C03,7,1,1,10,2,14,,51,51,1,12,4,120.695406,24.087912,2
7735,66000,387130000C,(04)23274275,(04)23288582,2025,08,21,8,31,臺中市,西屯區,0,1,0,7,2,6,50,4,1,1,5,4,6,6,1,1,8,4,5,1,17,3,10,5,4,B03,7,6,1,8,2,1,,11,11,1,13,4,120.615762,24.176285,2
7736,66000,387130000C,(04)23274275,(04)23288582,2025,08,21,8,34,臺中市,西屯區,0,0,0,7,,,50,,,,,,,,,,,,,,12,,,,,B03,,,1,,1,,,40,40,1,12,4,120.61978,24.180941,3
7737,66000,387130000C,(04)23274275,(04)23288582,2025,08,21,8,34,臺中市,霧峰區,0,1,0,7,2,6,50,4,19,1,5,4,6,6,1,1,10,5,5,2,9,2,9,5,4,C03,7,9,1,10,2,11,,84,84,1,12,4,120.686956,24.054073,2
7738,66000,387130000C,(04)23274275,(04)23288582,2025,08,21,8,34,臺中市,太平區,0,1,0,7,2,6,50,3,7,1,5,4,6,6,4,4,5,5,4,1,13,2,9,1,1,C03,7,9,1,10,2,11,,59,59,1,6,4,120.726856,24.14982,2
7739,66000,387130000C,(04)23274275,(04)23288582,2025,08,21,8,37,臺中市,潭子區,0,0,0,7,,,50,,,,,,,,,,,,,,,,,,,B03,,,1,,2,,,84,84,1,13,4,120.711281,24.213164,3
7740,66000,387130000C,(04)23274275,(04)23288582,2025,08,21,8,37,臺中市,北區,0,1,0,7,2,6,50,4,9,1,5,4,6,6,1,1,10,4,5,2,17,2,9,5,4,C03,7,8,1,10,2,14,,40,40,1,13,4,120.678473,24.167137,2
7741,66000,387130000C,(04)23274275,(04)23288582,2025,08,21,8,40,臺中市,南區,0,1,0,7,2,6,50,3,2,1,5,4,6,6,3,1,5,5,5,2,17,2,9,3,1,B03,7,9,1,8,2,5,,84,84,1,12,4,120.666408,24.112556,2
7742,66000,387130000C,(04)23274275,(04)23288582,2025,08,21,8,41,臺中市,豐原區,0,0,0,7,,,50,,,,,,,,,,,,,,,,,,,A12,,,1,,2,,,8,8,1,13,4,120.699207,24.248976,3
7743,66000,387130000C,(04)23274275,(04)23288582,2025,08,21,8,44,臺中市,豐原區,0,0,0,7,,,50,,,,,,,,,,,,,,17,,,,,B03,,,1,,2,,,49,49,1,13,4,120.71287,24.248189,3
7744,66000,387130000C,(04)23274275,(04)23288582,2025,08,21,8,45,臺中市,南區,0,1,0,7,1,6,50,4,1,1,5,4,6,6,1,1,10,5,5,2,17,3,10,3,1,B03,7,5,1,8,2,2,,11,11,1,12,4,120.653289,24.121969,2
7745,66000,387130000C,(04)23274275,(04)23288582,2025,08,21,8,45,臺中市,東區,0,0,0,7,,,50,,,,,,,,,,,,,,35,,,,,C03,,,1,,1,,,4,4,1,12,4,120.697829,24.14474,3
7746,66000,387130000C,(04)23274275,(04)23288582,2025,08,21,8,45,臺中市,清水區,0,1,0,7,3,6,50,4,1,1,5,4,6,6,2,1,1,4,4,1,16,2,9,1,1,C03,7,6,1,10,2,12,,48,48,1,12,4,120.572501,24.27472,2
7747,66000,387130000C,(04)23274275,(04)23288582,2025,08,21,8,49,臺中市,西區,0,1,0,6,3,6,40,13,8,1,5,4,6,6,4,4,1,4,4,2,18,2,9,2,1,C03,7,9,1,10,2,12,,84,84,1,6,4,120.661145,24.159769,2
7748,66000,387130000C,(04)23274275,(04)23288582,2025,08,21,8,50,臺中市,西屯區,0,1,0,7,2,6,30,5,1,1,5,4,6,6,4,4,10,5,5,2,13,2,9,2,4,C03,7,9,1,10,2,11,,7,7,1,13,4,120.650331,24.166106,2
7749,66000,387130000C,(04)23274275,(04)23288582,2025,08,21,8,51,臺中市,北屯區,0,1,0,7,2,6,50,4,8,1,5,4,6,6,2,1,1,3,4,2,13,2,5,1,1,C03,7,9,1,10,2,11,,7,7,1,6,4,120.683412,24.172412,2
7750,66000,387130000C,(04)23274275,(04)23288582,2025,08,21,8,51,臺中市,沙鹿區,0,0,0,7,,,30,,,,,,,,,,,,,,11,,,,,C03,,,1,,2,,,41,41,1,6,4,120.57126,24.233716,3
7751,66000,387130000C,(04)23274275,(04)23288582,2025,08,21,8,52,臺中市,北區,0,1,0,7,3,6,50,13,9,1,5,4,6,6,4,4,2,5,5,2,17,2,8,5,4,C03,7,15,1,10,2,13,,42,42,1,13,4,120.685602,24.153979,2
7752,66000,387130000C,(04)23274275,(04)23288582,2025,08,21,8,55,臺中市,大里區,0,0,0,7,,,50,,,,,,,,,,,,,,17,,,,,B03,,,1,,2,,,40,40,1,12,4,120.67196,24.105429,3
7753,66000,387130000C,(04)23274275,(04)23288582,2025,08,21,8,55,臺中市,霧峰區,0,0,0,7,,,60,,,,,,,,,,,,,,17,,,,,A12,,,1,,2,,,84,84,1,12,4,120.695396,24.062747,3
7754,66000,387130000C,(04)23274275,(04)23288582,2025,08,21,8,55,臺中市,大甲區,0,2,0,7,3,6,50,4,1,1,5,4,6,6,1,1,10,5,5,2,17,2,9,1,1,C03,7,9,1,10,2,12,,21,21,1,6,4,120.651326,24.38114,2
7755,66000,387130000C,(04)23274275,(04)23288582,2025,08,21,8,58,臺中市,西屯區,0,0,0,7,,,50,,,,,,,,,,,,,,13,,,,,B03,,,1,,1,,,59,59,1,12,4,120.63472,24.172336,3
7756,66000,387130000C,(04)23274275,(04)23288582,2025,08,21,8,59,臺中市,東區,0,3,0,7,2,6,50,4,1,1,5,4,6,6,1,1,9,4,5,2,17,2,9,1,1,C03,7,6,1,10,2,14,,48,48,1,12,4,120.690877,24.14297,2
7757,66000,387130000C,(04)23274275,(04)23288582,2025,08,21,9,0,臺中市,梧棲區,0,0,0,7,,,50,,,,,,,,,,,,,,14,,,,,B03,,,1,,1,,,49,49,1,6,4,120.534807,24.25335,3
7758,66000,387130000C,(04)23274275,(04)23288582,2025,08,21,9,4,臺中市,烏日區,0,0,0,7,,,50,,,,,,,,,,,,,,,,,,,B03,,,1,,2,,,50,50,1,6,4,120.595192,24.108778,3
7759,66000,387130000C,(04)23274275,(04)23288582,2025,08,21,9,5,臺中市,南屯區,0,0,0,7,3,6,50,13,9,1,5,4,6,6,4,4,1,4,5,2,12,,,,,C03,,,1,,1,,,84,84,1,12,4,120.646672,24.154452,3
7760,66000,387130000C,(04)23274275,(04)23288582,2025,08,21,9,7,臺中市,北屯區,0,1,0,7,3,6,40,4,1,1,5,4,6,6,2,1,10,5,5,2,3,3,10,3,1,B03,7,5,1,8,2,1,,10,10,1,6,4,120.690354,24.175458,2
7761,66000,387130000C,(04)23274275,(04)23288582,2025,08,21,9,8,臺中市,大里區,0,0,0,7,,,0,,,,,,,,,,,,,,13,,,,,B03,,,1,,2,,,7,7,1,12,4,120.687586,24.08512,3
7762,66000,387130000C,(04)23274275,(04)23288582,2025,08,21,9,9,臺中市,豐原區,0,1,0,7,2,6,30,13,9,1,5,4,6,6,4,4,10,5,5,2,17,3,10,5,4,B03,7,11,1,7,2,5,,82,82,1,13,4,120.708652,24.253031,2
7763,66000,387130000C,(04)23274275,(04)23288582,2025,08,21,9,10,臺中市,北區,0,0,0,7,,,50,,,,,,,,,,,,,,17,,,,,B03,,,1,,2,,,13,13,1,13,4,120.68911,24.157275,3
7764,66000,387130000C,(04)23274275,(04)23288582,2025,08,21,9,10,臺中市,烏日區,0,0,0,7,,,30,,,,,,,,,,,,,,30,,,,,A11,,,1,,2,,,59,59,1,13,4,120.626686,24.081127,3
7765,66000,387130000C,(04)23274275,(04)23288582,2025,08,21,9,15,臺中市,大甲區,0,0,0,7,,,40,,,,,,,,,,,,,,,,,,,B12,,,1,,1,,,49,49,1,12,4,120.614045,24.352159,3
7766,66000,387130000C,(04)23274275,(04)23288582,2025,08,21,9,20,臺中市,西屯區,0,0,0,7,,,50,,,,,,,,,,,,,,13,,,,,B03,,,1,,2,,,56,56,1,12,4,120.662891,24.172401,3
7767,66000,387130000C,(04)23274275,(04)23288582,2025,08,21,9,20,臺中市,龍井區,0,2,0,7,1,6,50,3,1,1,5,4,6,6,4,4,10,5,5,2,16,2,9,1,1,C03,7,5,1,10,2,13,,8,8,1,6,4,120.573047,24.191958,2
7768,66000,387130000C,(04)23274275,(04)23288582,2025,08,21,9,21,臺中市,西屯區,0,0,0,7,,,50,,,,,,,,,,,,,,11,,,,,B03,,,1,,1,,,8,8,1,13,4,120.625584,24.184695,3
7769,66000,387130000C,(04)23274275,(04)23288582,2025,08,21,9,26,臺中市,南區,0,2,0,7,2,6,0,13,9,1,5,4,6,6,4,4,9,5,5,2,17,3,10,3,1,B03,7,1,1,8,1,8,,51,51,1,13,4,120.660006,24.122136,2
7770,66000,387130000C,(04)23274275,(04)23288582,2025,08,21,9,26,臺中市,大里區,0,0,0,7,3,6,50,13,9,1,5,4,6,6,4,4,5,5,5,1,12,,,,,B12,,,1,,2,,,50,50,1,12,4,120.678735,24.108808,3
7771,66000,387130000C,(04)23274275,(04)23288582,2025,08,21,9,35,臺中市,西區,0,0,0,7,,,50,,,,,,,,,,,,,,12,,,,,B01,,,1,,1,,,39,39,1,12,4,120.664056,24.154894,3
7772,66000,387130000C,(04)23274275,(04)23288582,2025,08,21,9,36,臺中市,神岡區,0,1,0,7,1,6,30,3,1,1,5,4,6,6,4,4,10,5,5,2,18,2,9,1,4,C03,7,5,1,10,2,12,,84,84,1,12,4,120.641358,24.243924,2
7773,66000,387130000C,(04)23274275,(04)23288582,2025,08,21,9,38,臺中市,烏日區,0,0,0,7,2,6,40,4,1,1,5,4,6,6,4,4,10,5,5,2,15,3,10,1,1,C03,7,9,1,10,2,14,,15,15,1,6,4,120.629889,24.102666,3
7774,66000,387130000C,(04)23274275,(04)23288582,2025,08,21,9,39,臺中市,梧棲區,0,0,0,7,,,70,,,,,,,,,,,,,,13,,,,,B12,,,1,,1,,,84,84,1,6,4,120.542458,24.21928,3
7775,66000,387130000C,(04)23274275,(04)23288582,2025,08,21,9,44,臺中市,北屯區,0,2,0,7,3,6,50,4,1,1,5,4,6,6,4,4,10,5,5,2,16,2,9,3,1,B03,7,6,1,8,2,2,,11,11,1,6,4,120.668248,24.197949,2
7776,66000,387130000C,(04)23274275,(04)23288582,2025,08,21,9,44,臺中市,石岡區,0,0,0,7,,,50,,,,,,,,,,,,,,,,,,,C03,,,1,,1,,,51,51,1,12,4,120.790972,24.27128,3
7777,66000,387130000C,(04)23274275,(04)23288582,2025,08,21,9,47,臺中市,龍井區,0,0,0,7,,,30,,,,,,,,,,,,,,16,,,,,B11,,,1,,1,,,12,12,1,6,4,120.527625,24.208573,3
7778,66000,387130000C,(04)23274275,(04)23288582,2025,08,21,9,54,臺中市,西屯區,0,1,0,7,2,6,50,4,1,1,5,4,6,6,1,1,9,5,4,2,16,3,10,3,1,B03,7,6,1,8,2,2,,48,48,1,12,4,120.66137,24.163929,2
7779,66000,387130000C,(04)23274275,(04)23288582,2025,08,21,9,58,臺中市,太平區,0,1,0,7,2,6,40,4,8,1,5,4,6,6,3,1,5,5,4,1,16,2,8,2,1,C03,7,5,3,19,1,14,,84,84,1,12,4,120.727561,24.150122,2
7780,66000,387130000C,(04)23274275,(04)23288582,2025,08,21,10,1,臺中市,西屯區,0,1,0,7,2,6,50,13,9,1,5,4,6,6,4,4,5,5,5,2,11,3,10,5,4,B12,7,6,1,8,2,1,,20,20,1,13,4,120.59329,24.183581,2
7781,66000,387130000C,(04)23274275,(04)23288582,2025,08,21,10,4,臺中市,北屯區,0,1,0,7,2,6,50,4,1,1,5,4,6,6,4,4,10,5,5,2,15,2,9,2,1,C03,7,9,1,10,2,11,,13,13,1,12,4,120.683801,24.193544,2
7782,66000,387130000C,(04)23274275,(04)23288582,2025,08,21,10,13,臺中市,大里區,0,0,0,7,,,50,,,,,,,,,,,,,,17,,,,,C03,,,1,,2,,,84,84,1,12,4,120.688697,24.111323,3
7783,66000,387130000C,(04)23274275,(04)23288582,2025,08,21,10,15,臺中市,西屯區,0,1,0,7,2,6,40,13,8,1,5,4,6,6,4,4,1,4,5,2,13,3,10,2,1,C03,7,9,1,10,2,11,,84,84,1,12,4,120.617888,24.181638,2
7784,66000,387130000C,(04)23274275,(04)23288582,2025,08,21,10,17,臺中市,西屯區,0,0,0,7,,,50,,,,,,,,,,,,,,13,,,,,B03,,,1,,1,,,58,58,1,13,4,120.617469,24.182191,3
7785,66000,387130000C,(04)23274275,(04)23288582,2025,08,21,10,20,臺中市,沙鹿區,0,2,0,6,2,6,50,4,1,1,5,4,6,6,4,4,5,5,5,2,15,2,9,1,1,C03,7,9,1,10,2,11,,12,12,1,12,4,120.562987,24.244056,2
7786,66000,387130000C,(04)23274275,(04)23288582,2025,08,21,10,24,臺中市,太平區,0,0,0,7,2,6,50,13,9,1,5,4,6,6,4,4,5,4,5,1,13,3,10,3,1,B03,7,15,1,8,2,1,,56,56,1,6,4,120.731744,24.134695,3
7787,66000,387130000C,(04)23274275,(04)23288582,2025,08,21,10,24,臺中市,豐原區,0,5,0,7,2,6,50,13,7,1,5,4,6,6,1,1,1,4,4,1,13,3,10,3,1,B12,7,9,1,8,2,1,,7,7,1,13,4,120.739278,24.262496,2
7788,66000,387130000C,(04)23274275,(04)23288582,2025,08,21,10,25,臺中市,西屯區,0,0,0,7,,,50,,,,,,,,,,,,,,14,,,,,B03,,,1,,1,,,59,59,1,12,4,120.656966,24.193777,3
7789,66000,387130000C,(04)23274275,(04)23288582,2025,08,21,10,26,臺中市,西區,0,2,0,7,2,6,50,13,8,1,5,4,6,6,1,1,5,4,4,2,12,2,9,5,4,C03,7,7,1,10,2,12,,40,40,1,12,4,120.668339,24.139714,2
7790,66000,387130000C,(04)23274275,(04)23288582,2025,08,21,10,28,臺中市,中區,0,0,0,7,,,50,,,,,,,,,,,,,,13,,,,,A02,,,1,,1,,,7,7,1,6,4,120.676568,24.145044,3
7791,66000,387130000C,(04)23274275,(04)23288582,2025,08,21,10,29,臺中市,西區,0,0,0,7,,,30,,,,,,,,,,,,,,17,,,,,B03,,,1,,1,,,84,84,1,12,4,120.662314,24.151801,3
7792,66000,387130000C,(04)23274275,(04)23288582,2025,08,21,10,30,臺中市,北屯區,0,0,0,7,,,50,,,,,,,,,,,,,,,,,,,C03,,,1,,1,,,20,20,1,12,4,120.728565,24.171445,3
7793,66000,387130000C,(04)23274275,(04)23288582,2025,08,21,10,36,臺中市,大雅區,0,0,0,7,,,50,,,,,,,,,,,,,,13,,,,,B03,,,1,,1,,,7,7,1,13,4,120.668521,24.214939,3
7794,66000,387130000C,(04)23274275,(04)23288582,2025,08,21,10,38,臺中市,東區,0,2,0,7,2,6,50,4,1,1,5,4,6,6,4,4,10,5,5,2,16,2,8,1,1,C03,7,5,1,10,2,14,,14,14,1,12,4,120.695511,24.142752,2
7795,66000,387130000C,(04)23274275,(04)23288582,2025,08,21,10,40,臺中市,北區,0,1,0,7,2,6,50,4,2,1,5,4,6,6,2,1,10,5,5,2,18,2,9,1,1,C03,7,9,1,10,2,15,,84,84,1,13,4,120.678562,24.148453,2
7796,66000,387130000C,(04)23274275,(04)23288582,2025,08,21,10,43,臺中市,西區,0,1,0,7,2,6,50,4,1,1,5,4,6,6,1,1,10,5,5,2,12,3,10,5,4,B03,7,5,1,8,2,5,,84,84,1,12,4,120.675422,24.133556,2
7797,66000,387130000C,(04)23274275,(04)23288582,2025,08,21,10,50,臺中市,東區,0,1,0,7,1,6,50,3,1,1,5,4,6,6,4,4,9,4,5,2,17,3,10,1,1,C03,7,11,1,10,2,11,,46,46,1,12,4,120.697266,24.131,2
7798,66000,387130000C,(04)23274275,(04)23288582,2025,08,21,10,52,臺中市,神岡區,0,1,0,7,1,6,50,4,1,1,5,4,6,6,3,1,5,5,5,1,16,3,10,1,4,C03,7,6,1,10,2,12,,11,11,1,12,4,120.656968,24.256418,2
7799,66000,387130000C,(04)23274275,(04)23288582,2025,08,21,10,57,臺中市,南屯區,0,1,0,7,2,6,50,13,9,1,5,4,6,6,4,4,5,5,5,2,16,3,10,3,1,B03,7,11,1,8,2,5,,45,45,1,13,4,120.641411,24.131781,2
7800,66000,387130000C,(04)23274275,(04)23288582,2025,08,21,11,1,臺中市,太平區,0,3,0,7,2,6,30,4,1,1,5,4,6,6,4,4,10,5,5,2,15,2,9,2,1,C03,7,9,1,10,2,12,,15,15,1,12,4,120.720069,24.12926,2
7801,66000,387130000C,(04)23274275,(04)23288582,2025,08,21,11,5,臺中市,北屯區,0,0,0,7,,,50,,,,,,,,,,,,,,13,,,,,C03,,,1,,1,,,84,84,1,6,4,120.69515,24.166788,3
7802,66000,387130000C,(04)23274275,(04)23288582,2025,08,21,11,6,臺中市,南區,0,0,0,7,,,50,,,,,,,,,,,,,,13,,,,,B03,,,1,,2,,,84,84,1,12,4,120.671811,24.119156,3
7803,66000,387130000C,(04)23274275,(04)23288582,2025,08,21,11,9,臺中市,烏日區,0,1,0,7,3,6,30,3,1,1,5,4,6,6,4,4,10,5,5,2,11,2,9,5,4,C03,7,6,1,10,2,14,,59,59,1,13,4,120.62363,24.10386,2
7804,66000,387130000C,(04)23274275,(04)23288582,2025,08,21,11,11,臺中市,后里區,0,1,0,7,2,6,50,13,7,1,5,4,6,6,4,4,5,4,5,1,16,3,10,3,1,B03,7,1,3,19,2,4,,51,51,1,6,4,120.728384,24.326763,2
7805,66000,387130000C,(04)23274275,(04)23288582,2025,08,21,11,18,臺中市,大里區,0,0,0,7,3,6,50,13,14,1,5,4,6,6,1,1,5,5,5,1,12,,,,,C03,,,1,,2,,,84,84,1,12,4,120.711946,24.110469,3
7806,66000,387130000C,(04)23274275,(04)23288582,2025,08,21,11,22,臺中市,西區,0,0,0,7,,,,,,,,,,,,,,,,,12,,,,,,,,,,,,,86,86,1,,,120.673451,24.150353,3
7807,66000,387130000C,(04)23274275,(04)23288582,2025,08,21,11,22,臺中市,后里區,0,1,0,7,2,6,50,3,1,1,5,4,6,6,4,4,5,4,5,1,17,3,10,1,1,C03,7,6,1,10,2,14,12,14,14,1,6,4,120.734205,24.312589,2
7808,66000,387130000C,(04)23274275,(04)23288582,2025,08,21,11,23,臺中市,南區,0,0,0,7,,,50,,,,,,,,,,,,,,14,,,,,B03,,,1,,1,,,49,49,1,13,4,120.672579,24.119138,3
7809,66000,387130000C,(04)23274275,(04)23288582,2025,08,21,11,23,臺中市,南區,0,0,0,7,,,50,,,,,,,,,,,,,,17,,,,,B03,,,1,,2,,,45,45,1,12,4,120.66223,24.1278,3
7810,66000,387130000C,(04)23274275,(04)23288582,2025,08,21,11,23,臺中市,霧峰區,0,1,0,7,2,6,30,3,1,4,5,2,6,6,4,4,10,5,5,2,16,2,9,5,4,C03,7,6,1,10,2,14,,84,84,1,12,4,120.701616,24.064061,2
7811,66000,387130000C,(04)23274275,(04)23288582,2025,08,21,11,25,臺中市,太平區,0,0,0,7,2,6,50,13,9,1,5,4,6,6,4,4,5,5,5,2,17,3,10,3,1,B12,7,4,1,8,1,7,,1,1,1,6,4,120.731649,24.140678,3
7812,66000,387130000C,(04)23274275,(04)23288582,2025,08,21,11,27,臺中市,梧棲區,0,0,0,7,,,50,,,,,,,,,,,,,,30,,,,,B12,,,1,,2,,,84,84,1,12,4,120.534341,24.233504,3
7813,66000,387130000C,(04)23274275,(04)23288582,2025,08,21,11,31,臺中市,東區,0,1,0,7,2,6,50,4,1,1,5,4,6,6,4,4,10,5,5,2,17,3,10,1,1,C04,7,9,1,11,2,16,,12,12,1,12,4,120.707645,24.145088,2
7814,66000,387130000C,(04)23274275,(04)23288582,2025,08,21,11,31,臺中市,后里區,0,1,0,7,2,6,50,3,2,1,5,4,6,6,4,4,9,4,5,1,12,2,9,1,1,C03,7,1,1,8,2,12,,51,51,1,6,4,120.72662,24.308959,2
7815,66000,387130000C,(04)23274275,(04)23288582,2025,08,21,11,33,臺中市,梧棲區,0,0,0,7,,,60,,,,,,,,,,,,,,13,,,,,A11,,,1,,1,,,7,7,1,6,4,120.530649,24.237521,3
7816,66000,387130000C,(04)23274275,(04)23288582,2025,08,21,11,34,臺中市,西屯區,0,0,0,7,,,50,,,,,,,,,,,,,,17,,,,,C03,,,1,,1,,,85,85,1,13,4,120.641444,24.183672,3
7817,66000,387130000C,(04)23274275,(04)23288582,2025,08,21,11,34,臺中市,后里區,0,1,0,7,2,6,0,18,21,1,5,4,6,6,4,4,10,5,5,2,12,2,9,1,1,C03,7,9,3,19,11,11,12,59,59,1,6,4,120.717713,24.310724,2
7818,66000,387130000C,(04)23274275,(04)23288582,2025,08,21,11,34,臺中市,東勢區,0,1,0,7,3,6,50,3,1,1,5,4,6,6,1,1,9,5,5,1,12,2,8,5,4,G02,7,5,7,21,2,15,,39,39,1,12,4,120.827047,24.26004,2
7819,66000,387130000C,(04)23274275,(04)23288582,2025,08,21,11,40,臺中市,南區,0,0,0,7,1,6,50,13,7,1,5,4,6,6,4,4,1,4,4,2,17,3,10,3,1,B01,7,9,1,2,1,1,,84,84,1,12,4,120.653108,24.113076,3
7820,66000,387130000C,(04)23274275,(04)23288582,2025,08,21,11,40,臺中市,北屯區,0,1,0,7,2,6,50,13,9,1,5,4,6,6,4,4,4,1,5,2,13,2,8,6,1,F01,7,9,7,21,1,11,,7,7,1,12,4,120.719374,24.182565,2
7821,66000,387130000C,(04)23274275,(04)23288582,2025,08,21,11,43,臺中市,西屯區,0,1,0,7,2,6,50,3,1,1,5,4,6,6,3,1,8,4,5,1,13,3,10,5,4,A12,7,9,1,7,2,1,,59,59,1,13,4,120.642921,24.187277,2
7822,66000,387130000C,(04)23274275,(04)23288582,2025,08,21,11,43,臺中市,清水區,0,0,0,7,,,40,,,,,,,,,,,,,,,,,,,B12,,,1,,2,,,49,49,1,12,4,120.574574,24.267451,3
7823,66000,387130000C,(04)23274275,(04)23288582,2025,08,21,11,47,臺中市,中區,0,0,0,7,,,50,,,,,,,,,,,,,,,,,,,B12,,,1,,1,,,7,7,1,6,4,120.682192,24.1401,3
7824,66000,387130000C,(04)23274275,(04)23288582,2025,08,21,11,49,臺中市,北區,0,1,0,7,3,6,50,13,9,1,5,4,6,6,4,4,5,5,5,2,17,3,10,5,4,C03,7,9,1,10,2,11,,7,7,1,13,4,120.678857,24.160276,2
7825,66000,387130000C,(04)23274275,(04)23288582,2025,08,21,11,50,臺中市,西區,0,1,0,7,3,6,50,4,1,1,5,4,6,6,4,4,10,5,5,2,17,2,8,1,1,C03,7,5,1,10,1,12,,84,84,1,12,4,120.677822,24.145239,2
7826,66000,387130000C,(04)23274275,(04)23288582,2025,08,21,11,53,臺中市,北區,0,1,0,7,2,6,50,4,1,1,5,4,6,6,4,4,10,5,5,2,3,3,10,5,4,B03,7,9,1,8,2,5,,10,10,1,13,4,120.692918,24.161071,2
7827,66000,387130000C,(04)23274275,(04)23288582,2025,08,21,11,55,臺中市,北屯區,0,0,0,7,,,50,,,,,,,,,,,,,,12,,,,,B03,,,1,8,1,,,8,8,1,5,4,120.713727,24.173495,3
7828,66000,387130000C,(04)23274275,(04)23288582,2025,08,21,12,0,臺中市,南屯區,0,1,0,7,2,6,50,13,9,1,5,4,6,6,4,4,9,5,5,2,17,3,10,3,1,B03,7,1,1,8,2,8,,51,51,1,12,4,120.638531,24.134662,2
7829,66000,387130000C,(04)23274275,(04)23288582,2025,08,21,12,2,臺中市,西屯區,0,3,0,7,2,6,40,13,9,1,5,4,6,6,2,1,3,5,5,2,13,2,9,2,4,C03,7,9,1,10,2,11,,7,7,1,13,4,120.644045,24.165945,2
7830,66000,387130000C,(04)23274275,(04)23288582,2025,08,21,12,4,臺中市,烏日區,0,3,0,7,3,6,40,13,8,1,5,4,6,6,4,4,1,4,4,1,12,2,9,1,1,C03,7,9,1,10,2,11,14,84,84,1,5,4,120.609492,24.107952,2
7831,66000,387130000C,(04)23274275,(04)23288582,2025,08,21,12,5,臺中市,南屯區,0,1,0,7,3,6,50,13,9,1,5,4,6,6,4,4,9,5,5,2,12,3,10,3,1,B03,7,13,1,8,2,4,,76,76,1,12,4,120.648305,24.132052,2
7832,66000,387130000C,(04)23274275,(04)23288582,2025,08,21,12,5,臺中市,北屯區,0,0,0,7,,,50,,,,,,,,,,,,,,13,,,,,B03,,,1,,1,,,7,7,1,6,4,120.685577,24.174551,3
7833,66000,387130000C,(04)23274275,(04)23288582,2025,08,21,12,5,臺中市,西屯區,0,2,0,7,2,6,30,13,9,1,5,4,6,6,4,4,10,5,5,2,17,2,9,2,1,C03,7,5,1,10,2,12,,47,47,1,12,4,120.614032,24.178207,2
7834,66000,387130000C,(04)23274275,(04)23288582,2025,08,21,12,10,臺中市,太平區,0,0,0,7,2,6,50,13,9,1,5,4,6,6,4,4,5,5,5,1,17,3,10,3,1,B03,7,15,1,8,2,5,,4,4,1,6,4,120.716449,24.132955,3
7835,66000,387130000C,(04)23274275,(04)23288582,2025,08,21,12,12,臺中市,中區,0,2,0,7,2,6,50,3,1,1,5,4,6,6,4,4,10,5,5,2,12,2,9,5,4,C03,7,6,1,10,2,15,,42,42,1,12,4,120.682451,24.14238,2