﻿序號,縣市別代碼,機關代碼,市話,傳真,年,月,日,時,分,縣市,區,死亡數量,受傷數量,2-30,天候,道路照明設備,道路類別,道路速限,道路型態,事故位置,路面鋪裝,路面狀態,路面缺陷,障礙物,視距,號誌種類,號誌動作,分向設施,快車道或一般車道間,快慢車道間,路面邊線,事故類型及型態,受傷程度,主要傷處,保護裝備,行動電話或功能裝置,當事者區分_類別,車輛用途,當事者行動狀態,駕照狀態,駕照種類,飲酒情形,車輛撞擊部位最初,車輛撞擊部位其他,肇事因素個別,肇事因素主要,肇事逃逸,職業,共享經濟或外送平台,GPS座標X,GPS座標Y,事故類別
7836,66000,387130000C,(04)23274275,(04)23288582,2025,08,21,12,13,臺中市,太平區,0,2,0,7,2,6,50,4,1,1,5,4,6,6,1,1,10,5,5,2,12,2,9,1,1,C03,7,15,3,19,2,14,,8,8,1,12,4,120.716096,24.124662,2
7837,66000,387130000C,(04)23274275,(04)23288582,2025,08,21,12,17,臺中市,西區,0,0,0,7,,,50,,,,,,,,,,,,,,,,,,,B03,,,1,,2,,,7,7,1,6,4,120.657271,24.152351,3
7838,66000,387130000C,(04)23274275,(04)23288582,2025,08,21,12,17,臺中市,太平區,0,0,0,7,,,50,,,,,,,,,,,,,,17,,,,,C03,,,3,,2,,,84,84,1,12,4,120.719189,24.121673,3
7839,66000,387130000C,(04)23274275,(04)23288582,2025,08,21,12,18,臺中市,南區,0,1,0,7,3,6,50,13,9,1,5,4,6,6,4,4,3,4,5,2,12,2,9,2,1,C03,7,9,1,10,2,11,,84,84,1,12,4,120.665531,24.119053,2
7840,66000,387130000C,(04)23274275,(04)23288582,2025,08,21,12,19,臺中市,清水區,0,0,0,7,,,50,,,,,,,,,,,,,,11,,,,,B03,,,1,,2,,,34,34,1,13,4,120.574827,24.26967,3
7841,66000,387130000C,(04)23274275,(04)23288582,2025,08,21,12,22,臺中市,北區,0,1,0,7,2,6,50,3,9,1,5,4,6,6,4,4,1,4,5,1,17,3,10,5,4,B03,7,13,1,8,2,4,,76,76,1,13,4,120.681625,24.163302,2
7842,66000,387130000C,(04)23274275,(04)23288582,2025,08,21,12,25,臺中市,北屯區,0,1,0,7,2,6,50,3,1,1,5,4,6,6,4,4,10,5,5,2,13,3,10,3,1,B03,7,9,1,8,2,5,,59,59,1,12,4,120.700056,24.168488,2
7843,66000,387130000C,(04)23274275,(04)23288582,2025,08,21,12,25,臺中市,北屯區,0,1,0,7,2,6,50,4,1,1,5,4,6,6,4,4,10,5,5,2,16,3,10,3,1,B03,7,6,1,8,2,2,,14,14,1,12,4,120.684592,24.170902,2
7844,66000,387130000C,(04)23274275,(04)23288582,2025,08,21,12,34,臺中市,西屯區,0,4,0,7,2,6,50,3,1,1,5,4,6,6,2,1,10,5,5,2,16,2,1,3,1,B03,7,6,1,8,2,5,,25,25,1,13,4,120.627073,24.159661,2
7845,66000,387130000C,(04)23274275,(04)23288582,2025,08,21,12,35,臺中市,后里區,0,0,0,7,,,50,,,,,,,,,,,,,,12,,,,,B03,,,1,,2,,,59,59,1,12,4,120.69721,24.313118,3
7846,66000,387130000C,(04)23274275,(04)23288582,2025,08,21,12,36,臺中市,北區,0,0,0,7,,,50,,,,,,,,,,,,,,,,,,,B11,,,1,,9,,,51,51,1,12,4,120.697325,24.160184,3
7847,66000,387130000C,(04)23274275,(04)23288582,2025,08,21,12,38,臺中市,北區,0,1,0,7,2,6,50,3,9,1,5,4,6,6,1,1,5,4,5,2,13,2,9,5,4,C03,7,9,1,10,2,11,,7,7,1,13,4,120.670405,24.158535,2
7848,66000,387130000C,(04)23274275,(04)23288582,2025,08,21,12,38,臺中市,烏日區,0,0,0,7,,,50,,,,,,,,,,,,,,17,,,,,B03,,,1,,1,,,47,47,1,13,4,120.618665,24.10269,3
7849,66000,387130000C,(04)23274275,(04)23288582,2025,08,21,12,38,臺中市,沙鹿區,0,0,0,7,,,1,,,,,,,,,,,,,,17,,,,,C03,,,1,,2,,,8,8,1,6,4,120.575975,24.226688,3
7850,66000,387130000C,(04)23274275,(04)23288582,2025,08,21,12,40,臺中市,北屯區,0,0,0,7,,,30,,,,,,,,,,,,,,14,,,,,B12,,,1,,1,,,49,49,1,6,4,120.700568,24.179445,3
7851,66000,387130000C,(04)23274275,(04)23288582,2025,08,21,12,42,臺中市,北區,0,0,0,7,3,6,50,18,24,1,5,4,6,6,4,4,10,5,5,2,17,,,,,C03,,,1,,2,,,84,84,1,13,4,120.685602,24.153979,3
7852,66000,387130000C,(04)23274275,(04)23288582,2025,08,21,12,42,臺中市,霧峰區,0,0,0,7,,,30,,,,,,,,,,,,,,14,,,,,B12,,,1,,1,,,49,49,1,12,4,120.717077,24.07567,3
7853,66000,387130000C,(04)23274275,(04)23288582,2025,08,21,12,44,臺中市,北屯區,0,0,0,7,,,50,,,,,,,,,,,,,,13,,,,,C03,,,1,,1,,,7,7,2,5,4,120.717458,24.1755,3
7854,66000,387130000C,(04)23274275,(04)23288582,2025,08,21,12,45,臺中市,龍井區,0,0,0,7,,,30,,,,,,,,,,,,,,17,,,,,A11,,,1,,2,,,8,8,1,6,4,120.593027,24.181432,3
7855,66000,387130000C,(04)23274275,(04)23288582,2025,08,21,12,50,臺中市,清水區,0,2,0,7,3,6,30,4,1,1,5,4,6,6,4,4,10,5,5,2,15,2,9,1,1,C03,7,9,1,10,2,12,,15,15,1,12,4,120.541023,24.28171,2
7856,66000,387130000C,(04)23274275,(04)23288582,2025,08,21,12,50,臺中市,豐原區,0,1,0,7,2,6,50,3,1,1,5,4,6,6,4,4,5,5,4,2,18,2,9,1,1,C03,7,5,1,10,9,12,,84,84,1,12,4,120.725337,24.246963,2
7857,66000,387130000C,(04)23274275,(04)23288582,2025,08,21,12,52,臺中市,大里區,0,2,0,7,2,6,50,13,9,1,5,4,6,6,4,4,5,4,5,1,17,2,9,1,1,C03,7,5,1,10,2,12,,84,84,1,12,4,120.689827,24.109179,2
7858,66000,387130000C,(04)23274275,(04)23288582,2025,08,21,12,52,臺中市,清水區,0,1,0,7,2,6,50,13,8,1,5,4,6,6,4,4,8,3,4,1,12,2,7,3,1,B03,7,13,1,8,1,1,,78,78,1,12,4,120.587173,24.289727,2
7859,66000,387130000C,(04)23274275,(04)23288582,2025,08,21,12,54,臺中市,北屯區,0,0,0,7,,,0,,,,,,,,,,,,,,17,,,,,C03,,,3,19,1,,,78,78,1,6,4,120.687379,24.188394,3
7860,66000,387130000C,(04)23274275,(04)23288582,2025,08,21,12,55,臺中市,大甲區,0,1,0,7,2,6,50,4,1,1,5,4,6,6,4,4,10,5,5,2,18,2,9,2,1,C03,7,9,1,10,2,12,,59,59,1,6,4,120.652346,24.400433,2
7861,66000,387130000C,(04)23274275,(04)23288582,2025,08,21,13,0,臺中市,北屯區,0,0,0,7,,,50,,,,,,,,,,,,,,13,,,,,B03,,,1,,1,,,59,59,1,6,4,120.685498,24.172177,3
7862,66000,387130000C,(04)23274275,(04)23288582,2025,08,21,13,0,臺中市,沙鹿區,0,0,0,7,,,50,,,,,,,,,,,,,,14,,,,,B03,,,1,,1,,,49,49,1,6,4,120.560238,24.238425,3
7863,66000,387130000C,(04)23274275,(04)23288582,2025,08,21,13,0,臺中市,神岡區,0,2,0,7,3,6,30,4,1,1,5,4,6,6,4,4,10,5,5,2,15,2,9,1,1,C03,7,9,1,10,2,11,,15,15,1,13,4,120.690457,24.266744,2
7864,66000,387130000C,(04)23274275,(04)23288582,2025,08,21,13,6,臺中市,西屯區,0,0,0,7,,,50,,,,,,,,,,,,,,13,,,,,C03,,,1,,2,,,7,7,1,12,4,120.653284,24.16714,3
7865,66000,387130000C,(04)23274275,(04)23288582,2025,08,21,13,7,臺中市,后里區,0,0,0,7,2,6,40,13,9,1,5,4,6,6,4,4,10,5,5,2,12,,,,,B03,,,1,,11,,,8,8,1,6,4,120.715894,24.308187,3
7866,66000,387130000C,(04)23274275,(04)23288582,2025,08,21,13,12,臺中市,西屯區,0,0,0,7,,,50,,,,,,,,,,,,,,14,,,,,C03,,,1,,1,,,49,49,1,13,4,120.645193,24.162547,3
7867,66000,387130000C,(04)23274275,(04)23288582,2025,08,21,13,13,臺中市,南區,0,0,0,7,,,50,,,,,,,,,,,,,,17,,,,,B03,,,1,,1,,,50,50,1,12,4,120.656138,24.113977,3
7868,66000,387130000C,(04)23274275,(04)23288582,2025,08,21,13,13,臺中市,西屯區,0,1,0,7,2,6,50,4,1,1,5,4,6,6,1,1,9,4,4,2,16,3,10,2,1,C03,7,6,1,10,2,12,,48,48,1,12,4,120.637238,24.166041,2
7869,66000,387130000C,(04)23274275,(04)23288582,2025,08,21,13,20,臺中市,清水區,0,0,0,7,2,6,50,4,1,1,5,4,6,6,1,1,8,3,4,2,12,,,,,B03,,,1,,1,,,45,45,1,12,4,120.573527,24.264083,3
7870,66000,387130000C,(04)23274275,(04)23288582,2025,08,21,13,23,臺中市,南區,0,2,0,7,2,6,0,13,21,4,5,4,6,6,4,4,10,5,5,2,9,2,9,2,1,C03,7,15,1,10,2,11,,84,84,1,13,4,120.658101,24.112211,2
7871,66000,387130000C,(04)23274275,(04)23288582,2025,08,21,13,24,臺中市,西屯區,0,0,0,7,,,30,,,,,,,,,,,,,,17,,,,,B03,,,1,,2,,,8,8,1,12,4,120.611787,24.187315,3
7872,66000,387130000C,(04)23274275,(04)23288582,2025,08,21,13,25,臺中市,南區,0,1,0,7,2,6,50,4,1,1,5,4,6,6,2,1,10,5,5,2,18,2,9,1,1,C03,7,9,1,10,2,12,,7,7,1,12,4,120.67333,24.130432,2
7873,66000,387130000C,(04)23274275,(04)23288582,2025,08,21,13,34,臺中市,北屯區,0,1,0,7,2,6,50,3,1,1,5,4,6,6,4,4,10,5,5,2,12,3,10,2,1,C03,7,1,1,10,2,14,,51,51,1,12,4,120.707572,24.169692,2
7874,66000,387130000C,(04)23274275,(04)23288582,2025,08,21,13,34,臺中市,北屯區,0,0,0,7,,,50,,,,,,,,,,,,,,17,,,,,C03,,,1,,1,,,85,85,1,12,4,120.669603,24.176606,3
7875,66000,387130000C,(04)23274275,(04)23288582,2025,08,21,13,34,臺中市,大里區,0,0,0,7,,,60,,,,,,,,,,,,,,,,,,,B03,,,3,,2,,,7,7,1,6,4,120.688372,24.080891,3
7876,66000,387130000C,(04)23274275,(04)23288582,2025,08,21,13,36,臺中市,西區,0,1,0,7,2,6,40,13,12,1,5,4,6,6,4,4,9,4,4,2,17,2,9,1,1,C03,7,1,1,10,2,13,,51,51,1,12,4,120.665885,24.13241,2
7877,66000,387130000C,(04)23274275,(04)23288582,2025,08,21,13,38,臺中市,西區,0,1,0,7,3,6,50,4,2,1,5,4,6,6,1,1,1,2,5,2,13,3,10,3,1,B03,7,9,1,8,2,5,,84,84,1,6,4,120.666391,24.140328,2
7878,66000,387130000C,(04)23274275,(04)23288582,2025,08,21,13,39,臺中市,北區,0,1,0,7,2,6,50,3,1,1,5,4,6,6,4,4,10,5,5,2,2,3,10,5,4,B03,7,9,1,8,2,2,,8,8,1,13,4,120.684459,24.148299,2
7879,66000,387130000C,(04)23274275,(04)23288582,2025,08,21,13,41,臺中市,北屯區,0,1,0,7,3,6,60,3,2,1,5,4,6,6,2,1,10,5,5,2,13,2,9,2,1,C03,7,9,1,10,2,11,,7,7,1,6,4,120.711955,24.164564,2
7880,66000,387130000C,(04)23274275,(04)23288582,2025,08,21,13,46,臺中市,南屯區,0,1,0,7,2,6,50,13,8,1,5,4,6,6,4,4,8,3,4,1,17,3,10,3,1,B03,7,7,1,8,2,2,,40,40,1,12,4,120.626332,24.144877,2
7881,66000,387130000C,(04)23274275,(04)23288582,2025,08,21,13,48,臺中市,梧棲區,0,0,0,7,,,30,,,,,,,,,,,,,,17,,,,,A11,,,1,,1,,,82,82,1,12,4,120.53684,24.245098,3
7882,66000,387130000C,(04)23274275,(04)23288582,2025,08,21,13,50,臺中市,西區,0,2,0,7,3,6,50,4,1,1,5,4,6,6,4,4,10,5,5,2,15,2,9,2,1,C03,7,9,1,10,2,12,,12,12,1,12,4,120.656817,24.154677,2
7883,66000,387130000C,(04)23274275,(04)23288582,2025,08,21,13,50,臺中市,沙鹿區,0,0,0,7,,,60,,,,,,,,,,,,,,13,,,,,B02,,,1,,2,,,82,82,1,12,4,120.57826,24.22336,3
7884,66000,387130000C,(04)23274275,(04)23288582,2025,08,21,13,52,臺中市,南屯區,0,1,0,7,2,6,30,3,2,1,5,4,6,6,4,4,10,5,5,2,16,3,10,3,1,B03,7,6,1,8,2,1,,14,14,1,12,4,120.621209,24.144699,2
7885,66000,387130000C,(04)23274275,(04)23288582,2025,08,21,13,55,臺中市,沙鹿區,0,1,0,7,2,6,40,13,8,1,5,4,6,6,4,4,1,4,4,2,13,2,9,1,1,C03,7,9,1,10,2,12,,7,7,1,6,4,120.571059,24.214351,2
7886,66000,387130000C,(04)23274275,(04)23288582,2025,08,21,13,59,臺中市,東區,0,0,0,7,1,6,50,13,7,1,5,4,6,6,4,4,5,4,5,2,13,3,10,1,1,C03,7,9,1,10,1,11,,84,84,1,12,4,120.695861,24.132273,3
7887,66000,387130000C,(04)23274275,(04)23288582,2025,08,21,14,0,臺中市,北屯區,0,0,0,7,,3,40,,,,,,,,,,,,,,13,,,,,B12,,,1,,2,,,83,83,1,6,4,120.690835,24.201143,3
7888,66000,387130000C,(04)23274275,(04)23288582,2025,08,21,14,5,臺中市,南區,0,0,0,7,,,50,,,,,,,,,,,,,,12,,,,,B02,,,1,,1,,,84,84,1,12,4,120.657302,24.129922,3
7889,66000,387130000C,(04)23274275,(04)23288582,2025,08,21,14,8,臺中市,烏日區,0,1,0,6,2,6,70,4,1,1,5,4,6,6,1,1,1,4,4,1,16,3,10,3,1,B03,7,5,1,8,2,5,,11,11,1,6,4,120.590038,24.113663,2
7890,66000,387130000C,(04)23274275,(04)23288582,2025,08,21,14,12,臺中市,大里區,0,1,0,7,2,6,50,4,1,1,5,4,6,6,1,1,10,5,5,2,17,3,10,1,1,F03,7,6,7,21,2,13,,84,84,1,12,4,120.68047,24.109063,2
7891,66000,387130000C,(04)23274275,(04)23288582,2025,08,21,14,13,臺中市,東區,0,1,0,7,2,6,50,4,1,1,5,4,6,6,1,1,9,5,5,2,17,3,10,2,1,C01,7,5,1,9,2,12,,47,47,1,12,4,120.702615,24.140474,2
7892,66000,387130000C,(04)23274275,(04)23288582,2025,08,21,14,13,臺中市,太平區,0,0,0,7,2,6,50,4,2,1,5,4,6,6,4,4,5,5,5,1,25,3,10,3,1,B12,7,5,1,8,2,9,,59,59,1,6,4,120.716981,24.130981,3
7893,66000,387130000C,(04)23274275,(04)23288582,2025,08,21,14,18,臺中市,西屯區,0,0,0,7,,,30,,,,,,,,,,,,,,30,,,,,B02,,,1,,2,,,8,8,1,13,4,120.618791,24.195428,3
7894,66000,387130000C,(04)23274275,(04)23288582,2025,08,21,14,19,臺中市,北區,0,2,0,7,2,6,50,4,1,1,5,4,6,6,2,1,10,5,5,2,16,2,9,1,1,C03,7,9,1,10,2,14,,59,59,1,12,4,120.673337,24.166906,2
7895,66000,387130000C,(04)23274275,(04)23288582,2025,08,21,14,22,臺中市,南屯區,0,1,0,7,3,6,50,4,1,1,5,4,6,6,2,1,10,5,5,2,13,3,10,5,4,B03,7,9,1,8,2,1,,59,59,1,6,4,120.642638,24.146872,2
7896,66000,387130000C,(04)23274275,(04)23288582,2025,08,21,14,24,臺中市,太平區,0,1,0,7,2,6,30,4,1,1,5,4,6,6,4,4,10,5,5,2,15,3,10,3,1,B03,7,9,1,8,2,1,,12,12,1,12,4,120.723795,24.134575,2
7897,66000,387130000C,(04)23274275,(04)23288582,2025,08,21,14,25,臺中市,太平區,0,0,0,7,2,6,,13,14,1,5,4,6,6,4,4,5,5,5,2,17,,,,,,,,,,,,,119,119,1,,,120.725165,24.132897,3
7898,66000,387130000C,(04)23274275,(04)23288582,2025,08,21,14,27,臺中市,西區,0,1,0,7,2,6,50,4,2,1,5,4,6,6,4,4,5,2,4,2,17,3,10,3,1,B03,7,14,1,8,2,6,,77,77,1,12,4,120.661704,24.153989,2
7899,66000,387130000C,(04)23274275,(04)23288582,2025,08,21,14,30,臺中市,大里區,0,0,0,7,,,50,,,,,,,,,,,,,,17,,,,,A11,,,1,,2,,,84,84,1,12,4,120.702234,24.090396,3
7900,66000,387130000C,(04)23274275,(04)23288582,2025,08,21,14,30,臺中市,豐原區,0,1,0,7,2,6,50,13,9,1,5,4,6,6,4,4,1,4,5,2,13,2,9,2,1,C03,7,9,1,10,2,11,,59,59,1,13,4,120.708075,24.250071,2
7901,66000,387130000C,(04)23274275,(04)23288582,2025,08,21,14,34,臺中市,北屯區,0,1,0,7,2,6,50,13,7,1,5,4,6,6,4,4,9,4,4,2,16,3,10,3,1,B03,7,1,1,8,2,1,,51,51,1,12,4,120.723576,24.174882,2
7902,66000,387130000C,(04)23274275,(04)23288582,2025,08,21,14,35,臺中市,西區,0,1,0,7,2,6,50,4,19,1,5,4,6,6,4,4,9,4,5,2,3,3,10,3,1,B03,7,6,1,8,2,1,,10,10,1,12,4,120.658456,24.152541,2
7903,66000,387130000C,(04)23274275,(04)23288582,2025,08,21,14,36,臺中市,梧棲區,0,1,0,7,3,6,70,3,1,1,5,4,6,6,1,1,1,4,1,1,23,2,9,3,1,A31,7,7,1,1,2,8,,59,59,1,6,4,120.529648,24.265383,2
7904,66000,387130000C,(04)23274275,(04)23288582,2025,08,21,14,37,臺中市,西區,0,3,0,7,2,6,50,4,2,1,5,4,6,6,1,1,10,2,4,2,16,2,8,5,4,B03,7,5,1,8,2,2,,11,11,1,13,4,120.669639,24.148068,2
7905,66000,387130000C,(04)23274275,(04)23288582,2025,08,21,14,38,臺中市,潭子區,0,0,0,7,,,50,,,,,,,,,,,,,,,,,,,B03,,,1,,1,,,49,49,1,13,4,120.68597,24.210307,3
7906,66000,387130000C,(04)23274275,(04)23288582,2025,08,21,14,40,臺中市,東區,0,0,0,7,,,,,,,,,,,,,,,,,17,,,,,,,,,,,,,119,119,1,,,120.708798,24.135147,4
7907,66000,387130000C,(04)23274275,(04)23288582,2025,08,21,14,41,臺中市,南屯區,0,1,0,7,2,6,50,4,1,1,5,4,6,6,2,1,5,4,4,2,17,2,9,2,1,C03,7,9,1,10,2,14,,6,6,1,12,4,120.649991,24.13204,2
7908,66000,387130000C,(04)23274275,(04)23288582,2025,08,21,14,42,臺中市,北屯區,0,1,0,7,2,6,50,3,2,1,5,4,6,6,2,1,5,2,5,2,17,3,10,3,1,B12,7,11,1,8,2,4,,45,45,1,12,4,120.708079,24.170325,2
7909,66000,387130000C,(04)23274275,(04)23288582,2025,08,21,14,48,臺中市,豐原區,0,1,0,7,2,6,60,13,8,1,5,4,6,6,1,1,1,4,4,2,16,3,10,5,4,B03,7,5,1,8,2,5,,47,47,1,13,4,120.706877,24.237278,2
7910,66000,387130000C,(04)23274275,(04)23288582,2025,08,21,14,49,臺中市,大甲區,0,0,0,7,,,40,,,,,,,,,,,,,,,,,,,G03,,,1,,1,,,93,93,1,12,4,120.631099,24.346515,4
7911,66000,387130000C,(04)23274275,(04)23288582,2025,08,21,14,58,臺中市,北屯區,0,0,0,7,,,50,,,,,,,,,,,,,,13,,,,,B01,,,1,,1,,,59,59,1,6,4,120.685456,24.181275,3
7912,66000,387130000C,(04)23274275,(04)23288582,2025,08,21,15,2,臺中市,南屯區,0,0,0,7,,,60,,,,,,,,,,,,,,17,,,,,B03,,,1,,11,,,85,85,1,12,4,120.649834,24.144947,3
7913,66000,387130000C,(04)23274275,(04)23288582,2025,08,21,15,2,臺中市,南屯區,0,0,0,7,,,40,,,,,,,,,,,,,,17,,,,,B11,,,1,,1,,,84,84,1,12,4,120.635174,24.138736,3
7914,66000,387130000C,(04)23274275,(04)23288582,2025,08,21,15,3,臺中市,西區,0,1,0,7,3,6,50,4,1,1,5,4,6,6,1,1,10,5,5,2,16,3,10,3,1,B03,7,5,1,8,2,6,,84,84,1,6,4,120.668365,24.129905,2
7915,66000,387130000C,(04)23274275,(04)23288582,2025,08,21,15,5,臺中市,北屯區,0,0,0,7,,,50,,,,,,,,,,,,,,14,,,,,B03,,,1,,2,,,49,49,1,12,4,120.719513,24.180021,3
7916,66000,387130000C,(04)23274275,(04)23288582,2025,08,21,15,5,臺中市,沙鹿區,0,1,0,7,2,6,50,4,1,1,5,4,6,6,4,4,5,4,4,2,16,2,8,1,1,C03,7,6,1,10,2,14,,13,13,1,12,4,120.574608,24.20422,2
7917,66000,387130000C,(04)23274275,(04)23288582,2025,08,21,15,7,臺中市,太平區,0,0,0,7,,,30,,,,,,,,,,,,,,14,,,,,A41,,,1,,1,,,49,49,1,12,4,120.725656,24.120927,3
7918,66000,387130000C,(04)23274275,(04)23288582,2025,08,21,15,10,臺中市,北屯區,0,0,0,7,,,50,,,,,,,,,,,,,,13,,,,,B03,,,1,,1,,,12,12,1,6,4,120.675501,24.190229,3
7919,66000,387130000C,(04)23274275,(04)23288582,2025,08,21,15,12,臺中市,南屯區,0,2,0,7,3,6,50,4,1,1,5,4,6,6,2,1,10,5,5,2,16,2,9,2,4,C03,7,15,3,19,2,13,,40,40,1,6,4,120.649956,24.134835,2
7920,66000,387130000C,(04)23274275,(04)23288582,2025,08,21,15,13,臺中市,太平區,0,0,0,7,,,50,,,,,,,,,,,,,,13,,,,,B03,,,3,,2,,,7,7,1,12,4,120.703452,24.113484,3
7921,66000,387130000C,(04)23274275,(04)23288582,2025,08,21,15,14,臺中市,西屯區,0,0,0,7,,,60,,,,,,,,,,,,,,,,,,,B12,,,1,,1,,,62,62,1,12,4,120.619815,24.181166,3
7922,66000,387130000C,(04)23274275,(04)23288582,2025,08,21,15,15,臺中市,沙鹿區,0,0,0,7,,,50,,,,,,,,,,,,,,17,,,,,B12,,,1,,1,,,8,8,1,6,4,120.614839,24.241916,3
7923,66000,387130000C,(04)23274275,(04)23288582,2025,08,21,15,18,臺中市,梧棲區,0,0,0,7,,,50,,,,,,,,,,,,,,,,,,,A31,,,1,,2,,,84,84,1,6,4,120.530034,24.257123,3
7924,66000,387130000C,(04)23274275,(04)23288582,2025,08,21,15,22,臺中市,西區,0,0,0,7,,,50,,,,,,,,,,,,,,13,,,,,B03,,,1,,2,,,59,59,1,12,4,120.670416,24.15121,3
7925,66000,387130000C,(04)23274275,(04)23288582,2025,08,21,15,22,臺中市,北屯區,0,1,0,7,3,6,50,13,7,1,5,4,6,6,4,4,9,4,4,2,16,3,10,3,1,B03,7,11,1,8,2,4,,45,45,1,12,4,120.708167,24.186525,2
7926,66000,387130000C,(04)23274275,(04)23288582,2025,08,21,15,30,臺中市,大肚區,0,0,0,7,,,30,,,,,,,,,,,,,,17,,,,,B03,,,1,,11,,,56,56,1,6,4,120.572226,24.122326,3
7927,66000,387130000C,(04)23274275,(04)23288582,2025,08,21,15,33,臺中市,西屯區,0,0,0,7,,,50,,,,,,,,,,,,,,14,,,,,B01,,,1,,1,,,49,49,1,12,4,120.635035,24.162183,3
7928,66000,387130000C,(04)23274275,(04)23288582,2025,08,21,15,33,臺中市,龍井區,0,0,0,7,,,30,,,,,,,,,,,,,,14,,,,,B12,,,1,,2,,,49,49,1,6,4,120.546,24.180389,3
7929,66000,387130000C,(04)23274275,(04)23288582,2025,08,21,15,42,臺中市,大里區,0,1,0,7,3,6,50,13,9,1,5,4,6,6,4,4,5,4,5,1,16,2,9,5,4,C03,7,8,1,10,2,13,,40,40,1,13,4,120.689288,24.116303,2
7930,66000,387130000C,(04)23274275,(04)23288582,2025,08,21,15,46,臺中市,西屯區,0,2,0,7,2,6,30,4,1,1,5,4,6,6,4,4,10,5,5,2,15,2,9,1,4,C03,7,9,1,10,1,12,,13,13,1,13,4,120.650244,24.16658,2
7931,66000,387130000C,(04)23274275,(04)23288582,2025,08,21,15,50,臺中市,大雅區,0,0,0,7,,,30,,,,,,,,,,,,,,,,,,,B13,,,1,,1,,,49,49,1,13,4,120.679652,24.231567,3
7932,66000,387130000C,(04)23274275,(04)23288582,2025,08,21,15,50,臺中市,西屯區,0,1,0,7,1,6,50,13,9,1,5,4,6,6,4,4,4,4,5,2,17,2,9,5,4,C03,7,9,1,10,2,11,,84,84,1,13,4,120.637018,24.1715,2
7933,66000,387130000C,(04)23274275,(04)23288582,2025,08,21,15,51,臺中市,北屯區,0,0,0,7,,,40,,,,,,,,,,,,,,11,,,,,C03,,,1,,1,,,84,84,1,13,4,120.719159,24.161889,3
7934,66000,387130000C,(04)23274275,(04)23288582,2025,08,21,15,52,臺中市,后里區,0,1,0,7,2,6,50,13,9,1,5,4,6,6,2,1,5,4,5,1,13,2,9,1,1,C03,7,9,1,10,2,11,14,59,59,1,6,4,120.729502,24.309264,2
7935,66000,387130000C,(04)23274275,(04)23288582,2025,08,21,15,55,臺中市,西區,0,1,0,7,2,6,50,4,1,1,5,4,6,6,1,1,10,5,5,2,16,3,10,3,1,B03,7,6,1,8,2,6,,11,11,1,12,4,120.661803,24.154396,2
7936,66000,387130000C,(04)23274275,(04)23288582,2025,08,21,15,57,臺中市,東區,0,1,0,7,2,6,50,3,1,1,5,4,6,6,4,4,10,5,5,2,16,3,10,3,1,B03,7,5,1,8,2,6,,14,14,1,12,4,120.685475,24.129609,2
7937,66000,387130000C,(04)23274275,(04)23288582,2025,08,21,15,57,臺中市,豐原區,0,0,0,7,,,30,,,,,,,,,,,,,,14,,,,,B03,,,1,,11,,,49,49,1,12,4,120.7291,24.26167,3
7938,66000,387130000C,(04)23274275,(04)23288582,2025,08,21,15,59,臺中市,沙鹿區,0,0,0,7,,,30,,,,,,,,,,,,,,16,,,,,B03,,,1,,1,,,87,87,1,6,4,120.559388,24.241449,3
7939,66000,387130000C,(04)23274275,(04)23288582,2025,08,21,16,0,臺中市,南屯區,0,0,0,7,,,50,,,,,,,,,,,,,,14,,,,,B12,,,1,,1,,,49,49,1,12,4,120.643137,24.1334,3
7940,66000,387130000C,(04)23274275,(04)23288582,2025,08,21,16,0,臺中市,北屯區,0,2,0,7,2,6,50,13,9,1,5,4,6,6,4,4,5,4,5,2,17,2,6,2,1,C03,7,11,1,10,2,12,,45,45,1,12,4,120.718008,24.175515,2
7941,66000,387130000C,(04)23274275,(04)23288582,2025,08,21,16,2,臺中市,南屯區,0,2,0,7,2,6,50,4,2,1,5,4,6,6,1,1,8,3,5,1,17,2,9,1,1,C03,7,11,1,10,1,12,,39,39,1,12,4,120.65279,24.142814,2
7942,66000,387130000C,(04)23274275,(04)23288582,2025,08,21,16,5,臺中市,東區,0,0,0,7,,,50,,,,,,,,,,,,,,,,,,,B12,,,1,,9,,,49,49,2,12,4,120.699366,24.143382,3
7943,66000,387130000C,(04)23274275,(04)23288582,2025,08,21,16,6,臺中市,北區,0,0,0,7,,,50,,,,,,,,,,,,,,13,,,,,B03,,,1,,1,,,59,59,1,12,4,120.671732,24.173298,3
7944,66000,387130000C,(04)23274275,(04)23288582,2025,08,21,16,7,臺中市,東勢區,0,1,0,7,3,6,50,3,1,1,5,4,6,6,1,1,10,5,5,2,15,2,8,5,4,C03,7,15,1,10,2,12,,11,11,1,12,4,120.829656,24.253445,2
7945,66000,387130000C,(04)23274275,(04)23288582,2025,08,21,16,10,臺中市,大雅區,0,0,0,7,,,30,,,,,,,,,,,,,,,,,,,B03,,,1,,2,,,7,7,1,13,4,120.641097,24.219177,3