﻿序號,縣市別代碼,機關代碼,市話,傳真,年,月,日,時,分,縣市,區,死亡數量,受傷數量,2-30,天候,道路照明設備,道路類別,道路速限,道路型態,事故位置,路面鋪裝,路面狀態,路面缺陷,障礙物,視距,號誌種類,號誌動作,分向設施,快車道或一般車道間,快慢車道間,路面邊線,事故類型及型態,受傷程度,主要傷處,保護裝備,行動電話或功能裝置,當事者區分_類別,車輛用途,當事者行動狀態,駕照狀態,駕照種類,飲酒情形,車輛撞擊部位最初,車輛撞擊部位其他,肇事因素個別,肇事因素主要,肇事逃逸,職業,共享經濟或外送平台,GPS座標X,GPS座標Y,事故類別
7946,66000,387130000C,(04)23274275,(04)23288582,2025,08,21,16,10,臺中市,西區,0,0,0,7,,,40,,,,,,,,,,,,,,17,,,,,B03,,,1,,11,,,78,78,1,12,4,120.663166,24.156841,3
7947,66000,387130000C,(04)23274275,(04)23288582,2025,08,21,16,10,臺中市,豐原區,0,1,0,7,2,6,50,3,1,1,5,4,6,6,4,4,5,5,4,2,17,2,9,2,1,C03,7,9,1,10,2,11,,84,84,1,13,4,120.73855,24.255827,2
7948,66000,387130000C,(04)23274275,(04)23288582,2025,08,21,16,12,臺中市,大里區,0,0,0,7,,,50,,,,,,,,,,,,,,,,,,,B03,,,1,,2,,,84,84,1,12,4,120.689714,24.113417,3
7949,66000,387130000C,(04)23274275,(04)23288582,2025,08,21,16,14,臺中市,霧峰區,0,1,0,7,3,6,40,4,1,1,5,4,6,6,1,1,10,5,5,2,15,3,10,5,4,B03,7,9,1,8,2,2,,21,21,1,13,4,120.697411,24.062037,2
7950,66000,387130000C,(04)23274275,(04)23288582,2025,08,21,16,16,臺中市,東區,0,1,0,7,2,3,80,13,9,1,5,4,6,6,4,4,1,4,5,2,13,3,10,3,1,B03,7,9,1,6,2,1,,84,84,1,12,4,120.707581,24.132443,2
7951,66000,387130000C,(04)23274275,(04)23288582,2025,08,21,16,19,臺中市,南區,0,2,0,7,3,6,40,4,1,1,5,4,6,6,1,1,10,5,5,2,17,2,9,5,4,C03,7,15,1,10,2,15,,48,48,1,12,4,120.685137,24.121858,2
7952,66000,387130000C,(04)23274275,(04)23288582,2025,08,21,16,20,臺中市,南屯區,0,0,0,7,,,50,,,,,,,,,,,,,,17,,,,,B03,,,1,,1,,,51,51,1,6,4,120.632037,24.127296,3
7953,66000,387130000C,(04)23274275,(04)23288582,2025,08,21,16,22,臺中市,西屯區,0,0,0,7,,,50,,,,,,,,,,,,,,,,,,,B03,,,1,,1,,,45,45,1,12,4,120.642947,24.199478,3
7954,66000,387130000C,(04)23274275,(04)23288582,2025,08,21,16,23,臺中市,大里區,0,0,0,7,,,50,,,,,,,,,,,,,,17,,,,,B12,,,1,,2,,,84,84,1,13,4,120.689456,24.093119,3
7955,66000,387130000C,(04)23274275,(04)23288582,2025,08,21,16,27,臺中市,西屯區,0,2,0,7,2,6,40,4,1,1,5,4,6,6,1,1,10,5,5,2,16,3,10,5,4,B03,7,5,1,8,2,8,,11,11,1,12,4,120.630765,24.162551,2
7956,66000,387130000C,(04)23274275,(04)23288582,2025,08,21,16,28,臺中市,大里區,0,2,0,7,2,6,30,3,1,1,5,4,6,6,4,4,10,5,5,2,16,2,9,1,1,C03,7,6,1,10,2,14,,14,14,1,6,4,120.699439,24.097128,2
7957,66000,387130000C,(04)23274275,(04)23288582,2025,08,21,16,29,臺中市,西屯區,0,1,0,7,2,6,40,13,8,1,5,4,6,6,4,4,1,2,3,2,13,3,10,2,1,C03,7,9,1,10,2,11,,7,7,1,12,4,120.643731,24.2013,2
7958,66000,387130000C,(04)23274275,(04)23288582,2025,08,21,16,31,臺中市,西屯區,0,0,0,7,,,40,,,,,,,,,,,,,,16,,,,,B03,,,1,,2,,,11,11,1,12,4,120.593044,24.183185,3
7959,66000,387130000C,(04)23274275,(04)23288582,2025,08,21,16,33,臺中市,后里區,0,0,0,7,,,50,,,,,,,,,,,,,,12,,,,,B11,,,1,,1,,,8,8,1,13,4,120.718179,24.309453,3
7960,66000,387130000C,(04)23274275,(04)23288582,2025,08,21,16,34,臺中市,豐原區,0,2,0,7,2,6,50,4,1,1,5,4,6,6,1,1,5,5,5,1,16,2,8,1,1,C03,7,1,1,10,2,12,,51,51,1,12,4,120.714402,24.251772,2
7961,66000,387130000C,(04)23274275,(04)23288582,2025,08,21,16,36,臺中市,北區,0,1,0,7,2,6,50,4,1,1,5,4,6,6,2,1,10,5,5,2,17,2,9,1,1,C03,7,6,1,10,2,14,,48,48,1,12,4,120.679099,24.169828,2
7962,66000,387130000C,(04)23274275,(04)23288582,2025,08,21,16,36,臺中市,北屯區,0,0,0,7,,,50,,,,,,,,,,,,,,9,,,,,B03,,,1,,2,,,50,50,1,6,4,120.723219,24.165619,3
7963,66000,387130000C,(04)23274275,(04)23288582,2025,08,21,16,38,臺中市,西區,0,1,0,7,3,6,50,4,2,1,5,4,6,6,4,4,5,4,5,2,16,3,10,3,1,B03,7,11,1,8,2,4,,48,48,1,6,4,120.661486,24.149837,2
7964,66000,387130000C,(04)23274275,(04)23288582,2025,08,21,16,39,臺中市,大甲區,0,1,0,7,2,6,50,4,1,1,5,4,6,6,4,4,10,5,5,2,12,3,10,3,1,B12,7,5,1,8,2,5,,47,47,1,6,4,120.618213,24.346219,2
7965,66000,387130000C,(04)23274275,(04)23288582,2025,08,21,16,43,臺中市,南屯區,0,1,0,7,3,6,50,13,7,1,5,4,6,6,4,4,5,4,5,2,17,2,9,2,4,C03,7,8,1,10,2,14,,8,8,1,6,4,120.615021,24.139253,2
7966,66000,387130000C,(04)23274275,(04)23288582,2025,08,21,16,44,臺中市,西區,0,1,0,7,2,6,50,4,1,1,5,4,6,6,1,1,10,5,5,2,16,3,10,3,1,B13,7,6,1,8,2,2,,11,11,1,12,4,120.664162,24.136553,2
7967,66000,387130000C,(04)23274275,(04)23288582,2025,08,21,16,45,臺中市,西區,0,2,0,7,3,6,50,5,1,1,5,4,6,6,1,1,10,5,5,2,12,2,9,2,1,C03,7,7,1,10,1,12,,35,35,1,12,4,120.665757,24.140083,2
7968,66000,387130000C,(04)23274275,(04)23288582,2025,08,21,16,45,臺中市,北屯區,0,0,0,7,,,50,,,,,,,,,,,,,,17,,,,,B03,,,1,,9,,,85,85,1,12,4,120.703594,24.183806,3
7969,66000,387130000C,(04)23274275,(04)23288582,2025,08,21,16,49,臺中市,西屯區,0,1,0,7,2,6,50,4,1,1,5,4,6,6,1,1,10,5,5,2,17,3,10,3,4,B03,7,5,1,7,2,6,,38,38,1,13,4,120.640771,24.167601,2
7970,66000,387130000C,(04)23274275,(04)23288582,2025,08,21,16,51,臺中市,梧棲區,0,0,0,7,,,40,,,,,,,,,,,,,,13,,,,,B03,,,1,,1,,,7,7,1,6,4,120.525642,24.22448,3
7971,66000,387130000C,(04)23274275,(04)23288582,2025,08,21,16,55,臺中市,中區,0,2,0,7,2,6,50,3,1,1,5,4,6,6,4,4,10,4,5,2,17,2,9,1,1,C03,7,1,1,10,2,13,,51,51,1,5,4,120.67625,24.143803,2
7972,66000,387130000C,(04)23274275,(04)23288582,2025,08,21,16,57,臺中市,西屯區,0,2,0,7,2,6,50,3,1,1,5,4,6,6,4,4,4,5,5,2,16,2,7,5,4,C03,7,6,1,10,2,12,,14,14,1,13,4,120.645057,24.172628,2
7973,66000,387130000C,(04)23274275,(04)23288582,2025,08,21,17,0,臺中市,大雅區,0,0,0,7,,,30,,,,,,,,,,,,,,,,,,,C03,,,1,,1,,,84,84,1,13,4,120.668019,24.214894,3
7974,66000,387130000C,(04)23274275,(04)23288582,2025,08,21,17,0,臺中市,太平區,0,1,0,7,3,6,30,3,2,1,5,4,6,6,4,4,10,5,5,2,16,3,10,1,1,C03,7,6,1,10,2,11,,14,14,1,6,4,120.7238,24.144045,2
7975,66000,387130000C,(04)23274275,(04)23288582,2025,08,21,17,0,臺中市,新社區,0,1,0,7,3,6,50,3,1,1,5,4,6,6,4,4,10,5,5,2,15,3,10,5,4,B03,7,15,1,8,2,5,,14,14,1,12,4,120.808468,24.251346,2
7976,66000,387130000C,(04)23274275,(04)23288582,2025,08,21,17,6,臺中市,西屯區,0,2,0,7,2,6,50,3,1,1,5,4,6,6,4,4,5,5,5,2,13,2,9,1,1,C03,7,9,1,10,2,14,,7,7,1,12,4,120.644291,24.174206,2
7977,66000,387130000C,(04)23274275,(04)23288582,2025,08,21,17,6,臺中市,梧棲區,0,1,0,7,2,6,50,4,1,1,5,4,6,6,1,1,10,5,5,2,15,3,10,3,1,B03,7,9,1,8,2,1,,21,21,1,12,4,120.533667,24.254229,2
7978,66000,387130000C,(04)23274275,(04)23288582,2025,08,21,17,7,臺中市,北區,0,1,0,7,3,6,50,4,1,1,5,4,6,6,1,1,10,5,5,2,16,2,9,1,1,C02,7,6,1,9,2,13,,20,20,1,12,4,120.692251,24.161431,2
7979,66000,387130000C,(04)23274275,(04)23288582,2025,08,21,17,7,臺中市,太平區,0,0,0,7,,,40,,,,,,,,,,,,,,16,,,,,,,,,,,,,119,119,1,,,120.719374,24.120829,3
7980,66000,387130000C,(04)23274275,(04)23288582,2025,08,21,17,9,臺中市,北區,0,0,0,7,,,50,,,,,,,,,,,,,,,,,,,C03,,,1,,1,,,7,7,1,12,4,120.676987,24.171418,3
7981,66000,387130000C,(04)23274275,(04)23288582,2025,08,21,17,9,臺中市,南區,0,1,0,7,3,6,50,13,9,1,5,4,6,6,4,4,5,5,5,2,17,3,10,2,1,C03,7,1,5,19,2,11,,51,51,1,6,4,120.651503,24.115036,2
7982,66000,387130000C,(04)23274275,(04)23288582,2025,08,21,17,11,臺中市,豐原區,0,1,0,7,3,6,60,13,11,1,5,4,6,6,4,4,1,5,5,1,18,2,9,1,1,C03,7,9,1,10,2,12,,84,84,1,12,4,120.72928,24.278027,2
7983,66000,387130000C,(04)23274275,(04)23288582,2025,08,21,17,12,臺中市,大雅區,0,0,0,7,,,50,,,,,,,,,,,,,,,,,,,B03,,,1,,1,,,7,7,1,13,4,120.653491,24.224229,3
7984,66000,387130000C,(04)23274275,(04)23288582,2025,08,21,17,12,臺中市,神岡區,0,1,0,7,1,6,50,4,1,1,5,4,6,6,3,1,10,5,4,1,11,2,9,1,1,C03,7,6,1,10,2,14,,84,84,1,12,4,120.671979,24.255599,2
7985,66000,387130000C,(04)23274275,(04)23288582,2025,08,21,17,15,臺中市,西屯區,0,1,0,7,2,6,50,3,1,1,5,4,6,6,4,4,1,4,5,2,16,3,10,3,1,B03,7,5,1,8,2,2,,14,14,1,12,4,120.623562,24.17368,2
7986,66000,387130000C,(04)23274275,(04)23288582,2025,08,21,17,19,臺中市,大雅區,0,0,0,7,,,50,,,,,,,,,,,,,,,,,,,B03,,,1,,1,,,7,7,1,13,4,120.661274,24.219529,3
7987,66000,387130000C,(04)23274275,(04)23288582,2025,08,21,17,19,臺中市,大雅區,0,0,0,7,,,30,,,,,,,,,,,,,,,,,,,B03,,,1,,1,,,78,78,1,13,4,120.665385,24.236611,3
7988,66000,387130000C,(04)23274275,(04)23288582,2025,08,21,17,19,臺中市,西屯區,0,0,0,7,,,30,,,,,,,,,,,,,,17,,,,,B03,,,1,,1,,,59,59,1,13,4,120.61246,24.186594,3
7989,66000,387130000C,(04)23274275,(04)23288582,2025,08,21,17,20,臺中市,大里區,0,0,0,7,,,50,,,,,,,,,,,,,,,,,,,B03,,,1,,1,,,51,51,1,12,4,120.716509,24.100842,3
7990,66000,387130000C,(04)23274275,(04)23288582,2025,08,21,17,20,臺中市,烏日區,0,0,0,7,,,30,,,,,,,,,,,,,,,,,,,B03,,,1,,2,,,84,84,1,6,4,120.605445,24.108105,3
7991,66000,387130000C,(04)23274275,(04)23288582,2025,08,21,17,21,臺中市,西區,0,1,0,7,2,6,50,3,1,1,5,4,6,6,4,4,10,5,5,2,18,2,9,2,1,C03,7,9,1,10,2,12,,84,84,1,12,4,120.657307,24.157349,2
7992,66000,387130000C,(04)23274275,(04)23288582,2025,08,21,17,21,臺中市,霧峰區,0,1,0,7,3,6,60,5,1,1,5,4,6,6,1,1,10,5,5,2,16,3,10,5,4,B03,7,5,1,8,2,2,,20,20,1,13,4,120.692395,24.046901,2
7993,66000,387130000C,(04)23274275,(04)23288582,2025,08,21,17,23,臺中市,大甲區,0,1,0,7,2,6,40,13,9,1,5,4,6,6,4,4,6,4,5,1,12,3,10,3,1,B03,7,11,1,8,2,7,,39,39,1,12,4,120.658952,24.39682,2
7994,66000,387130000C,(04)23274275,(04)23288582,2025,08,21,17,24,臺中市,東區,0,1,0,7,2,6,50,3,1,1,5,4,6,6,2,1,10,5,5,2,16,3,10,3,1,B03,7,5,1,8,2,5,,11,11,1,12,4,120.697924,24.146818,2
7995,66000,387130000C,(04)23274275,(04)23288582,2025,08,21,17,24,臺中市,西屯區,0,0,0,7,,,50,,,,,,,,,,,,,,13,,,,,B03,,,1,,1,,,82,82,1,12,4,120.641226,24.156223,3
7996,66000,387130000C,(04)23274275,(04)23288582,2025,08,21,17,24,臺中市,太平區,0,1,0,7,2,6,50,4,1,1,5,4,2,6,1,1,5,5,4,1,16,2,8,2,1,C03,7,6,1,10,2,11,,11,11,1,12,4,120.717918,24.1288,2
7997,66000,387130000C,(04)23274275,(04)23288582,2025,08,21,17,25,臺中市,霧峰區,0,1,0,7,1,6,50,3,1,1,5,4,6,6,4,4,10,5,5,1,18,2,9,1,1,C03,7,5,1,10,2,12,,84,84,1,13,4,120.70015,24.0642,2
7998,66000,387130000C,(04)23274275,(04)23288582,2025,08,21,17,25,臺中市,太平區,0,1,0,7,3,6,30,3,1,1,5,4,6,6,3,1,10,5,5,2,16,2,8,1,1,C03,7,6,1,10,2,12,,24,24,1,6,4,120.735842,24.133582,2
7999,66000,387130000C,(04)23274275,(04)23288582,2025,08,21,17,25,臺中市,豐原區,0,1,0,7,1,6,60,13,8,1,5,4,6,6,4,4,1,4,4,1,17,2,9,1,1,C03,7,9,1,10,2,12,,55,55,1,6,4,120.719083,24.236514,2
8000,66000,387130000C,(04)23274275,(04)23288582,2025,08,21,17,27,臺中市,西屯區,0,2,0,7,2,6,40,3,1,1,5,4,6,6,1,1,10,5,5,2,17,2,9,6,4,F01,7,6,7,21,2,11,,48,48,1,13,1,120.640716,24.176188,2
8001,66000,387130000C,(04)23274275,(04)23288582,2025,08,21,17,27,臺中市,龍井區,0,3,0,7,3,6,30,4,1,1,5,4,6,6,4,4,10,5,5,2,15,2,9,1,1,C03,7,9,1,10,2,11,,20,20,1,6,4,120.536176,24.175655,2
8002,66000,387130000C,(04)23274275,(04)23288582,2025,08,21,17,27,臺中市,烏日區,0,0,0,7,,,60,,,,,,,,,,,,,,14,,,,,B03,,,1,,1,,,49,49,1,6,4,120.647432,24.074236,3
8003,66000,387130000C,(04)23274275,(04)23288582,2025,08,21,17,28,臺中市,北屯區,0,1,0,7,2,6,50,4,19,1,5,4,6,6,2,1,5,5,4,2,3,3,10,3,1,B03,7,9,1,8,2,1,,10,10,1,12,4,120.685251,24.193647,2
8004,66000,387130000C,(04)23274275,(04)23288582,2025,08,21,17,28,臺中市,西屯區,0,0,0,7,,,40,,,,,,,,,,,,,,13,,,,,C03,,,1,,1,,,7,7,1,13,4,120.651863,24.161136,3
8005,66000,387130000C,(04)23274275,(04)23288582,2025,08,21,17,28,臺中市,大里區,0,0,0,7,,,50,,,,,,,,,,,,,,,,,,,C03,,,1,,2,,,84,84,1,13,4,120.703579,24.096008,3
8006,66000,387130000C,(04)23274275,(04)23288582,2025,08,21,17,30,臺中市,清水區,0,0,0,7,1,6,50,3,2,1,5,4,6,6,1,1,8,3,4,1,12,,,,,,,,,,,,,8,8,1,,,120.595773,24.301108,3
8007,66000,387130000C,(04)23274275,(04)23288582,2025,08,21,17,32,臺中市,南屯區,0,0,0,7,,,50,,,,,,,,,,,,,,12,,,,,A11,,,1,,2,,,59,59,1,12,4,120.610018,24.155121,4
8008,66000,387130000C,(04)23274275,(04)23288582,2025,08,21,17,33,臺中市,北屯區,0,0,0,7,,,30,,,,,,,,,,,,,,16,,,,,B01,,,1,,1,,,42,42,1,12,4,120.682802,24.195334,3
8009,66000,387130000C,(04)23274275,(04)23288582,2025,08,21,17,34,臺中市,西屯區,0,0,0,7,,,50,,,,,,,,,,,,,,,,,,,C03,,,1,,9,,,50,50,1,12,4,120.637405,24.158067,3
8010,66000,387130000C,(04)23274275,(04)23288582,2025,08,21,17,34,臺中市,清水區,0,0,0,7,,,30,,,,,,,,,,,,,,15,,,,,A41,,,1,,2,,,14,14,1,6,4,120.603641,24.309811,3
8011,66000,387130000C,(04)23274275,(04)23288582,2025,08,21,17,35,臺中市,北屯區,0,2,0,7,2,6,50,13,9,1,5,4,6,6,4,4,1,4,5,2,17,2,9,1,1,C03,7,12,3,19,2,14,,84,84,1,6,4,120.681195,24.172939,2
8012,66000,387130000C,(04)23274275,(04)23288582,2025,08,21,17,36,臺中市,南區,0,0,0,7,,,50,,,,,,,,,,,,,,,,,,,B03,,,1,,2,,,7,7,1,12,4,120.655457,24.115199,4
8013,66000,387130000C,(04)23274275,(04)23288582,2025,08,21,17,37,臺中市,南區,0,0,0,7,,,50,,,,,,,,,,,,,,13,,,,,B03,,,1,,1,,,84,84,1,12,4,120.678426,24.132886,3
8014,66000,387130000C,(04)23274275,(04)23288582,2025,08,21,17,39,臺中市,北屯區,0,1,0,7,3,6,50,4,1,1,5,4,6,6,1,1,10,5,5,2,18,2,1,1,1,C03,7,9,1,10,2,14,,84,84,1,12,4,120.689648,24.188209,2
8015,66000,387130000C,(04)23274275,(04)23288582,2025,08,21,17,39,臺中市,西屯區,0,0,0,7,,,50,,,,,,,,,,,,,,12,,,,,B03,,,1,,1,,,8,8,1,12,4,120.647871,24.174158,3
8016,66000,387130000C,(04)23274275,(04)23288582,2025,08,21,17,41,臺中市,梧棲區,0,0,0,7,,,60,,,,,,,,,,,,,,13,,,,,B03,,,1,,2,,,82,82,1,12,4,120.533158,24.242506,3
8017,66000,387130000C,(04)23274275,(04)23288582,2025,08,21,17,43,臺中市,大里區,0,1,0,7,3,6,50,4,2,1,5,4,6,6,1,1,5,4,4,1,16,2,8,5,4,C03,7,6,1,10,2,13,,11,11,1,13,4,120.688425,24.106476,2
8018,66000,387130000C,(04)23274275,(04)23288582,2025,08,21,17,44,臺中市,太平區,0,0,0,7,,,50,,,,,,,,,,,,,,17,,,,,C03,,,1,,2,,,8,8,1,12,4,120.725032,24.142014,3
8019,66000,387130000C,(04)23274275,(04)23288582,2025,08,21,17,46,臺中市,北區,0,2,0,7,2,6,50,4,1,1,5,4,6,6,4,4,10,5,5,2,15,3,10,3,1,B01,7,9,1,4,2,2,,15,15,1,12,4,120.678817,24.158193,2
8020,66000,387130000C,(04)23274275,(04)23288582,2025,08,21,17,47,臺中市,北區,0,1,0,7,3,6,50,13,9,1,5,4,6,6,4,4,3,4,5,2,13,2,9,1,1,C03,7,9,1,10,2,11,,59,59,1,12,4,120.684847,24.165803,2
8021,66000,387130000C,(04)23274275,(04)23288582,2025,08,21,17,48,臺中市,南區,0,1,0,7,3,6,1,13,8,1,5,4,6,6,4,4,1,4,4,2,28,,,,,,,,,,,,,118,118,1,,,120.656361,24.130008,2
8022,66000,387130000C,(04)23274275,(04)23288582,2025,08,21,17,50,臺中市,西屯區,0,0,0,7,,,50,,,,,,,,,,,,,,,,,,,B02,,,1,,1,,,84,84,1,12,4,120.636528,24.170784,3
8023,66000,387130000C,(04)23274275,(04)23288582,2025,08,21,17,50,臺中市,豐原區,0,0,0,7,,,50,,,,,,,,,,,,,,17,,,,,B03,,,1,,2,,,7,7,1,6,4,120.74341,24.270437,3
8024,66000,387130000C,(04)23274275,(04)23288582,2025,08,21,17,51,臺中市,北屯區,0,1,0,7,3,6,50,11,9,1,5,4,6,6,4,4,9,5,5,2,12,3,10,3,1,B12,7,4,1,8,1,6,,1,1,1,12,4,120.716415,24.177573,2
8025,66000,387130000C,(04)23274275,(04)23288582,2025,08,21,17,53,臺中市,潭子區,0,0,0,7,,,50,,,,,,,,,,,,,,,,,,,B03,,,1,,2,,,56,56,1,13,4,120.718748,24.204629,3
8026,66000,387130000C,(04)23274275,(04)23288582,2025,08,21,17,53,臺中市,南屯區,0,0,0,7,,,50,,,,,,,,,,,,,,17,,,,,C03,,,1,,1,,,87,87,1,12,4,120.643826,24.146854,4
8027,66000,387130000C,(04)23274275,(04)23288582,2025,08,21,17,56,臺中市,西屯區,0,0,0,7,,,40,,,,,,,,,,,,,,13,,,,,C03,,,1,,1,,,7,7,1,12,4,120.612969,24.17141,3
8028,66000,387130000C,(04)23274275,(04)23288582,2025,08,21,17,56,臺中市,烏日區,0,1,0,7,2,6,50,3,1,1,5,4,6,6,4,4,10,5,5,2,17,3,10,5,4,B03,7,11,1,8,2,2,,45,45,1,13,4,120.650232,24.093768,2
8029,66000,387130000C,(04)23274275,(04)23288582,2025,08,21,17,57,臺中市,霧峰區,0,0,0,6,,,50,,,,,,,,,,,,,,17,,,,,C03,,,1,,2,,,84,84,1,13,4,120.694606,24.072775,3
8030,66000,387130000C,(04)23274275,(04)23288582,2025,08,21,17,57,臺中市,烏日區,0,0,0,7,2,6,50,13,9,1,5,4,6,6,4,4,5,5,5,1,13,3,10,3,1,B03,7,9,1,8,5,1,,7,7,1,6,4,120.626005,24.110306,3
8031,66000,387130000C,(04)23274275,(04)23288582,2025,08,21,17,59,臺中市,烏日區,0,2,0,7,1,6,70,3,1,1,5,4,6,6,1,1,1,4,5,1,13,2,9,1,1,C03,7,9,1,10,2,11,,84,84,1,6,4,120.593193,24.11322,2
8032,66000,387130000C,(04)23274275,(04)23288582,2025,08,21,18,0,臺中市,龍井區,0,2,0,7,3,6,30,4,1,1,5,4,6,6,4,4,10,5,5,2,15,2,8,1,1,C03,7,9,1,10,2,11,,20,20,1,6,4,120.538036,24.188495,2
8033,66000,387130000C,(04)23274275,(04)23288582,2025,08,21,18,0,臺中市,大安區,0,1,0,7,2,6,50,4,2,1,5,4,6,6,1,1,5,5,5,1,13,3,10,3,1,B03,7,9,1,8,2,1,,59,59,1,6,4,120.61574,24.380299,2
8034,66000,387130000C,(04)23274275,(04)23288582,2025,08,21,18,3,臺中市,北屯區,0,1,0,7,3,6,50,13,9,1,5,4,6,6,4,4,5,4,5,2,17,3,10,3,1,B03,7,1,1,8,2,8,,51,51,1,12,4,120.725908,24.176287,2
8035,66000,387130000C,(04)23274275,(04)23288582,2025,08,21,18,3,臺中市,東勢區,0,2,0,7,1,6,50,4,1,1,5,4,6,6,4,4,10,5,5,2,3,2,9,2,1,C03,7,9,1,10,2,11,,10,10,1,12,4,120.824774,24.258611,2
8036,66000,387130000C,(04)23274275,(04)23288582,2025,08,21,18,5,臺中市,西區,0,0,0,7,,,40,,,,,,,,,,,,,,17,,,,,C03,,,1,,1,,,49,49,1,12,4,120.664929,24.13205,3
8037,66000,387130000C,(04)23274275,(04)23288582,2025,08,21,18,7,臺中市,西區,0,1,0,7,2,6,50,4,1,1,5,4,1,4,4,4,10,5,5,2,15,3,10,5,1,B03,7,9,1,8,2,1,,12,12,1,6,4,120.67304,24.15222,2
8038,66000,387130000C,(04)23274275,(04)23288582,2025,08,21,18,7,臺中市,東區,0,2,0,7,1,6,50,4,1,1,5,4,6,6,1,1,5,5,5,2,17,2,9,4,1,F02,7,9,7,21,2,12,,21,21,1,5,1,120.696463,24.138878,2
8039,66000,387130000C,(04)23274275,(04)23288582,2025,08,21,18,9,臺中市,沙鹿區,0,1,0,7,2,6,30,13,9,1,5,4,6,6,4,4,10,5,5,2,18,2,9,5,4,C03,7,9,1,10,2,12,,84,84,1,13,4,120.574261,24.236695,2
8040,66000,387130000C,(04)23274275,(04)23288582,2025,08,21,18,10,臺中市,南屯區,0,0,0,7,,,60,,,,,,,,,,,,,,13,,,,,B03,,,1,,1,,,7,7,1,12,4,120.634556,24.14387,3
8041,66000,387130000C,(04)23274275,(04)23288582,2025,08,21,18,10,臺中市,大安區,0,0,0,7,,,40,,,,,,,,,,,,,,11,,,,,B03,,,1,,2,,,84,84,1,13,4,120.581588,24.341678,3
8042,66000,387130000C,(04)23274275,(04)23288582,2025,08,21,18,15,臺中市,沙鹿區,0,1,0,7,2,6,50,13,9,1,5,4,6,6,4,4,9,5,5,2,16,3,10,3,1,B03,7,5,1,8,2,2,,20,20,1,12,4,120.580319,24.213208,2
8043,66000,387130000C,(04)23274275,(04)23288582,2025,08,21,18,15,臺中市,沙鹿區,0,0,0,7,,,50,,,,,,,,,,,,,,,,,,,B03,,,1,,1,,,49,49,1,12,4,120.570674,24.223656,3
8044,66000,387130000C,(04)23274275,(04)23288582,2025,08,21,18,17,臺中市,東區,0,0,0,7,,,50,,,,,,,,,,,,,,,,,,,F01,,,7,,2,,,48,48,1,12,4,120.694457,24.147985,3
8045,66000,387130000C,(04)23274275,(04)23288582,2025,08,21,18,18,臺中市,潭子區,0,0,0,7,,,30,,,,,,,,,,,,,,,,,,,B03,,,1,,2,,,51,51,1,13,4,120.700565,24.195787,3
8046,66000,387130000C,(04)23274275,(04)23288582,2025,08,21,18,19,臺中市,豐原區,0,1,0,7,1,6,30,4,1,1,5,4,6,6,1,1,1,5,5,1,16,3,10,3,1,B01,7,6,1,4,2,5,,11,11,1,12,4,120.737922,24.272058,2
8047,66000,387130000C,(04)23274275,(04)23288582,2025,08,21,18,20,臺中市,北區,0,0,0,7,,,50,,,,,,,,,,,,,,,,,,,B03,,,1,,1,,,7,7,1,12,4,120.674185,24.163804,3
8048,66000,387130000C,(04)23274275,(04)23288582,2025,08,21,18,20,臺中市,北屯區,0,0,0,7,,,50,,,,,,,,,,,,,,13,,,,,B03,,,1,,1,,,7,7,1,12,4,120.682423,24.188244,3
8049,66000,387130000C,(04)23274275,(04)23288582,2025,08,21,18,21,臺中市,西屯區,0,0,0,7,,,50,,,,,,,,,,,,,,12,,,,,B03,,,1,,1,,,8,8,1,13,4,120.659861,24.171076,3
8050,66000,387130000C,(04)23274275,(04)23288582,2025,08,21,18,22,臺中市,沙鹿區,0,2,0,7,1,6,50,4,2,1,5,4,6,6,1,1,8,3,4,1,17,2,9,5,4,C03,7,6,1,10,2,12,,48,48,1,13,4,120.569109,24.255863,2
8051,66000,387130000C,(04)23274275,(04)23288582,2025,08,21,18,26,臺中市,大里區,0,1,0,7,2,6,50,4,2,1,5,4,6,6,1,1,9,5,5,1,17,3,10,1,1,C03,7,6,1,10,11,16,,48,48,1,6,4,120.70958,24.089081,2
8052,66000,387130000C,(04)23274275,(04)23288582,2025,08,21,18,27,臺中市,南區,0,0,0,7,,,50,,,,,,,,,,,,,,13,,,,,C03,,,1,,2,,,7,7,1,12,4,120.656454,24.12455,3
8053,66000,387130000C,(04)23274275,(04)23288582,2025,08,21,18,30,臺中市,北屯區,0,0,0,7,,,50,,,,,,,,,,,,,,9,,,,,B03,,,1,,1,,,8,8,1,6,4,120.719034,24.162008,3
8054,66000,387130000C,(04)23274275,(04)23288582,2025,08,21,18,30,臺中市,西屯區,0,0,0,7,,,50,,,,,,,,,,,,,,14,,,,,B03,,,1,,11,,,49,49,1,13,4,120.65713,24.193057,3
8055,66000,387130000C,(04)23274275,(04)23288582,2025,08,21,18,31,臺中市,大雅區,0,1,0,7,1,9,50,13,9,1,5,4,6,6,4,4,4,3,5,1,17,3,10,5,1,G03,7,15,1,8,5,17,,84,84,1,13,4,120.655802,24.238586,2
8056,66000,387130000C,(04)23274275,(04)23288582,2025,08,21,18,35,臺中市,北屯區,0,0,0,7,,,50,,,,,,,,,,,,,,13,,,,,C03,,,1,,1,,,7,7,1,6,4,120.719303,24.178038,3