﻿序號,縣市別代碼,機關代碼,市話,傳真,年,月,日,時,分,縣市,區,死亡數量,受傷數量,2-30,天候,道路照明設備,道路類別,道路速限,道路型態,事故位置,路面鋪裝,路面狀態,路面缺陷,障礙物,視距,號誌種類,號誌動作,分向設施,快車道或一般車道間,快慢車道間,路面邊線,事故類型及型態,受傷程度,主要傷處,保護裝備,行動電話或功能裝置,當事者區分_類別,車輛用途,當事者行動狀態,駕照狀態,駕照種類,飲酒情形,車輛撞擊部位最初,車輛撞擊部位其他,肇事因素個別,肇事因素主要,肇事逃逸,職業,共享經濟或外送平台,GPS座標X,GPS座標Y,事故類別
8168,66000,387130000C,(04)23274275,(04)23288582,2025,08,22,8,0,臺中市,西屯區,0,2,0,7,2,6,50,3,1,1,5,4,6,6,1,1,10,5,5,2,12,2,9,2,1,F03,7,6,7,21,2,14,,48,48,1,6,4,120.589822,24.173343,2
8169,66000,387130000C,(04)23274275,(04)23288582,2025,08,22,8,0,臺中市,豐原區,0,2,0,7,2,6,50,13,9,1,5,4,6,6,4,4,5,5,5,1,11,2,9,1,1,C03,7,8,1,10,2,11,,4,4,1,12,4,120.732304,24.250509,2
8170,66000,387130000C,(04)23274275,(04)23288582,2025,08,22,8,2,臺中市,大甲區,0,1,0,7,2,9,40,13,9,1,5,4,6,6,4,4,6,4,5,2,19,2,9,1,1,C03,7,9,1,10,2,11,,59,59,1,12,4,120.610067,24.340928,2
8171,66000,387130000C,(04)23274275,(04)23288582,2025,08,22,8,3,臺中市,西屯區,0,0,0,7,,,50,,,,,,,,,,,,,,13,,,,,B03,,,1,,1,,,7,7,1,12,4,120.656747,24.161999,3
8172,66000,387130000C,(04)23274275,(04)23288582,2025,08,22,8,5,臺中市,大里區,0,2,0,7,3,6,50,4,1,1,5,4,6,6,1,1,10,5,5,2,16,2,9,6,1,F01,7,6,7,21,2,11,,11,11,1,12,4,120.686391,24.112117,2
8173,66000,387130000C,(04)23274275,(04)23288582,2025,08,22,8,10,臺中市,西屯區,0,1,0,7,2,6,50,3,1,1,5,4,6,6,1,1,1,4,5,1,17,3,10,5,4,B03,7,5,1,8,2,2,,47,47,1,13,4,120.607485,24.195133,2
8174,66000,387130000C,(04)23274275,(04)23288582,2025,08,22,8,11,臺中市,北屯區,0,1,0,7,3,6,50,4,1,1,5,4,6,6,1,1,10,5,5,2,18,2,9,2,1,C03,7,9,1,10,2,12,,84,84,1,6,4,120.672473,24.187901,2
8175,66000,387130000C,(04)23274275,(04)23288582,2025,08,22,8,11,臺中市,烏日區,0,2,0,7,2,6,40,4,1,1,5,4,6,6,1,1,10,5,5,2,17,2,9,5,4,C03,7,6,3,19,2,12,,11,11,1,12,4,120.654867,24.095168,2
8176,66000,387130000C,(04)23274275,(04)23288582,2025,08,22,8,12,臺中市,南屯區,0,1,0,7,2,6,50,13,9,1,5,4,6,6,3,1,5,5,5,2,13,2,9,2,1,C03,7,9,1,10,2,11,,7,7,1,13,4,120.581061,24.143679,2
8177,66000,387130000C,(04)23274275,(04)23288582,2025,08,22,8,15,臺中市,西區,0,2,0,7,3,6,50,4,1,1,5,4,6,6,4,4,10,5,5,2,17,2,9,2,1,C03,7,1,1,10,2,12,,51,51,1,12,4,120.652047,24.145369,2
8178,66000,387130000C,(04)23274275,(04)23288582,2025,08,22,8,15,臺中市,梧棲區,0,0,0,7,,,50,,,,,,,,,,,,,,25,,,,,B03,,,1,,2,,,8,8,1,12,4,120.53842,24.245231,3
8179,66000,387130000C,(04)23274275,(04)23288582,2025,08,22,8,15,臺中市,大安區,0,1,0,7,1,3,90,10,14,1,5,4,6,6,4,4,2,3,5,1,20,2,7,3,1,B03,7,9,1,8,2,5,,90,90,1,12,4,120.601593,24.39114,2
8180,66000,387130000C,(04)23274275,(04)23288582,2025,08,22,8,17,臺中市,西屯區,0,2,0,7,2,6,30,3,1,1,5,4,6,6,4,4,10,5,5,2,16,2,9,5,4,C03,7,6,1,10,2,14,,12,12,1,13,4,120.650374,24.175719,2
8181,66000,387130000C,(04)23274275,(04)23288582,2025,08,22,8,20,臺中市,東區,0,0,0,7,1,6,,13,8,1,5,4,6,6,4,4,1,4,4,2,30,,,,,,,,,,,,,119,119,1,,,120.690731,24.13229,3
8182,66000,387130000C,(04)23274275,(04)23288582,2025,08,22,8,20,臺中市,北屯區,0,1,0,7,3,6,50,3,1,1,5,4,6,6,4,4,10,5,5,2,16,3,10,3,1,B03,7,6,1,8,2,8,,14,14,1,6,4,120.68564,24.192827,2
8183,66000,387130000C,(04)23274275,(04)23288582,2025,08,22,8,20,臺中市,沙鹿區,0,2,0,7,2,6,50,13,7,1,5,4,6,6,4,4,1,4,4,2,3,2,9,6,5,H01,8,16,7,21,10,17,,95,95,1,6,5,120.560034,24.23915,2
8184,66000,387130000C,(04)23274275,(04)23288582,2025,08,22,8,20,臺中市,后里區,0,0,0,7,2,6,40,11,9,1,5,4,6,6,4,4,10,5,5,1,11,,,,,F03,,,7,,1,,,59,59,1,6,4,120.731937,24.332787,3
8185,66000,387130000C,(04)23274275,(04)23288582,2025,08,22,8,22,臺中市,西屯區,0,0,0,7,,,50,,,,,,,,,,,,,,14,,,,,B12,,,1,,2,,,49,49,1,12,4,120.663872,24.179707,3
8186,66000,387130000C,(04)23274275,(04)23288582,2025,08,22,8,22,臺中市,豐原區,0,1,0,7,2,6,50,4,1,1,5,4,6,6,1,1,1,2,5,1,13,3,10,1,1,C03,7,9,1,9,2,14,,58,58,1,13,4,120.703381,24.249631,2
8187,66000,387130000C,(04)23274275,(04)23288582,2025,08,22,8,24,臺中市,太平區,0,1,0,7,3,6,50,13,9,1,5,4,6,6,4,4,5,5,5,2,13,3,10,3,1,B03,7,9,1,8,2,5,,84,84,1,12,4,120.714052,24.14138,2
8188,66000,387130000C,(04)23274275,(04)23288582,2025,08,22,8,27,臺中市,南屯區,0,1,0,7,2,6,50,13,9,1,5,4,6,6,4,4,5,5,5,2,17,3,10,2,1,C03,7,9,1,10,2,12,,84,84,1,12,4,120.64893,24.155651,2
8189,66000,387130000C,(04)23274275,(04)23288582,2025,08,22,8,27,臺中市,西屯區,0,0,0,7,,,50,,,,,,,,,,,,,,13,,,,,B03,,,1,,1,,,7,7,1,12,4,120.604772,24.187601,3
8190,66000,387130000C,(04)23274275,(04)23288582,2025,08,22,8,27,臺中市,西屯區,0,0,0,7,,,50,,,,,,,,,,,,,,12,,,,,C03,,,1,,1,,,48,48,1,12,4,120.622185,24.174168,3
8191,66000,387130000C,(04)23274275,(04)23288582,2025,08,22,8,27,臺中市,大里區,0,1,0,7,1,6,50,13,9,1,5,4,6,6,4,4,10,5,5,2,17,2,9,1,1,C03,7,1,1,10,2,14,,51,51,1,12,4,120.677103,24.102932,2
8192,66000,387130000C,(04)23274275,(04)23288582,2025,08,22,8,28,臺中市,神岡區,0,0,0,7,,,50,,,,,,,,,,,,,,13,,,,,B12,,,1,,1,,,7,7,1,13,4,120.696653,24.254109,3
8193,66000,387130000C,(04)23274275,(04)23288582,2025,08,22,8,29,臺中市,龍井區,0,0,0,7,,,30,,,,,,,,,,,,,,16,,,,,C03,,,1,,2,,,20,20,1,5,4,120.545299,24.196925,3
8194,66000,387130000C,(04)23274275,(04)23288582,2025,08,22,8,30,臺中市,大里區,0,0,0,7,,,50,,,,,,,,,,,,,,12,,,,,B12,,,1,,1,,,8,8,1,12,4,120.69603,24.094467,3
8195,66000,387130000C,(04)23274275,(04)23288582,2025,08,22,8,31,臺中市,南屯區,0,0,0,7,,,50,,,,,,,,,,,,,,12,,,,,B03,,,1,,1,,,40,40,1,12,4,120.646802,24.146809,3
8196,66000,387130000C,(04)23274275,(04)23288582,2025,08,22,8,34,臺中市,梧棲區,0,0,0,7,,,30,,,,,,,,,,,,,,17,,,,,B12,,,1,,2,,,94,94,1,6,4,120.52894,24.251782,3
8197,66000,387130000C,(04)23274275,(04)23288582,2025,08,22,8,36,臺中市,大肚區,0,0,0,7,,,50,,,,,,,,,,,,,,13,,,,,B03,,,1,,1,,,7,7,1,6,4,120.576705,24.118961,3
8198,66000,387130000C,(04)23274275,(04)23288582,2025,08,22,8,36,臺中市,豐原區,0,1,0,7,2,6,50,3,1,1,5,4,6,6,1,1,10,5,5,2,17,3,10,3,1,B03,7,5,1,8,2,2,,11,11,1,13,4,120.722423,24.260487,2
8199,66000,387130000C,(04)23274275,(04)23288582,2025,08,22,8,40,臺中市,東區,0,0,0,7,,,50,,,,,,,,,,,,,,17,,,,,B12,,,1,,2,,,84,84,1,13,4,120.696509,24.127855,3
8200,66000,387130000C,(04)23274275,(04)23288582,2025,08,22,8,42,臺中市,太平區,0,2,0,7,2,6,50,5,2,1,5,4,6,6,1,1,5,2,5,2,13,2,9,1,1,C03,7,9,1,10,2,14,12,7,7,1,12,4,120.703434,24.148294,2
8201,66000,387130000C,(04)23274275,(04)23288582,2025,08,22,8,43,臺中市,烏日區,0,0,0,7,,,50,,,,,,,,,,,,,,12,,,,,A11,,,1,,2,,,8,8,1,13,4,120.603678,24.109684,3
8202,66000,387130000C,(04)23274275,(04)23288582,2025,08,22,8,44,臺中市,潭子區,0,0,0,7,,3,40,,,,,,,,,,,,,,,,,,,B03,,,1,,2,,,8,8,1,13,4,120.707073,24.200666,3
8203,66000,387130000C,(04)23274275,(04)23288582,2025,08,22,8,44,臺中市,豐原區,0,1,0,7,2,6,50,13,9,1,5,4,6,6,4,4,5,5,5,2,12,3,10,3,1,B03,7,11,1,8,2,4,,45,45,1,12,4,120.715092,24.251785,2
8204,66000,387130000C,(04)23274275,(04)23288582,2025,08,22,8,45,臺中市,清水區,0,1,0,7,3,6,50,3,1,1,5,4,6,6,1,1,5,5,5,1,16,3,10,3,1,B12,7,5,1,8,2,2,,11,11,1,12,4,120.575436,24.269143,2
8205,66000,387130000C,(04)23274275,(04)23288582,2025,08,22,8,47,臺中市,西屯區,0,1,0,7,2,6,30,13,9,1,5,4,6,6,4,4,10,5,5,2,11,3,10,3,1,B03,7,9,1,8,2,8,,8,8,1,13,4,120.653315,24.161413,2
8206,66000,387130000C,(04)23274275,(04)23288582,2025,08,22,8,49,臺中市,潭子區,0,1,0,7,3,6,50,4,1,1,5,4,6,6,1,1,1,4,4,1,17,3,10,3,1,B03,7,9,1,8,2,2,,21,21,1,13,4,120.697587,24.216838,2
8207,66000,387130000C,(04)23274275,(04)23288582,2025,08,22,8,49,臺中市,西區,0,1,0,7,2,6,50,4,1,1,5,4,6,6,1,1,10,5,5,2,16,3,10,5,4,B12,7,6,1,8,2,5,,11,11,1,13,4,120.678385,24.136454,2
8208,66000,387130000C,(04)23274275,(04)23288582,2025,08,22,8,49,臺中市,太平區,0,0,0,7,,,50,,,,,,,,,,,,,,,,,,,B03,,,1,,1,,,59,59,1,12,4,120.716204,24.149641,3
8209,66000,387130000C,(04)23274275,(04)23288582,2025,08,22,8,50,臺中市,大里區,0,2,0,7,2,6,50,4,1,1,5,4,6,6,4,4,10,5,5,2,15,2,6,1,1,C03,7,9,1,10,2,11,,15,15,1,6,4,120.715482,24.095186,2
8210,66000,387130000C,(04)23274275,(04)23288582,2025,08,22,8,51,臺中市,北屯區,0,0,0,7,,,50,,,,,,,,,,,,,,17,,,,,B03,,,1,8,2,,,58,58,1,12,4,120.685767,24.175201,3
8211,66000,387130000C,(04)23274275,(04)23288582,2025,08,22,8,55,臺中市,中區,0,1,0,7,3,6,50,4,4,1,5,4,6,6,1,1,5,2,5,2,13,2,8,1,1,C03,7,9,1,10,1,11,,7,7,1,6,4,120.684316,24.141886,2
8212,66000,387130000C,(04)23274275,(04)23288582,2025,08,22,8,59,臺中市,北屯區,0,0,0,7,,,50,,,,,,,,,,,,,,12,,,,,C04,,,1,,1,,,8,8,1,12,4,120.722677,24.175218,3
8213,66000,387130000C,(04)23274275,(04)23288582,2025,08,22,9,2,臺中市,西屯區,0,1,0,7,2,6,50,3,1,1,5,4,6,6,2,1,10,5,5,2,12,3,10,3,1,B03,7,5,1,8,2,2,,20,20,1,12,4,120.654038,24.167953,2
8214,66000,387130000C,(04)23274275,(04)23288582,2025,08,22,9,3,臺中市,西區,0,0,0,7,,,50,,,,,,,,,,,,,,,,,,,B03,,,1,8,2,,,49,49,1,13,4,120.676324,24.133959,3
8215,66000,387130000C,(04)23274275,(04)23288582,2025,08,22,9,5,臺中市,大雅區,0,1,0,7,1,6,30,4,2,1,5,4,6,6,4,4,10,5,5,2,17,3,10,1,1,C03,7,9,1,10,2,12,,15,15,1,12,4,120.656331,24.223218,2
8216,66000,387130000C,(04)23274275,(04)23288582,2025,08,22,9,6,臺中市,潭子區,0,1,0,7,3,6,50,3,1,1,5,4,6,6,1,1,1,4,4,2,17,2,9,2,1,C03,7,11,1,10,2,14,,45,45,1,13,4,120.690319,24.215971,2
8217,66000,387130000C,(04)23274275,(04)23288582,2025,08,22,9,10,臺中市,西區,0,2,0,7,3,6,50,3,1,1,5,4,6,6,4,4,10,5,5,2,10,2,9,2,1,C03,7,15,5,19,9,11,,39,39,1,12,4,120.66829,24.137003,2
8218,66000,387130000C,(04)23274275,(04)23288582,2025,08,22,9,10,臺中市,北屯區,0,1,0,7,1,6,50,3,2,1,5,4,6,6,4,4,1,4,5,2,13,2,9,1,1,C03,7,9,1,10,2,11,,59,59,1,6,4,120.70977,24.18233,2
8219,66000,387130000C,(04)23274275,(04)23288582,2025,08,22,9,10,臺中市,太平區,0,0,0,7,2,6,30,3,14,1,5,4,6,6,4,4,5,4,5,1,14,3,10,1,1,C03,7,2,1,10,2,13,,84,84,1,6,4,120.715867,24.148036,3
8220,66000,387130000C,(04)23274275,(04)23288582,2025,08,22,9,18,臺中市,西區,0,1,0,7,3,6,50,4,1,1,5,4,6,6,1,1,10,5,5,2,16,3,10,3,1,B01,7,6,1,4,2,2,,11,11,1,6,4,120.67582,24.141256,2
8221,66000,387130000C,(04)23274275,(04)23288582,2025,08,22,9,29,臺中市,西屯區,0,0,0,7,,,50,,,,,,,,,,,,,,17,,,,,B12,,,5,,1,,,84,84,1,13,4,120.636154,24.170905,3
8222,66000,387130000C,(04)23274275,(04)23288582,2025,08,22,9,39,臺中市,豐原區,0,0,0,7,,,30,,,,,,,,,,,,,,17,,,,,B03,,,1,,2,,,49,49,1,13,4,120.715678,24.269493,3
8223,66000,387130000C,(04)23274275,(04)23288582,2025,08,22,9,46,臺中市,霧峰區,0,0,0,7,,,50,,,,,,,,,,,,,,14,,,,,B03,,,1,,2,,,49,49,1,6,4,120.697205,24.058578,3
8224,66000,387130000C,(04)23274275,(04)23288582,2025,08,22,9,49,臺中市,豐原區,0,1,0,7,2,6,50,13,7,1,5,4,6,6,4,4,1,4,5,1,17,3,10,3,1,B02,7,1,1,8,2,8,,51,51,1,13,4,120.72834,24.250165,2
8225,66000,387130000C,(04)23274275,(04)23288582,2025,08,22,9,50,臺中市,大里區,0,2,0,7,3,6,50,3,1,1,5,4,6,6,1,1,1,4,4,1,15,2,8,1,1,C03,7,9,1,10,2,11,,21,21,1,12,3,120.694652,24.089568,2
8226,66000,387130000C,(04)23274275,(04)23288582,2025,08,22,9,55,臺中市,南屯區,0,0,0,7,3,6,50,13,9,1,5,4,6,6,4,4,10,5,5,2,13,,,,,B03,,,1,,1,,,7,7,1,12,4,120.638539,24.135931,3
8227,66000,387130000C,(04)23274275,(04)23288582,2025,08,22,9,57,臺中市,西屯區,0,0,0,7,,,50,,,,,,,,,,,,,,12,,,,,A12,,,1,,1,,,8,8,1,13,4,120.619299,24.16845,3
8228,66000,387130000C,(04)23274275,(04)23288582,2025,08,22,9,58,臺中市,南區,0,2,0,7,2,6,50,4,1,1,5,4,6,6,2,1,10,5,5,2,17,2,9,2,1,C03,7,6,1,10,2,11,,11,11,1,12,4,120.673388,24.130453,2
8229,66000,387130000C,(04)23274275,(04)23288582,2025,08,22,10,0,臺中市,北區,0,1,0,7,2,6,50,4,1,1,5,4,6,6,1,1,10,5,5,2,16,3,10,5,4,B03,7,5,1,8,2,5,,47,47,1,13,4,120.672347,24.165242,2
8230,66000,387130000C,(04)23274275,(04)23288582,2025,08,22,10,4,臺中市,北屯區,0,1,0,7,3,6,40,5,1,1,5,4,6,6,2,1,10,5,5,2,13,3,10,2,1,C03,7,9,3,19,2,11,,7,7,1,6,4,120.676711,24.176952,2
8231,66000,387130000C,(04)23274275,(04)23288582,2025,08,22,10,4,臺中市,烏日區,0,0,0,7,,,50,,,,,,,,,,,,,,,,,,,B03,,,1,,1,,,84,84,1,13,4,120.627172,24.104245,3
8232,66000,387130000C,(04)23274275,(04)23288582,2025,08,22,10,15,臺中市,西區,0,0,0,7,,,50,,,,,,,,,,,,,,30,,,,,B12,,,1,,2,,,84,84,1,12,4,120.661118,24.149524,3
8233,66000,387130000C,(04)23274275,(04)23288582,2025,08,22,10,17,臺中市,大雅區,0,1,0,7,3,6,50,4,2,1,5,4,6,6,1,1,9,4,4,1,12,3,10,3,1,B12,7,5,1,8,2,2,,11,11,1,13,4,120.653369,24.219024,2
8234,66000,387130000C,(04)23274275,(04)23288582,2025,08,22,10,17,臺中市,外埔區,0,1,0,7,2,6,50,4,1,1,5,4,6,6,1,1,5,4,5,1,15,3,10,3,1,B12,7,9,1,8,2,8,,87,87,1,6,4,120.65627,24.338781,2
8235,66000,387130000C,(04)23274275,(04)23288582,2025,08,22,10,20,臺中市,北屯區,0,2,0,7,3,6,50,4,1,1,5,4,6,6,4,4,10,5,5,2,15,2,9,2,1,C03,7,9,1,10,2,12,,12,12,1,6,4,120.715879,24.172423,2
8236,66000,387130000C,(04)23274275,(04)23288582,2025,08,22,10,20,臺中市,大甲區,0,1,0,7,2,6,70,5,8,1,5,4,6,6,1,1,6,3,4,1,12,3,10,3,1,B03,7,5,1,8,2,4,,8,8,1,12,4,120.622754,24.361899,2
8237,66000,387130000C,(04)23274275,(04)23288582,2025,08,22,10,25,臺中市,清水區,0,1,0,7,3,6,50,4,1,1,5,4,6,6,1,1,1,4,4,2,16,3,10,3,1,A11,7,6,1,3,2,8,,11,11,1,12,4,120.576371,24.271459,2
8238,66000,387130000C,(04)23274275,(04)23288582,2025,08,22,10,26,臺中市,北屯區,0,0,0,7,,,50,,,,,,,,,,,,,,,,,,,,,,,,,,,119,119,1,,,120.68625,24.183578,3
8239,66000,387130000C,(04)23274275,(04)23288582,2025,08,22,10,27,臺中市,中區,0,1,0,7,2,6,50,4,1,1,5,4,6,6,1,1,10,5,5,2,16,3,10,1,1,C03,7,6,1,10,2,11,,48,48,1,13,4,120.682389,24.145813,2
8240,66000,387130000C,(04)23274275,(04)23288582,2025,08,22,10,30,臺中市,大雅區,0,1,0,7,1,6,0,13,9,1,5,4,6,6,4,4,10,5,5,2,17,3,10,3,1,B03,7,1,1,8,2,5,,51,51,1,13,4,120.674651,24.214954,2
8241,66000,387130000C,(04)23274275,(04)23288582,2025,08,22,10,33,臺中市,南屯區,0,0,0,7,,,50,,,,,,,,,,,,,,,,,,,B03,,,1,,2,,,14,14,1,12,4,120.643999,24.137602,3
8242,66000,387130000C,(04)23274275,(04)23288582,2025,08,22,10,45,臺中市,北區,0,1,0,7,3,6,50,13,8,1,5,4,6,6,4,4,3,4,4,2,17,3,10,5,4,C03,7,9,1,10,2,12,,71,71,1,13,4,120.673283,24.16745,2
8243,66000,387130000C,(04)23274275,(04)23288582,2025,08,22,10,45,臺中市,大里區,0,0,0,7,2,6,50,13,9,1,5,4,6,6,4,4,5,4,5,1,13,,,,,B03,,,1,,1,,,59,59,1,6,4,120.690836,24.093347,3
8244,66000,387130000C,(04)23274275,(04)23288582,2025,08,22,10,47,臺中市,西屯區,0,0,0,7,,,50,,,,,,,,,,,,,,13,,,,,B12,,,1,,1,,,59,59,1,12,4,120.664665,24.17823,3
8245,66000,387130000C,(04)23274275,(04)23288582,2025,08,22,10,51,臺中市,北屯區,0,0,0,7,,,50,,,,,,,,,,,,,,13,,,,,C03,,,1,,9,,,7,7,2,12,4,120.690461,24.177171,3
8246,66000,387130000C,(04)23274275,(04)23288582,2025,08,22,10,52,臺中市,西區,0,1,0,7,3,6,40,13,8,1,5,4,6,6,4,4,1,4,4,2,13,2,9,1,1,C03,7,9,1,10,2,11,,7,7,1,6,4,120.665602,24.136338,2
8247,66000,387130000C,(04)23274275,(04)23288582,2025,08,22,11,0,臺中市,清水區,0,3,0,7,3,6,50,4,1,1,5,4,6,6,4,4,1,4,5,1,15,2,9,3,1,B03,7,9,1,8,2,1,,13,13,1,12,4,120.538627,24.268365,2
8248,66000,387130000C,(04)23274275,(04)23288582,2025,08,22,11,5,臺中市,西屯區,0,0,0,7,,,50,,,,,,,,,,,,,,13,,,,,C03,,,1,,1,,,7,7,1,12,4,120.626831,24.199615,3
8249,66000,387130000C,(04)23274275,(04)23288582,2025,08,22,11,5,臺中市,龍井區,0,1,0,6,3,6,30,13,9,1,5,4,6,6,4,4,10,5,5,1,14,3,10,3,1,B12,7,2,1,8,2,6,,49,49,1,6,4,120.518605,24.204064,2
8250,66000,387130000C,(04)23274275,(04)23288582,2025,08,22,11,5,臺中市,后里區,0,1,0,7,2,6,50,13,9,1,5,4,6,6,2,1,5,4,5,1,14,3,10,3,1,B03,7,2,1,8,2,3,,49,49,1,6,4,120.723566,24.294716,2
8251,66000,387130000C,(04)23274275,(04)23288582,2025,08,22,11,8,臺中市,大肚區,0,0,0,7,,,30,,,,,,,,,,,,,,17,,,,,C03,,,1,,2,,,85,85,1,6,4,120.580915,24.174745,4
8252,66000,387130000C,(04)23274275,(04)23288582,2025,08,22,11,11,臺中市,西屯區,0,1,0,7,3,6,40,13,8,1,5,4,6,6,4,4,3,4,5,2,30,2,9,5,4,C03,7,9,1,10,2,15,,84,84,1,13,4,120.644257,24.164782,2
8253,66000,387130000C,(04)23274275,(04)23288582,2025,08,22,11,11,臺中市,大甲區,0,0,0,7,,,30,,,,,,,,,,,,,,,,,,,C03,,,5,,2,,,8,8,1,6,4,120.629397,24.419318,3
8254,66000,387130000C,(04)23274275,(04)23288582,2025,08,22,11,15,臺中市,潭子區,0,0,0,7,,,50,,,,,,,,,,,,,,,,,,,C03,,,1,,2,,,21,21,1,13,4,120.718325,24.21811,3
8255,66000,387130000C,(04)23274275,(04)23288582,2025,08,22,11,16,臺中市,大里區,0,1,0,7,3,6,30,3,1,1,5,4,6,6,4,4,10,5,5,1,16,3,10,3,1,B12,7,6,1,8,2,5,,12,12,1,12,4,120.662113,24.102653,2
8256,66000,387130000C,(04)23274275,(04)23288582,2025,08,22,11,20,臺中市,北區,0,0,0,7,,,50,,,,,,,,,,,,,,17,,,,,B03,,,1,,1,,,8,8,1,13,4,120.678416,24.161544,3
8257,66000,387130000C,(04)23274275,(04)23288582,2025,08,22,11,20,臺中市,北屯區,0,0,0,7,,,50,,,,,,,,,,,,,,14,,,,,B03,,,1,,1,,,49,49,1,6,4,120.721592,24.17911,3
8258,66000,387130000C,(04)23274275,(04)23288582,2025,08,22,11,21,臺中市,西屯區,0,2,0,7,2,6,50,4,1,1,5,4,6,6,2,1,10,5,5,2,17,3,10,5,4,B12,7,9,1,8,2,1,,59,59,1,13,4,120.616268,24.179491,2
8259,66000,387130000C,(04)23274275,(04)23288582,2025,08,22,11,22,臺中市,沙鹿區,0,0,0,7,,,60,,,,,,,,,,,,,,,,,,,B03,,,1,,1,,,56,56,1,6,4,120.57568,24.227259,3
8260,66000,387130000C,(04)23274275,(04)23288582,2025,08,22,11,23,臺中市,大甲區,0,1,0,7,3,6,50,3,1,1,5,4,6,6,4,4,9,5,5,2,16,2,9,2,1,C03,7,9,1,10,2,11,,84,84,1,6,4,120.636445,24.366038,2
8261,66000,387130000C,(04)23274275,(04)23288582,2025,08,22,11,24,臺中市,龍井區,0,0,0,7,,,50,,,,,,,,,,,,,,,,,,,C03,,,1,,2,,,7,7,1,12,4,120.526797,24.218979,3
8262,66000,387130000C,(04)23274275,(04)23288582,2025,08,22,11,26,臺中市,東區,0,0,0,7,,,50,,,,,,,,,,,,,,14,,,,,B03,,,1,,1,,,49,49,1,12,4,120.69867,24.125832,3
8263,66000,387130000C,(04)23274275,(04)23288582,2025,08,22,11,27,臺中市,西區,0,1,0,7,2,6,50,4,1,1,5,4,6,6,4,4,10,5,5,2,13,2,9,1,1,C03,7,9,1,10,2,11,,84,84,1,6,4,120.66199,24.149858,2
8264,66000,387130000C,(04)23274275,(04)23288582,2025,08,22,11,28,臺中市,外埔區,0,0,0,7,,,30,,,,,,,,,,,,,,35,,,,,B11,,,1,,1,,,49,49,1,12,4,120.642914,24.341829,3
8265,66000,387130000C,(04)23274275,(04)23288582,2025,08,22,11,29,臺中市,北屯區,0,1,0,7,3,6,50,4,1,1,5,4,6,6,2,1,10,5,5,2,16,3,10,3,1,B12,7,5,1,8,2,5,,11,11,1,6,4,120.690465,24.176767,2
8266,66000,387130000C,(04)23274275,(04)23288582,2025,08,22,11,30,臺中市,北屯區,0,0,0,7,,,50,,,,,,,,,,,,,,13,,,,,C03,,,1,,1,,,7,7,1,6,4,120.704783,24.16949,4
8267,66000,387130000C,(04)23274275,(04)23288582,2025,08,22,11,30,臺中市,沙鹿區,0,0,0,7,,,60,,,,,,,,,,,,,,12,,,,,B03,,,1,,2,,,42,42,1,13,4,120.56906,24.237463,3
8268,66000,387130000C,(04)23274275,(04)23288582,2025,08,22,11,35,臺中市,南屯區,0,0,0,7,,,50,,,,,,,,,,,,,,,,,,,B03,,,1,,2,,,59,59,1,12,4,120.639998,24.135051,3
8269,66000,387130000C,(04)23274275,(04)23288582,2025,08,22,11,36,臺中市,南區,0,1,0,7,2,6,50,4,1,1,5,4,6,6,1,1,3,4,5,2,17,3,10,3,1,B12,7,5,1,8,2,2,,47,47,1,12,4,120.657849,24.11258,2
8270,66000,387130000C,(04)23274275,(04)23288582,2025,08,22,11,36,臺中市,沙鹿區,0,0,0,7,,,50,,,,,,,,,,,,,,12,,,,,B03,,,1,,2,,,48,48,1,6,4,120.56906,24.237463,3
8271,66000,387130000C,(04)23274275,(04)23288582,2025,08,22,11,37,臺中市,烏日區,0,0,0,7,,,50,,,,,,,,,,,,,,13,,,,,B03,,,1,,1,,,82,82,1,13,4,120.599518,24.111277,3
8272,66000,387130000C,(04)23274275,(04)23288582,2025,08,22,11,38,臺中市,大甲區,0,1,0,7,3,6,50,4,1,1,5,4,6,6,1,1,10,5,5,2,17,2,9,5,4,C03,7,6,1,10,2,14,,11,11,1,12,4,120.62574,24.348494,2
8273,66000,387130000C,(04)23274275,(04)23288582,2025,08,22,11,40,臺中市,霧峰區,0,1,0,7,2,6,40,13,8,1,5,4,6,6,4,4,3,4,4,1,17,3,10,2,1,C03,7,1,1,10,2,14,,51,51,1,6,4,120.694284,24.049712,2
8274,66000,387130000C,(04)23274275,(04)23288582,2025,08,22,11,40,臺中市,太平區,0,1,0,7,2,6,30,4,1,1,5,4,6,6,4,4,10,5,5,2,16,3,10,1,1,C03,7,6,1,10,2,14,,14,14,1,12,4,120.720813,24.127582,2
8275,66000,387130000C,(04)23274275,(04)23288582,2025,08,22,11,42,臺中市,北屯區,0,2,0,7,2,6,30,4,1,1,5,4,6,6,4,4,10,5,5,2,15,2,9,2,1,C02,7,9,1,9,2,12,,12,12,1,12,4,120.680364,24.179335,2
8276,66000,387130000C,(04)23274275,(04)23288582,2025,08,22,11,42,臺中市,梧棲區,0,0,0,7,,3,90,,,,,,,,,,,,,,12,,,,,A31,,,1,,2,,,40,40,1,12,4,120.539966,24.258503,3
8277,66000,387130000C,(04)23274275,(04)23288582,2025,08,22,11,47,臺中市,南屯區,0,0,0,7,,,50,,,,,,,,,,,,,,14,,,,,B03,,,1,,1,,,84,84,1,12,4,120.646495,24.130489,3