﻿序號,縣市別代碼,機關代碼,市話,傳真,年,月,日,時,分,縣市,區,死亡數量,受傷數量,2-30,天候,道路照明設備,道路類別,道路速限,道路型態,事故位置,路面鋪裝,路面狀態,路面缺陷,障礙物,視距,號誌種類,號誌動作,分向設施,快車道或一般車道間,快慢車道間,路面邊線,事故類型及型態,受傷程度,主要傷處,保護裝備,行動電話或功能裝置,當事者區分_類別,車輛用途,當事者行動狀態,駕照狀態,駕照種類,飲酒情形,車輛撞擊部位最初,車輛撞擊部位其他,肇事因素個別,肇事因素主要,肇事逃逸,職業,共享經濟或外送平台,GPS座標X,GPS座標Y,事故類別
8392,66000,387130000C,(04)23274275,(04)23288582,2025,08,22,16,5,臺中市,沙鹿區,0,0,0,7,,,50,,,,,,,,,,,,,,,,,,,B11,,,1,,2,,,59,59,1,13,4,120.566152,24.211814,3
8393,66000,387130000C,(04)23274275,(04)23288582,2025,08,22,16,7,臺中市,北區,0,1,0,7,3,6,50,3,2,1,5,4,6,6,4,4,5,5,4,2,17,3,10,1,1,C03,7,6,1,10,2,12,,39,39,1,12,4,120.671378,24.159225,2
8394,66000,387130000C,(04)23274275,(04)23288582,2025,08,22,16,8,臺中市,南區,0,1,0,7,3,6,50,4,7,1,5,4,6,6,2,1,5,5,5,2,17,3,10,5,4,C03,7,6,1,10,2,14,,48,48,1,6,4,120.656963,24.117158,2
8395,66000,387130000C,(04)23274275,(04)23288582,2025,08,22,16,9,臺中市,南屯區,0,0,0,7,,,0,,,,,,,,,,,,,,14,,,,,C03,,,1,,9,,,49,49,2,6,4,120.652258,24.14026,3
8396,66000,387130000C,(04)23274275,(04)23288582,2025,08,22,16,10,臺中市,豐原區,0,0,0,6,,,50,,,,,,,,,,,,,,9,,,,,H01,,,7,,10,,,109,109,1,12,5,120.708537,24.245467,3
8397,66000,387130000C,(04)23274275,(04)23288582,2025,08,22,16,14,臺中市,南屯區,0,0,0,7,,,50,,,,,,,,,,,,,,,,,,,B03,,,1,,1,,,51,51,1,13,4,120.640384,24.137657,3
8398,66000,387130000C,(04)23274275,(04)23288582,2025,08,22,16,17,臺中市,南區,0,0,0,7,,,50,,,,,,,,,,,,,,12,,,,,A12,,,1,,9,,,8,8,1,12,4,120.652463,24.117371,3
8399,66000,387130000C,(04)23274275,(04)23288582,2025,08,22,16,18,臺中市,北區,0,0,0,7,,,50,,,,,,,,,,,,,,17,,,,,B03,,,1,,2,,,84,84,1,13,4,120.681736,24.153169,3
8400,66000,387130000C,(04)23274275,(04)23288582,2025,08,22,16,21,臺中市,太平區,0,2,0,7,2,6,50,4,1,1,5,4,6,6,2,1,5,5,4,2,16,2,1,3,1,B03,7,6,1,8,2,6,,11,11,1,6,4,120.726873,24.115277,2
8401,66000,387130000C,(04)23274275,(04)23288582,2025,08,22,16,27,臺中市,龍井區,0,0,0,7,,,40,,,,,,,,,,,,,,12,,,,,C03,,,1,,2,,,7,7,1,5,4,120.586004,24.185839,3
8402,66000,387130000C,(04)23274275,(04)23288582,2025,08,22,16,28,臺中市,潭子區,0,1,0,7,2,6,50,4,1,1,5,4,6,6,2,1,5,5,5,1,16,3,10,3,1,B03,7,5,1,8,2,5,,84,84,1,13,4,120.696489,24.194261,2
8403,66000,387130000C,(04)23274275,(04)23288582,2025,08,22,16,30,臺中市,大甲區,0,1,0,7,2,6,40,3,9,1,5,4,6,6,4,4,6,4,5,1,17,3,10,3,1,B12,7,6,1,8,2,16,,14,14,1,12,4,120.627828,24.346708,2
8404,66000,387130000C,(04)23274275,(04)23288582,2025,08,22,16,33,臺中市,清水區,0,0,0,7,3,6,50,4,2,1,5,4,6,6,1,1,8,3,4,1,13,,,,,B03,,,1,,1,,,7,7,1,12,4,120.57527,24.269095,3
8405,66000,387130000C,(04)23274275,(04)23288582,2025,08,22,16,34,臺中市,沙鹿區,0,0,0,7,,,50,,,,,,,,,,,,,,17,,,,,B03,,,1,,2,,,8,8,2,12,4,120.565511,24.236315,3
8406,66000,387130000C,(04)23274275,(04)23288582,2025,08,22,16,37,臺中市,沙鹿區,0,0,0,7,,,50,,,,,,,,,,,,,,,,,,,B03,,,1,,1,,,40,40,1,13,4,120.599255,24.25431,3
8407,66000,387130000C,(04)23274275,(04)23288582,2025,08,22,16,40,臺中市,東區,0,1,0,7,1,6,50,4,1,1,5,4,6,6,1,1,9,4,5,2,18,2,9,1,1,C03,7,9,1,10,2,12,,84,84,1,12,4,120.706049,24.144484,2
8408,66000,387130000C,(04)23274275,(04)23288582,2025,08,22,16,44,臺中市,潭子區,0,0,0,7,,,50,,,,,,,,,,,,,,,,,,,B03,,,1,,2,,,51,51,1,13,4,120.701105,24.216327,3
8409,66000,387130000C,(04)23274275,(04)23288582,2025,08,22,16,49,臺中市,北區,0,1,0,7,3,6,50,4,2,1,5,4,6,6,1,1,5,4,5,2,17,3,10,3,1,A02,7,9,1,1,2,5,,84,84,1,12,4,120.674567,24.146806,2
8410,66000,387130000C,(04)23274275,(04)23288582,2025,08,22,16,52,臺中市,東區,0,0,0,7,,,50,,,,,,,,,,,,,,,,,,,B12,,,1,,2,,,49,49,1,6,4,120.70962,24.143849,3
8411,66000,387130000C,(04)23274275,(04)23288582,2025,08,22,16,53,臺中市,沙鹿區,0,0,0,7,,,50,,,,,,,,,,,,,,16,,,,,B03,,,1,,1,,,11,11,1,12,4,120.558825,24.234814,3
8412,66000,387130000C,(04)23274275,(04)23288582,2025,08,22,16,53,臺中市,大甲區,0,0,0,7,,,50,,,,,,,,,,,,,,,,,,,B03,,,1,,2,,,14,14,1,6,4,120.629722,24.419627,3
8413,66000,387130000C,(04)23274275,(04)23288582,2025,08,22,16,57,臺中市,潭子區,0,0,0,7,,3,80,,,,,,,,,,,,,,,,,,,B03,,,1,,2,,,84,84,1,13,4,120.722134,24.192838,3
8414,66000,387130000C,(04)23274275,(04)23288582,2025,08,22,16,58,臺中市,太平區,0,0,0,7,,,50,,,,,,,,,,,,,,17,,,,,B12,,,1,,2,,,51,51,1,12,4,120.725687,24.134125,3
8415,66000,387130000C,(04)23274275,(04)23288582,2025,08,22,17,0,臺中市,大里區,0,0,0,7,,,40,,,,,,,,,,,,,,,,,,,B03,,,1,,1,,,50,50,1,12,4,120.684402,24.101982,3
8416,66000,387130000C,(04)23274275,(04)23288582,2025,08,22,17,1,臺中市,烏日區,0,1,0,7,2,6,30,4,1,1,5,4,6,6,4,4,10,5,5,2,17,3,10,5,4,A41,7,9,1,1,2,2,,15,15,1,6,4,120.639348,24.067415,2
8417,66000,387130000C,(04)23274275,(04)23288582,2025,08,22,17,2,臺中市,南屯區,0,1,0,7,1,6,50,3,1,1,5,4,6,6,4,4,5,4,5,2,12,3,10,5,4,B12,7,5,1,8,2,6,,47,47,1,13,4,120.631318,24.138436,2
8418,66000,387130000C,(04)23274275,(04)23288582,2025,08,22,17,3,臺中市,東區,0,1,0,7,2,6,50,4,1,1,5,4,6,6,2,1,10,5,5,2,30,2,9,2,1,C03,7,9,1,10,2,12,,85,85,1,12,4,120.69241,24.138774,2
8419,66000,387130000C,(04)23274275,(04)23288582,2025,08,22,17,4,臺中市,大里區,0,0,0,7,,,50,,,,,,,,,,,,,,16,,,,,B01,,,1,,2,,,45,45,1,13,4,120.686142,24.09996,3
8420,66000,387130000C,(04)23274275,(04)23288582,2025,08,22,17,6,臺中市,南屯區,0,0,0,7,,,50,,,,,,,,,,,,,,13,,,,,B03,,,1,,2,,,7,7,1,12,4,120.646564,24.134687,3
8421,66000,387130000C,(04)23274275,(04)23288582,2025,08,22,17,6,臺中市,西屯區,0,2,0,7,2,6,50,4,1,1,5,4,6,6,1,1,10,5,5,2,16,2,8,5,1,C03,7,5,3,19,11,12,,11,11,1,12,4,120.65589,24.170451,2
8422,66000,387130000C,(04)23274275,(04)23288582,2025,08,22,17,8,臺中市,西屯區,0,0,0,7,,,50,,,,,,,,,,,,,,12,,,,,B03,,,1,,2,,,8,8,1,13,4,120.62036,24.186936,3
8423,66000,387130000C,(04)23274275,(04)23288582,2025,08,22,17,13,臺中市,太平區,0,2,0,7,2,6,50,13,9,1,5,4,6,6,4,4,5,5,5,1,12,2,9,5,4,C03,7,9,1,10,2,11,,7,7,1,6,4,120.71422,24.143752,2
8424,66000,387130000C,(04)23274275,(04)23288582,2025,08,22,17,15,臺中市,太平區,0,0,0,7,,,50,,,,,,,,,,,,,,13,,,,,C03,,,1,,2,,,84,84,1,13,4,120.72345,24.10538,3
8425,66000,387130000C,(04)23274275,(04)23288582,2025,08,22,17,16,臺中市,南屯區,0,0,0,7,,,50,,,,,,,,,,,,,,18,,,,,C03,,,1,,11,,,87,87,1,12,4,120.645055,24.135973,3
8426,66000,387130000C,(04)23274275,(04)23288582,2025,08,22,17,17,臺中市,西區,0,1,0,7,2,6,40,4,2,1,5,4,6,6,1,1,3,2,4,2,12,3,10,3,1,B03,7,9,1,8,2,2,,85,85,1,12,4,120.671996,24.146246,2
8427,66000,387130000C,(04)23274275,(04)23288582,2025,08,22,17,18,臺中市,中區,0,1,0,7,2,6,50,4,1,1,5,4,6,6,4,4,10,5,5,2,12,3,10,1,1,C03,7,15,3,19,2,14,,84,84,1,5,4,120.675429,24.143961,2
8428,66000,387130000C,(04)23274275,(04)23288582,2025,08,22,17,18,臺中市,神岡區,0,1,0,7,2,6,50,4,2,1,5,4,6,6,4,4,5,5,5,1,13,2,9,5,4,C03,7,9,1,10,2,11,,7,7,1,12,4,120.694166,24.236597,2
8429,66000,387130000C,(04)23274275,(04)23288582,2025,08,22,17,19,臺中市,大雅區,0,0,0,7,,,60,,,,,,,,,,,,,,,,,,,B03,,,1,,2,,,50,50,1,13,4,120.665532,24.234838,3
8430,66000,387130000C,(04)23274275,(04)23288582,2025,08,22,17,19,臺中市,南區,0,1,0,7,2,6,50,13,9,1,5,4,6,6,4,4,1,4,5,2,13,2,9,1,1,C03,7,9,1,10,2,11,,7,7,1,12,4,120.644828,24.110212,2
8431,66000,387130000C,(04)23274275,(04)23288582,2025,08,22,17,20,臺中市,大雅區,0,0,0,7,,,50,,,,,,,,,,,,,,,,,,,B13,,,1,,9,,,8,8,1,13,4,120.66252,24.220163,3
8432,66000,387130000C,(04)23274275,(04)23288582,2025,08,22,17,20,臺中市,龍井區,0,1,0,7,3,6,40,3,1,1,5,4,6,6,4,4,5,5,5,1,17,3,10,3,1,B12,7,6,1,8,2,8,,87,87,1,12,4,120.519258,24.208353,2
8433,66000,387130000C,(04)23274275,(04)23288582,2025,08,22,17,22,臺中市,西屯區,0,2,0,7,2,6,30,4,1,1,5,4,6,6,4,4,10,5,5,2,15,3,10,1,1,C03,7,9,1,10,2,11,,12,12,1,13,4,120.644934,24.175421,2
8434,66000,387130000C,(04)23274275,(04)23288582,2025,08,22,17,22,臺中市,大肚區,0,0,0,7,,,50,,,,,,,,,,,,,,16,,,,,C03,,,1,,2,,,14,14,1,6,4,120.574472,24.159791,3
8435,66000,387130000C,(04)23274275,(04)23288582,2025,08,22,17,23,臺中市,西區,0,1,0,7,1,6,50,4,1,1,5,4,6,6,4,4,10,5,5,2,17,2,8,5,4,C03,7,6,1,10,11,11,,14,14,1,12,4,120.667889,24.152592,2
8436,66000,387130000C,(04)23274275,(04)23288582,2025,08,22,17,23,臺中市,大里區,0,0,0,7,,,50,,,,,,,,,,,,,,16,,,,,C03,,,1,,2,,,40,40,1,13,4,120.680761,24.104977,3
8437,66000,387130000C,(04)23274275,(04)23288582,2025,08,22,17,24,臺中市,南屯區,0,0,0,7,,,50,,,,,,,,,,,,,,13,,,,,B03,,,1,,1,,,84,84,1,6,4,120.647091,24.124915,3
8438,66000,387130000C,(04)23274275,(04)23288582,2025,08,22,17,28,臺中市,南屯區,0,0,0,7,,,50,,,,,,,,,,,,,,17,,,,,B12,,,5,,1,,,59,59,1,13,4,120.628518,24.115797,3
8439,66000,387130000C,(04)23274275,(04)23288582,2025,08,22,17,37,臺中市,烏日區,0,1,0,7,2,6,50,3,1,1,5,4,6,6,4,4,10,5,5,2,16,3,10,5,4,B12,7,6,1,8,2,6,,14,14,1,13,4,120.635877,24.094537,2
8440,66000,387130000C,(04)23274275,(04)23288582,2025,08,22,17,38,臺中市,西區,0,1,0,7,2,6,40,4,1,1,5,4,6,6,1,1,10,5,5,2,16,3,10,3,1,B03,7,5,1,8,2,5,,11,11,1,12,4,120.657345,24.137987,2
8441,66000,387130000C,(04)23274275,(04)23288582,2025,08,22,17,38,臺中市,南屯區,0,1,0,7,1,6,50,4,1,1,5,4,6,6,2,1,5,5,5,2,11,2,9,2,1,C03,7,15,5,19,2,11,,84,84,1,13,4,120.611568,24.138461,2
8442,66000,387130000C,(04)23274275,(04)23288582,2025,08,22,17,40,臺中市,大雅區,0,0,0,7,,,0,,,,,,,,,,,,,,,,,,,B03,,,1,,1,,,51,51,1,13,4,120.65268,24.214353,3
8443,66000,387130000C,(04)23274275,(04)23288582,2025,08,22,17,40,臺中市,北區,0,0,0,7,,,50,,,,,,,,,,,,,,,,,,,C03,,,1,,1,,,7,7,1,12,4,120.676645,24.149857,3
8444,66000,387130000C,(04)23274275,(04)23288582,2025,08,22,17,40,臺中市,北區,0,1,0,7,2,6,50,13,7,1,4,4,6,6,4,4,9,4,4,2,13,2,8,1,1,C03,7,9,1,10,2,11,,7,7,1,13,4,120.683799,24.147873,2
8445,66000,387130000C,(04)23274275,(04)23288582,2025,08,22,17,44,臺中市,西屯區,0,0,0,7,,,70,,,,,,,,,,,,,,13,,,,,B03,,,1,,1,,,7,7,1,12,4,120.602833,24.182865,3
8446,66000,387130000C,(04)23274275,(04)23288582,2025,08,22,17,44,臺中市,龍井區,0,1,0,7,2,6,30,4,1,1,5,4,6,6,4,4,10,5,5,2,16,2,9,1,1,C03,7,1,1,10,2,12,,12,12,1,12,4,120.594092,24.187705,2
8447,66000,387130000C,(04)23274275,(04)23288582,2025,08,22,17,45,臺中市,西屯區,0,1,0,7,2,6,0,13,21,4,5,4,6,6,4,4,10,5,5,2,15,2,9,1,1,C03,7,9,1,10,1,14,,39,39,1,12,4,120.635167,24.160625,2
8448,66000,387130000C,(04)23274275,(04)23288582,2025,08,22,17,46,臺中市,南屯區,0,0,0,7,,,40,,,,,,,,,,,,,,17,,,,,C03,,,1,,1,,,51,51,1,12,4,120.622863,24.150936,3
8449,66000,387130000C,(04)23274275,(04)23288582,2025,08,22,17,48,臺中市,烏日區,0,0,0,6,2,6,50,13,7,1,5,4,6,6,4,4,1,4,1,2,12,3,10,3,1,B03,7,7,1,8,1,5,,40,40,1,6,4,120.617596,24.102805,3
8450,66000,387130000C,(04)23274275,(04)23288582,2025,08,22,17,50,臺中市,大肚區,0,2,0,7,3,6,50,4,1,1,5,4,6,6,2,1,10,5,5,2,11,2,9,2,1,C03,7,6,2,19,2,12,,11,11,1,6,4,120.547745,24.155704,2
8451,66000,387130000C,(04)23274275,(04)23288582,2025,08,22,17,50,臺中市,龍井區,0,0,0,7,,,60,,,,,,,,,,,,,,16,,,,,B03,,,1,,2,,,38,38,1,10,4,120.581856,24.17598,3
8452,66000,387130000C,(04)23274275,(04)23288582,2025,08,22,17,51,臺中市,西屯區,0,1,0,7,1,6,50,5,1,1,5,4,6,6,1,1,5,2,5,2,12,2,9,2,1,C03,7,15,3,19,2,14,,39,39,1,12,4,120.606083,24.161779,2
8453,66000,387130000C,(04)23274275,(04)23288582,2025,08,22,17,53,臺中市,大里區,0,0,0,7,,,50,,,,,,,,,,,,,,,,,,,B03,,,1,,1,,,84,84,1,12,4,120.674772,24.097673,3
8454,66000,387130000C,(04)23274275,(04)23288582,2025,08,22,17,56,臺中市,北屯區,0,0,0,7,,,50,,,,,,,,,,,,,,,,,,,B03,,,1,,9,,,84,84,1,12,4,120.669743,24.176832,3
8455,66000,387130000C,(04)23274275,(04)23288582,2025,08,22,18,0,臺中市,東區,0,0,0,7,,,30,,,,,,,,,,,,,,,,,,,B03,,,1,,9,,,84,84,1,6,4,120.705641,24.130044,3
8456,66000,387130000C,(04)23274275,(04)23288582,2025,08,22,18,5,臺中市,潭子區,0,0,0,7,,,40,,,,,,,,,,,,,,,,,,,B03,,,1,,2,,,85,85,1,13,4,120.699179,24.198947,3
8457,66000,387130000C,(04)23274275,(04)23288582,2025,08,22,18,11,臺中市,西屯區,0,1,0,7,3,6,50,4,1,1,5,4,6,6,1,1,1,4,5,2,16,2,9,5,4,C03,7,9,1,10,2,14,12,84,84,1,12,4,120.636528,24.170784,2
8458,66000,387130000C,(04)23274275,(04)23288582,2025,08,22,18,12,臺中市,南屯區,0,0,0,7,,,60,,,,,,,,,,,,,,13,,,,,C03,,,1,,1,,,59,59,1,12,4,120.646503,24.146771,3
8459,66000,387130000C,(04)23274275,(04)23288582,2025,08,22,18,14,臺中市,北屯區,0,0,0,7,,,40,,,,,,,,,,,,,,17,,,,,A11,,,1,,9,,,58,58,1,12,4,120.686226,24.192681,4
8460,66000,387130000C,(04)23274275,(04)23288582,2025,08,22,18,16,臺中市,北屯區,0,0,0,7,,,60,,,,,,,,,,,,,,,,,,,B03,,,1,,1,,,7,7,1,6,4,120.711955,24.164564,3
8461,66000,387130000C,(04)23274275,(04)23288582,2025,08,22,18,16,臺中市,西屯區,0,0,0,7,,,30,,,,,,,,,,,,,,17,,,,,B01,,,1,,2,,,12,12,1,13,4,120.627807,24.159398,3
8462,66000,387130000C,(04)23274275,(04)23288582,2025,08,22,18,18,臺中市,神岡區,0,1,0,7,1,6,30,3,1,1,5,4,6,6,4,4,10,5,5,2,19,2,9,6,1,F01,7,6,7,21,2,12,,87,87,1,13,4,120.687285,24.246019,2
8463,66000,387130000C,(04)23274275,(04)23288582,2025,08,22,18,23,臺中市,西區,0,1,0,7,1,6,50,4,1,1,5,4,6,6,1,1,10,5,5,2,16,3,10,1,1,C03,7,6,1,10,1,11,,11,11,1,6,4,120.655138,24.153572,2
8464,66000,387130000C,(04)23274275,(04)23288582,2025,08,22,18,24,臺中市,南屯區,0,0,0,7,,,30,,,,,,,,,,,,,,17,,,,,B03,,,1,,1,,,8,8,1,6,4,120.638887,24.13614,3
8465,66000,387130000C,(04)23274275,(04)23288582,2025,08,22,18,25,臺中市,西屯區,0,0,0,7,,,50,,,,,,,,,,,,,,13,,,,,B03,,,1,,1,,,56,56,1,12,4,120.656781,24.198355,3
8466,66000,387130000C,(04)23274275,(04)23288582,2025,08,22,18,27,臺中市,西屯區,0,0,0,7,,,50,,,,,,,,,,,,,,17,,,,,B03,,,1,,1,,,59,59,1,13,4,120.668478,24.178174,4
8467,66000,387130000C,(04)23274275,(04)23288582,2025,08,22,18,29,臺中市,北屯區,0,0,0,7,,,50,,,,,,,,,,,,,,,,,,,C03,,,1,,2,,,84,84,1,13,4,120.66342,24.185308,4
8468,66000,387130000C,(04)23274275,(04)23288582,2025,08,22,18,34,臺中市,南區,0,0,0,7,,,50,,,,,,,,,,,,,,,,,,,B03,,,1,,1,,,43,43,1,12,4,120.657413,24.129681,3
8469,66000,387130000C,(04)23274275,(04)23288582,2025,08,22,18,35,臺中市,東區,0,1,0,7,1,6,50,13,9,1,5,4,6,6,4,4,9,4,5,2,12,2,9,1,1,C03,7,9,1,10,2,11,12,7,7,1,12,4,120.688715,24.134601,2
8470,66000,387130000C,(04)23274275,(04)23288582,2025,08,22,18,37,臺中市,南屯區,0,0,0,7,,,50,,,,,,,,,,,,,,,,,,,B03,,,1,,1,,,59,59,1,13,4,120.652719,24.149881,3
8471,66000,387130000C,(04)23274275,(04)23288582,2025,08,22,18,39,臺中市,大里區,0,0,0,7,,,40,,,,,,,,,,,,,,13,,,,,F03,,,7,,2,,,7,7,1,13,4,120.69648,24.110946,3
8472,66000,387130000C,(04)23274275,(04)23288582,2025,08,22,18,40,臺中市,西區,0,1,0,6,2,6,50,4,1,1,5,4,6,6,1,1,10,5,5,2,17,3,10,3,1,B03,7,1,1,8,2,8,,51,51,1,12,4,120.655115,24.147742,2
8473,66000,387130000C,(04)23274275,(04)23288582,2025,08,22,18,45,臺中市,大里區,0,0,0,7,,3,80,,,,,,,,,,,,,,13,,,,,B03,,,1,,2,,,7,7,1,13,4,120.690704,24.098029,3
8474,66000,387130000C,(04)23274275,(04)23288582,2025,08,22,18,46,臺中市,西區,0,3,0,7,1,6,50,5,1,1,5,4,6,6,1,1,10,5,5,2,17,2,9,5,4,C03,7,6,1,10,2,11,,11,11,1,12,4,120.672547,24.131775,2
8475,66000,387130000C,(04)23274275,(04)23288582,2025,08,22,18,47,臺中市,潭子區,0,0,0,7,,,50,,,,,,,,,,,,,,,,,,,B03,,,1,,2,,,8,8,1,13,4,120.709659,24.200718,3
8476,66000,387130000C,(04)23274275,(04)23288582,2025,08,22,18,50,臺中市,南屯區,0,1,0,7,1,6,50,3,1,1,5,4,6,6,4,4,10,5,5,2,17,3,10,3,1,B03,7,5,1,8,2,5,,47,47,1,6,4,120.636371,24.146265,2
8477,66000,387130000C,(04)23274275,(04)23288582,2025,08,22,18,50,臺中市,南屯區,0,0,0,7,,,50,,,,,,,,,,,,,,,,,,,C03,,,1,,1,,,45,45,1,13,4,120.638185,24.139825,3
8478,66000,387130000C,(04)23274275,(04)23288582,2025,08,22,18,52,臺中市,后里區,0,0,0,7,,,50,,,,,,,,,,,,,,12,,,,,B03,,,1,,2,,,50,50,1,12,4,120.722054,24.309041,3
8479,66000,387130000C,(04)23274275,(04)23288582,2025,08,22,18,54,臺中市,外埔區,0,1,0,7,1,6,50,3,4,1,5,4,6,6,2,1,4,4,4,1,13,3,10,3,1,B03,7,9,1,8,2,1,,59,59,1,6,4,120.637232,24.3427,2
8480,66000,387130000C,(04)23274275,(04)23288582,2025,08,22,19,0,臺中市,西屯區,0,0,0,7,,,30,,,,,,,,,,,,,,17,,,,,B03,,,1,,1,,,8,8,1,12,4,120.647469,24.181995,3
8481,66000,387130000C,(04)23274275,(04)23288582,2025,08,22,19,5,臺中市,大雅區,0,1,0,7,1,6,50,4,1,1,5,4,6,6,1,1,8,5,5,1,17,3,10,3,4,B03,7,6,1,8,2,2,,11,11,1,13,4,120.655097,24.235103,2
8482,66000,387130000C,(04)23274275,(04)23288582,2025,08,22,19,6,臺中市,西區,0,0,0,7,,,50,,,,,,,,,,,,,,13,,,,,B03,,,1,,1,,,84,84,1,12,4,120.667532,24.141802,3
8483,66000,387130000C,(04)23274275,(04)23288582,2025,08,22,19,6,臺中市,烏日區,0,0,0,7,1,6,50,13,8,1,5,4,6,6,4,4,1,4,4,1,14,3,10,3,1,B03,7,2,1,8,1,3,,49,49,1,6,4,120.631565,24.109677,3
8484,66000,387130000C,(04)23274275,(04)23288582,2025,08,22,19,10,臺中市,西屯區,0,0,0,7,,,50,,,,,,,,,,,,,,,,,,,C03,,,1,,1,,,7,7,1,12,4,120.65182,24.20652,3
8485,66000,387130000C,(04)23274275,(04)23288582,2025,08,22,19,11,臺中市,中區,0,0,0,7,,,50,,,,,,,,,,,,,,,,,,,B03,,,3,,1,,,7,7,1,6,4,120.676568,24.145044,3
8486,66000,387130000C,(04)23274275,(04)23288582,2025,08,22,19,12,臺中市,沙鹿區,0,2,0,7,1,6,50,3,1,1,5,4,6,6,4,4,10,5,5,2,17,2,7,1,1,C03,7,11,1,10,2,14,,45,45,1,5,4,120.576371,24.224664,2
8487,66000,387130000C,(04)23274275,(04)23288582,2025,08,22,19,25,臺中市,大肚區,0,1,0,7,1,6,50,3,9,1,5,4,6,6,4,4,9,5,5,2,17,2,9,2,1,C03,7,9,1,10,2,14,,6,6,1,6,4,120.575095,24.161168,2
8488,66000,387130000C,(04)23274275,(04)23288582,2025,08,22,19,28,臺中市,神岡區,0,0,0,6,,,30,,,,,,,,,,,,,,16,,,,,B03,,,1,,2,,,14,14,1,12,4,120.693606,24.237071,3
8489,66000,387130000C,(04)23274275,(04)23288582,2025,08,22,19,32,臺中市,南區,0,0,0,7,,,50,,,,,,,,,,,,,,,,,,,B03,,,1,,2,,,45,45,1,6,4,120.664029,24.113455,4
8490,66000,387130000C,(04)23274275,(04)23288582,2025,08,22,19,36,臺中市,南屯區,0,0,0,7,,,50,,,,,,,,,,,,,,13,,,,,B03,,,1,,1,,,84,84,1,12,4,120.627393,24.144827,3
8491,66000,387130000C,(04)23274275,(04)23288582,2025,08,22,19,39,臺中市,太平區,0,2,0,7,1,6,50,3,1,1,5,4,6,6,4,4,5,5,4,1,3,2,7,6,5,H01,8,18,7,21,10,17,,95,95,1,6,5,120.726496,24.133954,2
8492,66000,387130000C,(04)23274275,(04)23288582,2025,08,22,19,43,臺中市,西屯區,0,0,0,7,,,30,,,,,,,,,,,,,,17,,,,,B03,,,1,,1,,,49,49,1,12,4,120.654756,24.161118,3
8493,66000,387130000C,(04)23274275,(04)23288582,2025,08,22,19,45,臺中市,北屯區,0,0,0,7,,,50,,,,,,,,,,,,,,13,,,,,B01,,,1,,2,,,49,49,1,12,4,120.704621,24.186555,3
8494,66000,387130000C,(04)23274275,(04)23288582,2025,08,22,19,56,臺中市,北屯區,0,1,0,7,1,6,50,5,2,1,5,4,6,6,1,1,5,5,5,2,16,3,10,1,1,C03,7,1,1,10,2,13,,51,51,1,12,4,120.680486,24.196626,2
8495,66000,387130000C,(04)23274275,(04)23288582,2025,08,22,19,58,臺中市,大里區,0,1,0,7,1,6,50,4,1,1,5,4,6,6,4,4,5,5,4,1,14,3,10,3,1,B03,7,2,1,8,2,3,,49,49,1,13,4,120.685257,24.110237,2
8496,66000,387130000C,(04)23274275,(04)23288582,2025,08,22,20,5,臺中市,太平區,0,0,0,7,,,50,,,,,,,,,,,,,,,,,,,B03,,,1,,2,,,49,49,1,6,4,120.71946,24.158261,3
8497,66000,387130000C,(04)23274275,(04)23288582,2025,08,22,20,9,臺中市,南屯區,0,0,0,7,,,60,,,,,,,,,,,,,,11,,,,,B03,,,1,,1,,,8,8,1,12,4,120.616286,24.146186,3
8498,66000,387130000C,(04)23274275,(04)23288582,2025,08,22,20,10,臺中市,南屯區,0,0,0,7,,,50,,,,,,,,,,,,,,14,,,,,B03,,,1,,2,,,49,49,1,6,4,120.642843,24.14401,3
8499,66000,387130000C,(04)23274275,(04)23288582,2025,08,22,20,18,臺中市,東區,0,1,0,7,1,6,50,4,1,1,5,4,6,6,4,4,10,5,5,2,15,2,9,1,1,C03,7,9,1,10,2,12,,15,15,1,12,4,120.698284,24.128781,2
8500,66000,387130000C,(04)23274275,(04)23288582,2025,08,22,20,19,臺中市,北區,0,1,0,7,1,6,50,3,1,1,5,4,6,6,2,1,10,5,5,2,17,2,8,1,1,C03,7,5,1,10,2,12,,84,84,1,12,4,120.698877,24.154143,2
8501,66000,387130000C,(04)23274275,(04)23288582,2025,08,22,20,19,臺中市,沙鹿區,0,0,0,6,,,40,,,,,,,,,,,,,,,,,,,B03,,,1,,2,,,49,49,1,13,4,120.571914,24.233754,3
8502,66000,387130000C,(04)23274275,(04)23288582,2025,08,22,20,20,臺中市,神岡區,0,0,0,7,,,50,,,,,,,,,,,,,,13,,,,,B03,,,1,,1,,,56,56,1,12,4,120.69913,24.248841,3
8503,66000,387130000C,(04)23274275,(04)23288582,2025,08,22,20,22,臺中市,西屯區,0,0,0,7,,,30,,,,,,,,,,,,,,14,,,,,B03,,,1,,11,,,49,49,1,13,4,120.649448,24.156049,3