﻿序號,縣市別代碼,機關代碼,市話,傳真,年,月,日,時,分,縣市,區,死亡數量,受傷數量,2-30,天候,道路照明設備,道路類別,道路速限,道路型態,事故位置,路面鋪裝,路面狀態,路面缺陷,障礙物,視距,號誌種類,號誌動作,分向設施,快車道或一般車道間,快慢車道間,路面邊線,事故類型及型態,受傷程度,主要傷處,保護裝備,行動電話或功能裝置,當事者區分_類別,車輛用途,當事者行動狀態,駕照狀態,駕照種類,飲酒情形,車輛撞擊部位最初,車輛撞擊部位其他,肇事因素個別,肇事因素主要,肇事逃逸,職業,共享經濟或外送平台,GPS座標X,GPS座標Y,事故類別
8615,66000,387130000C,(04)23274275,(04)23288582,2025,08,23,9,18,臺中市,大甲區,0,2,0,6,3,6,70,3,1,1,5,4,6,6,1,1,3,4,4,1,13,2,9,2,1,C03,7,9,1,10,2,11,,84,84,1,6,4,120.651436,24.387019,2
8616,66000,387130000C,(04)23274275,(04)23288582,2025,08,23,9,21,臺中市,南屯區,0,0,0,7,,,50,,,,,,,,,,,,,,17,,,,,B03,,,1,,1,,,76,76,1,6,4,120.628956,24.116306,3
8617,66000,387130000C,(04)23274275,(04)23288582,2025,08,23,9,22,臺中市,南區,0,0,0,7,,,50,,,,,,,,,,,,,,,,,,,B12,,,1,,2,,,7,7,1,6,4,120.669869,24.122804,3
8618,66000,387130000C,(04)23274275,(04)23288582,2025,08,23,9,25,臺中市,南屯區,0,1,0,7,2,6,40,13,8,1,5,4,6,6,4,4,9,4,4,2,14,3,10,3,1,B03,7,2,1,8,1,3,,49,49,1,12,4,120.630387,24.123139,2
8619,66000,387130000C,(04)23274275,(04)23288582,2025,08,23,9,25,臺中市,大里區,0,1,0,7,2,6,30,4,1,1,5,4,6,6,4,4,10,5,5,2,15,2,9,1,1,C03,7,9,1,10,2,12,,20,20,1,13,4,120.687341,24.11203,2
8620,66000,387130000C,(04)23274275,(04)23288582,2025,08,23,9,30,臺中市,西屯區,0,0,0,7,,,50,,,,,,,,,,,,,,,,,,,B03,,,1,,1,,,49,49,1,12,4,120.601134,24.185734,3
8621,66000,387130000C,(04)23274275,(04)23288582,2025,08,23,9,31,臺中市,大里區,0,0,0,7,,,50,,,,,,,,,,,,,,,,,,,C03,,,1,,1,,,7,7,1,12,4,120.689276,24.104919,3
8622,66000,387130000C,(04)23274275,(04)23288582,2025,08,23,9,33,臺中市,西區,0,1,0,7,2,6,50,3,2,1,5,4,6,6,4,4,5,4,4,2,17,3,10,3,1,B12,7,3,1,8,2,6,,50,50,1,12,4,120.663269,24.156962,2
8623,66000,387130000C,(04)23274275,(04)23288582,2025,08,23,9,36,臺中市,太平區,0,2,0,7,3,6,50,4,1,1,5,4,6,6,1,1,5,5,5,2,16,2,8,2,1,C03,7,6,3,19,9,11,,11,11,1,12,4,120.718315,24.148927,2
8624,66000,387130000C,(04)23274275,(04)23288582,2025,08,23,9,37,臺中市,大雅區,0,0,0,7,,,60,,,,,,,,,,,,,,,,,,,B03,,,1,,1,,,7,7,1,13,4,120.647936,24.219748,3
8625,66000,387130000C,(04)23274275,(04)23288582,2025,08,23,9,40,臺中市,北屯區,0,1,0,7,3,6,50,4,1,1,5,4,6,6,2,1,10,5,5,2,16,2,9,2,1,C03,7,9,1,10,1,14,,84,84,1,6,4,120.699789,24.160414,2
8626,66000,387130000C,(04)23274275,(04)23288582,2025,08,23,9,40,臺中市,北屯區,0,0,0,7,,,50,,,,,,,,,,,,,,9,,,,,A11,,,1,,1,,,87,87,1,6,4,120.715384,24.163823,3
8627,66000,387130000C,(04)23274275,(04)23288582,2025,08,23,9,44,臺中市,北屯區,0,0,0,7,,,50,,,,,,,,,,,,,,17,,,,,B03,,,1,,1,,,76,76,1,11,4,120.686201,24.191651,3
8628,66000,387130000C,(04)23274275,(04)23288582,2025,08,23,9,50,臺中市,大雅區,0,1,0,7,1,6,50,4,1,1,5,4,6,6,4,4,10,5,5,2,16,2,9,2,1,C03,7,6,1,10,2,14,,14,14,1,12,4,120.64797,24.22725,2
8629,66000,387130000C,(04)23274275,(04)23288582,2025,08,23,9,51,臺中市,北屯區,0,0,0,7,,,50,,,,,,,,,,,,,,,,,,,B03,,,1,,2,,,84,84,1,13,4,120.694723,24.174851,3
8630,66000,387130000C,(04)23274275,(04)23288582,2025,08,23,9,53,臺中市,大肚區,0,1,0,7,3,6,50,3,9,1,5,4,6,6,1,1,5,4,5,1,13,2,9,2,1,C03,7,9,1,10,4,11,,59,59,1,6,4,120.54176,24.159581,2
8631,66000,387130000C,(04)23274275,(04)23288582,2025,08,23,9,53,臺中市,新社區,0,1,0,7,3,6,50,3,1,1,5,4,6,6,2,1,5,2,5,1,16,3,10,3,1,B03,7,11,1,8,2,5,,45,45,1,6,4,120.806774,24.238263,2
8632,66000,387130000C,(04)23274275,(04)23288582,2025,08,23,9,53,臺中市,東勢區,0,0,0,7,,,50,,,,,,,,,,,,,,14,,,,,B12,,,1,,1,,,49,49,1,6,4,120.828172,24.264328,3
8633,66000,387130000C,(04)23274275,(04)23288582,2025,08,23,9,54,臺中市,石岡區,0,1,0,7,2,6,70,13,7,1,5,4,6,6,4,4,1,4,4,1,17,2,8,1,1,C03,7,9,1,10,2,11,,84,84,1,12,4,120.80131,24.268854,2
8634,66000,387130000C,(04)23274275,(04)23288582,2025,08,23,10,0,臺中市,北屯區,0,0,0,7,,,50,,,,,,,,,,,,,,9,,,,,B03,,,1,,1,,,12,12,1,6,4,120.686963,24.18934,3
8635,66000,387130000C,(04)23274275,(04)23288582,2025,08,23,10,0,臺中市,西屯區,0,1,0,7,2,6,30,5,1,1,5,4,6,6,4,4,10,5,5,2,17,2,9,5,4,C03,7,5,1,10,1,14,,14,14,1,13,4,120.668795,24.175857,2
8636,66000,387130000C,(04)23274275,(04)23288582,2025,08,23,10,1,臺中市,大肚區,0,1,0,7,3,6,40,13,8,1,5,4,6,6,4,4,1,4,4,1,28,2,9,2,1,C03,7,9,1,10,2,11,,85,85,1,6,4,120.575142,24.11951,2
8637,66000,387130000C,(04)23274275,(04)23288582,2025,08,23,10,3,臺中市,西區,0,0,0,7,,,50,,,,,,,,,,,,,,,,,,,B03,,,1,,1,,,51,51,1,13,4,120.657395,24.142945,3
8638,66000,387130000C,(04)23274275,(04)23288582,2025,08,23,10,4,臺中市,西屯區,0,0,0,7,,,50,,,,,,,,,,,,,,13,,,,,B03,,,1,,1,,,7,7,1,12,4,120.621333,24.179933,3
8639,66000,387130000C,(04)23274275,(04)23288582,2025,08,23,10,6,臺中市,北屯區,0,1,0,7,2,6,50,13,9,1,5,4,6,6,4,4,1,4,4,2,12,3,10,3,1,B03,7,5,1,8,2,6,,84,84,1,6,4,120.663084,24.187737,2
8640,66000,387130000C,(04)23274275,(04)23288582,2025,08,23,10,9,臺中市,清水區,0,0,0,7,,,50,,,,,,,,,,,,,,,,,,,B03,,,1,,1,,,58,58,1,12,4,120.577122,24.275601,3
8641,66000,387130000C,(04)23274275,(04)23288582,2025,08,23,10,10,臺中市,大雅區,0,1,0,7,3,6,0,3,9,1,5,4,6,6,4,4,9,4,5,1,12,2,9,1,1,F02,7,1,7,21,2,14,,51,51,1,13,4,120.651475,24.225526,2
8642,66000,387130000C,(04)23274275,(04)23288582,2025,08,23,10,10,臺中市,東區,0,0,0,7,,,50,,,,,,,,,,,,,,16,,,,,B03,,,1,,1,,,7,7,1,13,4,120.696675,24.140233,3
8643,66000,387130000C,(04)23274275,(04)23288582,2025,08,23,10,12,臺中市,南屯區,0,0,0,7,3,6,50,13,9,1,5,4,6,6,4,4,1,4,5,2,13,,,,,B12,,,1,,1,,,7,7,1,12,4,120.646144,24.138211,3
8644,66000,387130000C,(04)23274275,(04)23288582,2025,08,23,10,12,臺中市,北屯區,0,1,0,7,1,6,50,13,9,1,5,4,6,6,4,4,5,4,5,2,12,3,10,3,1,B03,7,9,1,8,6,2,,53,53,1,13,4,120.694868,24.164736,2
8645,66000,387130000C,(04)23274275,(04)23288582,2025,08,23,10,15,臺中市,西屯區,0,0,0,7,2,9,50,13,9,1,5,4,6,6,4,4,1,4,5,2,13,,,,,C03,,,1,,1,,,7,7,1,13,4,120.65024,24.164174,3
8646,66000,387130000C,(04)23274275,(04)23288582,2025,08,23,10,15,臺中市,沙鹿區,0,0,0,7,,,60,,,,,,,,,,,,,,,,,,,B03,,,1,,2,,,7,7,1,6,4,120.586322,24.250119,3
8647,66000,387130000C,(04)23274275,(04)23288582,2025,08,23,10,16,臺中市,龍井區,0,1,0,7,3,6,50,13,9,1,5,4,6,6,4,4,1,4,4,1,12,3,10,3,1,B03,7,7,1,8,2,2,,40,40,1,6,4,120.542989,24.171945,2
8648,66000,387130000C,(04)23274275,(04)23288582,2025,08,23,10,18,臺中市,南區,0,1,0,7,2,6,50,4,1,1,5,4,6,6,2,1,10,5,5,2,16,3,10,3,1,B03,7,6,1,8,2,1,,11,11,1,12,4,120.669943,24.117181,2
8649,66000,387130000C,(04)23274275,(04)23288582,2025,08,23,10,19,臺中市,沙鹿區,0,2,0,7,2,6,30,4,1,1,5,4,6,6,4,4,10,5,5,2,15,2,8,1,1,C03,7,9,1,10,2,11,14,13,13,1,6,4,120.567296,24.250627,2
8650,66000,387130000C,(04)23274275,(04)23288582,2025,08,23,10,32,臺中市,西屯區,0,0,0,7,,,60,,,,,,,,,,,,,,12,,,,,B03,,,1,,2,,,40,40,1,12,4,120.649796,24.162755,3
8651,66000,387130000C,(04)23274275,(04)23288582,2025,08,23,10,35,臺中市,西屯區,0,0,0,7,,,50,,,,,,,,,,,,,,13,,,,,B03,,,1,,1,,,59,59,1,12,4,120.611668,24.192904,3
8652,66000,387130000C,(04)23274275,(04)23288582,2025,08,23,10,37,臺中市,太平區,0,0,0,7,,,30,,,,,,,,,,,,,,14,,,,,B12,,,1,,2,,,49,49,1,12,4,120.7347,24.149698,3
8653,66000,387130000C,(04)23274275,(04)23288582,2025,08,23,10,39,臺中市,太平區,0,0,0,7,,,50,,,,,,,,,,,,,,,,,,,B03,,,1,,2,,,39,39,1,12,4,120.738725,24.13113,3
8654,66000,387130000C,(04)23274275,(04)23288582,2025,08,23,10,41,臺中市,清水區,0,0,0,7,,,50,,,,,,,,,,,,,,,,,,,B02,,,1,,2,,,14,14,1,12,4,120.572583,24.264476,3
8655,66000,387130000C,(04)23274275,(04)23288582,2025,08,23,10,43,臺中市,東區,0,1,0,7,3,6,50,13,9,1,5,4,6,6,4,4,5,4,5,2,12,2,9,2,1,C03,7,8,1,10,2,14,,40,40,1,12,4,120.693086,24.134524,2
8656,66000,387130000C,(04)23274275,(04)23288582,2025,08,23,10,44,臺中市,東勢區,0,1,0,7,3,6,50,3,1,1,5,4,6,6,4,4,5,5,5,1,16,3,10,3,1,B01,7,6,1,4,2,8,,12,12,1,6,4,120.780799,24.285762,2
8657,66000,387130000C,(04)23274275,(04)23288582,2025,08,23,10,46,臺中市,大雅區,0,1,0,7,1,6,50,13,9,1,5,4,6,6,4,4,5,5,5,1,12,3,10,3,1,B03,7,9,1,8,2,2,6,8,8,1,12,4,120.665216,24.214509,2
8658,66000,387130000C,(04)23274275,(04)23288582,2025,08,23,10,49,臺中市,大甲區,0,0,0,7,,,50,,,,,,,,,,,,,,12,,,,,C03,,,1,,2,,,51,51,1,6,4,120.62751,24.350907,3
8659,66000,387130000C,(04)23274275,(04)23288582,2025,08,23,10,51,臺中市,潭子區,0,1,0,7,3,6,50,3,8,1,5,4,6,6,4,4,1,4,5,1,12,2,9,2,1,C03,7,9,1,10,2,14,,8,8,1,13,4,120.712403,24.213607,2
8660,66000,387130000C,(04)23274275,(04)23288582,2025,08,23,10,52,臺中市,南屯區,0,0,0,7,,,60,,,,,,,,,,,,,,,,,,,B03,,,1,,1,,,82,82,1,13,4,120.624043,24.152733,3
8661,66000,387130000C,(04)23274275,(04)23288582,2025,08,23,10,53,臺中市,南屯區,0,2,0,7,3,6,50,13,9,1,5,4,6,6,4,4,3,4,5,2,18,2,9,1,1,C03,7,9,1,10,2,14,,90,90,1,12,4,120.649862,24.127506,2
8662,66000,387130000C,(04)23274275,(04)23288582,2025,08,23,10,56,臺中市,南屯區,0,0,0,7,,,50,,,,,,,,,,,,,,,,,,,C03,,,1,,1,,,7,7,1,6,4,120.63771,24.146978,3
8663,66000,387130000C,(04)23274275,(04)23288582,2025,08,23,10,56,臺中市,大甲區,0,0,0,7,,,50,,,,,,,,,,,,,,14,,,,,B03,,,1,,1,,,49,49,1,6,4,120.628316,24.342755,3
8664,66000,387130000C,(04)23274275,(04)23288582,2025,08,23,10,58,臺中市,北區,0,0,0,7,,,50,,,,,,,,,,,,,,17,,,,,C03,,,1,,1,,,7,7,1,13,4,120.674616,24.162533,3
8665,66000,387130000C,(04)23274275,(04)23288582,2025,08,23,10,59,臺中市,南區,0,1,0,7,3,6,50,13,9,1,5,4,6,6,2,1,5,5,5,2,17,3,10,5,4,C03,7,9,1,10,2,11,,7,7,1,6,4,120.685038,24.12957,2
8666,66000,387130000C,(04)23274275,(04)23288582,2025,08,23,11,0,臺中市,沙鹿區,0,1,0,7,1,6,30,13,9,1,5,4,6,6,4,4,10,5,5,2,10,2,8,2,1,F03,7,9,7,21,2,13,,43,43,1,3,4,120.565676,24.223093,2
8667,66000,387130000C,(04)23274275,(04)23288582,2025,08,23,11,1,臺中市,西區,0,0,0,7,,,50,,,,,,,,,,,,,,,,,,,C03,,,1,,1,,,7,7,1,6,4,120.661827,24.147283,3
8668,66000,387130000C,(04)23274275,(04)23288582,2025,08,23,11,1,臺中市,南區,0,1,0,7,3,6,30,13,9,1,5,4,6,6,4,4,10,5,5,2,17,2,9,2,1,C03,7,9,1,8,2,11,,7,7,1,13,4,120.660118,24.118348,2
8669,66000,387130000C,(04)23274275,(04)23288582,2025,08,23,11,3,臺中市,北區,0,2,0,7,2,6,50,4,1,1,5,4,6,6,4,4,10,5,5,2,17,2,9,5,4,C03,7,9,1,10,2,11,,84,84,1,13,4,120.686586,24.156006,2
8670,66000,387130000C,(04)23274275,(04)23288582,2025,08,23,11,3,臺中市,烏日區,0,1,0,7,2,6,50,13,7,1,5,4,6,6,4,4,5,5,4,1,13,2,9,2,1,C03,7,9,1,10,2,11,,7,7,1,6,4,120.620835,24.106499,2
8671,66000,387130000C,(04)23274275,(04)23288582,2025,08,23,11,4,臺中市,北屯區,0,1,0,7,3,6,50,13,9,1,5,4,6,6,4,4,5,5,5,2,12,3,10,3,1,B03,7,14,1,8,2,2,,77,77,1,6,4,120.722873,24.175859,2
8672,66000,387130000C,(04)23274275,(04)23288582,2025,08,23,11,5,臺中市,大里區,0,0,0,7,,,50,,,,,,,,,,,,,,,,,,,B03,,,1,,2,,,84,84,1,13,4,120.682368,24.079129,3
8673,66000,387130000C,(04)23274275,(04)23288582,2025,08,23,11,5,臺中市,豐原區,0,2,0,7,2,6,50,3,19,1,5,4,6,6,1,1,10,5,5,2,3,3,10,5,4,B03,7,9,1,8,2,4,,10,10,1,12,4,120.727896,24.254893,2
8674,66000,387130000C,(04)23274275,(04)23288582,2025,08,23,11,5,臺中市,豐原區,0,0,0,7,,,50,,,,,,,,,,,,,,12,,,,,B12,,,1,,1,,,40,40,1,13,4,120.72322,24.244281,3
8675,66000,387130000C,(04)23274275,(04)23288582,2025,08,23,11,6,臺中市,南屯區,0,1,0,7,2,6,50,4,1,1,5,4,6,6,2,1,9,4,4,2,12,2,7,1,1,C03,7,7,1,10,1,12,,40,40,1,12,4,120.654569,24.135273,2
8676,66000,387130000C,(04)23274275,(04)23288582,2025,08,23,11,7,臺中市,北區,0,0,0,7,3,6,50,18,24,1,5,4,6,6,2,1,10,5,5,2,17,,,,,B03,,,1,,1,,,59,59,1,13,4,120.67474,24.162543,3
8677,66000,387130000C,(04)23274275,(04)23288582,2025,08,23,11,10,臺中市,霧峰區,0,1,0,7,2,6,50,4,1,1,5,4,6,6,1,1,10,5,5,2,17,3,10,5,4,B03,7,9,1,6,2,5,,84,84,1,13,4,120.664648,24.059994,2
8678,66000,387130000C,(04)23274275,(04)23288582,2025,08,23,11,15,臺中市,北屯區,0,0,0,7,,,50,,,,,,,,,,,,,,16,,,,,B03,,,1,,1,,,11,11,1,6,4,120.710575,24.178252,3
8679,66000,387130000C,(04)23274275,(04)23288582,2025,08,23,11,15,臺中市,大里區,0,0,0,7,,,40,,,,,,,,,,,,,,13,,,,,B03,,,1,,2,,,56,56,1,6,4,120.670069,24.084338,3
8680,66000,387130000C,(04)23274275,(04)23288582,2025,08,23,11,20,臺中市,潭子區,0,0,0,7,,3,80,,,,,,,,,,,,,,,,,,,B03,,,1,,2,,,84,84,1,13,4,120.719463,24.196588,3
8681,66000,387130000C,(04)23274275,(04)23288582,2025,08,23,11,20,臺中市,南屯區,0,1,0,7,2,6,30,4,2,1,5,4,6,6,4,4,5,5,4,2,16,3,10,2,1,C03,7,6,1,10,2,14,,13,13,1,12,4,120.637864,24.139049,2
8682,66000,387130000C,(04)23274275,(04)23288582,2025,08,23,11,20,臺中市,南屯區,0,0,0,7,3,6,50,13,8,1,5,4,6,6,4,4,1,4,1,2,13,,,,,C03,,,1,,2,,,7,7,1,12,4,120.623398,24.149617,3
8683,66000,387130000C,(04)23274275,(04)23288582,2025,08,23,11,20,臺中市,大安區,0,0,0,7,,,50,,,,,,,,,,,,,,,,,,,B03,,,1,,2,,,51,51,1,6,4,120.592416,24.337547,3
8684,66000,387130000C,(04)23274275,(04)23288582,2025,08,23,11,21,臺中市,西區,0,0,0,7,,,50,,,,,,,,,,,,,,,,,,,B03,,,1,,1,,,7,7,1,12,4,120.661699,24.150845,3
8685,66000,387130000C,(04)23274275,(04)23288582,2025,08,23,11,21,臺中市,北區,0,1,0,7,2,6,50,13,9,1,5,4,6,6,4,4,1,4,5,2,12,2,9,1,1,C03,7,9,1,10,2,11,,59,59,1,12,4,120.684841,24.166251,2
8686,66000,387130000C,(04)23274275,(04)23288582,2025,08,23,11,30,臺中市,潭子區,0,0,0,7,,,50,,,,,,,,,,,,,,,,,,,B13,,,1,,2,,,76,76,1,13,4,120.703229,24.209762,3
8687,66000,387130000C,(04)23274275,(04)23288582,2025,08,23,11,33,臺中市,南屯區,0,1,0,7,3,6,50,13,9,1,5,4,6,6,1,1,5,5,4,2,12,3,10,1,1,C03,7,9,1,10,2,14,,42,42,1,12,4,120.612328,24.150667,2
8688,66000,387130000C,(04)23274275,(04)23288582,2025,08,23,11,33,臺中市,龍井區,0,2,0,7,1,6,50,13,9,1,5,4,6,6,4,4,9,5,5,1,13,2,8,1,1,C03,7,9,1,10,2,11,,7,7,1,6,4,120.5841,24.181467,2
8689,66000,387130000C,(04)23274275,(04)23288582,2025,08,23,11,34,臺中市,太平區,0,1,0,7,2,6,30,13,9,1,5,4,6,6,4,4,10,5,5,1,13,2,3,1,1,C03,7,9,1,10,2,11,,7,7,1,6,4,120.766086,24.096548,2
8690,66000,387130000C,(04)23274275,(04)23288582,2025,08,23,11,36,臺中市,清水區,0,0,0,7,,,50,,,,,,,,,,,,,,,,,,,B03,,,1,,1,,,8,8,1,12,4,120.574833,24.268475,3
8691,66000,387130000C,(04)23274275,(04)23288582,2025,08,23,11,39,臺中市,北屯區,0,0,0,7,,3,50,,,,,,,,,,,,,,13,,,,,B03,,,1,,1,,,84,84,1,12,4,120.719971,24.164508,3
8692,66000,387130000C,(04)23274275,(04)23288582,2025,08,23,11,40,臺中市,東區,0,0,0,7,,,0,,,,,,,,,,,,,,17,,,,,C03,,,1,,1,,,84,84,1,12,4,120.69721,24.138815,3
8693,66000,387130000C,(04)23274275,(04)23288582,2025,08,23,11,42,臺中市,沙鹿區,0,0,0,7,,,30,,,,,,,,,,,,,,17,,,,,B03,,,1,,1,,,29,29,1,6,4,120.570154,24.200218,3
8694,66000,387130000C,(04)23274275,(04)23288582,2025,08,23,11,50,臺中市,大雅區,0,0,0,7,,,50,,,,,,,,,,,,,,,,,,,B03,,,1,,1,,,7,7,1,13,4,120.629517,24.208193,3
8695,66000,387130000C,(04)23274275,(04)23288582,2025,08,23,11,50,臺中市,北屯區,0,0,0,7,,,40,,,,,,,,,,,,,,17,,,,,,,,,,,,,86,86,1,,,120.689512,24.165132,3
8696,66000,387130000C,(04)23274275,(04)23288582,2025,08,23,11,50,臺中市,西屯區,0,1,0,7,2,3,80,10,9,1,5,4,6,6,4,4,3,4,5,2,13,3,10,3,1,B03,7,9,1,8,2,1,,7,7,1,12,4,120.634948,24.179291,2
8697,66000,387130000C,(04)23274275,(04)23288582,2025,08,23,11,50,臺中市,西屯區,0,0,0,7,,,50,,,,,,,,,,,,,,17,,,,,C03,,,1,,1,,,7,7,1,13,4,120.633368,24.174566,3
8698,66000,387130000C,(04)23274275,(04)23288582,2025,08,23,11,50,臺中市,太平區,0,2,0,7,2,6,30,3,1,1,5,4,6,6,4,4,10,5,5,2,17,3,10,5,4,B03,7,5,1,8,2,8,,14,14,1,6,4,120.721413,24.150462,2
8699,66000,387130000C,(04)23274275,(04)23288582,2025,08,23,11,55,臺中市,豐原區,0,0,0,7,2,6,30,3,1,1,5,4,6,6,4,4,10,5,5,2,15,3,10,3,1,B03,7,5,1,8,1,1,,14,14,1,12,4,120.74121,24.250404,3
8700,66000,387130000C,(04)23274275,(04)23288582,2025,08,23,11,58,臺中市,新社區,0,0,0,7,,,30,,,,,,,,,,,,,,,,,,,B03,,,1,,1,,,84,84,1,12,4,120.814751,24.252011,3
8701,66000,387130000C,(04)23274275,(04)23288582,2025,08,23,11,59,臺中市,西區,0,0,0,7,,,50,,,,,,,,,,,,,,17,,,,,B03,,,1,,9,,,1,1,1,12,4,120.660215,24.149024,3
8702,66000,387130000C,(04)23274275,(04)23288582,2025,08,23,12,0,臺中市,北屯區,0,0,0,7,,,50,,,,,,,,,,,,,,9,,,,,,,,,,,,,119,119,1,,,120.690464,24.190526,3
8703,66000,387130000C,(04)23274275,(04)23288582,2025,08,23,12,2,臺中市,北屯區,0,0,0,7,,,50,,,,,,,,,,,,,,,,,,,B03,,,1,,2,,,84,84,1,13,4,120.711557,24.16117,3
8704,66000,387130000C,(04)23274275,(04)23288582,2025,08,23,12,6,臺中市,太平區,0,0,0,7,,,50,,,,,,,,,,,,,,,,,,,A12,,,1,,2,,,68,68,1,12,4,120.719696,24.121245,3
8705,66000,387130000C,(04)23274275,(04)23288582,2025,08,23,12,7,臺中市,大里區,0,2,0,7,2,6,50,3,1,1,5,4,6,6,1,1,5,5,4,1,16,2,9,1,1,C03,7,1,1,10,2,14,,51,51,1,13,4,120.687377,24.106587,2
8706,66000,387130000C,(04)23274275,(04)23288582,2025,08,23,12,8,臺中市,豐原區,0,0,0,7,,,50,,,,,,,,,,,,,,14,,,,,B03,,,3,,3,,,49,49,1,12,4,120.725159,24.255042,3
8707,66000,387130000C,(04)23274275,(04)23288582,2025,08,23,12,9,臺中市,東區,0,0,0,7,,,50,,,,,,,,,,,,,,17,,,,,B03,,,1,,1,,,7,7,1,12,4,120.70508,24.137616,3
8708,66000,387130000C,(04)23274275,(04)23288582,2025,08,23,12,10,臺中市,北區,0,1,0,7,2,6,50,4,2,1,5,4,6,6,1,1,5,4,5,2,18,2,9,5,1,C03,7,9,1,10,2,14,,84,84,1,13,4,120.679264,24.151953,2
8709,66000,387130000C,(04)23274275,(04)23288582,2025,08,23,12,18,臺中市,北屯區,0,0,0,7,,,50,,,,,,,,,,,,,,14,,,,,B03,,,1,8,1,,,49,49,1,12,4,120.731396,24.170654,3
8710,66000,387130000C,(04)23274275,(04)23288582,2025,08,23,12,23,臺中市,潭子區,0,1,0,7,2,6,50,4,1,1,5,4,6,6,2,1,5,5,5,2,16,3,10,3,1,B03,7,6,1,8,2,8,,11,11,1,13,4,120.718104,24.197696,2
8711,66000,387130000C,(04)23274275,(04)23288582,2025,08,23,12,32,臺中市,北屯區,0,2,0,7,1,6,50,13,7,1,5,4,6,6,4,4,5,4,4,2,3,2,9,6,5,H01,8,16,7,21,10,17,,95,95,1,13,5,120.68743,24.170982,2
8712,66000,387130000C,(04)23274275,(04)23288582,2025,08,23,12,35,臺中市,豐原區,0,0,0,7,,,30,,,,,,,,,,,,,,17,,,,,C03,,,1,,10,,,87,87,1,13,4,120.717988,24.250429,3
8713,66000,387130000C,(04)23274275,(04)23288582,2025,08,23,12,36,臺中市,北區,0,0,0,7,,,30,,,,,,,,,,,,,,13,,,,,B12,,,1,,1,,,7,7,1,13,4,120.686266,24.165367,3
8714,66000,387130000C,(04)23274275,(04)23288582,2025,08,23,12,37,臺中市,大雅區,0,0,0,7,,,50,,,,,,,,,,,,,,17,,,,,B03,,,1,,2,,,8,8,1,12,4,120.665677,24.217051,3
8715,66000,387130000C,(04)23274275,(04)23288582,2025,08,23,12,38,臺中市,西屯區,0,1,0,7,2,6,50,13,10,1,5,4,6,6,4,4,1,5,1,2,23,3,10,3,1,A02,7,12,1,2,2,5,,59,59,1,12,4,120.651239,24.16216,2
8716,66000,387130000C,(04)23274275,(04)23288582,2025,08,23,12,41,臺中市,北區,0,2,0,7,2,6,50,4,1,1,5,4,6,6,4,4,5,5,5,2,15,2,9,1,1,C03,7,15,1,10,2,14,,39,39,1,12,4,120.676625,24.152289,2
8717,66000,387130000C,(04)23274275,(04)23288582,2025,08,23,12,42,臺中市,太平區,0,0,0,7,2,6,50,4,9,1,5,4,6,6,2,1,5,5,5,2,13,3,10,3,1,B03,7,15,1,8,2,1,,59,59,1,6,4,120.715781,24.151658,3
8718,66000,387130000C,(04)23274275,(04)23288582,2025,08,23,12,43,臺中市,大里區,0,2,0,7,2,6,50,13,9,1,5,4,6,6,4,4,5,5,5,2,17,3,10,3,1,A12,7,9,1,7,1,16,,75,75,1,6,4,120.709389,24.09927,2
8719,66000,387130000C,(04)23274275,(04)23288582,2025,08,23,12,45,臺中市,豐原區,0,0,0,7,,,50,,,,,,,,,,,,,,12,,,,,C03,,,3,,2,,,47,47,1,12,4,120.699207,24.248976,3
8720,66000,387130000C,(04)23274275,(04)23288582,2025,08,23,12,46,臺中市,西區,0,0,0,7,,,50,,,,,,,,,,,,,,,,,,,C03,,,1,,1,,,40,40,1,12,4,120.670061,24.14684,3
8721,66000,387130000C,(04)23274275,(04)23288582,2025,08,23,12,48,臺中市,龍井區,0,0,0,7,,,60,,,,,,,,,,,,,,13,,,,,A31,,,1,,2,,,59,59,1,6,4,120.523214,24.219304,3
8722,66000,387130000C,(04)23274275,(04)23288582,2025,08,23,12,49,臺中市,豐原區,0,2,0,7,2,6,50,13,9,1,5,4,6,6,4,4,5,4,5,2,12,2,9,1,1,C03,7,11,1,10,2,11,,46,46,1,12,4,120.730058,24.252192,2
8723,66000,387130000C,(04)23274275,(04)23288582,2025,08,23,12,50,臺中市,東區,0,0,0,7,,,50,,,,,,,,,,,,,,,,,,,C03,,,1,,1,,,20,20,1,6,4,120.699079,24.142117,3
8724,66000,387130000C,(04)23274275,(04)23288582,2025,08,23,12,52,臺中市,西屯區,0,0,0,7,,,50,,,,,,,,,,,,,,12,,,,,C03,,,1,,1,,,8,8,1,12,4,120.650297,24.163835,3
8725,66000,387130000C,(04)23274275,(04)23288582,2025,08,23,12,54,臺中市,東區,0,0,0,7,,,50,,,,,,,,,,,,,,16,,,,,B03,,,1,,1,,,84,84,1,12,4,120.700759,24.127191,3
8726,66000,387130000C,(04)23274275,(04)23288582,2025,08,23,12,55,臺中市,北區,0,1,0,7,2,6,50,4,1,1,5,4,6,6,4,4,5,5,5,2,17,3,10,5,1,B12,7,9,1,8,2,1,,12,12,1,13,4,120.673655,24.158459,2