﻿序號,縣市別代碼,機關代碼,市話,傳真,年,月,日,時,分,縣市,區,死亡數量,受傷數量,2-30,天候,道路照明設備,道路類別,道路速限,道路型態,事故位置,路面鋪裝,路面狀態,路面缺陷,障礙物,視距,號誌種類,號誌動作,分向設施,快車道或一般車道間,快慢車道間,路面邊線,事故類型及型態,受傷程度,主要傷處,保護裝備,行動電話或功能裝置,當事者區分_類別,車輛用途,當事者行動狀態,駕照狀態,駕照種類,飲酒情形,車輛撞擊部位最初,車輛撞擊部位其他,肇事因素個別,肇事因素主要,肇事逃逸,職業,共享經濟或外送平台,GPS座標X,GPS座標Y,事故類別
8727,66000,387130000C,(04)23274275,(04)23288582,2025,08,23,12,56,臺中市,南區,0,0,0,7,,,50,,,,,,,,,,,,,,13,,,,,A11,,,1,,2,,,84,84,1,13,4,120.650612,24.120234,3
8728,66000,387130000C,(04)23274275,(04)23288582,2025,08,23,12,59,臺中市,南區,0,1,0,7,2,6,50,13,9,1,5,4,6,6,4,4,3,4,5,2,17,3,10,2,1,C03,7,3,1,10,2,13,,50,50,1,12,4,120.657349,24.129428,2
8729,66000,387130000C,(04)23274275,(04)23288582,2025,08,23,13,0,臺中市,南屯區,0,0,0,7,,,30,,,,,,,,,,,,,,17,,,,,B03,,,1,,1,,,8,8,2,12,4,120.646004,24.153503,3
8730,66000,387130000C,(04)23274275,(04)23288582,2025,08,23,13,1,臺中市,清水區,0,1,0,7,3,6,70,3,1,1,5,4,6,6,1,1,1,4,4,1,12,3,10,3,1,B03,7,15,1,8,2,2,,8,8,1,12,4,120.595154,24.300231,2
8731,66000,387130000C,(04)23274275,(04)23288582,2025,08,23,13,2,臺中市,豐原區,0,1,0,7,2,6,50,3,4,1,5,4,6,6,1,1,5,4,5,2,13,3,10,1,1,C03,7,9,1,10,2,11,,84,84,1,12,4,120.719427,24.260222,2
8732,66000,387130000C,(04)23274275,(04)23288582,2025,08,23,13,3,臺中市,北屯區,0,0,0,7,,,50,,,,,,,,,,,,,,17,,,,,B03,,,1,,11,,,59,59,1,11,4,120.701454,24.169048,3
8733,66000,387130000C,(04)23274275,(04)23288582,2025,08,23,13,7,臺中市,南區,0,1,0,7,3,6,50,5,9,1,5,4,6,6,4,4,3,5,5,2,16,3,10,5,4,B03,7,5,1,8,2,8,,20,20,1,6,4,120.665791,24.123484,2
8734,66000,387130000C,(04)23274275,(04)23288582,2025,08,23,13,7,臺中市,西屯區,0,0,0,7,,,50,,,,,,,,,,,,,,13,,,,,C03,,,1,,1,,,7,7,1,12,4,120.637023,24.172144,3
8735,66000,387130000C,(04)23274275,(04)23288582,2025,08,23,13,8,臺中市,北屯區,0,0,0,7,,,50,,,,,,,,,,,,,,12,,,,,B03,,,1,,1,,,84,84,1,12,4,120.707913,24.169992,3
8736,66000,387130000C,(04)23274275,(04)23288582,2025,08,23,13,9,臺中市,霧峰區,0,0,0,7,,,30,,,,,,,,,,,,,,,,,,,B02,,,1,8,1,,,84,84,1,13,4,120.675349,24.06443,3
8737,66000,387130000C,(04)23274275,(04)23288582,2025,08,23,13,9,臺中市,太平區,0,1,0,7,2,6,50,13,9,1,5,4,6,6,4,4,5,4,5,2,17,3,10,5,4,B03,7,14,1,8,2,2,,77,77,1,6,4,120.716703,24.148794,2
8738,66000,387130000C,(04)23274275,(04)23288582,2025,08,23,13,10,臺中市,大里區,0,2,0,7,3,6,50,5,1,1,5,4,6,6,3,1,10,5,5,2,3,2,9,2,1,C03,7,9,1,10,2,11,,10,10,1,13,4,120.680477,24.115047,2
8739,66000,387130000C,(04)23274275,(04)23288582,2025,08,23,13,12,臺中市,大里區,0,2,0,7,3,6,30,11,9,1,5,4,6,6,4,4,10,5,5,2,11,2,7,1,1,C03,7,9,1,10,2,11,,41,41,1,12,4,120.701419,24.09723,2
8740,66000,387130000C,(04)23274275,(04)23288582,2025,08,23,13,19,臺中市,沙鹿區,0,0,0,7,,,30,,,,,,,,,,,,,,,,,,,A12,,,1,,1,,,49,49,1,12,4,120.555919,24.23315,3
8741,66000,387130000C,(04)23274275,(04)23288582,2025,08,23,13,20,臺中市,東區,0,1,0,7,2,6,50,4,1,1,5,4,6,6,1,1,7,2,5,2,17,3,10,3,1,B03,7,6,1,8,2,16,,11,11,1,13,4,120.699655,24.144697,2
8742,66000,387130000C,(04)23274275,(04)23288582,2025,08,23,13,25,臺中市,西屯區,0,2,0,7,2,6,30,4,1,1,5,4,6,6,4,4,10,5,5,2,16,2,9,5,4,C03,7,5,1,10,2,11,14,14,14,1,12,4,120.612541,24.196123,2
8743,66000,387130000C,(04)23274275,(04)23288582,2025,08,23,13,25,臺中市,東勢區,0,0,0,7,,,50,,,,,,,,,,,,,,,,,,,B03,,,1,,1,,,84,84,1,12,4,120.827563,24.260107,3
8744,66000,387130000C,(04)23274275,(04)23288582,2025,08,23,13,26,臺中市,龍井區,0,0,0,7,,,50,,,,,,,,,,,,,,,,,,,B03,,,1,,1,,,49,49,1,13,4,120.53044,24.191208,3
8745,66000,387130000C,(04)23274275,(04)23288582,2025,08,23,13,31,臺中市,龍井區,0,0,0,7,,,50,,,,,,,,,,,,,,16,,,,,B03,,,1,,1,,,20,20,1,6,4,120.525914,24.206035,3
8746,66000,387130000C,(04)23274275,(04)23288582,2025,08,23,13,33,臺中市,潭子區,0,1,0,7,2,6,50,13,8,1,5,4,6,6,4,4,5,5,4,2,18,2,9,1,1,C04,7,9,1,10,2,16,,59,59,1,13,4,120.704473,24.209826,2
8747,66000,387130000C,(04)23274275,(04)23288582,2025,08,23,13,33,臺中市,烏日區,0,0,0,7,,,50,,,,,,,,,,,,,,9,,,,,B03,,,1,,2,,,50,50,1,6,4,120.639015,24.105063,3
8748,66000,387130000C,(04)23274275,(04)23288582,2025,08,23,13,43,臺中市,梧棲區,0,0,0,7,,,40,,,,,,,,,,,,,,15,,,,,B03,,,1,,2,,,21,21,1,6,4,120.533596,24.243237,3
8749,66000,387130000C,(04)23274275,(04)23288582,2025,08,23,13,44,臺中市,西區,0,0,0,7,,,50,,,,,,,,,,,,,,,,,,,B12,,,1,8,1,,,14,14,1,13,4,120.669066,24.148966,3
8750,66000,387130000C,(04)23274275,(04)23288582,2025,08,23,13,44,臺中市,西屯區,0,2,0,7,2,6,30,11,9,1,5,4,6,6,4,4,10,5,5,1,17,2,9,5,4,C03,7,9,1,10,2,14,,5,5,1,13,4,120.646259,24.180854,2
8751,66000,387130000C,(04)23274275,(04)23288582,2025,08,23,13,45,臺中市,大里區,0,1,0,7,3,6,50,3,1,1,5,4,6,6,1,1,10,5,5,2,2,3,10,2,1,F03,7,9,7,21,2,11,,84,84,1,13,4,120.678366,24.097352,2
8752,66000,387130000C,(04)23274275,(04)23288582,2025,08,23,13,46,臺中市,大里區,0,0,0,7,2,6,40,13,9,1,5,4,6,6,1,1,1,4,5,1,13,,,,,B03,,,1,,2,,,84,84,1,13,4,120.671356,24.101843,3
8753,66000,387130000C,(04)23274275,(04)23288582,2025,08,23,13,47,臺中市,西區,0,0,0,7,,,50,,,,,,,,,,,,,,,,,,,B03,,,1,,9,,,84,84,1,6,4,120.662291,24.140226,3
8754,66000,387130000C,(04)23274275,(04)23288582,2025,08,23,13,48,臺中市,北區,0,0,0,7,,,50,,,,,,,,,,,,,,12,,,,,B03,,,1,,1,,,8,8,1,13,4,120.681119,24.162922,3
8755,66000,387130000C,(04)23274275,(04)23288582,2025,08,23,13,49,臺中市,北區,0,0,0,7,,,50,,,,,,,,,,,,,,12,,,,,B03,,,1,,1,,,51,51,1,12,4,120.679026,24.171473,3
8756,66000,387130000C,(04)23274275,(04)23288582,2025,08,23,13,51,臺中市,西屯區,0,0,0,7,,,50,,,,,,,,,,,,,,12,,,,,B03,,,1,,2,,,8,8,1,12,4,120.661043,24.171538,3
8757,66000,387130000C,(04)23274275,(04)23288582,2025,08,23,13,53,臺中市,西屯區,0,0,0,7,,,40,,,,,,,,,,,,,,17,,,,,C03,,,1,,1,,,8,8,1,12,4,120.660864,24.172447,3
8758,66000,387130000C,(04)23274275,(04)23288582,2025,08,23,13,57,臺中市,西屯區,0,0,0,7,,,50,,,,,,,,,,,,,,13,,,,,C03,,,1,,1,,,58,58,1,12,4,120.639815,24.174296,3
8759,66000,387130000C,(04)23274275,(04)23288582,2025,08,23,14,0,臺中市,北屯區,0,2,0,7,1,6,30,3,2,1,5,4,6,6,4,4,10,5,5,2,12,2,9,1,1,C03,7,9,1,10,2,12,,84,84,1,13,4,120.714175,24.174281,2
8760,66000,387130000C,(04)23274275,(04)23288582,2025,08,23,14,3,臺中市,太平區,0,1,0,7,2,6,50,3,2,1,5,4,6,6,4,4,5,5,5,1,17,2,8,1,1,C03,7,9,1,10,2,14,,84,84,1,6,4,120.720774,24.120642,2
8761,66000,387130000C,(04)23274275,(04)23288582,2025,08,23,14,5,臺中市,烏日區,0,0,0,7,,,30,,,,,,,,,,,,,,14,,,,,B03,,,1,,2,,,49,49,1,6,4,120.642025,24.075614,3
8762,66000,387130000C,(04)23274275,(04)23288582,2025,08,23,14,8,臺中市,龍井區,0,0,0,7,,,50,,,,,,,,,,,,,,13,,,,,B03,,,1,,1,,,7,7,1,12,4,120.57424,24.196007,3
8763,66000,387130000C,(04)23274275,(04)23288582,2025,08,23,14,9,臺中市,龍井區,0,0,0,7,,,50,,,,,,,,,,,,,,20,,,,,B03,,,1,,1,,,59,59,1,6,4,120.50593,24.21017,3
8764,66000,387130000C,(04)23274275,(04)23288582,2025,08,23,14,18,臺中市,北屯區,0,1,0,7,3,6,30,13,9,1,5,4,6,6,4,4,10,5,5,2,14,3,10,3,1,B03,7,2,1,8,1,3,,49,49,1,6,4,120.689145,24.182818,2
8765,66000,387130000C,(04)23274275,(04)23288582,2025,08,23,14,18,臺中市,西屯區,0,0,0,7,,,50,,,,,,,,,,,,,,17,,,,,C04,,,1,,1,,,59,59,1,13,2,120.647986,24.174129,3
8766,66000,387130000C,(04)23274275,(04)23288582,2025,08,23,14,22,臺中市,西屯區,0,0,0,7,,,40,,,,,,,,,,,,,,14,,,,,B01,,,1,,1,,,49,49,1,12,4,120.634369,24.163845,3
8767,66000,387130000C,(04)23274275,(04)23288582,2025,08,23,14,25,臺中市,烏日區,0,2,0,7,2,6,50,4,1,1,5,4,6,6,2,1,10,5,5,2,11,2,9,1,1,C03,7,8,1,10,2,14,12,8,8,1,13,4,120.607517,24.111886,2
8768,66000,387130000C,(04)23274275,(04)23288582,2025,08,23,14,30,臺中市,大里區,0,0,0,7,,,60,,,,,,,,,,,,,,14,,,,,B03,,,1,,2,,,50,50,1,13,4,120.687845,24.10226,3
8769,66000,387130000C,(04)23274275,(04)23288582,2025,08,23,14,35,臺中市,潭子區,0,1,0,7,3,6,60,5,1,1,5,4,6,6,2,1,3,4,4,1,17,2,7,1,1,C03,7,9,1,10,2,11,,59,59,1,11,4,120.705749,24.218166,2
8770,66000,387130000C,(04)23274275,(04)23288582,2025,08,23,14,35,臺中市,霧峰區,0,2,0,7,2,6,40,3,1,1,5,4,6,6,4,4,10,5,5,2,17,2,9,4,1,C03,7,6,1,10,2,11,,20,20,1,6,4,120.730136,24.038148,2
8771,66000,387130000C,(04)23274275,(04)23288582,2025,08,23,14,35,臺中市,龍井區,0,1,0,7,3,6,30,4,1,1,5,4,6,6,4,4,10,5,5,1,15,3,10,3,1,B03,7,9,1,8,2,2,,15,15,1,6,4,120.527793,24.182987,2
8772,66000,387130000C,(04)23274275,(04)23288582,2025,08,23,14,35,臺中市,東勢區,0,0,0,7,,,40,,,,,,,,,,,,,,17,,,,,B12,,,1,,1,,,75,75,1,12,4,120.838159,24.250944,3
8773,66000,387130000C,(04)23274275,(04)23288582,2025,08,23,14,37,臺中市,南區,0,0,0,7,,,30,,,,,,,,,,,,,,17,,,,,B12,,,1,,1,,,84,84,1,12,4,120.660674,24.125119,3
8774,66000,387130000C,(04)23274275,(04)23288582,2025,08,23,14,40,臺中市,沙鹿區,0,0,0,7,,,0,,,,,,,,,,,,,,17,,,,,B03,,,1,,1,,,8,8,1,6,4,120.559297,24.23941,3
8775,66000,387130000C,(04)23274275,(04)23288582,2025,08,23,14,46,臺中市,西區,0,0,0,7,,,50,,,,,,,,,,,,,,,,,,,C02,,,1,,1,,,84,84,1,12,4,120.672718,24.131587,3
8776,66000,387130000C,(04)23274275,(04)23288582,2025,08,23,14,46,臺中市,和平區,0,0,0,6,,,40,,,,,,,,,,,,,,14,,,,,B03,,,1,,2,,,49,49,1,12,4,121.010259,24.204357,4
8777,66000,387130000C,(04)23274275,(04)23288582,2025,08,23,14,52,臺中市,大里區,0,0,0,7,,,50,,,,,,,,,,,,,,13,,,,,B03,,,1,,1,,,58,58,1,12,4,120.691294,24.092192,3
8778,66000,387130000C,(04)23274275,(04)23288582,2025,08,23,14,53,臺中市,西屯區,0,0,0,7,,,50,,,,,,,,,,,,,,14,,,,,B02,,,1,,1,,,49,49,1,12,4,120.610196,24.188228,3
8779,66000,387130000C,(04)23274275,(04)23288582,2025,08,23,14,54,臺中市,龍井區,0,0,0,7,,,50,,,,,,,,,,,,,,16,,,,,B03,,,1,,2,,,8,8,1,6,4,120.583609,24.180678,3
8780,66000,387130000C,(04)23274275,(04)23288582,2025,08,23,14,54,臺中市,清水區,0,0,0,7,,,30,,,,,,,,,,,,,,,,,,,B12,,,1,,2,,,20,20,1,12,4,120.559932,24.258109,3
8781,66000,387130000C,(04)23274275,(04)23288582,2025,08,23,14,57,臺中市,西屯區,0,0,0,7,,,50,,,,,,,,,,,,,,17,,,,,C03,,,1,,1,,,8,8,1,12,4,120.638929,24.182262,3
8782,66000,387130000C,(04)23274275,(04)23288582,2025,08,23,14,58,臺中市,南屯區,0,1,0,7,3,6,50,4,1,1,5,4,6,6,1,1,10,5,5,2,18,2,9,1,1,C03,7,5,1,10,2,12,,59,59,1,6,4,120.650248,24.12776,2
8783,66000,387130000C,(04)23274275,(04)23288582,2025,08,23,14,58,臺中市,西屯區,0,1,0,7,2,6,40,4,1,1,5,4,6,6,1,1,1,4,1,2,17,2,9,2,1,C03,7,9,1,10,1,12,,7,7,1,12,4,120.649627,24.162379,2
8784,66000,387130000C,(04)23274275,(04)23288582,2025,08,23,15,10,臺中市,東區,0,0,0,7,,3,80,,,,,,,,,,,,,,,,,,,B01,,,1,,1,,,7,7,1,12,4,120.706927,24.131137,3
8785,66000,387130000C,(04)23274275,(04)23288582,2025,08,23,15,13,臺中市,西區,0,0,0,7,,,50,,,,,,,,,,,,,,17,,,,,C03,,,1,,2,,,40,40,1,12,4,120.684478,24.138846,3
8786,66000,387130000C,(04)23274275,(04)23288582,2025,08,23,15,15,臺中市,西屯區,0,0,0,7,3,6,50,13,9,1,5,4,6,6,4,4,5,5,5,2,13,,,,,B03,,,3,,2,,,59,59,1,12,4,120.666286,24.174421,3
8787,66000,387130000C,(04)23274275,(04)23288582,2025,08,23,15,19,臺中市,太平區,0,1,0,7,2,6,50,4,1,1,5,4,6,6,1,1,10,5,5,2,17,2,9,5,4,C03,7,9,1,10,1,11,,58,58,1,6,4,120.710149,24.134804,2
8788,66000,387130000C,(04)23274275,(04)23288582,2025,08,23,15,21,臺中市,西區,0,2,0,7,2,6,50,4,1,1,5,4,6,6,2,1,5,2,4,2,16,2,9,2,1,C03,7,5,1,10,2,12,,47,47,1,12,4,120.6797,24.137914,2
8789,66000,387130000C,(04)23274275,(04)23288582,2025,08,23,15,22,臺中市,沙鹿區,0,0,0,7,,,50,,,,,,,,,,,,,,,,,,,B03,,,1,,2,,,50,50,1,12,4,120.559381,24.239764,3
8790,66000,387130000C,(04)23274275,(04)23288582,2025,08,23,15,26,臺中市,南屯區,0,0,0,7,,,50,,,,,,,,,,,,,,,,,,,B03,,,1,,1,,,59,59,1,13,4,120.63384,24.150796,3
8791,66000,387130000C,(04)23274275,(04)23288582,2025,08,23,15,27,臺中市,東區,0,0,0,7,,,50,,,,,,,,,,,,,,,,,,,B03,,,1,,1,,,51,51,1,12,4,120.703696,24.131428,3
8792,66000,387130000C,(04)23274275,(04)23288582,2025,08,23,15,29,臺中市,西屯區,0,1,0,7,2,6,40,3,1,1,5,4,6,6,4,4,5,5,4,2,13,2,9,2,1,C03,7,5,1,10,1,11,,7,7,1,12,4,120.656645,24.16097,2
8793,66000,387130000C,(04)23274275,(04)23288582,2025,08,23,15,30,臺中市,大雅區,0,0,0,7,,,40,,,,,,,,,,,,,,,,,,,B03,,,1,,1,,,8,8,1,13,4,120.624128,24.230868,3
8794,66000,387130000C,(04)23274275,(04)23288582,2025,08,23,15,32,臺中市,太平區,0,1,0,7,3,6,50,3,1,1,5,4,6,6,1,1,1,5,5,2,16,3,10,3,1,B03,7,6,1,8,2,2,,11,11,1,12,4,120.714601,24.135748,2
8795,66000,387130000C,(04)23274275,(04)23288582,2025,08,23,15,32,臺中市,清水區,0,2,0,7,2,6,50,13,9,1,5,4,6,6,4,4,8,4,5,2,16,2,9,1,1,C03,7,6,1,10,2,12,,48,48,1,12,4,120.556035,24.266235,2
8796,66000,387130000C,(04)23274275,(04)23288582,2025,08,23,15,35,臺中市,西屯區,0,0,0,7,,,40,,,,,,,,,,,,,,13,,,,,B03,,,1,,1,,,59,59,1,12,4,120.641683,24.166605,3
8797,66000,387130000C,(04)23274275,(04)23288582,2025,08,23,15,35,臺中市,西屯區,0,0,0,7,,,50,,,,,,,,,,,,,,13,,,,,B03,,,1,,1,,,59,59,1,12,4,120.643572,24.171767,3
8798,66000,387130000C,(04)23274275,(04)23288582,2025,08,23,15,36,臺中市,西區,0,0,0,7,,,50,,,,,,,,,,,,,,,,,,,B03,,,1,8,1,,,7,7,1,13,4,120.663488,24.141309,3
8799,66000,387130000C,(04)23274275,(04)23288582,2025,08,23,15,37,臺中市,潭子區,0,2,0,7,3,6,40,4,1,1,5,4,6,6,1,1,1,4,4,1,17,2,9,2,1,C03,7,9,1,10,2,14,,7,7,1,13,4,120.70515,24.215575,2
8800,66000,387130000C,(04)23274275,(04)23288582,2025,08,23,15,38,臺中市,南區,0,0,0,7,,,50,,,,,,,,,,,,,,13,,,,,B03,,,1,,2,,,7,7,1,12,4,120.683044,24.134119,3
8801,66000,387130000C,(04)23274275,(04)23288582,2025,08,23,15,45,臺中市,北屯區,0,0,0,7,,,50,,,,,,,,,,,,,,17,,,,,B03,,,1,,1,,,51,51,1,12,4,120.733348,24.16146,3
8802,66000,387130000C,(04)23274275,(04)23288582,2025,08,23,15,45,臺中市,北屯區,0,0,0,7,,,50,,,,,,,,,,,,,,12,,,,,B02,,,1,8,1,,,8,8,1,12,4,120.698328,24.185295,3
8803,66000,387130000C,(04)23274275,(04)23288582,2025,08,23,15,50,臺中市,北區,0,1,0,7,2,6,50,13,7,1,5,4,6,6,4,4,1,4,4,2,13,3,10,3,1,B03,7,9,1,8,2,1,,7,7,1,12,4,120.674943,24.161266,2
8804,66000,387130000C,(04)23274275,(04)23288582,2025,08,23,15,50,臺中市,大肚區,0,1,0,7,3,6,50,13,9,1,5,4,6,6,4,4,1,4,4,1,12,3,10,3,1,B12,7,7,1,8,2,5,,40,40,1,6,4,120.553852,24.133953,2
8805,66000,387130000C,(04)23274275,(04)23288582,2025,08,23,15,52,臺中市,梧棲區,0,2,0,7,3,6,50,3,1,1,5,4,6,6,4,4,10,5,5,2,15,2,9,1,1,C03,7,11,1,10,2,12,,46,46,1,6,4,120.538534,24.259811,2
8806,66000,387130000C,(04)23274275,(04)23288582,2025,08,23,15,53,臺中市,東區,0,0,0,7,,,50,,,,,,,,,,,,,,,,,,,B12,,,1,,1,,,8,8,1,12,4,120.703467,24.144543,3
8807,66000,387130000C,(04)23274275,(04)23288582,2025,08,23,15,54,臺中市,東區,0,0,0,7,,,50,,,,,,,,,,,,,,,,,,,B03,,,5,,2,,,84,84,1,12,4,120.697165,24.132963,3
8808,66000,387130000C,(04)23274275,(04)23288582,2025,08,23,15,56,臺中市,北屯區,0,0,0,7,,,50,,,,,,,,,,,,,,12,,,,,B03,,,1,8,2,,,8,8,1,12,4,120.686763,24.170118,3
8809,66000,387130000C,(04)23274275,(04)23288582,2025,08,23,15,58,臺中市,北屯區,0,0,0,7,,,50,,,,,,,,,,,,,,13,,,,,B03,,,1,,1,,,59,59,1,12,4,120.714946,24.174145,3
8810,66000,387130000C,(04)23274275,(04)23288582,2025,08,23,16,0,臺中市,北區,0,0,0,7,,,50,,,,,,,,,,,,,,13,,,,,B01,,,1,,2,,,7,7,1,13,4,120.684368,24.153997,3
8811,66000,387130000C,(04)23274275,(04)23288582,2025,08,23,16,3,臺中市,霧峰區,0,1,0,7,2,6,30,13,9,1,5,4,6,6,4,4,5,4,5,1,16,3,10,3,1,B03,7,5,1,8,2,2,,47,47,1,6,4,120.695543,24.063114,2
8812,66000,387130000C,(04)23274275,(04)23288582,2025,08,23,16,4,臺中市,南屯區,0,0,0,7,,,50,,,,,,,,,,,,,,,,,,,B03,,,1,,1,,,84,84,1,13,4,120.646707,24.150896,3
8813,66000,387130000C,(04)23274275,(04)23288582,2025,08,23,16,5,臺中市,大里區,0,0,0,7,,,50,,,,,,,,,,,,,,16,,,,,B03,,,1,,2,,,14,14,1,13,4,120.68291,24.116464,3
8814,66000,387130000C,(04)23274275,(04)23288582,2025,08,23,16,5,臺中市,太平區,0,2,0,6,2,6,50,13,9,1,5,4,6,6,4,4,5,4,5,1,13,2,3,3,1,B03,7,9,1,8,2,1,,59,59,1,6,4,120.715725,24.133258,2
8815,66000,387130000C,(04)23274275,(04)23288582,2025,08,23,16,10,臺中市,太平區,0,0,0,7,,,50,,,,,,,,,,,,,,,,,,,B03,,,1,,2,,,84,84,1,6,4,120.711541,24.126303,3
8816,66000,387130000C,(04)23274275,(04)23288582,2025,08,23,16,15,臺中市,西屯區,0,0,0,7,,,50,,,,,,,,,,,,,,13,,,,,B12,,,1,,1,,,7,7,1,13,4,120.648382,24.163501,3
8817,66000,387130000C,(04)23274275,(04)23288582,2025,08,23,16,15,臺中市,大肚區,0,1,0,7,3,6,50,13,8,1,5,4,6,6,4,4,5,5,4,2,17,2,7,1,1,F01,7,9,7,21,7,12,,8,8,1,6,4,120.55008,24.147915,2
8818,66000,387130000C,(04)23274275,(04)23288582,2025,08,23,16,18,臺中市,東區,0,0,0,7,,,50,,,,,,,,,,,,,,13,,,,,B03,,,1,,1,,,7,7,1,12,4,120.709301,24.135849,4
8819,66000,387130000C,(04)23274275,(04)23288582,2025,08,23,16,18,臺中市,大里區,0,0,0,7,,,50,,,,,,,,,,,,,,14,,,,,B03,,,1,,2,,,49,49,1,13,4,120.678467,24.099286,3
8820,66000,387130000C,(04)23274275,(04)23288582,2025,08,23,16,22,臺中市,南區,0,0,0,7,,,50,,,,,,,,,,,,,,,,,,,B03,,,1,,1,,,7,7,1,12,4,120.661151,24.121314,3
8821,66000,387130000C,(04)23274275,(04)23288582,2025,08,23,16,22,臺中市,太平區,0,0,0,7,,,50,,,,,,,,,,,,,,,,,,,B02,,,1,,2,,,59,59,1,12,4,120.724834,24.108054,3
8822,66000,387130000C,(04)23274275,(04)23288582,2025,08,23,16,22,臺中市,大甲區,0,0,0,7,,,50,,,,,,,,,,,,,,30,,,,,B03,,,1,,1,,,56,56,1,6,4,120.61882,24.338493,3
8823,66000,387130000C,(04)23274275,(04)23288582,2025,08,23,16,28,臺中市,東區,0,0,0,7,,,50,,,,,,,,,,,,,,,,,,,B03,,,1,,1,,,40,40,1,12,4,120.694199,24.15246,3
8824,66000,387130000C,(04)23274275,(04)23288582,2025,08,23,16,28,臺中市,南區,0,0,0,7,,,50,,,,,,,,,,,,,,,,,,,B03,,,1,,1,,,49,49,1,12,4,120.680023,24.126712,4
8825,66000,387130000C,(04)23274275,(04)23288582,2025,08,23,16,29,臺中市,太平區,0,1,0,6,2,6,30,13,9,1,5,4,6,6,4,4,10,5,5,2,17,2,8,4,1,F01,7,9,7,21,1,12,,84,84,1,12,4,120.739178,24.158873,2
8826,66000,387130000C,(04)23274275,(04)23288582,2025,08,23,16,29,臺中市,沙鹿區,0,0,0,7,,,50,,,,,,,,,,,,,,,,,,,B03,,,1,,2,,,8,8,1,12,4,120.561816,24.243982,3
8827,66000,387130000C,(04)23274275,(04)23288582,2025,08,23,16,30,臺中市,大里區,0,1,0,7,2,6,50,18,24,1,5,4,6,6,4,4,5,5,5,2,18,2,9,5,4,C03,7,15,1,10,2,12,,84,84,1,13,4,120.709161,24.099488,2
8828,66000,387130000C,(04)23274275,(04)23288582,2025,08,23,16,31,臺中市,西區,0,1,0,7,2,6,50,4,1,1,5,4,6,6,2,1,10,5,5,2,13,2,9,1,1,C03,7,9,1,10,2,11,,84,84,1,6,4,120.665166,24.146894,2
8829,66000,387130000C,(04)23274275,(04)23288582,2025,08,23,16,32,臺中市,西屯區,0,0,0,7,,,60,,,,,,,,,,,,,,13,,,,,C03,,,1,,1,,,59,59,1,12,4,120.650392,24.162261,3
8830,66000,387130000C,(04)23274275,(04)23288582,2025,08,23,16,34,臺中市,大里區,0,0,0,7,,,50,,,,,,,,,,,,,,12,,,,,B12,,,1,,9,,,8,8,1,13,4,120.678872,24.111804,3
8831,66000,387130000C,(04)23274275,(04)23288582,2025,08,23,16,35,臺中市,沙鹿區,0,1,0,7,2,6,50,13,9,1,5,4,6,6,4,4,5,5,5,1,13,3,10,1,1,C03,7,9,1,10,2,11,12,7,7,1,6,4,120.570295,24.217181,2
8832,66000,387130000C,(04)23274275,(04)23288582,2025,08,23,16,35,臺中市,豐原區,0,0,0,7,,,50,,,,,,,,,,,,,,17,,,,,C03,,,1,,2,,,78,78,1,12,4,120.717048,24.251806,3
8833,66000,387130000C,(04)23274275,(04)23288582,2025,08,23,16,43,臺中市,后里區,0,0,0,7,2,6,40,13,9,1,5,4,6,6,4,4,,5,5,1,20,,,,,B03,,,1,,2,,,59,59,1,6,4,120.706474,24.302495,3
8834,66000,387130000C,(04)23274275,(04)23288582,2025,08,23,16,44,臺中市,西屯區,0,2,0,7,2,6,40,13,7,1,5,4,6,6,1,1,3,2,4,2,13,2,9,2,1,C03,7,9,1,10,2,11,,7,7,1,12,4,120.639083,24.164986,2
8835,66000,387130000C,(04)23274275,(04)23288582,2025,08,23,16,45,臺中市,南區,0,1,0,7,2,6,50,13,7,1,5,4,6,6,4,4,1,4,4,2,13,2,9,2,1,C03,7,8,1,10,2,11,,7,7,1,12,4,120.651325,24.112361,2
8836,66000,387130000C,(04)23274275,(04)23288582,2025,08,23,16,47,臺中市,西屯區,0,0,0,7,,,50,,,,,,,,,,,,,,17,,,,,,,,,,,,,119,119,1,,5,120.626271,24.185609,3
8837,66000,387130000C,(04)23274275,(04)23288582,2025,08,23,16,49,臺中市,神岡區,0,0,0,7,,,50,,,,,,,,,,,,,,30,,,,,B03,,,1,,2,,,51,51,1,12,4,120.696586,24.248576,3
8838,66000,387130000C,(04)23274275,(04)23288582,2025,08,23,16,50,臺中市,北區,0,0,0,7,,,50,,,,,,,,,,,,,,,,,,,B03,,,1,,1,,,48,48,1,12,4,120.66922,24.164911,3
8839,66000,387130000C,(04)23274275,(04)23288582,2025,08,23,16,50,臺中市,北區,0,0,0,7,,,40,,,,,,,,,,,,,,,,,,,C03,,,1,,9,,,78,78,1,12,4,120.674197,24.163775,3