﻿序號,縣市別代碼,機關代碼,市話,傳真,年,月,日,時,分,縣市,區,死亡數量,受傷數量,2-30,天候,道路照明設備,道路類別,道路速限,道路型態,事故位置,路面鋪裝,路面狀態,路面缺陷,障礙物,視距,號誌種類,號誌動作,分向設施,快車道或一般車道間,快慢車道間,路面邊線,事故類型及型態,受傷程度,主要傷處,保護裝備,行動電話或功能裝置,當事者區分_類別,車輛用途,當事者行動狀態,駕照狀態,駕照種類,飲酒情形,車輛撞擊部位最初,車輛撞擊部位其他,肇事因素個別,肇事因素主要,肇事逃逸,職業,共享經濟或外送平台,GPS座標X,GPS座標Y,事故類別
8952,66000,387130000C,(04)23274275,(04)23288582,2025,08,24,6,58,臺中市,南屯區,0,0,0,7,,,50,,,,,,,,,,,,,,,,,,,C03,,,1,,2,,,51,51,1,13,4,120.608698,24.136171,3
8953,66000,387130000C,(04)23274275,(04)23288582,2025,08,24,7,0,臺中市,南屯區,0,1,0,7,2,6,50,4,1,1,5,4,6,6,1,1,5,5,5,2,15,2,9,2,1,C03,7,9,1,10,2,11,,21,21,1,12,4,120.648777,24.142599,2
8954,66000,387130000C,(04)23274275,(04)23288582,2025,08,24,7,0,臺中市,清水區,0,0,0,7,,,50,,,,,,,,,,,,,,17,,,,,,,,,,,,,119,119,1,,4,120.628379,24.292687,3
8955,66000,387130000C,(04)23274275,(04)23288582,2025,08,24,7,4,臺中市,大里區,0,0,0,7,2,6,50,4,2,1,5,4,6,6,1,1,5,5,5,2,12,,,,,C03,,,1,,2,,,8,8,1,13,4,120.689186,24.119283,3
8956,66000,387130000C,(04)23274275,(04)23288582,2025,08,24,7,22,臺中市,大里區,0,0,0,7,,,50,,,,,,,,,,,,,,,,,,,C03,,,1,,2,,,84,84,1,13,4,120.688857,24.087786,3
8957,66000,387130000C,(04)23274275,(04)23288582,2025,08,24,7,24,臺中市,太平區,0,0,0,7,,,50,,,,,,,,,,,,,,,,,,,B12,,,1,,9,,,84,84,1,12,4,120.72408,24.138313,3
8958,66000,387130000C,(04)23274275,(04)23288582,2025,08,24,7,28,臺中市,外埔區,0,1,0,7,2,6,50,13,9,1,5,4,6,6,4,4,9,5,5,1,17,3,10,3,1,B12,7,6,1,7,2,8,,84,84,1,12,4,120.678598,24.331578,2
8959,66000,387130000C,(04)23274275,(04)23288582,2025,08,24,7,39,臺中市,太平區,0,1,0,7,3,6,30,3,4,1,5,4,6,6,4,4,10,5,5,2,16,3,10,3,1,B03,7,6,1,8,2,8,,24,24,1,6,4,120.735842,24.133582,2
8960,66000,387130000C,(04)23274275,(04)23288582,2025,08,24,7,46,臺中市,北區,0,1,0,7,2,6,50,4,1,1,5,4,6,6,1,1,10,5,5,2,16,3,10,3,1,B03,7,5,1,8,2,5,,11,11,1,13,4,120.676789,24.16326,2
8961,66000,387130000C,(04)23274275,(04)23288582,2025,08,24,7,47,臺中市,西屯區,0,1,0,7,2,6,50,4,1,1,5,4,6,6,4,4,5,5,5,2,16,2,9,2,1,C03,7,9,1,10,2,11,,7,7,1,12,4,120.612556,24.196162,2
8962,66000,387130000C,(04)23274275,(04)23288582,2025,08,24,7,51,臺中市,東區,0,1,0,7,2,6,50,4,1,1,5,4,6,6,1,1,5,4,5,2,13,2,9,2,1,C03,7,9,1,10,2,11,,7,7,1,13,4,120.69714,24.13319,2
8963,66000,387130000C,(04)23274275,(04)23288582,2025,08,24,7,54,臺中市,豐原區,0,1,0,7,2,6,40,3,1,1,5,4,6,6,4,4,5,5,4,2,17,3,10,5,4,B03,7,11,1,8,2,5,,45,45,1,13,4,120.715038,24.246408,2
8964,66000,387130000C,(04)23274275,(04)23288582,2025,08,24,7,55,臺中市,霧峰區,0,1,0,7,2,6,40,4,1,1,5,4,6,6,1,1,10,5,5,2,15,3,10,3,1,B03,7,9,5,19,2,4,,21,21,1,6,4,120.673564,24.033557,2
8965,66000,387130000C,(04)23274275,(04)23288582,2025,08,24,8,0,臺中市,西屯區,0,0,0,7,,,50,,,,,,,,,,,,,,17,,,,,B03,,,1,,1,,,50,50,1,13,4,120.625706,24.184563,3
8966,66000,387130000C,(04)23274275,(04)23288582,2025,08,24,8,2,臺中市,烏日區,0,0,0,7,,,40,,,,,,,,,,,,,,13,,,,,B03,,,1,,1,,,7,7,1,6,4,120.618443,24.111867,3
8967,66000,387130000C,(04)23274275,(04)23288582,2025,08,24,8,17,臺中市,新社區,0,1,0,7,2,6,50,13,9,1,5,4,6,6,4,4,5,5,5,1,18,2,9,5,4,F02,7,9,7,21,9,13,,84,84,1,13,4,120.814879,24.175864,2
8968,66000,387130000C,(04)23274275,(04)23288582,2025,08,24,8,23,臺中市,南屯區,0,0,0,7,,,50,,,,,,,,,,,,,,,,,,,B03,,,1,,9,,,84,84,1,6,4,120.642277,24.14686,3
8969,66000,387130000C,(04)23274275,(04)23288582,2025,08,24,8,37,臺中市,大雅區,0,1,0,7,1,6,50,4,1,1,5,4,6,6,1,1,10,5,5,2,16,3,10,2,1,C03,7,9,1,10,2,11,,84,84,1,5,4,120.644523,24.23495,2
8970,66000,387130000C,(04)23274275,(04)23288582,2025,08,24,8,37,臺中市,太平區,0,1,0,7,3,6,50,3,1,1,5,4,6,6,1,1,5,5,4,2,12,3,10,3,1,B03,7,5,1,8,2,2,,47,47,1,12,4,120.713045,24.125552,2
8971,66000,387130000C,(04)23274275,(04)23288582,2025,08,24,8,39,臺中市,西屯區,0,0,0,7,,,50,,,,,,,,,,,,,,,,,,,B03,,,1,,2,,,59,59,1,12,4,120.65197,24.182387,3
8972,66000,387130000C,(04)23274275,(04)23288582,2025,08,24,8,43,臺中市,神岡區,0,2,0,7,2,6,30,3,2,1,5,4,6,6,4,4,10,5,5,2,19,2,9,2,1,C03,7,6,1,10,2,12,,58,58,1,6,4,120.690644,24.254366,2
8973,66000,387130000C,(04)23274275,(04)23288582,2025,08,24,8,44,臺中市,北屯區,0,2,0,7,2,6,50,4,9,1,5,4,6,6,4,4,5,5,5,2,17,2,9,1,1,C03,7,5,1,10,2,14,,20,20,1,6,4,120.696754,24.176059,2
8974,66000,387130000C,(04)23274275,(04)23288582,2025,08,24,8,46,臺中市,西屯區,0,1,0,7,2,6,40,13,8,1,5,4,6,6,4,4,1,4,1,2,13,2,9,5,4,C03,7,8,1,10,2,11,,7,7,1,13,4,120.625462,24.178581,2
8975,66000,387130000C,(04)23274275,(04)23288582,2025,08,24,8,51,臺中市,大甲區,0,1,0,7,3,6,50,4,1,1,5,4,6,6,1,1,5,5,5,1,3,3,10,3,1,B03,7,6,1,8,2,8,,10,10,1,6,4,120.623798,24.346992,2
8976,66000,387130000C,(04)23274275,(04)23288582,2025,08,24,8,52,臺中市,南屯區,0,0,0,7,,,50,,,,,,,,,,,,,,13,,,,,B12,,,1,,1,,,7,7,1,12,4,120.646495,24.130489,3
8977,66000,387130000C,(04)23274275,(04)23288582,2025,08,24,9,2,臺中市,東區,0,2,0,7,2,6,50,4,1,1,5,4,6,6,1,1,5,2,5,2,17,2,9,2,1,C03,7,9,1,10,2,14,12,7,7,1,13,4,120.701504,24.14022,2
8978,66000,387130000C,(04)23274275,(04)23288582,2025,08,24,9,2,臺中市,清水區,0,1,0,7,2,6,50,11,9,1,5,4,6,6,4,4,5,2,5,1,10,3,10,3,1,B03,7,9,1,8,1,1,,34,34,1,13,4,120.574865,24.273379,2
8979,66000,387130000C,(04)23274275,(04)23288582,2025,08,24,9,3,臺中市,西屯區,0,1,0,7,2,6,50,4,2,1,5,4,6,6,2,1,10,5,5,2,16,3,10,3,1,B03,7,5,1,8,1,2,,47,47,1,12,4,120.644268,24.171377,2
8980,66000,387130000C,(04)23274275,(04)23288582,2025,08,24,9,4,臺中市,西屯區,0,0,0,7,,,30,,,,,,,,,,,,,,14,,,,,B03,,,1,,2,,,49,49,1,12,4,120.640503,24.169092,3
8981,66000,387130000C,(04)23274275,(04)23288582,2025,08,24,9,10,臺中市,神岡區,0,1,0,7,2,6,50,5,1,1,5,4,6,6,1,1,10,5,5,2,16,3,10,5,4,C03,7,9,1,10,2,14,,21,21,1,12,4,120.711675,24.258023,2
8982,66000,387130000C,(04)23274275,(04)23288582,2025,08,24,9,11,臺中市,南區,0,2,0,7,2,6,50,13,8,1,5,4,6,6,1,1,1,4,4,2,17,2,9,2,1,C03,7,7,1,10,2,12,,40,40,1,12,4,120.650309,24.111838,2
8983,66000,387130000C,(04)23274275,(04)23288582,2025,08,24,9,15,臺中市,南區,0,0,0,7,,,50,,,,,,,,,,,,,,12,,,,,B11,,,1,,2,,,40,40,1,13,4,120.654329,24.114418,3
8984,66000,387130000C,(04)23274275,(04)23288582,2025,08,24,9,26,臺中市,東區,0,1,0,7,2,6,50,4,1,1,5,4,6,6,4,4,5,5,5,2,15,3,10,3,1,B03,7,9,1,8,2,5,,15,15,1,13,4,120.70443,24.14217,2
8985,66000,387130000C,(04)23274275,(04)23288582,2025,08,24,9,31,臺中市,大里區,0,1,0,7,2,6,30,13,9,1,5,4,6,6,4,4,10,5,5,2,18,2,9,2,1,C03,7,11,1,10,2,12,,84,84,1,13,4,120.697627,24.079419,2
8986,66000,387130000C,(04)23274275,(04)23288582,2025,08,24,9,40,臺中市,和平區,0,1,0,7,3,6,30,13,9,1,5,4,6,6,4,4,10,5,5,1,11,3,10,3,1,B03,7,9,1,3,2,8,,41,41,1,12,4,120.980609,24.233589,2
8987,66000,387130000C,(04)23274275,(04)23288582,2025,08,24,9,44,臺中市,大里區,0,1,0,7,2,6,50,3,2,1,5,4,6,6,4,4,10,5,5,2,16,2,9,2,1,C03,7,6,1,10,2,12,,11,11,1,12,4,120.686356,24.112335,2
8988,66000,387130000C,(04)23274275,(04)23288582,2025,08,24,9,45,臺中市,南屯區,0,0,0,7,3,6,40,13,21,1,5,4,6,6,4,4,9,5,4,2,17,,,,,B03,,,1,,2,,,84,84,1,12,4,120.637565,24.143422,3
8989,66000,387130000C,(04)23274275,(04)23288582,2025,08,24,10,0,臺中市,北屯區,0,0,0,7,,,50,,,,,,,,,,,,,,17,,,,,B03,,,1,,10,,,85,85,1,6,4,120.706611,24.164633,3
8990,66000,387130000C,(04)23274275,(04)23288582,2025,08,24,10,4,臺中市,北屯區,0,1,0,7,3,6,50,3,1,1,5,4,6,6,1,1,10,5,5,2,16,3,10,3,1,B03,7,5,1,8,2,5,,11,11,1,6,4,120.698491,24.173255,2
8991,66000,387130000C,(04)23274275,(04)23288582,2025,08,24,10,5,臺中市,南屯區,0,0,0,7,,,50,,,,,,,,,,,,,,,,,,,C03,,,1,,9,,,50,50,2,13,4,120.64398,24.137294,3
8992,66000,387130000C,(04)23274275,(04)23288582,2025,08,24,10,5,臺中市,后里區,0,2,0,7,2,6,40,4,8,1,5,4,6,6,4,4,4,5,4,1,17,3,10,2,1,C03,7,6,1,8,2,12,,14,14,1,12,4,120.716257,24.309832,2
8993,66000,387130000C,(04)23274275,(04)23288582,2025,08,24,10,10,臺中市,北屯區,0,0,0,7,,,50,,,,,,,,,,,,,,,,,,,B03,,,1,,9,,,39,39,1,12,4,120.741045,24.178432,3
8994,66000,387130000C,(04)23274275,(04)23288582,2025,08,24,10,10,臺中市,大里區,0,0,0,7,,,50,,,,,,,,,,,,,,,,,,,C03,,,1,,1,,,84,84,1,6,4,120.694404,24.095435,3
8995,66000,387130000C,(04)23274275,(04)23288582,2025,08,24,10,11,臺中市,大雅區,0,2,0,7,3,6,50,3,2,1,5,4,6,6,4,4,5,2,5,1,17,2,9,1,1,C03,7,9,1,10,2,11,,7,7,1,12,4,120.667233,24.215775,2
8996,66000,387130000C,(04)23274275,(04)23288582,2025,08,24,10,12,臺中市,南區,0,2,0,7,2,6,50,3,2,1,5,4,6,6,4,4,9,4,4,2,17,3,10,2,1,C03,7,15,1,10,2,12,,84,84,1,13,4,120.671399,24.122938,2
8997,66000,387130000C,(04)23274275,(04)23288582,2025,08,24,10,12,臺中市,梧棲區,0,0,0,7,,,50,,,,,,,,,,,,,,13,,,,,B03,,,1,,1,,,84,84,1,6,4,120.52955,24.252578,3
8998,66000,387130000C,(04)23274275,(04)23288582,2025,08,24,10,12,臺中市,大甲區,0,0,0,7,,,50,,,,,,,,,,,,,,,,,,,B03,,,1,,2,,,49,49,1,6,4,120.621908,24.343904,3
8999,66000,387130000C,(04)23274275,(04)23288582,2025,08,24,10,14,臺中市,西屯區,0,2,0,7,2,9,50,4,1,1,5,4,6,6,2,1,5,4,4,2,12,3,10,2,1,C03,7,9,1,10,2,14,,7,7,1,12,4,120.647905,24.174151,2
9000,66000,387130000C,(04)23274275,(04)23288582,2025,08,24,10,15,臺中市,梧棲區,0,1,0,7,3,6,70,4,1,1,5,4,6,6,1,1,10,5,5,2,16,3,10,3,1,B03,7,6,1,8,2,2,,25,25,1,6,4,120.529443,24.252206,2
9001,66000,387130000C,(04)23274275,(04)23288582,2025,08,24,10,20,臺中市,沙鹿區,0,2,0,7,2,6,30,11,9,1,5,4,6,6,4,4,10,5,5,2,11,2,7,1,1,C03,7,9,1,10,2,11,14,85,85,1,6,4,120.557347,24.219373,2
9002,66000,387130000C,(04)23274275,(04)23288582,2025,08,24,10,21,臺中市,北區,0,4,0,7,2,6,50,4,1,1,5,4,6,6,1,1,3,4,5,2,17,2,9,5,1,C03,7,9,1,10,2,11,,7,7,1,13,4,120.691613,24.160338,2
9003,66000,387130000C,(04)23274275,(04)23288582,2025,08,24,10,22,臺中市,北屯區,0,1,0,7,2,6,1,4,1,1,5,4,6,6,4,4,10,5,5,2,17,3,10,3,1,B03,7,13,1,8,2,4,,76,76,1,6,4,120.664794,24.186091,2
9004,66000,387130000C,(04)23274275,(04)23288582,2025,08,24,10,26,臺中市,西屯區,0,0,0,7,,,50,,,,,,,,,,,,,,13,,,,,B03,,,1,,1,,,58,58,1,12,4,120.616463,24.1888,3
9005,66000,387130000C,(04)23274275,(04)23288582,2025,08,24,10,29,臺中市,大里區,0,2,0,7,2,6,50,3,1,1,5,4,6,6,1,1,10,5,5,2,13,2,9,2,1,C03,7,9,1,10,2,11,,7,7,1,12,4,120.689881,24.121746,2
9006,66000,387130000C,(04)23274275,(04)23288582,2025,08,24,10,30,臺中市,西區,0,2,0,7,2,6,50,4,1,1,5,4,6,6,1,1,10,5,5,2,15,2,9,1,1,C03,7,9,1,10,2,11,,21,21,1,13,4,120.652929,24.145071,2
9007,66000,387130000C,(04)23274275,(04)23288582,2025,08,24,10,30,臺中市,沙鹿區,0,1,0,7,2,6,60,3,1,1,5,4,6,6,1,1,10,5,5,2,17,3,10,2,1,C03,7,15,1,10,2,14,,43,43,1,6,4,120.571159,24.241241,2
9008,66000,387130000C,(04)23274275,(04)23288582,2025,08,24,10,31,臺中市,西區,0,2,0,7,2,6,50,3,2,1,5,4,6,6,4,4,4,4,4,2,13,2,8,1,1,C03,7,9,1,10,2,11,,7,7,1,12,4,120.665311,24.159075,2
9009,66000,387130000C,(04)23274275,(04)23288582,2025,08,24,10,33,臺中市,北屯區,0,2,0,7,2,6,50,4,1,1,5,4,6,6,1,1,10,5,5,2,16,2,9,1,1,F03,7,6,7,21,2,14,,48,48,1,12,4,120.68152,24.192587,2
9010,66000,387130000C,(04)23274275,(04)23288582,2025,08,24,10,35,臺中市,大里區,0,0,0,7,,3,80,,,,,,,,,,,,,,,,,,,B03,,,1,,2,,,7,7,1,13,4,120.686997,24.073786,3
9011,66000,387130000C,(04)23274275,(04)23288582,2025,08,24,10,36,臺中市,西屯區,0,1,0,7,2,6,40,13,8,1,5,4,6,6,4,4,1,5,1,2,17,2,8,5,4,C03,7,9,1,10,2,16,,85,85,1,13,4,120.607711,24.184149,2
9012,66000,387130000C,(04)23274275,(04)23288582,2025,08,24,10,37,臺中市,烏日區,0,1,0,7,2,6,30,13,9,1,5,4,6,6,4,4,10,4,5,2,18,2,1,2,1,C03,7,10,1,10,2,11,,59,59,1,6,4,120.617103,24.111746,2
9013,66000,387130000C,(04)23274275,(04)23288582,2025,08,24,10,40,臺中市,南屯區,0,1,0,7,3,6,50,13,9,1,5,4,6,6,4,4,5,2,5,2,13,2,9,1,1,C03,7,9,1,10,2,11,,7,7,1,12,4,120.642448,24.146898,2
9014,66000,387130000C,(04)23274275,(04)23288582,2025,08,24,10,44,臺中市,南屯區,0,0,0,7,,,50,,,,,,,,,,,,,,,,,,,B11,,,1,,9,,,59,59,1,6,4,120.614263,24.153529,3
9015,66000,387130000C,(04)23274275,(04)23288582,2025,08,24,10,45,臺中市,北屯區,0,0,0,7,,,50,,,,,,,,,,,,,,13,,,,,B03,,,1,,1,,,59,59,1,6,4,120.72149,24.182663,3
9016,66000,387130000C,(04)23274275,(04)23288582,2025,08,24,10,50,臺中市,南屯區,0,0,0,7,,,50,,,,,,,,,,,,,,13,,,,,B03,,,1,,1,,,7,7,1,12,4,120.647504,24.124347,3
9017,66000,387130000C,(04)23274275,(04)23288582,2025,08,24,10,52,臺中市,沙鹿區,0,0,0,7,,,50,,,,,,,,,,,,,,,,,,,B03,,,1,,1,,,59,59,1,13,4,120.569332,24.237119,3
9018,66000,387130000C,(04)23274275,(04)23288582,2025,08,24,11,5,臺中市,烏日區,0,0,0,7,,,60,,,,,,,,,,,,,,2,,,,,B03,,,1,,1,,,40,40,1,6,4,120.611657,24.107443,3
9019,66000,387130000C,(04)23274275,(04)23288582,2025,08,24,11,7,臺中市,豐原區,0,1,0,7,2,6,50,4,1,1,5,4,6,6,1,1,10,5,5,2,15,2,9,1,1,C03,7,9,3,19,2,12,,21,21,1,9,4,120.72098,24.253744,2
9020,66000,387130000C,(04)23274275,(04)23288582,2025,08,24,11,9,臺中市,龍井區,0,0,0,7,,,60,,,,,,,,,,,,,,12,,,,,B03,,,1,,1,,,40,40,1,7,4,120.583551,24.187036,3
9021,66000,387130000C,(04)23274275,(04)23288582,2025,08,24,11,11,臺中市,西區,0,0,0,7,,,50,,,,,,,,,,,,,,,,,,,B03,,,1,8,1,,,87,87,1,13,4,120.658836,24.146698,3
9022,66000,387130000C,(04)23274275,(04)23288582,2025,08,24,11,12,臺中市,龍井區,0,0,0,7,,,50,,,,,,,,,,,,,,13,,,,,C03,,,3,,2,,,59,59,1,12,4,120.583332,24.179875,3
9023,66000,387130000C,(04)23274275,(04)23288582,2025,08,24,11,12,臺中市,沙鹿區,0,0,0,7,,,60,,,,,,,,,,,,,,13,,,,,B03,,,1,,1,,,59,59,1,6,4,120.577704,24.250173,3
9024,66000,387130000C,(04)23274275,(04)23288582,2025,08,24,11,15,臺中市,豐原區,0,0,0,7,2,6,50,13,9,1,5,4,6,6,4,4,5,4,5,1,13,3,10,3,1,B03,7,9,1,8,2,1,,7,7,1,12,4,120.720312,24.265158,3
9025,66000,387130000C,(04)23274275,(04)23288582,2025,08,24,11,22,臺中市,北屯區,0,0,0,7,,,50,,,,,,,,,,,,,,,,,,,B03,,,1,,1,,,7,7,1,12,4,120.694191,24.171264,3
9026,66000,387130000C,(04)23274275,(04)23288582,2025,08,24,11,30,臺中市,烏日區,0,0,0,7,,,40,,,,,,,,,,,,,,13,,,,,B03,,,1,,2,,,7,7,1,6,4,120.651904,24.105012,3
9027,66000,387130000C,(04)23274275,(04)23288582,2025,08,24,11,30,臺中市,沙鹿區,0,1,0,7,2,6,50,13,9,1,5,4,6,6,4,4,10,5,5,2,17,2,9,2,1,C03,7,1,1,10,2,11,,51,51,1,6,4,120.568512,24.236786,2
9028,66000,387130000C,(04)23274275,(04)23288582,2025,08,24,11,37,臺中市,北屯區,0,1,0,7,2,6,50,4,1,1,5,4,6,6,1,1,10,5,5,2,12,3,10,3,1,B03,7,6,1,8,2,4,,48,48,1,6,4,120.688004,24.174274,2
9029,66000,387130000C,(04)23274275,(04)23288582,2025,08,24,11,39,臺中市,北屯區,0,1,0,7,2,6,50,13,7,1,5,4,6,6,4,4,1,4,4,2,13,3,10,3,1,B03,7,9,1,8,2,5,,7,7,1,6,4,120.669177,24.17766,2
9030,66000,387130000C,(04)23274275,(04)23288582,2025,08,24,11,40,臺中市,東區,0,0,0,7,,,50,,,,,,,,,,,,,,17,,,,,B03,,,1,,1,,,84,84,1,12,4,120.691575,24.142784,3
9031,66000,387130000C,(04)23274275,(04)23288582,2025,08,24,11,40,臺中市,豐原區,0,0,0,7,,,50,,,,,,,,,,,,,,14,,,,,B03,,,1,,2,,,49,49,1,12,4,120.730491,24.248788,3
9032,66000,387130000C,(04)23274275,(04)23288582,2025,08,24,11,41,臺中市,北屯區,0,1,0,7,2,6,50,4,1,1,5,4,6,6,2,1,10,5,5,2,17,2,9,1,1,C03,7,12,1,10,2,14,,59,59,1,6,4,120.67965,24.172812,2
9033,66000,387130000C,(04)23274275,(04)23288582,2025,08,24,11,44,臺中市,后里區,0,1,0,7,2,6,50,3,1,1,5,4,6,6,1,1,1,4,4,1,16,3,10,3,1,B12,7,5,1,8,2,2,,11,11,1,12,4,120.721825,24.306348,2
9034,66000,387130000C,(04)23274275,(04)23288582,2025,08,24,11,45,臺中市,大甲區,0,0,0,7,,,50,,,,,,,,,,,,,,,,,,,B03,,,1,,2,,,84,84,1,6,4,120.622328,24.345565,3
9035,66000,387130000C,(04)23274275,(04)23288582,2025,08,24,11,48,臺中市,豐原區,0,1,0,7,2,6,50,4,1,1,5,4,6,6,4,4,5,5,4,2,15,2,9,1,1,C03,7,9,1,10,2,12,,15,15,1,12,4,120.734759,24.247303,2
9036,66000,387130000C,(04)23274275,(04)23288582,2025,08,24,11,50,臺中市,烏日區,0,1,0,7,2,6,30,13,9,1,5,4,6,6,4,4,10,5,5,1,12,3,10,1,1,C03,7,5,1,10,2,13,,47,47,1,5,4,120.630702,24.071107,2
9037,66000,387130000C,(04)23274275,(04)23288582,2025,08,24,11,52,臺中市,東勢區,0,0,0,7,,,50,,,,,,,,,,,,,,15,,,,,B03,,,1,,1,,,21,21,1,13,4,120.830864,24.261811,3
9038,66000,387130000C,(04)23274275,(04)23288582,2025,08,24,11,55,臺中市,北區,0,0,0,7,,,30,,,,,,,,,,,,,,17,,,,,B03,,,1,,9,,,59,59,1,13,4,120.683905,24.16129,3
9039,66000,387130000C,(04)23274275,(04)23288582,2025,08,24,11,56,臺中市,潭子區,0,1,0,7,3,6,50,4,1,1,2,4,6,6,1,1,5,4,5,2,17,3,10,3,1,B03,7,15,1,8,9,16,,94,94,1,13,4,120.705022,24.207144,2
9040,66000,387130000C,(04)23274275,(04)23288582,2025,08,24,12,0,臺中市,東區,0,0,0,7,,,50,,,,,,,,,,,,,,13,,,,,B11,,,1,,1,,,7,7,1,13,4,120.686877,24.136117,3
9041,66000,387130000C,(04)23274275,(04)23288582,2025,08,24,12,0,臺中市,西屯區,0,1,0,7,2,6,50,4,1,1,5,4,6,6,4,4,10,5,5,2,3,2,9,5,4,C03,7,9,1,10,2,12,,59,59,1,12,4,120.653502,24.16496,2
9042,66000,387130000C,(04)23274275,(04)23288582,2025,08,24,12,2,臺中市,龍井區,0,1,0,7,1,6,40,3,1,1,5,4,6,6,4,4,10,5,5,2,25,2,9,1,1,C03,7,7,1,10,2,11,,56,56,1,6,4,120.589787,24.184087,2
9043,66000,387130000C,(04)23274275,(04)23288582,2025,08,24,12,5,臺中市,大雅區,0,1,0,7,3,6,30,13,9,1,5,4,6,6,4,4,10,5,5,2,30,2,9,1,4,C03,7,15,1,10,2,12,,59,59,1,13,4,120.632096,24.228538,2
9044,66000,387130000C,(04)23274275,(04)23288582,2025,08,24,12,5,臺中市,潭子區,0,1,0,7,3,6,50,4,1,1,2,4,6,6,1,1,5,4,5,2,17,3,10,3,1,B03,7,9,1,8,9,16,,94,94,1,13,4,120.705022,24.207144,2
9045,66000,387130000C,(04)23274275,(04)23288582,2025,08,24,12,7,臺中市,東區,0,0,0,7,,,30,,,,,,,,,,,,,,17,,,,,C03,,,2,,2,,,14,14,1,13,4,120.703758,24.130614,3
9046,66000,387130000C,(04)23274275,(04)23288582,2025,08,24,12,23,臺中市,太平區,0,0,0,7,,,50,,,,,,,,,,,,,,,,,,,B01,,,1,,1,,,84,84,1,12,4,120.712932,24.159473,3
9047,66000,387130000C,(04)23274275,(04)23288582,2025,08,24,12,28,臺中市,西屯區,0,1,0,7,2,6,40,3,2,1,5,4,6,6,4,4,9,5,5,2,16,3,10,3,1,B03,7,5,1,8,2,5,,47,47,1,12,4,120.653258,24.176114,2
9048,66000,387130000C,(04)23274275,(04)23288582,2025,08,24,12,32,臺中市,北屯區,0,0,0,7,,,50,,,,,,,,,,,,,,12,,,,,B03,,,1,8,1,,,40,40,1,6,4,120.728866,24.176714,3
9049,66000,387130000C,(04)23274275,(04)23288582,2025,08,24,12,33,臺中市,沙鹿區,0,2,0,7,2,6,40,13,8,1,5,4,6,6,1,1,10,5,5,2,13,2,8,1,1,C03,7,9,1,8,2,11,,7,7,1,6,4,120.571847,24.23386,2
9050,66000,387130000C,(04)23274275,(04)23288582,2025,08,24,12,37,臺中市,東勢區,0,0,0,7,,,50,,,,,,,,,,,,,,14,,,,,B03,,,1,,1,,,49,49,1,13,4,120.824949,24.266754,3
9051,66000,387130000C,(04)23274275,(04)23288582,2025,08,24,12,38,臺中市,西屯區,0,0,0,7,,,40,,,,,,,,,,,,,,,,,,,C03,,,1,,1,,,7,7,1,12,4,120.624283,24.178404,4
9052,66000,387130000C,(04)23274275,(04)23288582,2025,08,24,12,40,臺中市,大里區,0,0,0,7,,,40,,,,,,,,,,,,,,,,,,,C03,,,1,,1,,,20,20,1,6,4,120.702635,24.090133,3
9053,66000,387130000C,(04)23274275,(04)23288582,2025,08,24,12,44,臺中市,西屯區,0,0,0,7,,,50,,,,,,,,,,,,,,17,,,,,C03,,,1,,2,,,85,85,1,13,4,120.622676,24.185901,3
9054,66000,387130000C,(04)23274275,(04)23288582,2025,08,24,12,46,臺中市,烏日區,0,0,0,7,,,60,,,,,,,,,,,,,,17,,,,,B03,,,1,,2,,,51,51,1,6,4,120.613315,24.106911,3
9055,66000,387130000C,(04)23274275,(04)23288582,2025,08,24,12,50,臺中市,潭子區,0,0,0,7,,,30,,,,,,,,,,,,,,22,,,,,B03,,,1,,2,,,58,58,1,13,4,120.707474,24.199131,3
9056,66000,387130000C,(04)23274275,(04)23288582,2025,08,24,12,53,臺中市,南屯區,0,0,0,7,,,50,,,,,,,,,,,,,,13,,,,,B03,,,1,,2,,,7,7,1,12,4,120.643962,24.132079,3
9057,66000,387130000C,(04)23274275,(04)23288582,2025,08,24,12,55,臺中市,北區,0,1,0,7,2,6,50,3,2,1,5,4,6,6,4,4,9,5,5,2,18,2,9,5,1,C03,7,5,1,10,2,12,,84,84,1,13,4,120.669212,24.16515,2
9058,66000,387130000C,(04)23274275,(04)23288582,2025,08,24,12,57,臺中市,東區,0,3,0,7,2,6,50,4,1,1,5,4,6,6,1,1,9,4,4,2,15,2,9,2,1,C03,7,9,1,10,2,11,,21,21,1,13,4,120.689186,24.142917,2
9059,66000,387130000C,(04)23274275,(04)23288582,2025,08,24,13,0,臺中市,清水區,0,0,0,7,,,50,,,,,,,,,,,,,,17,,,,,B03,,,1,,2,,,49,49,1,12,4,120.575274,24.268058,3
9060,66000,387130000C,(04)23274275,(04)23288582,2025,08,24,13,11,臺中市,中區,0,2,0,7,2,6,50,4,1,1,5,4,6,6,1,1,10,5,5,2,16,2,9,1,1,C03,7,6,5,19,2,14,,26,26,1,12,2,120.680006,24.143316,2
9061,66000,387130000C,(04)23274275,(04)23288582,2025,08,24,13,13,臺中市,西屯區,0,0,0,7,,,50,,,,,,,,,,,,,,13,,,,,B03,,,1,,1,,,59,59,1,12,4,120.597617,24.191347,3