﻿序號,縣市別代碼,機關代碼,市話,傳真,年,月,日,時,分,縣市,區,死亡數量,受傷數量,2-30,天候,道路照明設備,道路類別,道路速限,道路型態,事故位置,路面鋪裝,路面狀態,路面缺陷,障礙物,視距,號誌種類,號誌動作,分向設施,快車道或一般車道間,快慢車道間,路面邊線,事故類型及型態,受傷程度,主要傷處,保護裝備,行動電話或功能裝置,當事者區分_類別,車輛用途,當事者行動狀態,駕照狀態,駕照種類,飲酒情形,車輛撞擊部位最初,車輛撞擊部位其他,肇事因素個別,肇事因素主要,肇事逃逸,職業,共享經濟或外送平台,GPS座標X,GPS座標Y,事故類別
9062,66000,387130000C,(04)23274275,(04)23288582,2025,08,24,13,16,臺中市,北屯區,0,0,0,7,,,50,,,,,,,,,,,,,,,,,,,B03,,,1,,1,,,49,49,1,12,4,120.689664,24.188229,3
9063,66000,387130000C,(04)23274275,(04)23288582,2025,08,24,13,16,臺中市,大里區,0,0,0,7,2,6,50,4,1,1,5,4,6,6,1,1,1,2,4,1,16,,,,,B03,,,1,,2,,,11,11,1,13,4,120.687412,24.102232,3
9064,66000,387130000C,(04)23274275,(04)23288582,2025,08,24,13,16,臺中市,神岡區,0,0,0,7,,,30,,,,,,,,,,,,,,14,,,,,B03,,,1,,1,,,49,49,1,12,4,120.670037,24.265262,3
9065,66000,387130000C,(04)23274275,(04)23288582,2025,08,24,13,18,臺中市,大里區,0,1,0,7,2,6,50,11,9,1,5,4,6,6,4,4,9,4,5,2,17,2,9,2,1,C03,7,9,1,10,2,11,,84,84,1,12,4,120.692165,24.115013,2
9066,66000,387130000C,(04)23274275,(04)23288582,2025,08,24,13,20,臺中市,南屯區,0,0,0,7,,,50,,,,,,,,,,,,,,,,,,,B03,,,1,,1,,,84,84,1,12,4,120.616286,24.146186,3
9067,66000,387130000C,(04)23274275,(04)23288582,2025,08,24,13,25,臺中市,南屯區,0,0,0,7,,,50,,,,,,,,,,,,,,,,,,,B03,,,1,,2,,,87,87,1,13,4,120.643591,24.147648,3
9068,66000,387130000C,(04)23274275,(04)23288582,2025,08,24,13,26,臺中市,東區,0,1,0,7,2,6,50,4,1,1,5,4,6,6,2,1,10,5,5,2,13,2,8,2,1,C03,7,9,1,10,2,11,,7,7,1,12,4,120.688366,24.135401,2
9069,66000,387130000C,(04)23274275,(04)23288582,2025,08,24,13,27,臺中市,北屯區,0,0,0,7,,,50,,,,,,,,,,,,,,,,,,,B03,,,1,,1,,,49,49,1,13,4,120.747735,24.195543,3
9070,66000,387130000C,(04)23274275,(04)23288582,2025,08,24,13,30,臺中市,東區,0,0,0,7,1,6,50,13,7,1,5,4,6,6,4,4,1,4,5,2,13,3,10,3,1,B03,7,9,1,8,1,1,,84,84,1,12,4,120.694457,24.147985,3
9071,66000,387130000C,(04)23274275,(04)23288582,2025,08,24,13,35,臺中市,西屯區,0,0,0,7,2,6,50,3,1,1,5,4,6,6,4,4,9,5,5,2,13,,,,,C03,,,1,,1,,,7,7,1,13,4,120.644191,24.174274,3
9072,66000,387130000C,(04)23274275,(04)23288582,2025,08,24,13,40,臺中市,西屯區,0,1,0,7,2,6,50,3,1,1,5,4,6,6,4,4,5,5,5,2,16,2,9,5,4,C03,7,6,3,19,2,12,,14,14,1,12,4,120.648442,24.17195,2
9073,66000,387130000C,(04)23274275,(04)23288582,2025,08,24,13,45,臺中市,南屯區,0,2,0,7,2,6,50,3,2,1,5,4,6,6,4,4,3,4,4,2,14,3,10,3,1,B03,7,2,1,8,9,7,,49,49,1,12,4,120.636898,24.152764,2
9074,66000,387130000C,(04)23274275,(04)23288582,2025,08,24,13,47,臺中市,北區,0,2,0,7,2,6,40,13,8,1,5,4,6,6,4,4,1,4,4,2,17,2,9,1,1,C03,7,9,1,10,2,15,,84,84,1,13,4,120.672779,24.169177,2
9075,66000,387130000C,(04)23274275,(04)23288582,2025,08,24,13,54,臺中市,潭子區,0,1,0,7,3,6,80,13,9,1,5,4,6,6,4,4,2,4,5,1,17,3,10,3,1,B03,7,9,1,8,2,1,,84,84,1,13,4,120.722549,24.19097,2
9076,66000,387130000C,(04)23274275,(04)23288582,2025,08,24,13,55,臺中市,太平區,0,1,0,7,3,6,50,3,4,1,5,4,6,6,4,4,10,5,5,2,12,3,10,3,1,B03,7,9,1,8,2,5,,58,58,1,6,4,120.719906,24.149157,2
9077,66000,387130000C,(04)23274275,(04)23288582,2025,08,24,14,3,臺中市,沙鹿區,0,1,0,7,2,6,50,4,1,1,5,4,6,6,4,4,10,5,5,2,15,2,9,2,1,C03,7,9,3,19,2,11,,13,13,1,6,4,120.564949,24.211855,2
9078,66000,387130000C,(04)23274275,(04)23288582,2025,08,24,14,5,臺中市,北屯區,0,0,0,7,,3,40,,,,,,,,,,,,,,13,,,,,B12,,,1,,2,,,7,7,1,6,4,120.669467,24.200839,3
9079,66000,387130000C,(04)23274275,(04)23288582,2025,08,24,14,10,臺中市,沙鹿區,0,0,0,7,2,6,30,12,9,1,5,4,6,6,4,4,10,5,5,1,11,,,,,B02,,,1,,1,,,41,41,1,12,4,120.583225,24.220694,3
9080,66000,387130000C,(04)23274275,(04)23288582,2025,08,24,14,14,臺中市,西屯區,0,3,0,7,2,6,50,3,9,1,5,4,6,6,2,1,1,4,5,2,13,2,9,3,1,B03,7,9,1,8,2,1,,58,58,1,12,4,120.659301,24.171186,2
9081,66000,387130000C,(04)23274275,(04)23288582,2025,08,24,14,19,臺中市,北區,0,0,0,7,,,50,,,,,,,,,,,,,,13,,,,,B03,,,1,,1,,,40,40,1,12,4,120.68535,24.159794,3
9082,66000,387130000C,(04)23274275,(04)23288582,2025,08,24,14,22,臺中市,大里區,0,0,0,7,,,50,,,,,,,,,,,,,,9,,,,,,,,,,,,,86,86,1,,,120.694588,24.091039,3
9083,66000,387130000C,(04)23274275,(04)23288582,2025,08,24,14,23,臺中市,西區,0,1,0,7,2,6,50,4,1,1,5,4,6,6,2,1,10,5,5,2,16,3,10,5,1,B03,7,5,1,8,2,2,,11,11,1,6,4,120.665609,24.13669,2
9084,66000,387130000C,(04)23274275,(04)23288582,2025,08,24,14,24,臺中市,東區,0,1,0,7,2,6,50,4,1,1,5,4,6,6,4,4,5,5,5,2,15,3,10,3,1,B03,7,9,1,8,2,7,,12,12,1,13,4,120.708827,24.143304,2
9085,66000,387130000C,(04)23274275,(04)23288582,2025,08,24,14,27,臺中市,南屯區,0,0,0,7,,,50,,,,,,,,,,,,,,13,,,,,C03,,,1,,1,,,7,7,1,12,4,120.649871,24.144947,3
9086,66000,387130000C,(04)23274275,(04)23288582,2025,08,24,14,30,臺中市,中區,0,0,0,7,,,50,,,,,,,,,,,,,,,,,,,A02,,,1,,2,,,7,7,1,12,4,120.685276,24.138057,3
9087,66000,387130000C,(04)23274275,(04)23288582,2025,08,24,14,39,臺中市,大里區,0,1,0,7,2,6,50,3,1,1,5,4,6,6,4,4,5,5,5,1,13,2,9,2,1,C03,7,9,1,10,2,12,,84,84,1,13,4,120.694223,24.090921,2
9088,66000,387130000C,(04)23274275,(04)23288582,2025,08,24,14,40,臺中市,北屯區,0,0,0,7,,,50,,,,,,,,,,,,,,11,,,,,B12,,,1,,1,,,8,8,1,6,4,120.671085,24.182325,3
9089,66000,387130000C,(04)23274275,(04)23288582,2025,08,24,14,45,臺中市,東區,0,1,0,7,2,6,50,13,9,1,5,4,6,6,4,4,9,4,5,2,17,3,10,3,1,B12,7,15,1,8,2,4,,76,76,1,13,4,120.705363,24.142752,2
9090,66000,387130000C,(04)23274275,(04)23288582,2025,08,24,14,45,臺中市,清水區,0,1,0,7,2,6,30,4,2,1,5,4,6,6,4,4,8,3,4,1,17,3,10,3,1,B03,7,6,1,8,2,5,,14,14,1,12,4,120.571309,24.276886,2
9091,66000,387130000C,(04)23274275,(04)23288582,2025,08,24,14,46,臺中市,西屯區,0,0,0,7,,,50,,,,,,,,,,,,,,13,,,,,C03,,,1,,2,,,40,40,1,13,4,120.62007,24.187242,3
9092,66000,387130000C,(04)23274275,(04)23288582,2025,08,24,14,51,臺中市,西區,0,0,0,7,,,50,,,,,,,,,,,,,,,,,,,B03,,,1,8,1,,,84,84,1,13,4,120.657043,24.152126,3
9093,66000,387130000C,(04)23274275,(04)23288582,2025,08,24,14,57,臺中市,清水區,0,0,0,7,,,30,,,,,,,,,,,,,,,,,,,B02,,,1,,2,,,8,8,1,12,4,120.578374,24.28277,3
9094,66000,387130000C,(04)23274275,(04)23288582,2025,08,24,15,2,臺中市,北區,0,0,0,7,,,50,,,,,,,,,,,,,,,,,,,B03,,,1,,2,,,8,8,1,13,4,120.685106,24.160738,3
9095,66000,387130000C,(04)23274275,(04)23288582,2025,08,24,15,5,臺中市,中區,0,0,0,7,,,50,,,,,,,,,,,,,,,,,,,B03,,,1,,1,,,40,40,1,12,4,120.677572,24.144109,3
9096,66000,387130000C,(04)23274275,(04)23288582,2025,08,24,15,5,臺中市,大肚區,0,0,0,7,,,30,,,,,,,,,,,,,,,,,,,B03,,,5,,2,,,6,6,1,6,4,120.544085,24.164192,3
9097,66000,387130000C,(04)23274275,(04)23288582,2025,08,24,15,6,臺中市,北區,0,0,0,7,,,50,,,,,,,,,,,,,,,,,,,B03,,,1,,1,,,51,51,1,12,4,120.691035,24.155857,3
9098,66000,387130000C,(04)23274275,(04)23288582,2025,08,24,15,6,臺中市,西屯區,0,1,0,7,2,6,50,4,1,1,5,4,6,6,2,1,10,5,5,2,13,2,9,5,4,C03,7,9,1,10,2,11,,58,58,1,13,4,120.624894,24.179858,2
9099,66000,387130000C,(04)23274275,(04)23288582,2025,08,24,15,8,臺中市,南區,0,0,0,7,,,50,,,,,,,,,,,,,,17,,,,,B03,,,1,,2,,,51,51,1,12,4,120.682571,24.134469,3
9100,66000,387130000C,(04)23274275,(04)23288582,2025,08,24,15,14,臺中市,西屯區,0,0,0,7,,,40,,,,,,,,,,,,,,17,,,,,B03,,,1,,1,,,40,40,1,12,4,120.64254,24.167045,3
9101,66000,387130000C,(04)23274275,(04)23288582,2025,08,24,15,15,臺中市,中區,0,0,0,7,,,50,,,,,,,,,,,,,,17,,,,,A04,,,1,,1,,,26,26,1,12,4,120.684022,24.138535,3
9102,66000,387130000C,(04)23274275,(04)23288582,2025,08,24,15,16,臺中市,北屯區,0,0,0,7,,3,50,,,,,,,,,,,,,,13,,,,,B03,,,1,8,2,,,7,7,1,12,4,120.694144,24.201018,3
9103,66000,387130000C,(04)23274275,(04)23288582,2025,08,24,15,18,臺中市,潭子區,0,1,0,7,3,6,30,3,1,1,5,4,6,6,4,4,10,5,5,2,17,3,10,3,1,B03,7,6,1,8,2,1,,14,14,1,13,4,120.706977,24.212622,2
9104,66000,387130000C,(04)23274275,(04)23288582,2025,08,24,15,18,臺中市,西屯區,0,0,0,7,,,40,,,,,,,,,,,,,,,,,,,C03,,,1,,1,,,7,7,1,12,4,120.651441,24.161285,3
9105,66000,387130000C,(04)23274275,(04)23288582,2025,08,24,15,18,臺中市,西屯區,0,0,0,7,,,30,,,,,,,,,,,,,,17,,,,,,,,,,,,,119,119,1,,,120.648082,24.183939,3
9106,66000,387130000C,(04)23274275,(04)23288582,2025,08,24,15,19,臺中市,沙鹿區,0,0,0,7,,,50,,,,,,,,,,,,,,,,,,,B03,,,1,,2,,,50,50,1,13,4,120.558643,24.233292,3
9107,66000,387130000C,(04)23274275,(04)23288582,2025,08,24,15,21,臺中市,南區,0,0,0,7,,,40,,,,,,,,,,,,,,17,,,,,C03,,,1,,9,,,85,85,1,12,4,120.682358,24.13441,3
9108,66000,387130000C,(04)23274275,(04)23288582,2025,08,24,15,26,臺中市,北屯區,0,0,0,7,,,50,,,,,,,,,,,,,,13,,,,,B03,,,1,,1,,,84,84,1,12,4,120.6615,24.189747,3
9109,66000,387130000C,(04)23274275,(04)23288582,2025,08,24,15,26,臺中市,東勢區,0,1,0,7,2,6,50,13,9,1,5,4,6,6,4,4,5,5,5,1,12,3,10,5,4,B03,7,9,1,8,2,5,,8,8,1,13,4,120.829394,24.255032,2
9110,66000,387130000C,(04)23274275,(04)23288582,2025,08,24,15,37,臺中市,大里區,0,1,0,7,3,6,50,13,9,1,5,4,6,6,4,4,1,4,5,1,12,2,9,1,1,C03,7,9,1,10,2,14,,84,84,1,13,4,120.682077,24.1022,2
9111,66000,387130000C,(04)23274275,(04)23288582,2025,08,24,15,40,臺中市,北區,0,0,0,7,,,50,,,,,,,,,,,,,,13,,,,,B03,,,1,,1,,,7,7,1,13,4,120.690265,24.158577,3
9112,66000,387130000C,(04)23274275,(04)23288582,2025,08,24,15,52,臺中市,南屯區,0,0,0,7,,,50,,,,,,,,,,,,,,17,,,,,B03,,,1,,1,,,51,51,1,6,4,120.645088,24.131531,3
9113,66000,387130000C,(04)23274275,(04)23288582,2025,08,24,16,5,臺中市,南屯區,0,0,0,7,3,6,50,13,9,1,5,4,6,6,4,4,1,4,5,2,12,,,,,B03,,,1,,1,,,50,50,1,12,4,120.646469,24.141238,3
9114,66000,387130000C,(04)23274275,(04)23288582,2025,08,24,16,5,臺中市,豐原區,0,2,0,7,2,6,60,13,8,1,5,4,6,6,4,4,1,4,4,1,17,2,9,2,1,C03,7,9,1,10,2,11,,7,7,1,13,4,120.73696,24.25656,2
9115,66000,387130000C,(04)23274275,(04)23288582,2025,08,24,16,6,臺中市,南區,0,3,0,7,2,6,50,4,1,1,5,4,6,6,2,1,10,5,5,2,17,2,9,1,1,C03,7,1,1,10,2,14,,51,51,1,12,4,120.684116,24.131982,2
9116,66000,387130000C,(04)23274275,(04)23288582,2025,08,24,16,13,臺中市,豐原區,0,2,0,7,2,6,50,4,1,1,5,4,6,6,2,1,5,4,4,2,16,3,10,3,1,B03,7,5,1,8,2,2,,47,47,1,12,4,120.714509,24.251007,2
9117,66000,387130000C,(04)23274275,(04)23288582,2025,08,24,16,17,臺中市,西屯區,0,0,0,7,,,60,,,,,,,,,,,,,,16,,,,,B03,,,1,,1,,,40,40,1,12,4,120.655911,24.158976,3
9118,66000,387130000C,(04)23274275,(04)23288582,2025,08,24,16,20,臺中市,大肚區,0,1,0,7,2,6,30,13,8,1,5,4,6,6,4,4,1,4,4,1,16,3,10,3,1,B03,7,1,1,8,2,1,,51,51,1,6,4,120.572143,24.120411,2
9119,66000,387130000C,(04)23274275,(04)23288582,2025,08,24,16,21,臺中市,大里區,0,1,0,7,3,6,50,4,1,1,5,4,6,6,2,1,5,4,4,1,16,3,10,5,4,B03,7,5,1,8,2,2,,11,11,1,13,4,120.674311,24.114852,2
9120,66000,387130000C,(04)23274275,(04)23288582,2025,08,24,16,21,臺中市,大里區,0,0,0,7,,,50,,,,,,,,,,,,,,12,,,,,B03,,,1,,2,,,8,8,1,13,4,120.674802,24.097297,3
9121,66000,387130000C,(04)23274275,(04)23288582,2025,08,24,16,24,臺中市,北區,0,0,0,7,,,50,,,,,,,,,,,,,,12,,,,,B03,,,1,,2,,,8,8,1,12,4,120.685029,24.157257,3
9122,66000,387130000C,(04)23274275,(04)23288582,2025,08,24,16,30,臺中市,北屯區,0,1,0,7,3,6,50,4,1,1,5,4,6,6,1,1,10,5,5,2,15,3,10,3,1,B03,7,9,1,8,2,5,,21,21,1,12,4,120.693309,24.20087,2
9123,66000,387130000C,(04)23274275,(04)23288582,2025,08,24,16,32,臺中市,北區,0,0,0,7,,,50,,,,,,,,,,,,,,,,,,,B03,,,1,,2,,,84,84,1,13,4,120.687398,24.151738,3
9124,66000,387130000C,(04)23274275,(04)23288582,2025,08,24,16,35,臺中市,北屯區,0,0,0,7,,,40,,,,,,,,,,,,,,17,,,,,B03,,,1,,1,,,8,8,1,6,4,120.670597,24.183326,3
9125,66000,387130000C,(04)23274275,(04)23288582,2025,08,24,16,35,臺中市,大里區,0,0,0,7,,,60,,,,,,,,,,,,,,13,,,,,B03,,,1,,1,,,84,84,1,13,4,120.680794,24.104507,3
9126,66000,387130000C,(04)23274275,(04)23288582,2025,08,24,16,36,臺中市,北區,0,3,0,7,2,6,50,4,2,1,5,4,6,6,1,1,5,4,5,2,13,2,9,1,1,C03,7,9,1,10,2,11,,58,58,1,12,4,120.677358,24.151046,2
9127,66000,387130000C,(04)23274275,(04)23288582,2025,08,24,16,36,臺中市,東區,0,0,0,7,,,50,,,,,,,,,,,,,,,,,,,B03,,,1,,1,,,7,7,1,6,4,120.683254,24.134595,3
9128,66000,387130000C,(04)23274275,(04)23288582,2025,08,24,16,36,臺中市,太平區,0,2,0,7,3,6,50,13,9,1,5,4,6,6,4,4,5,4,5,1,17,2,9,1,1,C03,7,11,1,10,2,13,,39,39,1,12,4,120.730986,24.134885,2
9129,66000,387130000C,(04)23274275,(04)23288582,2025,08,24,16,40,臺中市,東區,0,0,0,7,,,50,,,,,,,,,,,,,,,,,,,B03,,,1,,2,,,8,8,2,12,4,120.690267,24.13578,3
9130,66000,387130000C,(04)23274275,(04)23288582,2025,08,24,16,41,臺中市,北區,0,0,0,7,,,50,,,,,,,,,,,,,,17,,,,,C03,,,1,,2,,,45,45,1,13,4,120.682252,24.161739,3
9131,66000,387130000C,(04)23274275,(04)23288582,2025,08,24,16,41,臺中市,清水區,0,1,0,7,2,6,50,4,2,1,5,4,6,6,1,1,8,1,4,1,17,3,10,3,1,B03,7,5,1,8,1,2,,20,20,1,12,4,120.552883,24.296113,2
9132,66000,387130000C,(04)23274275,(04)23288582,2025,08,24,16,48,臺中市,神岡區,0,2,0,7,1,6,15,4,1,1,5,4,6,6,4,4,5,5,5,1,15,2,8,4,4,F01,7,9,7,21,2,12,,20,20,1,12,4,120.692284,24.235474,2
9133,66000,387130000C,(04)23274275,(04)23288582,2025,08,24,16,50,臺中市,北區,0,0,0,7,,,40,,,,,,,,,,,,,,9,,,,,C03,,,7,,10,,,85,85,1,13,4,120.684965,24.147866,3
9134,66000,387130000C,(04)23274275,(04)23288582,2025,08,24,16,50,臺中市,大肚區,0,0,0,7,,,50,,,,,,,,,,,,,,14,,,,,B12,,,1,,2,,,49,49,1,6,4,120.573797,24.158845,3
9135,66000,387130000C,(04)23274275,(04)23288582,2025,08,24,16,58,臺中市,烏日區,0,0,0,7,,,50,,,,,,,,,,,,,,,,,,,B03,,,5,,1,,,14,14,1,13,4,120.627801,24.103621,3
9136,66000,387130000C,(04)23274275,(04)23288582,2025,08,24,16,59,臺中市,太平區,0,0,0,7,,,50,,,,,,,,,,,,,,16,,,,,B12,,,1,,2,,,84,84,1,6,4,120.717812,24.112398,3
9137,66000,387130000C,(04)23274275,(04)23288582,2025,08,24,17,0,臺中市,西屯區,0,0,0,7,,,40,,,,,,,,,,,,,,14,,,,,B13,,,1,,1,,,49,49,1,12,4,120.643634,24.165624,3
9138,66000,387130000C,(04)23274275,(04)23288582,2025,08,24,17,3,臺中市,北區,0,0,0,7,,,50,,,,,,,,,,,,,,,,,,,B03,,,1,,1,,,40,40,1,13,4,120.684017,24.147977,3
9139,66000,387130000C,(04)23274275,(04)23288582,2025,08,24,17,10,臺中市,南區,0,0,0,7,,,50,,,,,,,,,,,,,,17,,,,,B03,,,1,,2,,,47,47,1,12,4,120.655726,24.120237,3
9140,66000,387130000C,(04)23274275,(04)23288582,2025,08,24,17,11,臺中市,豐原區,0,0,0,7,,,50,,,,,,,,,,,,,,17,,,,,B02,,,1,,2,,,50,50,1,12,4,120.717082,24.249327,3
9141,66000,387130000C,(04)23274275,(04)23288582,2025,08,24,17,12,臺中市,西屯區,0,0,0,7,,,40,,,,,,,,,,,,,,13,,,,,C03,,,1,,1,,,7,7,1,12,4,120.649914,24.162685,3
9142,66000,387130000C,(04)23274275,(04)23288582,2025,08,24,17,14,臺中市,西屯區,0,0,0,7,,,50,,,,,,,,,,,,,,13,,,,,B03,,,1,,1,,,59,59,1,12,4,120.617163,24.188787,3
9143,66000,387130000C,(04)23274275,(04)23288582,2025,08,24,17,15,臺中市,后里區,0,0,0,7,2,6,30,11,9,1,5,4,6,6,4,4,10,5,5,2,10,3,10,3,1,B12,7,9,1,7,2,1,,41,41,1,12,4,120.743895,24.319743,3
9144,66000,387130000C,(04)23274275,(04)23288582,2025,08,24,17,17,臺中市,西區,0,0,0,7,,,30,,,,,,,,,,,,,,,,,,,B03,,,1,,1,,,49,49,1,6,4,120.664264,24.149647,3
9145,66000,387130000C,(04)23274275,(04)23288582,2025,08,24,17,18,臺中市,沙鹿區,0,1,0,6,2,6,50,13,14,1,5,4,6,6,4,4,5,5,5,1,17,2,9,6,1,F01,7,9,7,21,2,11,,94,94,1,12,4,120.557697,24.208013,2
9146,66000,387130000C,(04)23274275,(04)23288582,2025,08,24,17,20,臺中市,南屯區,0,1,0,7,2,6,50,13,9,1,5,4,6,6,4,4,5,4,4,2,3,2,9,6,5,H01,8,16,7,21,10,16,,95,95,1,12,5,120.633193,24.145788,2
9147,66000,387130000C,(04)23274275,(04)23288582,2025,08,24,17,20,臺中市,北屯區,0,2,0,7,2,6,30,4,1,1,5,4,6,6,4,4,10,5,5,2,16,2,9,5,4,C03,7,6,1,10,2,11,,20,20,1,12,4,120.702043,24.169017,2
9148,66000,387130000C,(04)23274275,(04)23288582,2025,08,24,17,28,臺中市,太平區,0,0,0,7,2,6,30,,,,,,,,,,,,,,,,,,,B03,,,1,,2,6,,49,49,1,12,4,120.718321,24.118125,3
9149,66000,387130000C,(04)23274275,(04)23288582,2025,08,24,17,30,臺中市,神岡區,0,2,0,7,1,6,50,11,9,1,5,4,6,6,4,4,5,5,5,1,18,2,9,1,4,C03,7,6,1,10,2,12,,59,59,1,12,4,120.654463,24.270333,2
9150,66000,387130000C,(04)23274275,(04)23288582,2025,08,24,17,30,臺中市,豐原區,0,0,0,7,,,30,,,,,,,,,,,,,,14,,,,,B03,,,1,,2,,,49,49,1,13,4,120.707647,24.246052,3
9151,66000,387130000C,(04)23274275,(04)23288582,2025,08,24,17,32,臺中市,南屯區,0,0,0,7,,,50,,,,,,,,,,,,,,,,,,,C03,,,1,,1,,,7,7,1,13,4,120.63867,24.142265,3
9152,66000,387130000C,(04)23274275,(04)23288582,2025,08,24,17,33,臺中市,清水區,0,3,0,7,3,6,50,3,2,1,5,4,6,6,4,4,5,4,5,2,13,2,9,2,1,C03,7,9,1,10,2,11,,7,7,1,12,4,120.570493,24.269389,2
9153,66000,387130000C,(04)23274275,(04)23288582,2025,08,24,17,39,臺中市,神岡區,0,0,0,7,,,50,,,,,,,,,,,,,,17,,,,,B03,,,1,,2,,,7,7,1,13,4,120.665279,24.27406,3
9154,66000,387130000C,(04)23274275,(04)23288582,2025,08,24,17,40,臺中市,北屯區,0,0,0,7,,,50,,,,,,,,,,,,,,17,,,,,B03,,,1,,1,,,51,51,1,12,4,120.681159,24.192144,3
9155,66000,387130000C,(04)23274275,(04)23288582,2025,08,24,17,40,臺中市,霧峰區,0,0,0,7,,,40,,,,,,,,,,,,,,12,,,,,B03,,,1,,2,,,50,50,1,12,4,120.679333,24.064817,3
9156,66000,387130000C,(04)23274275,(04)23288582,2025,08,24,17,40,臺中市,大里區,0,1,0,7,2,6,30,13,9,1,5,4,6,6,4,4,10,5,5,2,13,2,9,1,1,C03,7,9,1,10,2,11,,59,59,1,6,2,120.697775,24.084027,2
9157,66000,387130000C,(04)23274275,(04)23288582,2025,08,24,17,43,臺中市,豐原區,0,0,0,7,,,50,,,,,,,,,,,,,,13,,,,,B03,,,1,,2,,,84,84,1,12,4,120.703109,24.24946,3
9158,66000,387130000C,(04)23274275,(04)23288582,2025,08,24,17,46,臺中市,東區,0,0,0,7,,,50,,,,,,,,,,,,,,,,,,,B03,,,1,,2,,,84,84,1,12,4,120.707834,24.144568,3
9159,66000,387130000C,(04)23274275,(04)23288582,2025,08,24,17,48,臺中市,北屯區,0,0,0,7,,,50,,,,,,,,,,,,,,17,,,,,B03,,,1,,2,,,84,84,1,12,4,120.691345,24.182284,3
9160,66000,387130000C,(04)23274275,(04)23288582,2025,08,24,17,54,臺中市,后里區,0,0,0,7,,,50,,,,,,,,,,,,,,16,,,,,B03,,,1,,2,,,11,11,1,12,4,120.682073,24.315654,3
9161,66000,387130000C,(04)23274275,(04)23288582,2025,08,24,17,58,臺中市,烏日區,0,0,0,7,,,30,,,,,,,,,,,,,,1,,,,,B01,,,1,,1,,,8,8,1,6,4,120.606237,24.1192,3
9162,66000,387130000C,(04)23274275,(04)23288582,2025,08,24,17,59,臺中市,中區,0,0,0,7,,,50,,,,,,,,,,,,,,,,,,,C03,,,1,,1,,,7,7,1,12,4,120.676453,24.144745,3
9163,66000,387130000C,(04)23274275,(04)23288582,2025,08,24,17,59,臺中市,東區,0,1,0,7,3,6,50,4,2,1,5,4,6,6,2,1,5,5,5,2,13,2,9,2,1,C03,7,9,1,10,2,11,,7,7,1,10,4,120.698033,24.147964,2
9164,66000,387130000C,(04)23274275,(04)23288582,2025,08,24,17,59,臺中市,大里區,0,1,0,7,1,6,50,4,1,1,5,4,6,6,3,1,10,5,5,2,15,2,9,1,1,C03,7,9,1,10,2,12,,24,24,1,13,4,120.698444,24.102424,2
9165,66000,387130000C,(04)23274275,(04)23288582,2025,08,24,18,4,臺中市,南屯區,0,0,0,7,,,50,,,,,,,,,,,,,,,,,,,B03,,,1,,1,,,7,7,1,13,4,120.637159,24.142325,3
9166,66000,387130000C,(04)23274275,(04)23288582,2025,08,24,18,8,臺中市,龍井區,0,0,0,7,,,50,,,,,,,,,,,,,,,,,,,B03,,,1,,1,,,59,59,1,6,4,120.546494,24.192644,4
9167,66000,387130000C,(04)23274275,(04)23288582,2025,08,24,18,10,臺中市,南區,0,0,0,7,,,50,,,,,,,,,,,,,,17,,,,,B03,,,1,,1,,,47,47,1,12,4,120.653802,24.122375,3
9168,66000,387130000C,(04)23274275,(04)23288582,2025,08,24,18,14,臺中市,清水區,0,0,0,7,,,50,,,,,,,,,,,,,,,,,,,B03,,,1,,2,,,49,49,1,12,4,120.573001,24.271902,3
9169,66000,387130000C,(04)23274275,(04)23288582,2025,08,24,18,16,臺中市,北區,0,2,0,7,2,6,50,4,1,1,5,4,6,6,2,1,1,4,5,2,16,2,9,1,1,C03,7,12,1,10,2,11,14,21,21,1,13,4,120.685119,24.165279,2
9170,66000,387130000C,(04)23274275,(04)23288582,2025,08,24,18,19,臺中市,東區,0,1,0,7,1,6,50,13,9,1,5,4,6,6,4,4,9,4,5,2,12,2,9,1,1,C03,7,6,1,10,2,12,,48,48,1,12,4,120.695803,24.150948,2
9171,66000,387130000C,(04)23274275,(04)23288582,2025,08,24,18,24,臺中市,外埔區,0,1,0,7,1,6,30,11,9,1,5,4,6,6,4,4,10,5,5,2,18,2,9,1,1,C03,7,9,1,10,2,14,,59,59,1,12,4,120.658131,24.356822,2
9172,66000,387130000C,(04)23274275,(04)23288582,2025,08,24,18,27,臺中市,北區,0,0,0,7,,,50,,,,,,,,,,,,,,12,,,,,B03,,,1,,2,,,59,59,1,12,4,120.68507,24.15911,3
9173,66000,387130000C,(04)23274275,(04)23288582,2025,08,24,18,30,臺中市,大里區,0,2,0,7,1,6,50,4,2,1,5,4,6,6,1,1,5,4,5,1,9,3,10,5,4,B03,7,9,1,8,2,1,,4,4,1,13,4,120.686212,24.110188,2
9174,66000,387130000C,(04)23274275,(04)23288582,2025,08,24,18,35,臺中市,東區,0,0,0,7,,,50,,,,,,,,,,,,,,,,,,,B01,,,1,,1,,,87,87,1,12,4,120.68723,24.136888,3