﻿序號,縣市別代碼,機關代碼,市話,傳真,年,月,日,時,分,縣市,區,死亡數量,受傷數量,2-30,天候,道路照明設備,道路類別,道路速限,道路型態,事故位置,路面鋪裝,路面狀態,路面缺陷,障礙物,視距,號誌種類,號誌動作,分向設施,快車道或一般車道間,快慢車道間,路面邊線,事故類型及型態,受傷程度,主要傷處,保護裝備,行動電話或功能裝置,當事者區分_類別,車輛用途,當事者行動狀態,駕照狀態,駕照種類,飲酒情形,車輛撞擊部位最初,車輛撞擊部位其他,肇事因素個別,肇事因素主要,肇事逃逸,職業,共享經濟或外送平台,GPS座標X,GPS座標Y,事故類別
9175,66000,387130000C,(04)23274275,(04)23288582,2025,08,24,18,38,臺中市,烏日區,0,0,0,7,,,50,,,,,,,,,,,,,,13,,,,,B03,,,1,,1,,,7,7,1,6,4,120.615599,24.113929,3
9176,66000,387130000C,(04)23274275,(04)23288582,2025,08,24,18,45,臺中市,北屯區,0,1,0,7,1,6,50,3,1,1,5,4,6,6,4,4,10,5,5,2,16,3,10,5,4,B03,7,5,1,8,2,2,,20,20,1,12,4,120.683853,24.179173,2
9177,66000,387130000C,(04)23274275,(04)23288582,2025,08,24,18,50,臺中市,沙鹿區,0,2,0,6,1,6,40,4,1,1,5,4,6,6,2,1,1,3,5,1,13,3,10,3,1,B03,7,5,1,8,2,1,,84,84,1,12,4,120.574167,24.229603,2
9178,66000,387130000C,(04)23274275,(04)23288582,2025,08,24,18,51,臺中市,南區,0,0,0,7,,,50,,,,,,,,,,,,,,,,,,,C03,,,1,,2,,,7,7,1,6,4,120.653433,24.123018,4
9179,66000,387130000C,(04)23274275,(04)23288582,2025,08,24,18,53,臺中市,北屯區,0,0,0,7,,,50,,,,,,,,,,,,,,,,,,,B03,,,1,,1,,,49,49,1,13,4,120.677348,24.175103,3
9180,66000,387130000C,(04)23274275,(04)23288582,2025,08,24,18,58,臺中市,清水區,0,1,0,7,1,9,40,18,24,4,5,4,6,6,4,4,10,5,5,2,9,3,10,3,1,B03,7,2,1,8,11,7,,49,49,1,12,4,120.578365,24.277852,2
9181,66000,387130000C,(04)23274275,(04)23288582,2025,08,24,19,0,臺中市,西屯區,0,1,0,7,1,6,50,5,1,1,4,4,6,6,1,1,10,5,5,2,16,3,10,3,1,B03,7,5,1,8,2,2,,47,47,1,12,4,120.663863,24.17626,2
9182,66000,387130000C,(04)23274275,(04)23288582,2025,08,24,19,8,臺中市,豐原區,0,2,0,6,1,6,50,3,2,1,5,4,6,6,4,4,5,5,5,1,17,2,9,1,1,C03,7,6,1,10,2,13,,12,12,1,13,4,120.722885,24.240233,2
9183,66000,387130000C,(04)23274275,(04)23288582,2025,08,24,19,10,臺中市,北區,0,2,0,7,3,6,50,4,2,1,5,4,6,6,4,4,5,4,5,2,3,2,9,4,4,C03,7,9,5,10,2,11,,84,84,1,13,4,120.694843,24.159965,2
9184,66000,387130000C,(04)23274275,(04)23288582,2025,08,24,19,15,臺中市,沙鹿區,0,1,0,7,1,6,60,4,8,1,5,4,6,6,1,1,1,3,1,2,12,3,10,3,1,B03,7,5,1,8,2,5,,26,26,1,13,4,120.568207,24.238389,2
9185,66000,387130000C,(04)23274275,(04)23288582,2025,08,24,19,22,臺中市,北屯區,0,2,0,7,2,6,50,4,1,1,5,4,6,6,4,4,10,5,5,2,15,2,9,1,1,C03,7,9,1,10,2,14,,12,12,1,12,4,120.715881,24.172424,2
9186,66000,387130000C,(04)23274275,(04)23288582,2025,08,24,19,24,臺中市,西屯區,0,1,0,7,3,6,50,13,9,1,5,4,6,6,4,4,5,5,5,2,13,2,9,2,1,C03,7,9,1,10,2,11,,7,7,1,12,4,120.659041,24.164462,2
9187,66000,387130000C,(04)23274275,(04)23288582,2025,08,24,19,25,臺中市,大雅區,0,2,0,5,1,6,40,5,2,1,4,4,6,6,1,1,9,4,4,1,16,3,10,3,1,B03,7,5,1,8,2,5,,84,84,1,13,4,120.650833,24.209962,2
9188,66000,387130000C,(04)23274275,(04)23288582,2025,08,24,19,28,臺中市,北屯區,0,0,0,6,,,50,,,,,,,,,,,,,,13,,,,,C03,,,1,,2,,,7,7,1,12,4,120.671225,24.173989,3
9189,66000,387130000C,(04)23274275,(04)23288582,2025,08,24,19,29,臺中市,太平區,0,0,0,7,1,6,50,,,,,,,,,,,,,,,,,,,B03,,,1,,2,5,2,56,56,1,12,4,120.7166,24.112929,3
9190,66000,387130000C,(04)23274275,(04)23288582,2025,08,24,19,30,臺中市,南屯區,0,0,0,7,,,40,,,,,,,,,,,,,,30,,,,,B02,,,1,,2,,,59,59,1,12,4,120.629286,24.150923,3
9191,66000,387130000C,(04)23274275,(04)23288582,2025,08,24,19,32,臺中市,大里區,0,0,0,7,,,50,,,,,,,,,,,,,,13,,,,,B03,,,1,,1,,,84,84,1,12,4,120.697139,24.111262,3
9192,66000,387130000C,(04)23274275,(04)23288582,2025,08,24,19,38,臺中市,南屯區,0,0,0,7,,,50,,,,,,,,,,,,,,17,,,,,B03,,,1,,1,,,51,51,1,12,4,120.649991,24.13204,3
9193,66000,387130000C,(04)23274275,(04)23288582,2025,08,24,19,40,臺中市,沙鹿區,0,0,0,6,,,60,,,,,,,,,,,,,,13,,,,,B03,,,1,,2,,,7,7,1,12,4,120.606244,24.247281,3
9194,66000,387130000C,(04)23274275,(04)23288582,2025,08,24,19,46,臺中市,北屯區,0,2,0,7,1,6,50,4,2,1,5,4,6,6,4,4,5,4,5,2,16,3,10,1,1,C03,7,9,1,10,2,15,,15,15,1,13,4,120.732606,24.164398,2
9195,66000,387130000C,(04)23274275,(04)23288582,2025,08,24,19,47,臺中市,霧峰區,0,2,0,6,1,6,50,3,2,1,5,4,6,6,3,1,9,5,5,1,12,2,9,1,1,C03,7,1,1,10,2,14,,51,51,1,12,4,120.697042,24.0696,2
9196,66000,387130000C,(04)23274275,(04)23288582,2025,08,24,19,50,臺中市,北屯區,0,0,0,5,,,50,,,,,,,,,,,,,,13,,,,,B03,,,1,,1,,,59,59,1,6,4,120.696601,24.168194,3
9197,66000,387130000C,(04)23274275,(04)23288582,2025,08,24,20,5,臺中市,大里區,0,1,0,6,1,6,50,4,1,1,5,4,6,6,1,1,10,5,5,2,13,3,10,3,1,B01,7,9,1,4,2,1,,85,85,1,6,4,120.694764,24.111531,2
9198,66000,387130000C,(04)23274275,(04)23288582,2025,08,24,20,5,臺中市,太平區,0,3,0,6,1,6,30,4,9,1,5,4,6,6,4,4,5,4,5,2,16,2,8,2,1,C03,7,5,1,10,2,14,,12,12,1,12,4,120.734367,24.149957,2
9199,66000,387130000C,(04)23274275,(04)23288582,2025,08,24,20,6,臺中市,東區,0,0,0,7,,,50,,,,,,,,,,,,,,,,,,,B03,,,1,,9,,,8,8,1,12,4,120.68712,24.143525,3
9200,66000,387130000C,(04)23274275,(04)23288582,2025,08,24,20,6,臺中市,豐原區,0,0,0,5,,,40,,,,,,,,,,,,,,9,,,,,B03,,,1,,9,,,84,84,1,12,4,120.721328,24.249597,3
9201,66000,387130000C,(04)23274275,(04)23288582,2025,08,24,20,11,臺中市,烏日區,0,0,0,7,,,50,,,,,,,,,,,,,,,,,,,B03,,,1,,2,,,8,8,1,13,4,120.645898,24.058756,3
9202,66000,387130000C,(04)23274275,(04)23288582,2025,08,24,20,13,臺中市,北屯區,0,0,0,5,,3,80,,,,,,,,,,,,,,13,,,,,B03,,,1,,9,,,7,7,1,12,4,120.72073,24.175119,3
9203,66000,387130000C,(04)23274275,(04)23288582,2025,08,24,20,15,臺中市,北屯區,0,1,0,7,1,6,50,3,1,1,4,4,6,6,4,4,10,5,5,2,16,3,10,5,4,B03,7,6,1,8,2,4,,12,12,1,12,4,120.722712,24.181017,2
9204,66000,387130000C,(04)23274275,(04)23288582,2025,08,24,20,16,臺中市,南區,0,0,0,7,,,50,,,,,,,,,,,,,,15,,,,,C03,,,1,,2,,,15,15,1,12,4,120.658679,24.124247,3
9205,66000,387130000C,(04)23274275,(04)23288582,2025,08,24,20,19,臺中市,北區,0,0,0,5,,,30,,,,,,,,,,,,,,,,,,,B03,,,1,,1,,,51,51,1,12,4,120.679252,24.162592,3
9206,66000,387130000C,(04)23274275,(04)23288582,2025,08,24,20,19,臺中市,南區,0,0,0,5,,,50,,,,,,,,,,,,,,,,,,,B03,,,1,,1,,,11,11,1,12,4,120.675171,24.125659,4
9207,66000,387130000C,(04)23274275,(04)23288582,2025,08,24,20,19,臺中市,豐原區,0,1,0,5,1,6,50,3,1,1,4,4,6,6,2,1,5,4,4,2,18,2,9,1,1,C03,7,6,1,10,2,16,,23,23,1,12,4,120.704522,24.23953,2
9208,66000,387130000C,(04)23274275,(04)23288582,2025,08,24,20,20,臺中市,西屯區,0,0,0,7,,,50,,,,,,,,,,,,,,,,,,,B03,,,1,,1,,,84,84,1,12,4,120.63603,24.164615,3
9209,66000,387130000C,(04)23274275,(04)23288582,2025,08,24,20,22,臺中市,西區,0,1,0,7,1,6,30,3,1,1,5,4,6,6,4,4,10,5,5,2,16,3,10,3,1,B03,7,6,1,8,2,1,,14,14,1,12,4,120.662686,24.145645,2
9210,66000,387130000C,(04)23274275,(04)23288582,2025,08,24,20,22,臺中市,南屯區,0,3,0,7,2,6,40,13,8,1,5,4,6,6,4,4,9,4,5,2,13,2,9,1,1,C03,7,9,1,10,2,11,13,59,59,1,12,4,120.598422,24.155204,2
9211,66000,387130000C,(04)23274275,(04)23288582,2025,08,24,20,30,臺中市,南屯區,0,1,0,6,2,6,50,13,9,1,5,4,6,6,4,4,5,4,4,2,17,2,9,2,1,C03,7,9,1,10,1,11,,59,59,1,12,4,120.650248,24.12776,2
9212,66000,387130000C,(04)23274275,(04)23288582,2025,08,24,20,35,臺中市,中區,0,0,0,5,,,50,,,,,,,,,,,,,,17,,,,,C03,,,1,,2,,,1,1,1,12,4,120.684825,24.137715,3
9213,66000,387130000C,(04)23274275,(04)23288582,2025,08,24,20,35,臺中市,大里區,0,0,0,7,1,6,50,13,9,1,5,4,6,6,1,1,5,4,5,1,14,,,,,B12,,,1,,2,,,49,49,1,6,4,120.687747,24.094337,3
9214,66000,387130000C,(04)23274275,(04)23288582,2025,08,24,20,36,臺中市,北屯區,0,0,0,7,,3,80,,,,,,,,,,,,,,13,,,,,B03,,,1,,1,,,7,7,1,12,4,120.720597,24.167984,3
9215,66000,387130000C,(04)23274275,(04)23288582,2025,08,24,20,43,臺中市,中區,0,1,0,5,1,6,50,4,1,1,4,4,6,6,1,1,10,5,5,2,17,3,10,3,1,B03,7,6,1,8,2,2,6,48,48,1,12,4,120.677572,24.144109,2
9216,66000,387130000C,(04)23274275,(04)23288582,2025,08,24,20,49,臺中市,大里區,0,1,0,7,1,6,50,13,7,1,5,4,6,6,4,4,5,4,4,2,14,3,10,5,4,B03,7,2,1,8,2,4,,49,49,1,13,4,120.692266,24.110669,2
9217,66000,387130000C,(04)23274275,(04)23288582,2025,08,24,20,52,臺中市,北屯區,0,1,0,6,1,6,40,3,1,1,4,4,6,6,1,1,10,5,5,2,28,2,8,1,1,C03,7,9,1,10,2,11,,59,59,1,12,4,120.714895,24.182275,2
9218,66000,387130000C,(04)23274275,(04)23288582,2025,08,24,20,54,臺中市,西屯區,0,0,0,7,,,30,,,,,,,,,,,,,,9,,,,,B03,,,1,,2,,,8,8,1,12,4,120.634432,24.196371,3
9219,66000,387130000C,(04)23274275,(04)23288582,2025,08,24,20,59,臺中市,東區,0,0,0,7,,,50,,,,,,,,,,,,,,,,,,,C03,,,1,,2,,,84,84,1,6,4,120.694166,24.134788,4
9220,66000,387130000C,(04)23274275,(04)23288582,2025,08,24,21,4,臺中市,西屯區,0,0,0,7,,,50,,,,,,,,,,,,,,16,,,,,B01,,,1,,2,,,85,85,1,13,4,120.657987,24.170289,3
9221,66000,387130000C,(04)23274275,(04)23288582,2025,08,24,21,7,臺中市,大里區,0,0,0,7,,,60,,,,,,,,,,,,,,12,,,,,B03,,,1,,2,,,20,20,1,13,4,120.691908,24.100784,3
9222,66000,387130000C,(04)23274275,(04)23288582,2025,08,24,21,10,臺中市,西區,0,0,0,7,,,50,,,,,,,,,,,,,,,,,,,B12,,,1,,9,,,77,77,1,12,4,120.666179,24.138116,3
9223,66000,387130000C,(04)23274275,(04)23288582,2025,08,24,21,13,臺中市,南區,0,0,0,7,,,50,,,,,,,,,,,,,,,,,,,C03,,,1,,9,,,8,8,2,12,4,120.657166,24.131152,3
9224,66000,387130000C,(04)23274275,(04)23288582,2025,08,24,21,13,臺中市,北屯區,0,0,0,7,,3,40,,,,,,,,,,,,,,13,,,,,B03,,,1,8,1,,,7,7,1,12,4,120.694144,24.201018,3
9225,66000,387130000C,(04)23274275,(04)23288582,2025,08,24,21,16,臺中市,梧棲區,0,1,0,7,1,6,50,4,1,1,5,4,6,6,1,1,10,5,5,2,16,2,7,1,1,C03,7,5,1,10,2,12,,11,11,1,6,4,120.525667,24.256334,2
9226,66000,387130000C,(04)23274275,(04)23288582,2025,08,24,21,26,臺中市,西屯區,0,0,0,7,,,30,,,,,,,,,,,,,,16,,,,,C03,,,1,,2,14,12,12,12,1,12,4,120.658608,24.175673,3
9227,66000,387130000C,(04)23274275,(04)23288582,2025,08,24,21,28,臺中市,大里區,0,2,0,7,1,6,50,4,1,1,5,4,6,6,2,1,3,4,3,1,16,3,10,5,4,B03,7,5,1,8,2,16,,26,26,1,13,4,120.688062,24.094541,2
9228,66000,387130000C,(04)23274275,(04)23288582,2025,08,24,21,44,臺中市,潭子區,0,0,0,7,,,60,,,,,,,,,,,,,,,,,,,B03,,,1,,2,,,84,84,1,12,4,120.708547,24.232016,3
9229,66000,387130000C,(04)23274275,(04)23288582,2025,08,24,21,48,臺中市,東區,0,1,0,7,1,6,50,5,1,1,5,4,6,6,2,1,10,5,5,2,17,3,10,3,1,B12,7,6,1,8,2,2,,11,11,1,12,4,120.694495,24.142765,2
9230,66000,387130000C,(04)23274275,(04)23288582,2025,08,24,21,57,臺中市,中區,0,0,0,7,,,50,,,,,,,,,,,,,,17,,,,,B01,,,1,,1,,,51,51,1,13,4,120.683609,24.14294,3
9231,66000,387130000C,(04)23274275,(04)23288582,2025,08,24,22,15,臺中市,南屯區,0,1,0,7,3,6,50,13,9,1,5,4,6,6,4,4,5,4,5,2,17,3,10,3,1,B03,7,11,1,8,2,16,,46,46,1,12,4,120.649816,24.147217,2
9232,66000,387130000C,(04)23274275,(04)23288582,2025,08,24,22,15,臺中市,北屯區,0,1,0,7,1,6,40,3,2,1,5,4,6,6,4,4,5,5,4,2,30,3,10,1,1,C03,7,9,3,19,2,11,,59,59,1,12,4,120.689837,24.17989,2
9233,66000,387130000C,(04)23274275,(04)23288582,2025,08,24,22,15,臺中市,西屯區,0,1,0,7,1,6,40,3,4,1,5,4,6,6,1,1,5,4,4,2,13,3,10,2,1,C03,7,9,1,10,2,11,,59,59,1,12,4,120.653849,24.176154,2
9234,66000,387130000C,(04)23274275,(04)23288582,2025,08,24,22,23,臺中市,西屯區,0,0,0,7,,,50,,,,,,,,,,,,,,,,,,,C03,,,1,,1,,,8,8,1,12,4,120.647492,24.158985,3
9235,66000,387130000C,(04)23274275,(04)23288582,2025,08,24,22,50,臺中市,新社區,0,1,0,5,1,6,30,13,9,1,4,4,6,6,4,4,10,5,5,1,17,2,9,5,4,C03,7,9,1,10,9,11,,85,85,1,13,4,120.806717,24.224133,2
9236,66000,387130000C,(04)23274275,(04)23288582,2025,08,24,22,55,臺中市,大里區,0,0,0,7,,,60,,,,,,,,,,,,,,13,,,,,C03,,,1,,1,,,40,40,1,6,4,120.689173,24.100939,3
9237,66000,387130000C,(04)23274275,(04)23288582,2025,08,24,23,17,臺中市,豐原區,0,2,0,7,1,6,50,4,1,1,5,4,6,6,3,1,10,5,5,2,15,3,10,3,1,B03,7,9,1,8,2,1,,24,24,1,13,4,120.726948,24.254834,2
9238,66000,387130000C,(04)23274275,(04)23288582,2025,08,24,23,33,臺中市,西屯區,0,0,0,7,,,50,,,,,,,,,,,,,,16,,,,,B03,,,1,,1,,,47,47,1,12,4,120.636528,24.170784,3
9239,66000,387130000C,(04)23274275,(04)23288582,2025,08,24,23,44,臺中市,西區,0,0,0,7,,,50,,,,,,,,,,,,,,,,,,,C03,,,1,,1,,,7,7,1,12,4,120.66774,24.13095,3
9240,66000,387130000C,(04)23274275,(04)23288582,2025,08,25,0,46,臺中市,東勢區,0,0,0,7,,,30,,,,,,,,,,,,,,,,,,,B12,,,5,,2,,,84,84,1,12,4,120.833053,24.235796,3
9241,66000,387130000C,(04)23274275,(04)23288582,2025,08,25,1,25,臺中市,新社區,0,0,0,7,,,30,,,,,,,,,,,,,,,,,,,B03,,,1,,1,,,84,84,1,12,4,120.782064,24.235391,3
9242,66000,387130000C,(04)23274275,(04)23288582,2025,08,25,2,9,臺中市,潭子區,0,1,0,7,1,6,60,5,2,1,5,4,6,6,2,1,1,4,4,1,17,3,10,3,1,B03,7,9,1,6,2,5,,84,84,1,12,4,120.703707,24.200343,2
9243,66000,387130000C,(04)23274275,(04)23288582,2025,08,25,2,42,臺中市,烏日區,0,1,0,7,2,6,50,3,1,1,5,4,6,6,2,1,1,4,4,1,20,2,9,1,1,C03,7,9,1,10,2,11,,84,84,1,12,4,120.598372,24.111472,2
9244,66000,387130000C,(04)23274275,(04)23288582,2025,08,25,4,2,臺中市,大里區,0,0,0,7,,,50,,,,,,,,,,,,,,,,,,,B03,,,1,,1,,,51,51,1,13,4,120.68856,24.091168,3
9245,66000,387130000C,(04)23274275,(04)23288582,2025,08,25,5,24,臺中市,太平區,0,3,0,7,1,6,50,4,2,1,5,4,6,6,2,1,5,4,5,2,16,2,9,2,1,C03,7,6,1,10,2,14,,48,48,1,12,4,120.705171,24.159548,2
9246,66000,387130000C,(04)23274275,(04)23288582,2025,08,25,6,37,臺中市,豐原區,0,1,0,7,2,6,50,13,8,1,5,4,6,6,4,4,9,5,4,2,16,3,10,5,4,B03,7,7,1,8,2,7,,40,40,1,12,4,120.708446,24.246387,2
9247,66000,387130000C,(04)23274275,(04)23288582,2025,08,25,6,38,臺中市,西屯區,0,1,0,6,2,6,50,4,1,1,5,4,6,6,1,1,10,5,5,2,16,2,9,5,1,C03,7,9,1,10,2,14,,21,21,1,12,4,120.606473,24.192739,2
9248,66000,387130000C,(04)23274275,(04)23288582,2025,08,25,6,49,臺中市,霧峰區,0,2,0,7,2,6,30,13,9,1,5,4,6,6,4,4,10,5,5,2,17,2,9,5,4,C03,7,15,1,10,2,11,,84,84,1,13,4,120.679792,24.031008,2
9249,66000,387130000C,(04)23274275,(04)23288582,2025,08,25,6,51,臺中市,梧棲區,0,1,0,7,2,6,50,4,1,1,5,4,6,6,4,4,10,5,5,2,16,2,9,6,1,F01,7,6,7,21,2,14,,12,12,1,12,4,120.533824,24.225244,2
9250,66000,387130000C,(04)23274275,(04)23288582,2025,08,25,7,10,臺中市,梧棲區,0,0,0,7,,,50,,,,,,,,,,,,,,13,,,,,B03,,,1,,1,,,84,84,1,6,4,120.543718,24.245515,3
9251,66000,387130000C,(04)23274275,(04)23288582,2025,08,25,7,15,臺中市,西區,0,0,0,7,,,50,,,,,,,,,,,,,,13,,,,,B03,,,1,,1,,,84,84,1,12,4,120.65953,24.157489,3
9252,66000,387130000C,(04)23274275,(04)23288582,2025,08,25,7,22,臺中市,南區,0,0,0,7,,,40,,,,,,,,,,,,,,12,,,,,C03,,,1,,1,,,84,84,1,12,4,120.655436,24.129269,3
9253,66000,387130000C,(04)23274275,(04)23288582,2025,08,25,7,26,臺中市,霧峰區,0,2,0,7,2,6,50,4,1,1,5,4,6,6,4,4,5,4,5,2,15,2,9,2,1,C03,7,9,1,10,2,13,,12,12,1,13,4,120.697542,24.062657,2
9254,66000,387130000C,(04)23274275,(04)23288582,2025,08,25,7,29,臺中市,霧峰區,0,1,0,7,2,6,40,13,9,1,5,4,6,6,4,4,5,5,5,1,12,2,8,6,1,F01,7,9,7,21,2,12,,84,84,1,13,4,120.695305,24.066002,2
9255,66000,387130000C,(04)23274275,(04)23288582,2025,08,25,7,29,臺中市,沙鹿區,0,1,0,7,2,6,30,13,9,1,5,4,6,6,4,4,10,5,5,2,18,2,9,1,1,C03,7,9,1,10,2,14,,82,82,1,12,4,120.57827,24.220879,2
9256,66000,387130000C,(04)23274275,(04)23288582,2025,08,25,7,30,臺中市,清水區,0,0,0,7,,,50,,,,,,,,,,,,,,17,,,,,B03,,,1,,2,,,56,56,1,12,4,120.574738,24.263725,3
9257,66000,387130000C,(04)23274275,(04)23288582,2025,08,25,7,30,臺中市,神岡區,0,1,0,7,3,6,50,4,1,1,5,4,6,6,4,4,5,5,5,1,16,3,10,3,1,B03,7,6,1,8,2,5,,14,14,1,13,4,120.695517,24.247497,2
9258,66000,387130000C,(04)23274275,(04)23288582,2025,08,25,7,31,臺中市,南屯區,0,2,0,7,3,6,50,13,7,1,5,4,6,6,4,4,5,5,4,2,17,2,8,2,4,C03,7,1,1,10,2,11,,51,51,1,6,4,120.643756,24.133561,2
9259,66000,387130000C,(04)23274275,(04)23288582,2025,08,25,7,33,臺中市,西屯區,0,0,0,7,,,50,,,,,,,,,,,,,,13,,,,,C03,,,1,,1,,,7,7,1,12,4,120.613585,24.173714,3
9260,66000,387130000C,(04)23274275,(04)23288582,2025,08,25,7,33,臺中市,后里區,0,1,0,7,2,6,50,5,1,1,5,4,6,6,4,4,9,5,5,1,17,2,7,2,1,C03,7,1,1,10,2,14,,51,51,1,12,4,120.732764,24.309357,2
9261,66000,387130000C,(04)23274275,(04)23288582,2025,08,25,7,34,臺中市,大里區,0,1,0,7,3,6,50,4,2,1,5,4,6,6,1,1,1,3,5,1,12,2,9,1,1,C03,7,9,1,10,2,14,,8,8,1,13,4,120.691273,24.092119,2
9262,66000,387130000C,(04)23274275,(04)23288582,2025,08,25,7,34,臺中市,霧峰區,0,0,0,7,,,40,,,,,,,,,,,,,,17,,,,,B03,,,1,,2,,,1,1,1,13,4,120.715165,24.074178,3
9263,66000,387130000C,(04)23274275,(04)23288582,2025,08,25,7,36,臺中市,西屯區,0,2,0,7,2,6,50,4,1,1,5,4,6,6,2,1,5,5,4,2,16,2,9,2,1,C03,7,6,1,10,2,12,,11,11,1,12,4,120.63797,24.172723,2
9264,66000,387130000C,(04)23274275,(04)23288582,2025,08,25,7,38,臺中市,大里區,0,2,0,7,2,6,50,4,1,1,5,4,6,6,1,1,5,5,4,1,16,2,7,1,1,C03,7,6,1,10,2,14,,11,11,1,13,4,120.675147,24.103105,2
9265,66000,387130000C,(04)23274275,(04)23288582,2025,08,25,7,40,臺中市,大雅區,0,0,0,7,,,30,,,,,,,,,,,,,,,,,,,C03,,,1,,1,,,7,7,1,13,4,120.631539,24.216681,3
9266,66000,387130000C,(04)23274275,(04)23288582,2025,08,25,7,40,臺中市,沙鹿區,0,2,0,7,2,6,50,4,2,1,5,4,6,6,4,4,8,3,4,1,17,2,9,5,4,C03,7,6,1,10,2,13,,48,48,1,13,4,120.57062,24.237817,2
9267,66000,387130000C,(04)23274275,(04)23288582,2025,08,25,7,41,臺中市,南屯區,0,1,0,7,2,6,50,4,2,1,5,4,6,6,2,1,1,4,5,2,12,3,10,3,1,B03,7,5,1,8,2,5,,84,84,1,12,4,120.596551,24.153366,2
9268,66000,387130000C,(04)23274275,(04)23288582,2025,08,25,7,42,臺中市,沙鹿區,0,1,0,7,2,6,50,13,9,1,5,4,6,6,4,4,1,4,4,2,16,3,10,3,1,B03,7,7,1,8,2,6,,40,40,1,6,4,120.570296,24.258262,2
9269,66000,387130000C,(04)23274275,(04)23288582,2025,08,25,7,43,臺中市,西屯區,0,0,0,7,,,40,,,,,,,,,,,,,,12,,,,,B03,,,1,,1,,,40,40,1,13,4,120.62962,24.162457,3
9270,66000,387130000C,(04)23274275,(04)23288582,2025,08,25,7,44,臺中市,西區,0,1,0,7,2,6,50,4,1,1,5,4,6,6,1,1,10,5,5,2,16,3,10,5,4,B03,7,5,1,8,2,2,,87,87,1,13,4,120.657375,24.146713,2
9271,66000,387130000C,(04)23274275,(04)23288582,2025,08,25,7,46,臺中市,南屯區,0,0,0,7,,,50,,,,,,,,,,,,,,,,,,,A05,,,1,,9,,,8,8,1,6,4,120.607818,24.148746,3
9272,66000,387130000C,(04)23274275,(04)23288582,2025,08,25,7,49,臺中市,西屯區,0,0,0,7,,,30,,,,,,,,,,,,,,14,,,,,B01,,,1,2,1,,,49,49,1,12,4,120.648112,24.158938,3
9273,66000,387130000C,(04)23274275,(04)23288582,2025,08,25,7,52,臺中市,烏日區,0,0,0,7,,,40,,,,,,,,,,,,,,12,,,,,B02,,,1,,2,,,8,8,1,13,4,120.62195,24.106574,3
9274,66000,387130000C,(04)23274275,(04)23288582,2025,08,25,7,53,臺中市,西屯區,0,0,0,7,2,6,40,3,,1,5,4,6,6,4,4,1,4,1,2,16,,,,,B03,,,1,,1,,,12,12,1,13,4,120.637528,24.170573,3
9275,66000,387130000C,(04)23274275,(04)23288582,2025,08,25,7,55,臺中市,太平區,0,2,0,7,2,6,50,13,9,1,5,4,6,6,4,4,10,5,5,2,17,2,9,2,1,C03,7,9,1,10,2,11,,7,7,1,12,4,120.733681,24.156559,2
9276,66000,387130000C,(04)23274275,(04)23288582,2025,08,25,7,55,臺中市,清水區,0,1,0,7,3,6,50,3,1,1,5,4,6,6,1,1,1,4,5,2,17,3,10,3,1,B03,7,9,1,1,2,1,,21,21,1,12,4,120.538184,24.27034,2
9277,66000,387130000C,(04)23274275,(04)23288582,2025,08,25,7,56,臺中市,南區,0,1,0,7,2,6,50,4,1,1,5,4,6,6,4,4,5,4,5,2,13,2,9,2,1,C03,7,9,1,10,2,11,,7,7,1,13,4,120.662012,24.129407,2
9278,66000,387130000C,(04)23274275,(04)23288582,2025,08,25,7,57,臺中市,北屯區,0,1,0,7,2,6,50,3,2,1,5,4,6,6,2,1,1,3,5,2,17,3,10,3,1,B03,7,5,1,8,2,6,,65,65,1,12,4,120.69694,24.169047,2
9279,66000,387130000C,(04)23274275,(04)23288582,2025,08,25,7,57,臺中市,梧棲區,0,1,0,7,2,6,50,3,1,1,5,4,6,6,4,4,10,2,5,2,16,3,10,3,1,B03,7,9,1,8,2,2,,39,39,1,12,4,120.52801,24.258957,2
9280,66000,387130000C,(04)23274275,(04)23288582,2025,08,25,7,58,臺中市,西屯區,0,1,0,7,3,6,50,4,3,1,5,4,6,6,1,1,10,5,5,2,17,3,10,5,4,B03,7,6,1,8,2,1,,59,59,1,13,4,120.5916,24.168493,2
9281,66000,387130000C,(04)23274275,(04)23288582,2025,08,25,7,58,臺中市,梧棲區,0,0,0,7,,,50,,,,,,,,,,,,,,13,,,,,B03,,,1,,2,,,8,8,1,12,4,120.549368,24.2443,3
9282,66000,387130000C,(04)23274275,(04)23288582,2025,08,25,8,0,臺中市,西屯區,0,1,0,7,2,6,50,3,2,1,5,4,6,6,2,1,5,4,4,2,13,2,8,1,1,C03,7,9,1,10,2,11,14,59,59,1,12,4,120.615268,24.182813,2
9283,66000,387130000C,(04)23274275,(04)23288582,2025,08,25,8,0,臺中市,豐原區,0,0,0,7,,,60,,,,,,,,,,,,,,,,,,,B03,,,1,,2,,,50,50,1,13,4,120.702996,24.239615,3
9284,66000,387130000C,(04)23274275,(04)23288582,2025,08,25,8,1,臺中市,龍井區,0,0,0,7,2,6,50,13,9,1,5,4,6,6,4,4,10,5,5,2,12,3,10,3,1,B03,7,9,2,19,2,5,,8,8,1,12,4,120.590174,24.182796,3
9285,66000,387130000C,(04)23274275,(04)23288582,2025,08,25,8,3,臺中市,北區,0,0,0,7,,,50,,,,,,,,,,,,,,13,,,,,B03,,,1,,1,,,7,7,1,13,4,120.683351,24.148662,3