﻿序號,縣市別代碼,機關代碼,市話,傳真,年,月,日,時,分,縣市,區,死亡數量,受傷數量,2-30,天候,道路照明設備,道路類別,道路速限,道路型態,事故位置,路面鋪裝,路面狀態,路面缺陷,障礙物,視距,號誌種類,號誌動作,分向設施,快車道或一般車道間,快慢車道間,路面邊線,事故類型及型態,受傷程度,主要傷處,保護裝備,行動電話或功能裝置,當事者區分_類別,車輛用途,當事者行動狀態,駕照狀態,駕照種類,飲酒情形,車輛撞擊部位最初,車輛撞擊部位其他,肇事因素個別,肇事因素主要,肇事逃逸,職業,共享經濟或外送平台,GPS座標X,GPS座標Y,事故類別
9398,66000,387130000C,(04)23274275,(04)23288582,2025,08,25,11,45,臺中市,清水區,0,0,0,7,,,30,,,,,,,,,,,,,,15,,,,,B03,,,1,,2,,,12,12,1,12,4,120.546859,24.265819,3
9399,66000,387130000C,(04)23274275,(04)23288582,2025,08,25,11,45,臺中市,東勢區,0,2,0,7,1,6,50,4,1,1,5,4,6,6,1,1,10,5,5,1,17,2,9,5,4,C03,7,6,1,10,2,11,,11,11,1,13,4,120.830056,24.251612,2
9400,66000,387130000C,(04)23274275,(04)23288582,2025,08,25,11,46,臺中市,北區,0,2,0,7,2,6,50,5,2,1,5,4,6,6,2,1,10,5,5,2,13,2,9,2,1,C03,7,9,1,10,2,11,,7,7,1,13,4,120.686213,24.15426,2
9401,66000,387130000C,(04)23274275,(04)23288582,2025,08,25,11,50,臺中市,北區,0,0,0,7,,,50,,,,,,,,,,,,,,16,,,,,B03,,,1,,2,,,12,12,1,13,4,120.688697,24.152433,3
9402,66000,387130000C,(04)23274275,(04)23288582,2025,08,25,11,52,臺中市,西屯區,0,1,0,7,2,6,50,4,1,1,5,4,6,6,2,1,10,5,5,2,12,3,10,5,4,G03,7,8,1,5,3,17,,40,40,1,12,4,120.637142,24.185935,2
9403,66000,387130000C,(04)23274275,(04)23288582,2025,08,25,11,55,臺中市,潭子區,0,1,0,7,3,6,30,13,9,1,5,4,6,6,4,4,10,5,5,2,17,2,9,2,1,C03,7,1,1,10,2,11,,51,51,1,13,4,120.708913,24.204369,2
9404,66000,387130000C,(04)23274275,(04)23288582,2025,08,25,11,55,臺中市,太平區,0,1,0,7,2,6,50,3,1,1,5,4,6,6,4,4,10,5,5,2,17,3,10,3,1,B03,7,5,1,8,2,2,,14,14,1,12,4,120.730382,24.11096,2
9405,66000,387130000C,(04)23274275,(04)23288582,2025,08,25,11,56,臺中市,南屯區,0,0,0,7,3,6,50,13,9,1,5,4,6,6,1,1,5,4,5,2,13,,,,,B03,,,1,,1,,,7,7,1,12,4,120.613938,24.139047,3
9406,66000,387130000C,(04)23274275,(04)23288582,2025,08,25,11,57,臺中市,太平區,0,0,0,7,,,50,,,,,,,,,,,,,,13,,,,,C03,,,1,,1,,,7,7,1,12,4,120.723166,24.149437,3
9407,66000,387130000C,(04)23274275,(04)23288582,2025,08,25,11,59,臺中市,梧棲區,0,0,0,7,,,40,,,,,,,,,,,,,,12,,,,,B03,,,1,,1,,,7,7,1,12,4,120.539499,24.256977,3
9408,66000,387130000C,(04)23274275,(04)23288582,2025,08,25,12,0,臺中市,沙鹿區,0,0,0,7,,,50,,,,,,,,,,,,,,13,,,,,B03,,,1,,1,,,56,56,1,6,4,120.568198,24.254644,3
9409,66000,387130000C,(04)23274275,(04)23288582,2025,08,25,12,1,臺中市,西屯區,0,0,0,7,,,30,,,,,,,,,,,,,,14,,,,,A11,,,1,2,2,,,49,49,1,13,4,120.614846,24.175467,3
9410,66000,387130000C,(04)23274275,(04)23288582,2025,08,25,12,5,臺中市,南屯區,0,1,0,7,3,6,50,3,1,1,5,4,6,6,4,4,1,5,5,2,16,3,10,5,4,B01,7,5,1,4,2,6,,47,47,1,6,4,120.624019,24.140787,2
9411,66000,387130000C,(04)23274275,(04)23288582,2025,08,25,12,10,臺中市,大雅區,0,0,0,7,,,,,,,,,,,,,,,,,,,,,,,,,,,,,,86,86,1,,,120.648076,24.226383,3
9412,66000,387130000C,(04)23274275,(04)23288582,2025,08,25,12,16,臺中市,豐原區,0,1,0,7,2,6,50,13,7,1,5,4,6,6,4,4,5,4,4,2,17,2,9,2,1,C03,7,11,1,10,1,13,,39,39,1,12,4,120.715298,24.247726,2
9413,66000,387130000C,(04)23274275,(04)23288582,2025,08,25,12,19,臺中市,烏日區,0,0,0,7,2,6,50,3,1,1,5,4,6,6,4,4,5,4,4,1,12,3,10,1,1,C03,7,4,1,10,2,12,,1,1,1,6,4,120.619802,24.106522,3
9414,66000,387130000C,(04)23274275,(04)23288582,2025,08,25,12,20,臺中市,北屯區,0,0,0,7,,,50,,,,,,,,,,,,,,13,,,,,C03,,,1,,1,,,7,7,1,12,4,120.694688,24.17019,3
9415,66000,387130000C,(04)23274275,(04)23288582,2025,08,25,12,24,臺中市,西屯區,0,1,0,7,2,6,50,4,2,1,5,4,6,6,2,1,5,2,5,2,16,2,9,1,1,C03,7,11,1,10,2,14,12,32,32,1,12,4,120.638243,24.180996,2
9416,66000,387130000C,(04)23274275,(04)23288582,2025,08,25,12,30,臺中市,南屯區,0,0,0,7,,,40,,,,,,,,,,,,,,,,,,,B03,,,1,,1,,,49,49,1,6,4,120.629827,24.150744,3
9417,66000,387130000C,(04)23274275,(04)23288582,2025,08,25,12,30,臺中市,豐原區,0,1,0,7,3,6,50,5,4,1,5,4,6,6,1,1,1,4,5,1,13,3,10,5,4,B03,7,1,1,8,2,1,,84,84,1,12,4,120.705781,24.249098,2
9418,66000,387130000C,(04)23274275,(04)23288582,2025,08,25,12,33,臺中市,北區,0,0,0,7,,,50,,,,,,,,,,,,,,13,,,,,C03,,,1,,1,,,7,7,1,13,4,120.67243,24.168846,3
9419,66000,387130000C,(04)23274275,(04)23288582,2025,08,25,12,38,臺中市,東區,0,0,0,7,,,50,,,,,,,,,,,,,,13,,,,,B12,,,1,,1,,,7,7,1,12,4,120.696485,24.138879,3
9420,66000,387130000C,(04)23274275,(04)23288582,2025,08,25,12,39,臺中市,后里區,0,0,0,7,2,6,50,13,7,1,5,4,6,6,4,4,5,5,4,2,14,3,10,3,1,B03,7,2,1,8,2,3,,49,49,1,12,4,120.711699,24.304178,3
9421,66000,387130000C,(04)23274275,(04)23288582,2025,08,25,12,42,臺中市,南屯區,0,0,0,6,,,50,,,,,,,,,,,,,,,,,,,B03,,,1,,1,,,7,7,1,6,4,120.647597,24.124399,3
9422,66000,387130000C,(04)23274275,(04)23288582,2025,08,25,12,45,臺中市,北區,0,2,0,7,2,6,30,4,1,1,5,4,6,6,4,4,10,5,5,2,15,2,9,1,1,C03,7,9,1,10,2,11,,15,15,1,13,4,120.668262,24.153681,2
9423,66000,387130000C,(04)23274275,(04)23288582,2025,08,25,12,45,臺中市,西屯區,0,1,0,7,2,6,30,3,1,1,5,4,6,6,4,4,1,4,1,2,17,3,10,3,1,B03,7,12,1,8,2,8,,14,14,1,12,4,120.654152,24.159915,2
9424,66000,387130000C,(04)23274275,(04)23288582,2025,08,25,12,45,臺中市,大里區,0,1,0,7,3,6,40,11,7,1,5,4,6,6,4,4,1,4,4,1,17,3,10,1,1,C03,7,8,1,10,2,14,,40,40,1,13,4,120.690709,24.101025,2
9425,66000,387130000C,(04)23274275,(04)23288582,2025,08,25,12,48,臺中市,北屯區,0,1,0,7,3,6,50,13,9,1,5,4,6,6,4,4,5,5,5,2,17,2,9,2,1,C04,7,1,1,8,2,14,,51,51,1,13,4,120.691511,24.170495,2
9426,66000,387130000C,(04)23274275,(04)23288582,2025,08,25,12,50,臺中市,烏日區,0,0,0,7,,,30,,,,,,,,,,,,,,14,,,,,B02,,,1,,2,,,49,49,1,6,4,120.622321,24.105656,3
9427,66000,387130000C,(04)23274275,(04)23288582,2025,08,25,12,51,臺中市,西區,0,1,0,7,2,6,50,3,1,1,5,4,6,6,1,1,10,5,5,2,16,3,10,3,1,B03,7,5,1,8,2,6,5,20,20,1,12,4,120.658502,24.155427,2
9428,66000,387130000C,(04)23274275,(04)23288582,2025,08,25,12,51,臺中市,東區,0,1,0,7,2,6,50,13,9,1,5,4,6,6,4,4,9,5,5,2,12,3,10,3,1,B13,7,4,1,8,2,2,,1,1,1,13,4,120.694134,24.130481,2
9429,66000,387130000C,(04)23274275,(04)23288582,2025,08,25,12,53,臺中市,梧棲區,0,1,0,7,3,6,70,4,2,1,5,4,6,6,1,1,10,5,5,2,16,3,10,3,1,B03,7,5,1,8,2,6,,20,20,1,6,4,120.545059,24.226991,2
9430,66000,387130000C,(04)23274275,(04)23288582,2025,08,25,12,55,臺中市,南屯區,0,0,0,7,,,50,,,,,,,,,,,,,,17,,,,,C03,,,1,,1,,,87,87,1,12,4,120.635446,24.152519,3
9431,66000,387130000C,(04)23274275,(04)23288582,2025,08,25,12,58,臺中市,南區,0,1,0,7,2,6,50,13,9,1,5,4,6,6,4,4,5,2,5,2,17,3,10,3,1,B03,7,7,1,8,2,2,,40,40,1,13,4,120.666731,24.128663,2
9432,66000,387130000C,(04)23274275,(04)23288582,2025,08,25,12,58,臺中市,西屯區,0,0,0,7,,,30,,,,,,,,,,,,,,14,,,,,B03,,,1,,1,,,49,49,1,13,4,120.658881,24.165319,3
9433,66000,387130000C,(04)23274275,(04)23288582,2025,08,25,13,0,臺中市,西屯區,0,1,0,7,2,6,50,4,1,1,5,4,6,6,2,1,10,5,5,2,16,2,8,5,4,C03,7,5,1,10,2,12,,11,11,1,12,4,120.645472,24.175895,2
9434,66000,387130000C,(04)23274275,(04)23288582,2025,08,25,13,0,臺中市,豐原區,0,0,0,7,,,50,,,,,,,,,,,,,,17,,,,,B03,,,1,,2,,,59,59,1,6,4,120.727895,24.257638,3
9435,66000,387130000C,(04)23274275,(04)23288582,2025,08,25,13,13,臺中市,北區,0,0,0,7,,,50,,,,,,,,,,,,,,17,,,,,C03,,,1,,2,,,85,85,1,12,4,120.685204,24.159121,4
9436,66000,387130000C,(04)23274275,(04)23288582,2025,08,25,13,15,臺中市,北屯區,0,2,0,7,2,6,50,4,2,1,5,4,6,6,2,1,10,5,5,2,12,3,10,2,1,C03,7,9,1,10,2,11,,84,84,1,12,4,120.719156,24.163052,2
9437,66000,387130000C,(04)23274275,(04)23288582,2025,08,25,13,20,臺中市,南屯區,0,0,0,7,,,50,,,,,,,,,,,,,,,,,,,C03,,,1,,1,,,7,7,1,12,4,120.623269,24.151812,4
9438,66000,387130000C,(04)23274275,(04)23288582,2025,08,25,13,24,臺中市,北屯區,0,0,0,7,,,50,,,,,,,,,,,,,,12,,,,,,,,,,,,,86,86,1,,,120.686546,24.172227,3
9439,66000,387130000C,(04)23274275,(04)23288582,2025,08,25,13,24,臺中市,龍井區,0,2,0,7,2,6,30,13,9,1,5,4,6,6,4,4,10,5,5,2,17,3,10,3,1,B12,7,1,1,8,2,8,,51,51,1,6,4,120.511613,24.223088,2
9440,66000,387130000C,(04)23274275,(04)23288582,2025,08,25,13,25,臺中市,南屯區,0,0,0,7,,,50,,,,,,,,,,,,,,,,,,,B03,,,1,,1,,,26,26,1,13,4,120.62267,24.140394,3
9441,66000,387130000C,(04)23274275,(04)23288582,2025,08,25,13,25,臺中市,后里區,0,0,0,7,2,6,50,4,1,1,5,4,6,6,1,1,4,5,4,1,17,3,10,3,1,B12,7,1,1,8,2,6,,84,84,2,12,4,120.694296,24.313401,3
9442,66000,387130000C,(04)23274275,(04)23288582,2025,08,25,13,29,臺中市,大雅區,0,0,0,7,,,30,,,,,,,,,,,,,,,,,,,A12,,,1,,2,,,49,49,1,12,4,120.664661,24.226805,3
9443,66000,387130000C,(04)23274275,(04)23288582,2025,08,25,13,30,臺中市,北屯區,0,1,0,7,2,6,50,4,1,1,5,4,6,6,4,4,10,5,5,2,15,2,8,1,1,C03,7,9,1,10,2,11,,15,15,1,6,4,120.695527,24.175294,2
9444,66000,387130000C,(04)23274275,(04)23288582,2025,08,25,13,32,臺中市,梧棲區,0,0,0,7,,,50,,,,,,,,,,,,,,14,,,,,A11,,,1,,1,,,49,49,1,6,4,120.530934,24.243002,3
9445,66000,387130000C,(04)23274275,(04)23288582,2025,08,25,13,35,臺中市,西屯區,0,0,0,7,,,50,,,,,,,,,,,,,,,,,,,B03,,,1,,1,,,84,84,1,12,4,120.633881,24.173723,3
9446,66000,387130000C,(04)23274275,(04)23288582,2025,08,25,13,38,臺中市,太平區,0,1,0,7,1,6,50,4,1,1,5,4,6,6,1,1,10,5,5,2,17,2,7,1,1,C03,7,15,1,10,2,11,,42,42,1,12,4,120.717918,24.1288,2
9447,66000,387130000C,(04)23274275,(04)23288582,2025,08,25,13,39,臺中市,東區,0,1,0,7,2,6,50,3,1,1,5,4,6,6,4,4,10,5,5,2,17,3,10,2,1,C03,7,15,1,10,2,13,,84,84,1,12,4,120.689884,24.134374,2
9448,66000,387130000C,(04)23274275,(04)23288582,2025,08,25,13,44,臺中市,烏日區,0,1,0,7,2,6,50,13,9,1,5,4,6,6,1,1,5,4,5,1,12,3,10,3,1,B13,7,9,1,7,1,4,,8,8,1,6,4,120.618661,24.102877,2
9449,66000,387130000C,(04)23274275,(04)23288582,2025,08,25,13,45,臺中市,大里區,0,0,0,7,,,50,,,,,,,,,,,,,,,,,,,B03,,,1,,2,,,50,50,1,13,4,120.695579,24.088024,3
9450,66000,387130000C,(04)23274275,(04)23288582,2025,08,25,13,48,臺中市,大里區,0,0,0,7,,,30,,,,,,,,,,,,,,14,,,,,B12,,,1,,1,,,87,87,1,13,4,120.720786,24.098698,3
9451,66000,387130000C,(04)23274275,(04)23288582,2025,08,25,13,50,臺中市,東區,0,1,0,7,3,6,30,3,1,1,5,4,6,6,4,4,10,5,5,2,16,3,10,5,4,B03,7,6,1,8,1,5,,14,14,1,12,4,120.689572,24.134278,2
9452,66000,387130000C,(04)23274275,(04)23288582,2025,08,25,13,50,臺中市,南區,0,0,0,7,2,6,30,13,9,1,5,4,6,6,4,4,10,5,5,2,14,,,,,B03,,,1,,1,,,49,49,1,13,4,120.680886,24.120145,3
9453,66000,387130000C,(04)23274275,(04)23288582,2025,08,25,13,51,臺中市,梧棲區,0,1,0,7,3,6,50,3,1,1,5,4,6,6,4,4,5,4,4,2,14,3,10,3,1,B03,7,2,1,8,2,3,,49,49,1,6,4,120.530506,24.255359,2
9454,66000,387130000C,(04)23274275,(04)23288582,2025,08,25,13,57,臺中市,北區,0,0,0,7,,,50,,,,,,,,,,,,,,13,,,,,C03,,,1,,1,,,84,84,1,12,4,120.677156,24.150952,3
9455,66000,387130000C,(04)23274275,(04)23288582,2025,08,25,14,1,臺中市,西屯區,0,0,0,7,,,30,,,,,,,,,,,,,,11,,,,,B03,,,1,,2,,,8,8,1,13,4,120.619951,24.197174,3
9456,66000,387130000C,(04)23274275,(04)23288582,2025,08,25,14,1,臺中市,西屯區,0,0,0,7,,,30,,,,,,,,,,,,,,17,,,,,B11,,,1,1,1,,,51,51,1,12,4,120.631717,24.165087,3
9457,66000,387130000C,(04)23274275,(04)23288582,2025,08,25,14,2,臺中市,南屯區,0,1,0,7,1,6,50,4,2,1,5,4,6,6,2,1,1,2,5,2,18,2,9,5,4,C03,7,9,1,10,2,14,,84,84,1,13,4,120.646802,24.146809,2
9458,66000,387130000C,(04)23274275,(04)23288582,2025,08,25,14,3,臺中市,北屯區,0,0,0,7,,,50,,,,,,,,,,,,,,13,,,,,A12,,,1,,1,,,7,7,1,6,4,120.720793,24.176287,3
9459,66000,387130000C,(04)23274275,(04)23288582,2025,08,25,14,5,臺中市,西屯區,0,0,0,7,,,50,,,,,,,,,,,,,,13,,,,,B03,,,1,,2,,,59,59,1,13,4,120.636528,24.170784,3
9460,66000,387130000C,(04)23274275,(04)23288582,2025,08,25,14,7,臺中市,北區,0,0,0,7,2,6,50,4,7,1,5,4,6,6,1,1,5,4,4,2,13,3,10,3,1,B03,7,6,1,8,2,5,,7,7,1,12,4,120.682332,24.165074,3
9461,66000,387130000C,(04)23274275,(04)23288582,2025,08,25,14,17,臺中市,東區,0,0,0,7,,,50,,,,,,,,,,,,,,17,,,,,B03,,,1,,1,,,7,7,1,13,4,120.686247,24.135044,3
9462,66000,387130000C,(04)23274275,(04)23288582,2025,08,25,14,23,臺中市,大里區,0,0,0,7,,,60,,,,,,,,,,,,,,,,,,,B03,,,1,,1,,,49,49,1,13,4,120.687439,24.085633,3
9463,66000,387130000C,(04)23274275,(04)23288582,2025,08,25,14,26,臺中市,太平區,0,1,0,7,2,6,50,13,8,1,5,4,6,6,4,4,10,4,4,1,13,2,9,2,1,C03,7,9,1,10,2,11,,7,7,1,12,4,120.713017,24.146615,2
9464,66000,387130000C,(04)23274275,(04)23288582,2025,08,25,14,28,臺中市,太平區,0,0,0,7,,3,80,,,,,,,,,,,,,,17,,,,,B03,,,1,,2,,,59,59,1,12,4,120.714272,24.148696,3
9465,66000,387130000C,(04)23274275,(04)23288582,2025,08,25,14,30,臺中市,太平區,0,1,0,6,3,6,50,4,1,1,5,4,6,6,1,1,10,5,5,2,29,2,9,1,1,C03,7,9,1,10,2,11,,59,59,1,12,4,120.718398,24.129005,2
9466,66000,387130000C,(04)23274275,(04)23288582,2025,08,25,14,34,臺中市,南屯區,0,0,0,7,,,50,,,,,,,,,,,,,,,,,,,B12,,,1,,1,,,59,59,1,13,4,120.630023,24.128205,3
9467,66000,387130000C,(04)23274275,(04)23288582,2025,08,25,14,34,臺中市,清水區,0,0,0,7,,,50,,,,,,,,,,,,,,,,,,,B12,,,1,,2,,,84,84,1,12,4,120.574583,24.273295,3
9468,66000,387130000C,(04)23274275,(04)23288582,2025,08,25,14,39,臺中市,大雅區,0,3,0,7,3,6,30,4,2,1,5,4,6,6,4,4,10,5,5,1,15,2,9,2,1,C03,7,9,1,10,2,12,,15,15,1,13,4,120.662592,24.226263,2
9469,66000,387130000C,(04)23274275,(04)23288582,2025,08,25,14,40,臺中市,北屯區,0,0,0,7,,,50,,,,,,,,,,,,,,17,,,,,B11,,,1,,1,,,51,51,1,13,4,120.732581,24.170464,3
9470,66000,387130000C,(04)23274275,(04)23288582,2025,08,25,14,44,臺中市,西區,0,0,0,7,,,50,,,,,,,,,,,,,,13,,,,,B03,,,1,,1,,,7,7,1,12,4,120.669678,24.150839,3
9471,66000,387130000C,(04)23274275,(04)23288582,2025,08,25,14,47,臺中市,東勢區,0,1,0,7,2,6,50,13,9,1,5,4,6,6,4,4,5,5,5,1,17,3,10,5,4,B12,7,4,1,8,9,2,,34,34,1,13,4,120.842982,24.166781,2
9472,66000,387130000C,(04)23274275,(04)23288582,2025,08,25,14,50,臺中市,龍井區,0,1,0,7,2,6,60,13,7,1,5,4,6,6,4,4,5,3,5,2,12,3,10,3,1,A41,7,7,1,1,2,5,,40,40,1,6,4,120.512157,24.224798,2
9473,66000,387130000C,(04)23274275,(04)23288582,2025,08,25,14,51,臺中市,烏日區,0,0,0,7,,,40,,,,,,,,,,,,,,14,,,,,B03,,,1,,2,,,49,49,1,13,4,120.646742,24.065222,3
9474,66000,387130000C,(04)23274275,(04)23288582,2025,08,25,14,52,臺中市,西區,0,0,0,7,,,50,,,,,,,,,,,,,,,,,,,B03,,,1,,1,,,84,84,1,13,4,120.660187,24.140158,3
9475,66000,387130000C,(04)23274275,(04)23288582,2025,08,25,14,52,臺中市,北區,0,2,0,7,3,6,50,4,2,1,5,4,6,6,1,1,3,4,5,2,13,3,10,5,4,B03,7,9,1,8,2,1,,7,7,1,13,4,120.683351,24.148662,2
9476,66000,387130000C,(04)23274275,(04)23288582,2025,08,25,14,55,臺中市,東區,0,0,0,7,,3,50,,,,,,,,,,,,,,,,,,,B12,,,1,,9,,,40,40,1,6,4,120.708634,24.134608,3
9477,66000,387130000C,(04)23274275,(04)23288582,2025,08,25,14,55,臺中市,大里區,0,2,0,7,2,6,50,4,1,1,5,4,6,6,1,1,10,5,5,2,17,2,9,1,1,C03,7,9,1,10,2,11,,84,84,1,12,4,120.675214,24.103419,2
9478,66000,387130000C,(04)23274275,(04)23288582,2025,08,25,14,58,臺中市,西屯區,0,0,0,7,,,50,,,,,,,,,,,,,,12,,,,,B03,,,1,,1,,,40,40,1,13,4,120.616558,24.185997,3
9479,66000,387130000C,(04)23274275,(04)23288582,2025,08,25,15,0,臺中市,東區,0,0,0,7,,,50,,,,,,,,,,,,,,14,,,,,B12,,,1,,1,,,49,49,1,12,4,120.694569,24.140035,3
9480,66000,387130000C,(04)23274275,(04)23288582,2025,08,25,15,0,臺中市,太平區,0,1,0,7,2,6,50,5,1,1,5,4,6,6,4,4,10,5,5,2,17,2,9,2,1,C03,7,9,1,10,2,12,,12,12,1,12,2,120.720232,24.152855,2
9481,66000,387130000C,(04)23274275,(04)23288582,2025,08,25,15,4,臺中市,中區,0,0,0,7,,,50,,,,,,,,,,,,,,17,,,,,B03,,,1,,1,,,84,84,1,12,4,120.683807,24.138724,3
9482,66000,387130000C,(04)23274275,(04)23288582,2025,08,25,15,6,臺中市,東區,0,0,0,7,,,50,,,,,,,,,,,,,,,,,,,A02,,,1,,9,,,50,50,1,6,4,120.700571,24.147974,3
9483,66000,387130000C,(04)23274275,(04)23288582,2025,08,25,15,9,臺中市,豐原區,0,1,0,7,2,6,50,13,7,1,5,4,6,6,4,4,5,5,4,2,12,3,10,3,1,B03,7,4,1,8,2,2,,34,34,1,13,4,120.719347,24.251548,2
9484,66000,387130000C,(04)23274275,(04)23288582,2025,08,25,15,11,臺中市,西區,0,0,0,7,,,50,,,,,,,,,,,,,,,,,,,B03,,,1,,1,,,49,49,1,6,4,120.667054,24.152433,3
9485,66000,387130000C,(04)23274275,(04)23288582,2025,08,25,15,14,臺中市,南屯區,0,1,0,7,3,6,50,4,1,1,5,4,6,6,2,1,10,5,5,2,16,3,10,3,1,B03,7,6,1,8,2,8,,11,11,1,6,4,120.653063,24.133295,2
9486,66000,387130000C,(04)23274275,(04)23288582,2025,08,25,15,17,臺中市,潭子區,0,3,0,7,2,6,50,13,9,1,5,4,6,6,1,1,1,4,5,2,13,3,10,3,1,B12,7,9,1,8,2,1,,84,84,1,12,4,120.719415,24.229179,2
9487,66000,387130000C,(04)23274275,(04)23288582,2025,08,25,15,18,臺中市,西區,0,0,0,7,,,50,,,,,,,,,,,,,,12,,,,,B03,,,1,,1,,,8,8,1,12,4,120.669638,24.151782,3
9488,66000,387130000C,(04)23274275,(04)23288582,2025,08,25,15,18,臺中市,大甲區,0,0,0,7,,,50,,,,,,,,,,,,,,30,,,,,B03,,,1,,2,,,84,84,1,12,4,120.617369,24.350775,3
9489,66000,387130000C,(04)23274275,(04)23288582,2025,08,25,15,19,臺中市,西區,0,0,0,7,,,30,,,,,,,,,,,,,,,,,,,B02,,,1,8,1,,,85,85,1,13,4,120.674891,24.150822,3
9490,66000,387130000C,(04)23274275,(04)23288582,2025,08,25,15,25,臺中市,北區,0,0,0,7,,,50,,,,,,,,,,,,,,,,,,,A02,,,1,,1,,,78,78,1,12,4,120.681113,24.159288,3
9491,66000,387130000C,(04)23274275,(04)23288582,2025,08,25,15,25,臺中市,南屯區,0,0,0,7,,,50,,,,,,,,,,,,,,,,,,,B03,,,1,,1,,,59,59,1,6,4,120.611706,24.135652,3
9492,66000,387130000C,(04)23274275,(04)23288582,2025,08,25,15,25,臺中市,西屯區,0,0,0,7,,,0,,,,,,,,,,,,,,14,,,,,B03,,,1,,2,,,49,49,1,12,4,120.641588,24.185469,3
9493,66000,387130000C,(04)23274275,(04)23288582,2025,08,25,15,29,臺中市,北屯區,0,1,0,7,2,6,40,13,7,1,5,4,6,6,4,4,5,5,4,2,17,2,9,1,1,C03,7,1,1,10,2,11,,51,51,1,6,4,120.669555,24.186315,2
9494,66000,387130000C,(04)23274275,(04)23288582,2025,08,25,15,30,臺中市,豐原區,0,1,0,7,2,6,50,4,1,1,5,4,6,6,1,1,10,5,5,2,13,3,10,1,1,C03,7,9,1,10,2,11,,7,7,1,12,4,120.723969,24.245023,2
9495,66000,387130000C,(04)23274275,(04)23288582,2025,08,25,15,31,臺中市,清水區,0,0,0,7,,,70,,,,,,,,,,,,,,,,,,,A41,,,1,,2,,,84,84,1,12,4,120.537281,24.282685,3
9496,66000,387130000C,(04)23274275,(04)23288582,2025,08,25,15,39,臺中市,潭子區,0,1,0,7,3,6,50,4,1,1,5,4,6,6,1,1,5,4,5,1,17,2,9,2,1,C03,7,6,1,10,2,12,,23,23,1,13,4,120.723629,24.217958,2
9497,66000,387130000C,(04)23274275,(04)23288582,2025,08,25,15,40,臺中市,太平區,0,0,0,7,,,50,,,,,,,,,,,,,,16,,,,,B03,,,1,,1,,,25,25,1,12,4,120.711497,24.149072,3
9498,66000,387130000C,(04)23274275,(04)23288582,2025,08,25,15,44,臺中市,大肚區,0,0,0,7,,,30,,,,,,,,,,,,,,17,,,,,B02,,,1,,2,,,84,84,1,6,4,120.572974,24.168533,3
9499,66000,387130000C,(04)23274275,(04)23288582,2025,08,25,15,50,臺中市,太平區,0,2,0,7,2,6,50,13,7,1,5,4,6,6,4,4,9,4,4,1,17,2,9,1,1,C03,7,1,1,10,2,14,,51,51,1,12,4,120.72028,24.133824,2
9500,66000,387130000C,(04)23274275,(04)23288582,2025,08,25,15,52,臺中市,龍井區,0,1,0,7,2,6,40,13,8,1,5,4,3,6,4,4,1,4,1,1,13,2,9,1,1,C03,7,9,3,19,2,11,,58,58,1,6,4,120.579293,24.192887,2
9501,66000,387130000C,(04)23274275,(04)23288582,2025,08,25,15,53,臺中市,東勢區,0,1,0,7,1,6,60,13,7,1,5,4,6,6,1,1,1,4,4,1,13,3,10,5,4,C03,7,9,1,10,1,11,,7,7,1,13,4,120.82458,24.25692,2
9502,66000,387130000C,(04)23274275,(04)23288582,2025,08,25,15,56,臺中市,西區,0,0,0,7,,,50,,,,,,,,,,,,,,,,,,,B11,,,1,,1,,,8,8,1,12,4,120.658819,24.141258,3
9503,66000,387130000C,(04)23274275,(04)23288582,2025,08,25,15,58,臺中市,東區,0,1,0,7,2,6,50,4,1,1,5,4,6,6,2,1,10,5,5,2,17,3,10,3,1,B03,7,5,1,8,2,5,,47,47,1,12,4,120.690163,24.131725,2
9504,66000,387130000C,(04)23274275,(04)23288582,2025,08,25,16,1,臺中市,東區,0,1,0,7,3,6,40,13,8,1,5,4,6,6,4,4,3,4,4,2,18,2,9,2,1,C03,7,9,1,10,2,16,,84,84,1,6,4,120.690028,24.147092,2
9505,66000,387130000C,(04)23274275,(04)23288582,2025,08,25,16,8,臺中市,北屯區,0,1,0,7,2,6,50,13,7,1,5,4,6,6,4,4,10,5,5,2,13,3,10,5,4,B03,7,9,1,8,1,1,,7,7,1,12,4,120.689643,24.162809,2
9506,66000,387130000C,(04)23274275,(04)23288582,2025,08,25,16,12,臺中市,大里區,0,1,0,7,2,6,50,13,9,1,5,4,6,6,4,4,5,5,5,1,17,3,10,3,1,B03,7,9,1,8,2,1,,84,84,1,6,4,120.698035,24.09657,2
9507,66000,387130000C,(04)23274275,(04)23288582,2025,08,25,16,14,臺中市,北屯區,0,1,0,7,2,6,50,5,1,1,5,4,6,6,4,4,10,5,5,2,16,3,10,1,1,C03,7,6,1,10,2,11,14,14,14,1,12,4,120.664669,24.183633,2
9508,66000,387130000C,(04)23274275,(04)23288582,2025,08,25,16,17,臺中市,豐原區,0,0,0,7,,,50,,,,,,,,,,,,,,17,,,,,B12,,,1,,2,,,50,50,1,13,4,120.719608,24.24866,3