﻿序號,縣市別代碼,機關代碼,市話,傳真,年,月,日,時,分,縣市,區,死亡數量,受傷數量,2-30,天候,道路照明設備,道路類別,道路速限,道路型態,事故位置,路面鋪裝,路面狀態,路面缺陷,障礙物,視距,號誌種類,號誌動作,分向設施,快車道或一般車道間,快慢車道間,路面邊線,事故類型及型態,受傷程度,主要傷處,保護裝備,行動電話或功能裝置,當事者區分_類別,車輛用途,當事者行動狀態,駕照狀態,駕照種類,飲酒情形,車輛撞擊部位最初,車輛撞擊部位其他,肇事因素個別,肇事因素主要,肇事逃逸,職業,共享經濟或外送平台,GPS座標X,GPS座標Y,事故類別
9509,66000,387130000C,(04)23274275,(04)23288582,2025,08,25,16,20,臺中市,北屯區,0,0,0,7,,3,80,,,,,,,,,,,,,,,,,,,A12,,,1,,1,,,40,40,1,12,4,120.720783,24.169522,3
9510,66000,387130000C,(04)23274275,(04)23288582,2025,08,25,16,20,臺中市,北屯區,0,0,0,7,,,50,,,,,,,,,,,,,,,,,,,C03,,,1,,1,,,40,40,1,13,4,120.694258,24.171813,3
9511,66000,387130000C,(04)23274275,(04)23288582,2025,08,25,16,21,臺中市,龍井區,0,2,0,7,2,6,40,13,9,1,5,4,6,6,4,4,9,5,5,1,17,2,9,1,1,C03,7,1,1,10,2,14,,51,51,1,6,4,120.589843,24.191593,2
9512,66000,387130000C,(04)23274275,(04)23288582,2025,08,25,16,25,臺中市,太平區,0,0,0,7,,,50,,,,,,,,,,,,,,17,,,,,B03,,,1,,2,,,43,43,1,12,4,120.708098,24.158437,3
9513,66000,387130000C,(04)23274275,(04)23288582,2025,08,25,16,29,臺中市,北區,0,1,0,7,2,6,50,4,9,1,5,4,6,6,1,1,5,4,5,2,17,2,9,5,4,C03,7,9,1,10,2,11,,84,84,1,13,4,120.680556,24.166887,2
9514,66000,387130000C,(04)23274275,(04)23288582,2025,08,25,16,30,臺中市,太平區,0,0,0,7,,,30,,,,,,,,,,,,,,,,,,,B03,,,1,,2,,,85,85,1,12,4,120.737633,24.097719,3
9515,66000,387130000C,(04)23274275,(04)23288582,2025,08,25,16,33,臺中市,梧棲區,0,0,0,7,,,40,,,,,,,,,,,,,,13,,,,,B03,,,1,,1,,,7,7,1,6,4,120.525642,24.224363,3
9516,66000,387130000C,(04)23274275,(04)23288582,2025,08,25,16,35,臺中市,北區,0,2,0,7,2,6,50,13,9,1,5,4,6,6,4,4,5,4,5,2,16,2,9,1,1,C03,7,6,1,10,2,14,,39,39,1,12,4,120.676618,24.160404,2
9517,66000,387130000C,(04)23274275,(04)23288582,2025,08,25,16,35,臺中市,西屯區,0,1,0,7,2,6,0,13,21,1,5,4,6,6,4,4,10,5,5,2,17,2,9,5,4,C03,7,9,1,10,2,11,,84,84,1,13,4,120.63904,24.159578,2
9518,66000,387130000C,(04)23274275,(04)23288582,2025,08,25,16,40,臺中市,北屯區,0,0,0,7,,,50,,,,,,,,,,,,,,,,,,,B03,,,1,,9,,,49,49,1,13,4,120.703596,24.173581,3
9519,66000,387130000C,(04)23274275,(04)23288582,2025,08,25,16,42,臺中市,南屯區,0,1,0,7,2,6,50,4,9,1,5,4,6,6,4,4,5,4,4,2,17,3,10,2,1,F03,7,9,7,21,1,11,,7,7,1,12,4,120.646405,24.150658,2
9520,66000,387130000C,(04)23274275,(04)23288582,2025,08,25,16,43,臺中市,豐原區,0,1,0,7,3,6,30,18,24,1,5,4,6,6,4,4,10,5,5,2,9,2,8,1,1,C03,7,5,1,10,2,12,,84,84,1,12,4,120.721359,24.255763,2
9521,66000,387130000C,(04)23274275,(04)23288582,2025,08,25,16,49,臺中市,北屯區,0,0,0,7,,3,80,,,,,,,,,,,,,,12,,,,,A11,,,1,,1,,,40,40,1,12,4,120.720741,24.168242,3
9522,66000,387130000C,(04)23274275,(04)23288582,2025,08,25,16,50,臺中市,梧棲區,0,1,0,7,3,6,70,3,1,1,5,4,6,6,4,4,1,5,5,2,16,2,8,1,1,C03,7,9,3,19,2,11,,4,4,1,6,4,120.550417,24.240722,2
9523,66000,387130000C,(04)23274275,(04)23288582,2025,08,25,17,0,臺中市,北屯區,0,1,0,7,2,6,30,13,9,1,5,4,6,6,4,4,10,5,5,2,17,3,10,5,4,B03,7,2,1,8,2,8,,49,49,1,12,4,120.689616,24.200815,2
9524,66000,387130000C,(04)23274275,(04)23288582,2025,08,25,17,0,臺中市,沙鹿區,0,0,0,7,,,50,,,,,,,,,,,,,,12,,,,,C03,,,1,,2,,,8,8,1,12,4,120.566504,24.202665,3
9525,66000,387130000C,(04)23274275,(04)23288582,2025,08,25,17,3,臺中市,西區,0,0,0,7,,,50,,,,,,,,,,,,,,13,,,,,B03,,,1,,1,,,7,7,1,12,4,120.658502,24.155427,3
9526,66000,387130000C,(04)23274275,(04)23288582,2025,08,25,17,6,臺中市,北區,0,2,0,7,3,6,50,13,9,1,5,4,6,6,1,1,3,2,3,2,13,2,9,5,4,C03,7,9,1,10,2,11,,84,84,1,13,4,120.671574,24.172064,2
9527,66000,387130000C,(04)23274275,(04)23288582,2025,08,25,17,9,臺中市,南屯區,0,0,0,7,,,50,,,,,,,,,,,,,,,,,,,B03,,,1,,1,,,7,7,1,13,4,120.612511,24.152286,3
9528,66000,387130000C,(04)23274275,(04)23288582,2025,08,25,17,9,臺中市,烏日區,0,0,0,7,,,50,,,,,,,,,,,,,,13,,,,,B03,,,1,,1,,,7,7,1,6,4,120.618831,24.115343,3
9529,66000,387130000C,(04)23274275,(04)23288582,2025,08,25,17,11,臺中市,梧棲區,0,0,0,7,,,50,,,,,,,,,,,,,,13,,,,,B03,,,1,,1,,,7,7,1,6,4,120.546674,24.245504,3
9530,66000,387130000C,(04)23274275,(04)23288582,2025,08,25,17,12,臺中市,潭子區,0,0,0,7,,,50,,,,,,,,,,,,,,,,,,,B03,,,1,,2,,,84,84,1,12,4,120.686318,24.210208,3
9531,66000,387130000C,(04)23274275,(04)23288582,2025,08,25,17,15,臺中市,北屯區,0,0,0,7,,3,50,,,,,,,,,,,,,,13,,,,,A31,,,1,,2,,,84,84,1,12,4,120.696831,24.20086,3
9532,66000,387130000C,(04)23274275,(04)23288582,2025,08,25,17,15,臺中市,大甲區,0,0,0,7,,,50,,,,,,,,,,,,,,,,,,,B03,,,1,,1,,,7,7,1,6,4,120.61556,24.347873,3
9533,66000,387130000C,(04)23274275,(04)23288582,2025,08,25,17,15,臺中市,后里區,0,4,0,7,2,6,30,3,1,1,5,4,6,6,4,4,5,5,5,1,16,2,8,2,1,C03,7,9,1,9,2,12,,6,6,1,12,4,120.709343,24.311415,2
9534,66000,387130000C,(04)23274275,(04)23288582,2025,08,25,17,15,臺中市,豐原區,0,2,0,7,2,6,30,3,1,1,5,4,6,6,4,4,10,5,5,2,17,2,9,2,1,C03,7,6,3,19,2,11,,14,14,1,13,4,120.7295,24.253534,2
9535,66000,387130000C,(04)23274275,(04)23288582,2025,08,25,17,16,臺中市,西屯區,0,0,0,7,,,50,,,,,,,,,,,,,,13,,,,,B03,,,1,,1,,,59,59,1,12,4,120.640238,24.174127,3
9536,66000,387130000C,(04)23274275,(04)23288582,2025,08,25,17,17,臺中市,烏日區,0,2,0,7,2,6,30,3,1,1,4,4,6,6,4,4,10,5,5,2,17,2,9,5,4,C03,7,6,1,10,2,11,,14,14,1,6,4,120.643067,24.055331,2
9537,66000,387130000C,(04)23274275,(04)23288582,2025,08,25,17,19,臺中市,大里區,0,0,0,7,,,30,,,,,,,,,,,,,,,,,,,C03,,,1,,2,,,59,59,1,12,4,120.659049,24.0998,3
9538,66000,387130000C,(04)23274275,(04)23288582,2025,08,25,17,22,臺中市,潭子區,0,1,0,7,3,6,50,13,9,1,5,4,6,6,4,4,5,4,5,1,17,3,10,3,1,B03,7,11,1,8,2,7,,39,39,1,13,4,120.722284,24.20185,2
9539,66000,387130000C,(04)23274275,(04)23288582,2025,08,25,17,23,臺中市,南屯區,0,1,0,7,3,6,50,13,9,1,5,4,6,6,4,4,5,5,5,2,14,3,10,3,1,B03,7,2,1,8,2,7,,49,49,1,12,4,120.643687,24.137959,2
9540,66000,387130000C,(04)23274275,(04)23288582,2025,08,25,17,25,臺中市,北區,0,1,0,7,2,6,50,4,1,1,5,4,6,6,1,1,10,5,5,2,16,3,10,3,1,B01,7,11,1,4,2,4,7,84,84,1,12,4,120.675278,24.16616,2
9541,66000,387130000C,(04)23274275,(04)23288582,2025,08,25,17,25,臺中市,大里區,0,1,0,7,3,6,50,13,9,1,5,4,6,6,4,4,5,4,5,1,12,3,10,3,1,B03,7,1,1,8,2,8,,51,51,1,6,4,120.67464,24.111315,2
9542,66000,387130000C,(04)23274275,(04)23288582,2025,08,25,17,25,臺中市,豐原區,0,0,0,7,,,50,,,,,,,,,,,,,,17,,,,,C03,,,1,,2,,,51,51,1,12,4,120.725168,24.252323,3
9543,66000,387130000C,(04)23274275,(04)23288582,2025,08,25,17,27,臺中市,烏日區,0,1,0,7,2,6,50,4,1,1,5,4,6,6,4,4,5,4,5,1,16,2,8,6,1,F01,7,9,7,21,2,11,,84,84,1,6,1,120.624485,24.103682,2
9544,66000,387130000C,(04)23274275,(04)23288582,2025,08,25,17,27,臺中市,東勢區,0,0,0,7,,,60,,,,,,,,,,,,,,12,,,,,B03,,,1,,1,,,51,51,1,6,4,120.824437,24.257959,3
9545,66000,387130000C,(04)23274275,(04)23288582,2025,08,25,17,28,臺中市,北區,0,1,0,7,2,6,50,3,1,1,5,4,6,6,1,1,10,5,5,2,16,2,9,5,4,F01,7,6,7,21,2,12,,11,11,1,13,4,120.686241,24.159181,2
9546,66000,387130000C,(04)23274275,(04)23288582,2025,08,25,17,28,臺中市,南屯區,0,0,0,7,,,50,,,,,,,,,,,,,,,,,,,B03,,,1,,1,,,49,49,1,12,4,120.645601,24.133546,3
9547,66000,387130000C,(04)23274275,(04)23288582,2025,08,25,17,30,臺中市,南屯區,0,0,0,7,,,50,,,,,,,,,,,,,,,,,,,C03,,,1,,1,,,8,8,1,6,4,120.613194,24.153833,4
9548,66000,387130000C,(04)23274275,(04)23288582,2025,08,25,17,32,臺中市,大雅區,0,0,0,7,,,70,,,,,,,,,,,,,,13,,,,,C03,,,1,,1,,,7,7,1,12,4,120.642522,24.229086,3
9549,66000,387130000C,(04)23274275,(04)23288582,2025,08,25,17,33,臺中市,南屯區,0,0,0,7,,,50,,,,,,,,,,,,,,,,,,,B03,,,1,,1,,,59,59,1,13,4,120.636707,24.135914,3
9550,66000,387130000C,(04)23274275,(04)23288582,2025,08,25,17,33,臺中市,西屯區,0,1,0,7,2,6,50,13,9,1,5,4,6,6,4,4,5,4,5,2,16,2,9,5,4,C03,7,9,1,10,2,11,,59,59,1,12,4,120.614357,24.178968,2
9551,66000,387130000C,(04)23274275,(04)23288582,2025,08,25,17,33,臺中市,烏日區,0,0,0,7,,,30,,,,,,,,,,,,,,12,,,,,B03,,,1,,1,,,59,59,1,13,4,120.640074,24.104658,3
9552,66000,387130000C,(04)23274275,(04)23288582,2025,08,25,17,35,臺中市,烏日區,0,0,0,7,,,50,,,,,,,,,,,,,,13,,,,,C03,,,1,,2,,,84,84,1,6,4,120.642099,24.10914,3
9553,66000,387130000C,(04)23274275,(04)23288582,2025,08,25,17,38,臺中市,北屯區,0,0,0,7,,,50,,,,,,,,,,,,,,13,,,,,B03,,,1,,1,,,84,84,1,12,4,120.697608,24.168647,3
9554,66000,387130000C,(04)23274275,(04)23288582,2025,08,25,17,39,臺中市,南屯區,0,0,0,7,,,50,,,,,,,,,,,,,,,,,,,B01,,,1,,1,,,49,49,1,13,4,120.627598,24.146567,3
9555,66000,387130000C,(04)23274275,(04)23288582,2025,08,25,17,40,臺中市,西屯區,0,0,0,7,,,50,,,,,,,,,,,,,,13,,,,,B03,,,1,,1,,,7,7,1,12,4,120.633367,24.173654,3
9556,66000,387130000C,(04)23274275,(04)23288582,2025,08,25,17,41,臺中市,西屯區,0,0,0,7,,,50,,,,,,,,,,,,,,14,,,,,C03,,,1,,1,,,49,49,1,12,4,120.61891,24.178548,4
9557,66000,387130000C,(04)23274275,(04)23288582,2025,08,25,17,42,臺中市,南屯區,0,1,0,7,3,6,50,13,9,1,5,4,6,6,4,4,1,4,5,2,18,2,9,1,1,C03,7,9,1,10,2,14,,84,84,1,6,4,120.650922,24.139823,2
9558,66000,387130000C,(04)23274275,(04)23288582,2025,08,25,17,42,臺中市,西屯區,0,1,0,7,2,6,50,11,9,1,5,4,6,6,4,4,1,4,5,2,22,2,9,1,1,C03,7,9,1,10,2,14,,84,84,1,13,4,120.651979,24.198796,2
9559,66000,387130000C,(04)23274275,(04)23288582,2025,08,25,17,43,臺中市,北區,0,1,0,7,2,6,50,13,9,1,5,4,6,6,4,4,1,4,5,2,13,2,9,1,1,F01,7,9,7,21,2,11,,84,84,1,12,4,120.697381,24.155328,2
9560,66000,387130000C,(04)23274275,(04)23288582,2025,08,25,17,43,臺中市,清水區,0,0,0,7,,,50,,,,,,,,,,,,,,,,,,,B03,,,1,,1,,,20,20,1,12,4,120.552883,24.296113,3
9561,66000,387130000C,(04)23274275,(04)23288582,2025,08,25,17,43,臺中市,清水區,0,1,0,7,3,6,50,13,9,1,5,4,6,6,4,4,1,5,5,1,12,2,8,2,1,C03,7,8,1,10,2,14,,40,40,1,12,4,120.568026,24.27007,2
9562,66000,387130000C,(04)23274275,(04)23288582,2025,08,25,17,45,臺中市,南屯區,0,0,0,7,,,50,,,,,,,,,,,,,,17,,,,,,,,,,,,,119,119,1,,,120.653388,24.144837,3
9563,66000,387130000C,(04)23274275,(04)23288582,2025,08,25,17,45,臺中市,大里區,0,0,0,7,,,50,,,,,,,,,,,,,,17,,,,,B12,,,1,,1,,,84,84,1,12,4,120.687065,24.123015,3
9564,66000,387130000C,(04)23274275,(04)23288582,2025,08,25,17,52,臺中市,西屯區,0,1,0,7,1,6,70,13,7,1,5,4,6,6,4,4,1,4,1,2,13,3,10,3,1,B03,7,9,1,8,1,1,,59,59,1,12,4,120.595222,24.182602,2
9565,66000,387130000C,(04)23274275,(04)23288582,2025,08,25,17,52,臺中市,大里區,0,2,0,7,2,6,30,11,9,1,5,4,6,6,4,4,10,5,5,1,11,2,9,1,1,C03,7,9,1,10,2,11,,41,41,1,12,4,120.67429,24.110004,2
9566,66000,387130000C,(04)23274275,(04)23288582,2025,08,25,17,52,臺中市,后里區,0,0,0,7,2,6,50,8,9,1,5,4,6,6,4,4,1,4,4,1,17,3,10,3,1,B03,7,9,1,8,2,1,,7,7,1,12,4,120.70944,24.312031,3
9567,66000,387130000C,(04)23274275,(04)23288582,2025,08,25,17,56,臺中市,潭子區,0,0,0,7,,,40,,,,,,,,,,,,,,17,,,,,B03,,,1,,2,,,84,84,1,12,4,120.709938,24.211183,3
9568,66000,387130000C,(04)23274275,(04)23288582,2025,08,25,17,56,臺中市,龍井區,0,0,0,7,,,40,,,,,,,,,,,,,,,,,,,,,,,,,,,116,116,1,,,120.548331,24.203363,3
9569,66000,387130000C,(04)23274275,(04)23288582,2025,08,25,17,57,臺中市,神岡區,0,1,0,7,2,6,50,13,9,1,5,4,6,6,4,4,9,5,5,2,17,3,10,5,4,B03,7,11,6,20,11,8,,45,45,1,13,4,120.665976,24.262683,2
9570,66000,387130000C,(04)23274275,(04)23288582,2025,08,25,17,59,臺中市,北屯區,0,1,0,7,2,6,50,13,12,1,5,4,6,6,4,4,5,5,4,2,17,3,10,1,1,C03,7,11,1,10,1,12,,39,39,1,6,4,120.690927,24.172425,2
9571,66000,387130000C,(04)23274275,(04)23288582,2025,08,25,18,0,臺中市,西區,0,2,0,7,2,6,30,4,1,1,5,4,6,6,4,4,10,5,5,2,15,2,9,1,1,C03,7,9,1,10,2,14,,12,12,1,6,4,120.65949,24.145785,2
9572,66000,387130000C,(04)23274275,(04)23288582,2025,08,25,18,2,臺中市,北區,0,2,0,7,1,6,50,4,9,1,5,4,6,6,1,1,3,4,5,2,9,3,10,5,4,A02,7,9,1,2,2,16,,84,84,1,13,4,120.674616,24.162533,2
9573,66000,387130000C,(04)23274275,(04)23288582,2025,08,25,18,3,臺中市,神岡區,0,1,0,7,2,6,50,3,9,1,5,4,6,6,4,4,9,4,4,2,18,2,9,5,4,C03,7,9,1,10,2,11,,59,59,1,12,4,120.697411,24.235819,2
9574,66000,387130000C,(04)23274275,(04)23288582,2025,08,25,18,4,臺中市,霧峰區,0,1,0,7,1,6,50,4,4,1,5,4,6,6,1,1,9,5,5,1,13,2,7,1,1,C03,7,9,1,10,2,11,,7,7,1,12,4,120.693204,24.072651,2
9575,66000,387130000C,(04)23274275,(04)23288582,2025,08,25,18,10,臺中市,北區,0,1,0,7,1,6,50,4,1,1,5,4,6,6,1,1,10,5,5,2,12,3,10,3,1,B01,7,5,1,4,2,8,,47,47,1,12,4,120.682215,24.159114,2
9576,66000,387130000C,(04)23274275,(04)23288582,2025,08,25,18,14,臺中市,沙鹿區,0,0,0,7,,,30,,,,,,,,,,,,,,10,,,,,C03,,,1,,2,,,41,41,1,6,4,120.593396,24.218415,3
9577,66000,387130000C,(04)23274275,(04)23288582,2025,08,25,18,17,臺中市,烏日區,0,0,0,7,,,50,,,,,,,,,,,,,,,,,,,B12,,,1,,1,,,40,40,1,6,4,120.617941,24.102731,3
9578,66000,387130000C,(04)23274275,(04)23288582,2025,08,25,18,18,臺中市,西屯區,0,0,0,7,,,50,,,,,,,,,,,,,,12,,,,,B03,,,1,,1,,,40,40,1,12,4,120.645711,24.164129,3
9579,66000,387130000C,(04)23274275,(04)23288582,2025,08,25,18,20,臺中市,沙鹿區,0,2,0,6,1,6,40,4,1,1,5,4,6,6,3,1,1,4,4,2,16,2,7,1,1,C02,7,5,3,19,2,12,,11,11,1,12,4,120.560315,24.240234,2
9580,66000,387130000C,(04)23274275,(04)23288582,2025,08,25,18,24,臺中市,大里區,0,0,0,7,,3,80,,,,,,,,,,,,,,13,,,,,B03,,,3,,2,,,7,7,1,12,4,120.682555,24.081604,3
9581,66000,387130000C,(04)23274275,(04)23288582,2025,08,25,18,25,臺中市,西屯區,0,1,0,7,1,6,50,4,1,1,5,4,6,6,4,4,10,5,5,2,15,3,10,1,1,C03,7,4,1,9,2,11,,34,34,1,12,4,120.656545,24.156371,2
9582,66000,387130000C,(04)23274275,(04)23288582,2025,08,25,18,31,臺中市,西屯區,0,0,0,7,,,40,,,,,,,,,,,,,,14,,,,,B03,,,1,,9,,,49,49,1,12,4,120.615945,24.177229,3
9583,66000,387130000C,(04)23274275,(04)23288582,2025,08,25,18,36,臺中市,潭子區,0,0,0,6,,,50,,,,,,,,,,,,,,,,,,,C03,,,1,,2,,,50,50,1,13,4,120.704057,24.210045,3
9584,66000,387130000C,(04)23274275,(04)23288582,2025,08,25,18,36,臺中市,大里區,0,1,0,7,1,6,50,4,1,1,5,4,6,6,1,1,10,5,5,2,22,2,9,1,1,C02,7,9,1,9,2,11,,59,59,1,12,4,120.679526,24.116702,2
9585,66000,387130000C,(04)23274275,(04)23288582,2025,08,25,18,40,臺中市,西屯區,0,0,0,7,,,50,,,,,,,,,,,,,,17,,,,,B02,,,1,,2,,,59,59,1,12,4,120.643759,24.195267,3
9586,66000,387130000C,(04)23274275,(04)23288582,2025,08,25,18,41,臺中市,太平區,0,0,0,7,,,50,,,,,,,,,,,,,,13,,,,,B03,,,1,,2,,,84,84,1,12,4,120.713815,24.138609,3
9587,66000,387130000C,(04)23274275,(04)23288582,2025,08,25,18,41,臺中市,豐原區,0,2,0,7,1,6,30,5,1,1,5,4,6,6,2,1,5,5,4,1,13,2,8,2,1,C03,7,9,1,10,2,11,,7,7,1,13,4,120.712423,24.251659,2
9588,66000,387130000C,(04)23274275,(04)23288582,2025,08,25,18,42,臺中市,神岡區,0,0,0,7,,,50,,,,,,,,,,,,,,13,,,,,B03,,,1,,1,,,59,59,1,13,4,120.670854,24.261841,3
9589,66000,387130000C,(04)23274275,(04)23288582,2025,08,25,18,48,臺中市,南屯區,0,1,0,7,2,6,50,3,1,1,5,4,6,6,4,4,9,4,5,2,9,3,10,3,1,B03,7,6,1,8,9,1,,59,59,1,12,4,120.625014,24.116947,2
9590,66000,387130000C,(04)23274275,(04)23288582,2025,08,25,18,50,臺中市,南屯區,0,0,0,7,,,50,,,,,,,,,,,,,,12,,,,,B03,,,1,,1,,,84,84,1,13,4,120.64607,24.134491,4
9591,66000,387130000C,(04)23274275,(04)23288582,2025,08,25,18,52,臺中市,大里區,0,0,0,7,,,50,,,,,,,,,,,,,,17,,,,,B03,,,1,,2,,,49,49,1,12,4,120.682918,24.115017,3
9592,66000,387130000C,(04)23274275,(04)23288582,2025,08,25,18,53,臺中市,北區,0,0,0,7,,,40,,,,,,,,,,,,,,17,,,,,C03,,,1,,1,,,51,51,1,13,4,120.683349,24.148457,3
9593,66000,387130000C,(04)23274275,(04)23288582,2025,08,25,18,56,臺中市,西區,0,0,0,7,,,50,,,,,,,,,,,,,,,,,,,B03,,,1,,2,,,85,85,1,12,4,120.671997,24.145974,3
9594,66000,387130000C,(04)23274275,(04)23288582,2025,08,25,18,57,臺中市,烏日區,0,0,0,7,,,40,,,,,,,,,,,,,,17,,,,,B12,,,1,,2,,,85,85,1,13,4,120.619925,24.105817,3
9595,66000,387130000C,(04)23274275,(04)23288582,2025,08,25,19,0,臺中市,南屯區,0,1,0,7,1,6,50,13,9,1,5,4,6,6,4,4,10,5,5,2,17,2,1,3,1,B03,7,2,1,8,2,7,,49,49,1,6,4,120.647631,24.149148,2
9596,66000,387130000C,(04)23274275,(04)23288582,2025,08,25,19,0,臺中市,東勢區,0,1,0,6,3,6,50,13,9,1,5,4,6,6,4,4,5,5,5,1,17,3,10,3,1,B12,7,11,1,8,2,4,,34,34,1,6,4,120.83804,24.244862,2
9597,66000,387130000C,(04)23274275,(04)23288582,2025,08,25,19,11,臺中市,北屯區,0,0,0,7,,,50,,,,,,,,,,,,,,13,,,,,B03,,,1,,1,,,7,7,1,13,4,120.688777,24.176964,3
9598,66000,387130000C,(04)23274275,(04)23288582,2025,08,25,19,15,臺中市,北區,0,0,0,7,,,30,,,,,,,,,,,,,,17,,,,,B12,,,1,,9,,,49,49,1,12,4,120.683702,24.164429,3
9599,66000,387130000C,(04)23274275,(04)23288582,2025,08,25,19,18,臺中市,北屯區,0,0,0,7,,,50,,,,,,,,,,,,,,13,,,,,B03,,,1,8,2,,,84,84,1,12,4,120.689056,24.163151,3
9600,66000,387130000C,(04)23274275,(04)23288582,2025,08,25,19,23,臺中市,神岡區,0,0,0,7,,,50,,,,,,,,,,,,,,13,,,,,B03,,,1,,1,,,84,84,1,13,4,120.692608,24.248189,3
9601,66000,387130000C,(04)23274275,(04)23288582,2025,08,25,19,35,臺中市,大雅區,0,0,0,7,,,40,,,,,,,,,,,,,,13,,,,,B03,,,1,,1,,,7,7,1,12,4,120.650927,24.209863,3
9602,66000,387130000C,(04)23274275,(04)23288582,2025,08,25,19,36,臺中市,大里區,0,0,0,7,,,50,,,,,,,,,,,,,,,,,,,B03,,,1,,2,,,51,51,1,12,4,120.690308,24.102498,3
9603,66000,387130000C,(04)23274275,(04)23288582,2025,08,25,19,40,臺中市,后里區,0,0,0,7,2,6,40,13,2,1,5,4,6,6,4,4,5,5,5,1,12,3,10,3,1,B03,7,1,1,8,1,8,,51,51,1,12,4,120.715277,24.30604,3
9604,66000,387130000C,(04)23274275,(04)23288582,2025,08,25,19,44,臺中市,太平區,0,0,0,7,,,50,,,,,,,,,,,,,,16,,,,,B03,,,1,,1,,,14,14,1,12,4,120.713302,24.151843,3
9605,66000,387130000C,(04)23274275,(04)23288582,2025,08,25,19,45,臺中市,西區,0,1,0,7,1,6,50,3,1,1,5,4,6,6,4,4,10,5,5,2,17,3,10,1,1,C03,7,9,1,10,9,16,,68,68,1,12,4,120.654638,24.140539,2
9606,66000,387130000C,(04)23274275,(04)23288582,2025,08,25,19,47,臺中市,梧棲區,0,0,0,7,,,40,,,,,,,,,,,,,,13,,,,,B03,,,1,,1,,,84,84,1,6,4,120.537122,24.251288,3
9607,66000,387130000C,(04)23274275,(04)23288582,2025,08,25,19,49,臺中市,北屯區,0,0,0,7,,,30,,,,,,,,,,,,,,17,,,,,B03,,,1,,2,,,59,59,1,12,4,120.68921,24.167925,3
9608,66000,387130000C,(04)23274275,(04)23288582,2025,08,25,19,53,臺中市,西區,0,0,0,7,,,30,,,,,,,,,,,,,,14,,,,,B03,,,1,,1,,,49,49,1,12,4,120.662837,24.149938,3
9609,66000,387130000C,(04)23274275,(04)23288582,2025,08,25,19,57,臺中市,大里區,0,1,0,7,1,6,50,3,2,1,5,4,4,6,4,4,5,5,4,1,2,2,8,6,5,H01,8,16,7,21,10,17,,109,109,1,6,5,120.677017,24.099782,2
9610,66000,387130000C,(04)23274275,(04)23288582,2025,08,25,20,0,臺中市,大里區,0,0,0,7,,,50,,,,,,,,,,,,,,,,,,,C04,,,1,,2,,,38,38,1,12,4,120.692224,24.114931,3
9611,66000,387130000C,(04)23274275,(04)23288582,2025,08,25,20,1,臺中市,梧棲區,0,0,0,7,,,70,,,,,,,,,,,,,,16,,,,,B03,,,1,,2,,,40,40,1,6,4,120.548856,24.245191,3
9612,66000,387130000C,(04)23274275,(04)23288582,2025,08,25,20,3,臺中市,太平區,0,0,0,7,,,50,,,,,,,,,,,,,,,,,,,C03,,,1,,1,,,35,35,1,12,4,120.724586,24.149461,3
9613,66000,387130000C,(04)23274275,(04)23288582,2025,08,25,20,6,臺中市,西區,0,0,0,7,,,50,,,,,,,,,,,,,,,,,,,B03,,,1,,2,,,84,84,1,6,4,120.671812,24.140644,3
9614,66000,387130000C,(04)23274275,(04)23288582,2025,08,25,20,13,臺中市,清水區,0,0,0,7,,,70,,,,,,,,,,,,,,,,,,,B03,,,1,,2,,,58,58,1,12,4,120.603478,24.311347,3
9615,66000,387130000C,(04)23274275,(04)23288582,2025,08,25,20,17,臺中市,沙鹿區,0,0,0,7,,,50,,,,,,,,,,,,,,17,,,,,B03,,,1,,2,,,8,8,1,6,4,120.573495,24.224551,3
9616,66000,387130000C,(04)23274275,(04)23288582,2025,08,25,20,20,臺中市,霧峰區,0,1,0,7,1,6,60,3,1,1,5,4,6,6,1,1,10,5,5,2,17,3,10,3,1,B03,7,6,1,10,2,8,,20,20,1,6,4,120.697077,24.029527,2
9617,66000,387130000C,(04)23274275,(04)23288582,2025,08,25,20,22,臺中市,烏日區,0,0,0,7,2,6,50,3,8,1,5,4,6,6,1,1,1,4,4,2,30,3,10,3,1,B02,7,5,1,8,2,5,,85,85,1,6,4,120.615814,24.11615,3
9618,66000,387130000C,(04)23274275,(04)23288582,2025,08,25,20,26,臺中市,中區,0,0,0,7,,,50,,,,,,,,,,,,,,,,,,,C03,,,1,,1,,,36,36,1,12,4,120.681747,24.144666,3
9619,66000,387130000C,(04)23274275,(04)23288582,2025,08,25,20,29,臺中市,西屯區,0,0,0,7,,,30,,,,,,,,,,,,,,17,,,,,,,,,,,,,119,119,1,,,120.652311,24.171296,3
9620,66000,387130000C,(04)23274275,(04)23288582,2025,08,25,20,30,臺中市,大肚區,0,0,0,7,,,50,,,,,,,,,,,,,,,,,,,B03,,,1,,2,,,87,87,1,6,4,120.5762,24.118946,3
9621,66000,387130000C,(04)23274275,(04)23288582,2025,08,25,20,37,臺中市,北屯區,0,2,0,7,1,3,80,13,9,1,5,4,6,6,4,4,3,4,5,2,12,2,9,3,1,B03,7,8,1,8,2,7,,40,40,1,13,4,120.72003,24.16438,2