﻿序號,縣市別代碼,機關代碼,市話,傳真,年,月,日,時,分,縣市,區,死亡數量,受傷數量,2-30,天候,道路照明設備,道路類別,道路速限,道路型態,事故位置,路面鋪裝,路面狀態,路面缺陷,障礙物,視距,號誌種類,號誌動作,分向設施,快車道或一般車道間,快慢車道間,路面邊線,事故類型及型態,受傷程度,主要傷處,保護裝備,行動電話或功能裝置,當事者區分_類別,車輛用途,當事者行動狀態,駕照狀態,駕照種類,飲酒情形,車輛撞擊部位最初,車輛撞擊部位其他,肇事因素個別,肇事因素主要,肇事逃逸,職業,共享經濟或外送平台,GPS座標X,GPS座標Y,事故類別
9733,66000,387130000C,(04)23274275,(04)23288582,2025,08,26,9,17,臺中市,北區,0,0,0,7,,,50,,,,,,,,,,,,,,13,,,,,B03,,,1,,1,,,7,7,1,13,4,120.671207,24.173481,3
9734,66000,387130000C,(04)23274275,(04)23288582,2025,08,26,9,17,臺中市,烏日區,0,0,0,7,,,30,,,,,,,,,,,,,,14,,,,,A41,,,1,,1,,,49,49,1,13,4,120.63049,24.099219,3
9735,66000,387130000C,(04)23274275,(04)23288582,2025,08,26,9,24,臺中市,南屯區,0,0,0,7,3,6,50,13,9,1,5,4,6,6,1,1,5,5,5,2,13,,,,,B03,,,1,,1,,,59,59,1,12,4,120.636325,24.127935,3
9736,66000,387130000C,(04)23274275,(04)23288582,2025,08,26,9,25,臺中市,西屯區,0,2,0,7,2,6,50,4,1,1,5,4,6,6,2,1,10,5,5,2,11,2,9,1,1,F03,7,9,7,21,2,11,,21,21,1,12,4,120.662409,24.163535,2
9737,66000,387130000C,(04)23274275,(04)23288582,2025,08,26,9,27,臺中市,大雅區,0,2,0,7,3,6,60,3,1,1,5,4,6,6,1,1,10,5,5,2,17,2,8,2,1,C03,7,1,1,10,2,13,,51,51,1,12,4,120.663365,24.233369,2
9738,66000,387130000C,(04)23274275,(04)23288582,2025,08,26,9,30,臺中市,沙鹿區,0,0,0,7,2,6,50,12,8,1,5,4,6,6,4,,4,3,4,2,14,,,,,B03,,,1,,1,,,49,49,1,12,4,120.566277,24.235131,3
9739,66000,387130000C,(04)23274275,(04)23288582,2025,08,26,9,30,臺中市,后里區,0,0,0,7,2,6,60,13,14,1,5,4,6,6,4,4,5,4,5,1,30,3,10,3,1,A12,7,2,1,5,2,3,,49,49,1,12,4,120.729151,24.329182,3
9740,66000,387130000C,(04)23274275,(04)23288582,2025,08,26,9,38,臺中市,大里區,0,1,0,7,2,6,40,13,8,1,5,4,6,6,1,1,3,4,4,1,17,2,9,1,1,C03,7,9,1,10,2,14,,59,59,1,6,4,120.693616,24.089691,2
9741,66000,387130000C,(04)23274275,(04)23288582,2025,08,26,9,40,臺中市,大雅區,0,1,0,7,3,6,30,13,9,1,5,4,6,6,4,4,10,5,5,1,17,2,9,1,1,C03,7,9,1,10,2,12,,84,84,1,12,4,120.668322,24.224851,2
9742,66000,387130000C,(04)23274275,(04)23288582,2025,08,26,9,43,臺中市,西區,0,0,0,7,,,50,,,,,,,,,,,,,,,,,,,B03,,,5,,1,,,84,84,1,6,4,120.657774,24.154538,3
9743,66000,387130000C,(04)23274275,(04)23288582,2025,08,26,9,43,臺中市,霧峰區,0,1,0,7,2,6,50,5,1,1,5,4,6,6,1,1,10,5,5,2,17,2,9,2,1,C03,7,1,1,10,2,14,,84,84,1,6,4,120.696311,24.053957,2
9744,66000,387130000C,(04)23274275,(04)23288582,2025,08,26,9,45,臺中市,南區,0,2,0,7,2,6,40,13,8,1,5,4,6,6,4,4,3,4,4,2,13,2,9,2,1,C03,7,9,1,10,2,11,,7,7,1,13,4,120.650902,24.112232,2
9745,66000,387130000C,(04)23274275,(04)23288582,2025,08,26,9,45,臺中市,沙鹿區,0,1,0,7,2,6,30,3,1,1,5,4,6,6,4,4,10,5,5,2,16,3,10,3,1,B03,7,6,1,8,2,8,1,14,14,1,6,4,120.553209,24.230788,2
9746,66000,387130000C,(04)23274275,(04)23288582,2025,08,26,9,46,臺中市,大雅區,0,0,0,7,,,50,,,,,,,,,,,,,,,,,,,B03,,,1,,1,,,40,40,1,12,4,120.650266,24.2095,3
9747,66000,387130000C,(04)23274275,(04)23288582,2025,08,26,9,50,臺中市,烏日區,0,0,0,7,,,60,,,,,,,,,,,,,,13,,,,,B03,,,1,,1,,,7,7,1,6,4,120.651427,24.091144,3
9748,66000,387130000C,(04)23274275,(04)23288582,2025,08,26,9,55,臺中市,南區,0,0,0,7,,,50,,,,,,,,,,,,,,13,,,,,B03,,,1,,1,,,7,7,1,13,4,120.648539,24.119672,3
9749,66000,387130000C,(04)23274275,(04)23288582,2025,08,26,10,1,臺中市,西屯區,0,1,0,7,3,6,40,13,8,1,5,4,6,6,2,1,3,4,3,2,12,3,10,5,4,B02,7,9,1,8,2,5,,59,59,1,13,4,120.655804,24.159014,2
9750,66000,387130000C,(04)23274275,(04)23288582,2025,08,26,10,3,臺中市,清水區,0,0,0,7,,,30,,,,,,,,,,,,,,16,,,,,B03,,,1,,1,,,14,14,1,13,4,120.636532,24.284005,3
9751,66000,387130000C,(04)23274275,(04)23288582,2025,08,26,10,10,臺中市,沙鹿區,0,0,0,7,2,6,60,13,7,1,5,4,6,6,1,1,1,3,5,2,13,,,,,B03,,,1,,2,,,7,7,1,12,4,120.590722,24.25009,3
9752,66000,387130000C,(04)23274275,(04)23288582,2025,08,26,10,17,臺中市,大里區,0,0,0,7,2,6,50,13,9,1,5,4,6,6,4,4,9,5,5,2,17,,,,,B12,,,1,,2,,,50,50,1,13,4,120.707904,24.110614,3
9753,66000,387130000C,(04)23274275,(04)23288582,2025,08,26,10,18,臺中市,西屯區,0,2,0,7,2,6,30,4,1,1,5,4,6,6,4,4,10,5,5,2,16,2,9,1,1,C03,7,9,1,10,2,14,,12,12,1,12,4,120.638322,24.181778,2
9754,66000,387130000C,(04)23274275,(04)23288582,2025,08,26,10,19,臺中市,南區,0,1,0,7,2,6,50,13,9,1,5,4,6,6,4,4,5,5,5,2,13,3,10,3,1,B03,7,9,1,8,1,1,,84,84,1,12,4,120.668624,24.116892,2
9755,66000,387130000C,(04)23274275,(04)23288582,2025,08,26,10,23,臺中市,北區,0,0,0,7,,,50,,,,,,,,,,,,,,17,,,,,A11,,,1,,1,,,68,68,1,12,4,120.668166,24.16821,3
9756,66000,387130000C,(04)23274275,(04)23288582,2025,08,26,10,26,臺中市,南屯區,0,0,0,7,,,40,,,,,,,,,,,,,,17,,,,,C03,,,1,,1,,,84,84,1,12,4,120.631168,24.149275,3
9757,66000,387130000C,(04)23274275,(04)23288582,2025,08,26,10,27,臺中市,豐原區,0,1,0,7,2,6,50,4,1,1,5,4,6,6,1,1,10,5,5,2,16,3,10,1,1,C03,7,9,1,10,2,12,,34,34,1,6,4,120.721575,24.248965,2
9758,66000,387130000C,(04)23274275,(04)23288582,2025,08,26,10,28,臺中市,東區,0,0,0,7,,,1,,,,,,,,,,,,,,17,,,,,C04,,,1,,2,,,84,84,1,12,4,120.687749,24.131982,3
9759,66000,387130000C,(04)23274275,(04)23288582,2025,08,26,10,28,臺中市,北屯區,0,0,0,7,,,50,,,,,,,,,,,,,,,,,,,B03,,,1,,2,,,84,84,1,13,4,120.723219,24.165619,3
9760,66000,387130000C,(04)23274275,(04)23288582,2025,08,26,10,30,臺中市,西屯區,0,0,0,7,,,50,,,,,,,,,,,,,,,,,,,B12,,,1,,1,,,7,7,1,12,4,120.644251,24.194815,4
9761,66000,387130000C,(04)23274275,(04)23288582,2025,08,26,10,32,臺中市,大雅區,0,0,0,7,,,50,,,,,,,,,,,,,,,,,,,B03,,,1,,1,,,8,8,1,12,4,120.614434,24.236323,3
9762,66000,387130000C,(04)23274275,(04)23288582,2025,08,26,10,38,臺中市,南屯區,0,1,0,7,3,6,30,3,1,1,5,4,6,6,4,4,10,5,5,2,16,3,10,5,4,B03,7,5,1,8,2,8,,14,14,1,6,4,120.62779,24.1172,2
9763,66000,387130000C,(04)23274275,(04)23288582,2025,08,26,10,39,臺中市,南屯區,0,1,0,7,2,6,60,13,9,1,5,4,6,6,4,4,5,4,5,2,17,3,10,3,1,B03,7,7,1,8,2,16,,40,40,1,12,4,120.634569,24.14615,2
9764,66000,387130000C,(04)23274275,(04)23288582,2025,08,26,10,42,臺中市,西區,0,0,0,7,,,40,,,,,,,,,,,,,,12,,,,,B03,,,1,,1,,,51,51,1,12,4,120.668494,24.142465,3
9765,66000,387130000C,(04)23274275,(04)23288582,2025,08,26,10,45,臺中市,中區,0,0,0,7,,,50,,,,,,,,,,,,,,,,,,,B03,,,1,,2,,,51,51,1,6,4,120.678815,24.147178,3
9766,66000,387130000C,(04)23274275,(04)23288582,2025,08,26,10,45,臺中市,北屯區,0,0,0,7,,,50,,,,,,,,,,,,,,17,,,,,B03,,,1,,1,,,14,14,1,12,4,120.695414,24.165125,3
9767,66000,387130000C,(04)23274275,(04)23288582,2025,08,26,10,50,臺中市,東區,0,0,0,7,,,50,,,,,,,,,,,,,,13,,,,,B03,,,1,,1,,,84,84,1,13,4,120.694453,24.151108,3
9768,66000,387130000C,(04)23274275,(04)23288582,2025,08,26,10,50,臺中市,北屯區,0,0,0,7,,3,80,,,,,,,,,,,,,,13,,,,,B03,,,1,,2,,,59,59,1,12,4,120.675919,24.200914,3
9769,66000,387130000C,(04)23274275,(04)23288582,2025,08,26,10,52,臺中市,北屯區,0,1,0,7,3,6,30,13,9,1,5,4,6,6,4,4,10,5,5,2,11,2,9,2,1,C03,7,9,1,10,2,11,,41,41,1,6,4,120.713955,24.172431,2
9770,66000,387130000C,(04)23274275,(04)23288582,2025,08,26,10,52,臺中市,烏日區,0,1,0,7,2,6,30,11,9,1,5,4,6,6,4,4,10,5,5,2,10,3,10,5,4,B03,7,9,1,8,2,1,,59,59,1,13,4,120.603578,24.114601,2
9771,66000,387130000C,(04)23274275,(04)23288582,2025,08,26,10,57,臺中市,大里區,0,0,0,7,,,60,,,,,,,,,,,,,,13,,,,,B03,,,1,,2,,,84,84,1,13,4,120.670616,24.102597,3
9772,66000,387130000C,(04)23274275,(04)23288582,2025,08,26,11,0,臺中市,潭子區,0,2,0,7,2,6,50,4,1,1,5,4,6,6,1,1,10,5,5,2,13,2,9,1,1,C03,7,9,1,10,2,11,,84,84,1,12,4,120.688111,24.216108,2
9773,66000,387130000C,(04)23274275,(04)23288582,2025,08,26,11,2,臺中市,大里區,0,0,0,7,2,6,50,4,2,1,5,4,6,6,1,1,1,4,5,1,13,,,,,B03,,,1,,1,,,84,84,1,13,4,120.679195,24.113545,3
9774,66000,387130000C,(04)23274275,(04)23288582,2025,08,26,11,8,臺中市,神岡區,0,0,0,7,,,40,,,,,,,,,,,,,,12,,,,,B12,,,1,,2,,,7,7,1,13,4,120.677492,24.264977,3
9775,66000,387130000C,(04)23274275,(04)23288582,2025,08,26,11,10,臺中市,南區,0,0,0,7,,,30,,,,,,,,,,,,,,14,,,,,B12,,,1,,1,,,49,49,1,13,4,120.657262,24.119874,3
9776,66000,387130000C,(04)23274275,(04)23288582,2025,08,26,11,10,臺中市,西屯區,0,1,0,7,2,6,0,4,21,4,5,4,3,3,4,4,10,5,5,2,11,2,9,1,1,C03,7,9,1,10,2,12,,39,39,1,12,4,120.628865,24.163658,2
9777,66000,387130000C,(04)23274275,(04)23288582,2025,08,26,11,14,臺中市,大肚區,0,0,0,7,2,6,30,13,9,1,5,4,6,6,4,4,10,5,5,2,12,,,,,A12,,,1,,2,,,8,8,1,8,4,120.577114,24.175106,3
9778,66000,387130000C,(04)23274275,(04)23288582,2025,08,26,11,15,臺中市,西區,0,1,0,7,2,6,50,4,1,1,5,4,6,6,1,1,10,5,5,2,17,3,10,3,1,B03,7,6,1,8,2,6,,11,11,1,12,4,120.660951,24.159175,2
9779,66000,387130000C,(04)23274275,(04)23288582,2025,08,26,11,15,臺中市,北區,0,1,0,7,2,6,50,13,7,1,5,4,6,6,4,4,3,4,4,2,18,2,8,5,4,C03,7,9,1,10,2,14,,84,84,1,12,4,120.68508,24.157035,2
9780,66000,387130000C,(04)23274275,(04)23288582,2025,08,26,11,15,臺中市,東區,0,0,0,7,,,50,,,,,,,,,,,,,,14,,,,,B12,,,1,,1,,,49,49,1,12,4,120.691028,24.141916,4
9781,66000,387130000C,(04)23274275,(04)23288582,2025,08,26,11,15,臺中市,南區,0,1,0,7,2,6,50,5,1,1,5,4,6,6,1,1,10,5,5,2,17,3,10,2,1,C03,7,9,1,10,1,12,,87,87,1,13,4,120.666828,24.122352,2
9782,66000,387130000C,(04)23274275,(04)23288582,2025,08,26,11,16,臺中市,大里區,0,1,0,7,3,6,50,3,2,1,5,4,6,6,2,1,5,5,4,2,18,2,9,1,1,C03,7,9,1,10,2,14,,54,54,1,13,4,120.684641,24.11325,2
9783,66000,387130000C,(04)23274275,(04)23288582,2025,08,26,11,17,臺中市,潭子區,0,0,0,7,,,60,,,,,,,,,,,,,,,,,,,B03,,,1,,2,,,84,84,1,13,4,120.703435,24.200544,3
9784,66000,387130000C,(04)23274275,(04)23288582,2025,08,26,11,17,臺中市,南區,0,0,0,7,,,50,,,,,,,,,,,,,,13,,,,,B03,,,1,,1,,,7,7,1,12,4,120.6702,24.113222,3
9785,66000,387130000C,(04)23274275,(04)23288582,2025,08,26,11,19,臺中市,太平區,0,0,0,7,,,50,,,,,,,,,,,,,,13,,,,,C03,,,1,,2,,,87,87,1,6,4,120.712765,24.125509,3
9786,66000,387130000C,(04)23274275,(04)23288582,2025,08,26,11,24,臺中市,南區,0,0,0,7,,,40,,,,,,,,,,,,,,30,,,,,H04,,,7,,10,,,109,109,1,13,5,120.653503,24.113441,3
9787,66000,387130000C,(04)23274275,(04)23288582,2025,08,26,11,29,臺中市,潭子區,0,1,0,7,3,6,30,13,9,1,5,4,6,6,4,4,10,5,5,2,11,2,7,1,1,C03,7,9,1,10,2,14,,84,84,1,13,4,120.713833,24.18672,2
9788,66000,387130000C,(04)23274275,(04)23288582,2025,08,26,11,32,臺中市,豐原區,0,0,0,7,,,30,,,,,,,,,,,,,,14,,,,,B03,,,1,,2,,,49,49,1,12,4,120.702479,24.250302,3
9789,66000,387130000C,(04)23274275,(04)23288582,2025,08,26,11,35,臺中市,太平區,0,1,0,7,3,6,40,4,2,1,5,4,6,6,4,4,10,5,5,2,17,2,9,3,1,B03,7,9,1,8,2,5,,58,58,1,6,4,120.732495,24.134597,2
9790,66000,387130000C,(04)23274275,(04)23288582,2025,08,26,11,40,臺中市,豐原區,0,2,0,7,2,6,50,13,9,1,5,4,6,6,4,4,5,5,5,1,17,2,9,2,1,C03,7,9,1,10,2,11,,7,7,1,13,4,120.702171,24.251557,2
9791,66000,387130000C,(04)23274275,(04)23288582,2025,08,26,11,41,臺中市,沙鹿區,0,1,0,7,2,6,30,4,1,1,5,4,6,6,3,1,10,5,5,2,15,2,8,1,1,F03,7,9,7,21,2,12,,12,12,1,6,4,120.562316,24.252372,2
9792,66000,387130000C,(04)23274275,(04)23288582,2025,08,26,11,41,臺中市,梧棲區,0,0,0,7,,,50,,,,,,,,,,,,,,14,,,,,A11,,,1,,2,,,49,49,1,6,4,120.556894,24.241055,3
9793,66000,387130000C,(04)23274275,(04)23288582,2025,08,26,11,43,臺中市,中區,0,1,0,7,2,6,50,4,4,1,5,4,6,6,1,1,10,5,5,2,16,2,9,1,1,C03,7,6,3,19,2,14,,26,26,1,12,4,120.680229,24.14311,2
9794,66000,387130000C,(04)23274275,(04)23288582,2025,08,26,11,58,臺中市,南屯區,0,1,0,7,3,6,50,4,1,1,5,4,6,6,1,1,5,5,4,2,16,3,10,3,1,B03,7,6,1,8,2,1,,11,11,1,12,4,120.635206,24.131675,2
9795,66000,387130000C,(04)23274275,(04)23288582,2025,08,26,12,0,臺中市,東區,0,0,0,7,,,50,,,,,,,,,,,,,,13,,,,,B02,,,1,,1,,,7,7,1,13,4,120.6858,24.141551,3
9796,66000,387130000C,(04)23274275,(04)23288582,2025,08,26,12,0,臺中市,龍井區,0,0,0,7,,,40,,,,,,,,,,,,,,,,,,,B03,,,1,,1,,,58,58,1,6,4,120.547222,24.200333,3
9797,66000,387130000C,(04)23274275,(04)23288582,2025,08,26,12,2,臺中市,霧峰區,0,1,0,7,2,6,40,4,1,1,5,4,6,6,4,4,10,4,5,2,13,2,9,1,1,C03,7,9,1,10,2,11,,7,7,1,12,4,120.664204,24.077789,2
9798,66000,387130000C,(04)23274275,(04)23288582,2025,08,26,12,3,臺中市,沙鹿區,0,2,0,7,2,6,40,4,1,1,5,4,6,6,1,1,10,5,5,2,17,2,3,1,1,C03,7,1,1,10,2,14,,51,51,1,12,4,120.560066,24.237805,2
9799,66000,387130000C,(04)23274275,(04)23288582,2025,08,26,12,5,臺中市,南屯區,0,1,0,7,3,6,50,13,9,1,5,4,6,6,1,1,5,5,5,2,17,2,9,1,1,C03,7,1,1,9,2,12,,39,39,1,12,4,120.650404,24.14768,2
9800,66000,387130000C,(04)23274275,(04)23288582,2025,08,26,12,6,臺中市,豐原區,0,0,0,7,,,30,,,,,,,,,,,,,,14,,,,,B03,,,1,,2,,,49,49,1,13,4,120.724759,24.240092,3
9801,66000,387130000C,(04)23274275,(04)23288582,2025,08,26,12,7,臺中市,豐原區,0,1,0,7,2,6,50,4,1,1,5,4,6,6,1,1,1,4,5,2,18,2,9,1,1,C03,7,9,1,10,2,14,,84,84,1,12,4,120.714692,24.244988,2
9802,66000,387130000C,(04)23274275,(04)23288582,2025,08,26,12,20,臺中市,南區,0,0,0,7,,,30,,,,,,,,,,,,,,24,,,,,A12,,,1,,2,,,84,84,1,6,4,120.658065,24.127562,4
9803,66000,387130000C,(04)23274275,(04)23288582,2025,08,26,12,20,臺中市,西屯區,0,2,0,7,3,6,30,4,1,1,5,4,6,6,4,4,10,5,5,2,15,2,9,5,4,C03,7,9,1,10,2,14,,13,13,1,13,4,120.632419,24.162823,2
9804,66000,387130000C,(04)23274275,(04)23288582,2025,08,26,12,22,臺中市,北屯區,0,0,0,7,,,50,,,,,,,,,,,,,,14,,,,,A31,,,1,,2,,,49,49,1,6,4,120.672593,24.174754,3
9805,66000,387130000C,(04)23274275,(04)23288582,2025,08,26,12,25,臺中市,東區,0,1,0,7,2,6,40,3,1,1,5,4,6,6,4,4,10,5,5,2,14,3,10,3,1,B03,7,2,1,8,2,3,,49,49,1,12,4,120.694448,24.14399,2
9806,66000,387130000C,(04)23274275,(04)23288582,2025,08,26,12,26,臺中市,西屯區,0,1,0,7,2,6,50,3,1,1,5,4,6,6,4,4,10,5,5,2,11,3,10,3,1,B03,7,6,1,8,2,1,,14,14,1,12,4,120.589979,24.172836,2
9807,66000,387130000C,(04)23274275,(04)23288582,2025,08,26,12,32,臺中市,大雅區,0,1,0,7,3,6,50,3,2,1,5,4,6,6,1,1,9,4,5,1,13,4,11,5,4,C03,7,9,3,19,11,11,,84,84,2,13,4,120.653548,24.222335,2
9808,66000,387130000C,(04)23274275,(04)23288582,2025,08,26,12,37,臺中市,龍井區,0,0,0,7,2,6,50,4,2,1,5,4,6,6,2,1,5,5,5,2,12,,,,,B03,,,1,,1,,,84,84,1,6,4,120.583996,24.181978,3
9809,66000,387130000C,(04)23274275,(04)23288582,2025,08,26,12,38,臺中市,龍井區,0,3,0,7,2,6,50,4,1,1,5,4,6,6,2,1,5,5,5,2,16,2,9,2,1,C03,7,9,1,10,2,14,11,7,7,1,5,4,120.58409,24.182019,2
9810,66000,387130000C,(04)23274275,(04)23288582,2025,08,26,12,50,臺中市,北屯區,0,1,0,7,3,6,50,13,8,1,5,4,6,6,4,4,5,5,4,2,17,2,9,2,1,C03,7,9,1,10,2,12,,84,84,1,6,4,120.710258,24.186888,2
9811,66000,387130000C,(04)23274275,(04)23288582,2025,08,26,12,58,臺中市,霧峰區,0,0,0,7,,,50,,,,,,,,,,,,,,14,,,,,B12,,,1,,1,,,49,49,1,13,4,120.679195,24.062165,3
9812,66000,387130000C,(04)23274275,(04)23288582,2025,08,26,13,0,臺中市,烏日區,0,1,0,7,2,6,50,13,9,1,5,4,6,6,4,4,5,4,5,2,13,3,10,3,1,B03,7,9,1,8,2,5,,8,8,1,6,4,120.61013,24.110645,2
9813,66000,387130000C,(04)23274275,(04)23288582,2025,08,26,13,0,臺中市,沙鹿區,0,0,0,7,,,30,,,,,,,,,,,,,,13,,,,,C03,,,1,,1,,,7,7,1,12,4,120.570164,24.230088,3
9814,66000,387130000C,(04)23274275,(04)23288582,2025,08,26,13,1,臺中市,北屯區,0,0,0,7,,,30,,,,,,,,,,,,,,,,,,,B03,,,1,,1,,,49,49,1,13,4,120.700609,24.174392,3
9815,66000,387130000C,(04)23274275,(04)23288582,2025,08,26,13,9,臺中市,北屯區,0,0,0,7,,,50,,,,,,,,,,,,,,17,,,,,B03,,,1,,2,,,50,50,1,12,4,120.684253,24.173383,3
9816,66000,387130000C,(04)23274275,(04)23288582,2025,08,26,13,9,臺中市,龍井區,0,0,0,7,2,6,50,13,9,1,5,4,6,6,2,1,5,5,5,2,12,,,,,C03,,,1,,1,,,8,8,1,12,4,120.592923,24.182663,3
9817,66000,387130000C,(04)23274275,(04)23288582,2025,08,26,13,10,臺中市,南屯區,0,1,0,7,2,6,50,4,2,1,5,4,6,6,1,1,8,3,4,1,17,3,10,3,1,B03,7,5,1,8,2,2,,11,11,1,12,4,120.612558,24.13844,2
9818,66000,387130000C,(04)23274275,(04)23288582,2025,08,26,13,15,臺中市,太平區,0,1,0,7,2,6,50,13,12,1,5,4,6,6,4,4,9,4,4,1,17,3,10,4,1,A12,7,14,1,2,2,7,,77,77,1,12,4,120.729235,24.150066,2
9819,66000,387130000C,(04)23274275,(04)23288582,2025,08,26,13,22,臺中市,西屯區,0,1,0,7,2,6,50,4,1,1,5,4,6,6,2,1,10,5,5,2,12,3,10,1,1,C03,7,9,1,10,9,14,,7,7,1,6,4,120.644305,24.174544,2
9820,66000,387130000C,(04)23274275,(04)23288582,2025,08,26,13,25,臺中市,潭子區,0,0,0,7,,,50,,,,,,,,,,,,,,,,,,,B03,,,1,,2,,,84,84,1,12,4,120.722659,24.203964,3
9821,66000,387130000C,(04)23274275,(04)23288582,2025,08,26,13,29,臺中市,西屯區,0,2,0,7,2,6,50,13,9,1,5,4,6,6,4,4,5,5,5,2,30,2,9,5,4,C03,7,9,1,10,2,12,,84,84,1,12,4,120.658823,24.166165,2
9822,66000,387130000C,(04)23274275,(04)23288582,2025,08,26,13,31,臺中市,南區,0,1,0,7,3,6,50,3,1,1,5,4,6,6,4,4,10,5,5,2,18,2,9,5,4,C03,7,9,1,10,2,14,,84,84,1,12,4,120.671806,24.118048,2
9823,66000,387130000C,(04)23274275,(04)23288582,2025,08,26,13,33,臺中市,北區,0,2,0,7,2,6,50,4,2,1,5,4,6,6,4,4,10,5,5,2,17,2,9,2,1,C03,7,9,1,10,2,11,,15,15,1,13,4,120.695882,24.1566,2
9824,66000,387130000C,(04)23274275,(04)23288582,2025,08,26,13,35,臺中市,沙鹿區,0,0,0,7,,,50,,,,,,,,,,,,,,17,,,,,B03,,,1,,9,,,51,51,1,6,4,120.562094,24.233444,3
9825,66000,387130000C,(04)23274275,(04)23288582,2025,08,26,13,40,臺中市,大雅區,0,0,0,7,,,50,,,,,,,,,,,,,,,,,,,B03,,,1,,1,,,49,49,1,13,4,120.648634,24.216104,3
9826,66000,387130000C,(04)23274275,(04)23288582,2025,08,26,13,41,臺中市,北區,0,1,0,7,3,6,50,3,1,1,5,4,6,6,4,4,1,4,5,2,16,3,10,3,1,B03,7,5,1,8,2,6,,20,20,1,12,4,120.672225,24.16235,2
9827,66000,387130000C,(04)23274275,(04)23288582,2025,08,26,13,44,臺中市,南區,0,0,0,7,,,40,,,,,,,,,,,,,,17,,,,,C03,,,1,,1,,,84,84,1,13,4,120.675172,24.124121,3
9828,66000,387130000C,(04)23274275,(04)23288582,2025,08,26,13,48,臺中市,豐原區,0,0,0,7,,,50,,,,,,,,,,,,,,12,,,,,B03,,,1,,2,,,8,8,1,12,4,120.700514,24.249386,4
9829,66000,387130000C,(04)23274275,(04)23288582,2025,08,26,13,51,臺中市,南區,0,1,0,7,2,6,50,4,3,1,5,4,6,6,1,1,9,4,4,2,14,3,10,3,1,B03,7,2,1,8,2,3,,49,49,1,13,4,120.677303,24.130575,2
9830,66000,387130000C,(04)23274275,(04)23288582,2025,08,26,13,54,臺中市,烏日區,0,0,0,7,,,50,,,,,,,,,,,,,,30,,,,,,,,,,,,,112,112,1,,,120.638133,24.107711,3
9831,66000,387130000C,(04)23274275,(04)23288582,2025,08,26,13,55,臺中市,清水區,0,1,0,7,2,6,50,4,2,1,5,4,6,6,1,1,8,3,4,2,13,2,9,3,1,B12,7,9,1,8,2,1,,7,7,1,12,4,120.570889,24.259669,2
9832,66000,387130000C,(04)23274275,(04)23288582,2025,08,26,13,56,臺中市,大里區,0,2,0,7,2,6,50,13,7,1,5,4,6,6,4,4,3,4,4,1,16,2,8,1,1,C03,7,1,1,10,2,14,,51,51,1,6,4,120.696742,24.08599,2
9833,66000,387130000C,(04)23274275,(04)23288582,2025,08,26,14,0,臺中市,豐原區,0,1,0,7,1,6,50,4,1,1,5,4,6,6,1,1,5,4,4,2,17,3,10,3,1,B03,7,6,1,8,2,4,,85,85,1,6,4,120.716464,24.260541,2
9834,66000,387130000C,(04)23274275,(04)23288582,2025,08,26,14,0,臺中市,豐原區,0,1,0,7,2,6,50,4,1,1,5,4,6,6,4,4,5,5,5,2,15,2,9,1,1,C03,7,9,1,10,2,12,,15,15,1,13,4,120.719914,24.252562,2
9835,66000,387130000C,(04)23274275,(04)23288582,2025,08,26,14,4,臺中市,西屯區,0,1,0,7,2,6,50,4,2,1,5,4,6,6,2,1,5,4,5,2,17,3,10,3,1,B03,7,5,1,8,2,1,,20,20,1,12,4,120.656599,24.163595,2
9836,66000,387130000C,(04)23274275,(04)23288582,2025,08,26,14,5,臺中市,北區,0,0,0,7,,,50,,,,,,,,,,,,,,13,,,,,B03,,,1,,1,,,7,7,1,13,4,120.664356,24.162564,3
9837,66000,387130000C,(04)23274275,(04)23288582,2025,08,26,14,6,臺中市,大里區,0,0,0,7,,,50,,,,,,,,,,,,,,,,,,,B12,,,1,,2,,,7,7,1,12,4,120.683543,24.104325,3
9838,66000,387130000C,(04)23274275,(04)23288582,2025,08,26,14,8,臺中市,大里區,0,1,0,7,2,6,50,4,1,1,5,4,6,6,1,1,5,5,5,1,16,2,9,1,1,C03,7,6,1,10,2,14,,65,65,1,13,4,120.687412,24.102232,2
9839,66000,387130000C,(04)23274275,(04)23288582,2025,08,26,14,12,臺中市,西區,0,0,0,7,3,6,50,13,9,1,5,4,6,6,4,4,10,5,5,2,14,,,,,B03,,,1,,1,,,85,85,1,13,4,120.664286,24.149738,3
9840,66000,387130000C,(04)23274275,(04)23288582,2025,08,26,14,15,臺中市,南區,0,1,0,7,2,6,50,13,9,1,5,4,6,6,4,4,5,5,5,2,17,3,10,3,1,B12,7,1,1,4,2,4,,51,51,1,13,4,120.654876,24.119411,2
9841,66000,387130000C,(04)23274275,(04)23288582,2025,08,26,14,15,臺中市,北屯區,0,0,0,7,,,50,,,,,,,,,,,,,,13,,,,,C03,,,1,,1,,,7,7,1,6,4,120.70977,24.18233,3
9842,66000,387130000C,(04)23274275,(04)23288582,2025,08,26,14,20,臺中市,南區,0,0,0,7,,,50,,,,,,,,,,,,,,14,,,,,B12,,,1,,1,,,49,49,1,12,4,120.668175,24.116009,3