﻿序號,縣市別代碼,機關代碼,市話,傳真,年,月,日,時,分,縣市,區,死亡數量,受傷數量,2-30,天候,道路照明設備,道路類別,道路速限,道路型態,事故位置,路面鋪裝,路面狀態,路面缺陷,障礙物,視距,號誌種類,號誌動作,分向設施,快車道或一般車道間,快慢車道間,路面邊線,事故類型及型態,受傷程度,主要傷處,保護裝備,行動電話或功能裝置,當事者區分_類別,車輛用途,當事者行動狀態,駕照狀態,駕照種類,飲酒情形,車輛撞擊部位最初,車輛撞擊部位其他,肇事因素個別,肇事因素主要,肇事逃逸,職業,共享經濟或外送平台,GPS座標X,GPS座標Y,事故類別
10066,66000,387130000C,(04)23274275,(04)23288582,2025,08,26,23,56,臺中市,豐原區,0,0,0,7,,,50,,,,,,,,,,,,,,,,,,,B03,,,1,,2,,,58,58,1,13,4,120.718851,24.257476,3
10067,66000,387130000C,(04)23274275,(04)23288582,2025,08,27,0,10,臺中市,南屯區,0,1,0,7,1,6,50,13,9,1,5,4,6,6,4,4,5,4,5,2,12,2,9,1,1,F01,7,9,7,21,2,12,,84,84,1,12,4,120.649697,24.148942,2
10068,66000,387130000C,(04)23274275,(04)23288582,2025,08,27,0,35,臺中市,南屯區,0,0,0,7,,,40,,,,,,,,,,,,,,,,,,,C03,,,1,,1,,,59,59,1,12,4,120.645286,24.151188,3
10069,66000,387130000C,(04)23274275,(04)23288582,2025,08,27,0,42,臺中市,西屯區,0,0,0,7,,,40,,,,,,,,,,,,,,17,,,,,C03,,,1,,9,,,50,50,1,13,4,120.642905,24.169673,3
10070,66000,387130000C,(04)23274275,(04)23288582,2025,08,27,0,50,臺中市,西屯區,0,0,0,7,,,50,,,,,,,,,,,,,,13,,,,,B03,,,1,,1,,,59,59,1,13,4,120.661434,24.171213,3
10071,66000,387130000C,(04)23274275,(04)23288582,2025,08,27,0,56,臺中市,南區,0,0,0,7,,,50,,,,,,,,,,,,,,17,,,,,B03,,,1,,2,,,82,82,1,6,4,120.669954,24.125155,3
10072,66000,387130000C,(04)23274275,(04)23288582,2025,08,27,1,6,臺中市,南區,0,0,0,7,,,40,,,,,,,,,,,,,,17,,,,,,,,,,,,,86,86,1,,,120.675007,24.126329,3
10073,66000,387130000C,(04)23274275,(04)23288582,2025,08,27,1,6,臺中市,東區,0,0,0,7,,,50,,,,,,,,,,,,,,17,,,,,B03,,,1,,1,,,84,84,1,6,4,120.693248,24.13329,3
10074,66000,387130000C,(04)23274275,(04)23288582,2025,08,27,1,12,臺中市,中區,0,0,0,7,,,50,,,,,,,,,,,,,,14,,,,,B03,,,1,,2,,,49,49,1,12,4,120.682731,24.141855,3
10075,66000,387130000C,(04)23274275,(04)23288582,2025,08,27,1,26,臺中市,西區,0,1,0,7,1,6,50,4,1,1,5,4,6,6,3,1,10,5,5,2,15,3,10,3,1,B03,7,9,1,8,2,8,,20,20,1,12,4,120.673528,24.152133,2
10076,66000,387130000C,(04)23274275,(04)23288582,2025,08,27,3,36,臺中市,太平區,0,1,0,7,3,6,50,4,9,1,5,4,6,6,1,1,5,5,5,1,16,3,10,2,1,C03,7,9,1,10,9,12,,39,39,2,12,4,120.721502,24.119897,2
10077,66000,387130000C,(04)23274275,(04)23288582,2025,08,27,3,38,臺中市,西區,0,1,0,7,1,6,50,4,1,1,5,4,6,6,3,1,10,5,5,2,15,3,10,5,4,C03,7,9,1,10,2,16,,24,24,1,12,4,120.673644,24.151498,2
10078,66000,387130000C,(04)23274275,(04)23288582,2025,08,27,4,37,臺中市,西屯區,0,0,0,7,,,50,,,,,,,,,,,,,,20,,,,,B03,,,1,,2,,,59,59,1,12,4,120.635021,24.171609,3
10079,66000,387130000C,(04)23274275,(04)23288582,2025,08,27,4,52,臺中市,中區,0,1,0,7,1,6,40,13,8,1,5,4,6,6,4,4,5,5,4,2,17,2,9,1,1,C03,7,9,1,10,9,11,14,84,84,1,12,4,120.677787,24.14644,2
10080,66000,387130000C,(04)23274275,(04)23288582,2025,08,27,5,0,臺中市,外埔區,0,0,0,7,1,6,30,13,9,1,5,4,6,6,4,4,10,5,5,1,19,3,10,3,1,B03,7,9,1,8,2,4,,59,59,1,12,4,120.653533,24.31682,3
10081,66000,387130000C,(04)23274275,(04)23288582,2025,08,27,5,39,臺中市,北屯區,0,1,0,7,2,6,30,3,1,1,5,4,6,6,4,4,10,5,5,2,10,2,9,1,1,C03,7,1,1,10,2,11,,51,51,1,12,4,120.693544,24.164255,2
10082,66000,387130000C,(04)23274275,(04)23288582,2025,08,27,5,55,臺中市,沙鹿區,0,1,0,7,1,6,30,4,1,1,5,4,6,6,3,1,10,5,5,2,15,4,11,1,1,C03,7,9,1,10,2,11,,24,24,1,12,4,120.56721,24.208798,2
10083,66000,387130000C,(04)23274275,(04)23288582,2025,08,27,6,14,臺中市,北區,0,0,0,7,,,50,,,,,,,,,,,,,,14,,,,,B01,,,1,,1,,,49,49,1,13,4,120.677734,24.150866,3
10084,66000,387130000C,(04)23274275,(04)23288582,2025,08,27,6,33,臺中市,豐原區,0,1,0,7,1,6,50,5,1,1,5,4,6,6,1,1,1,4,4,2,17,3,10,3,1,B03,7,9,1,8,2,5,,21,21,1,6,4,120.699207,24.248976,2
10085,66000,387130000C,(04)23274275,(04)23288582,2025,08,27,6,35,臺中市,西屯區,0,1,0,7,2,6,50,4,1,1,5,4,6,6,1,1,10,5,5,2,17,3,10,3,4,B03,7,11,1,8,2,4,,44,44,1,13,4,120.648294,24.167899,2
10086,66000,387130000C,(04)23274275,(04)23288582,2025,08,27,6,40,臺中市,東區,0,1,0,7,2,6,50,4,2,1,5,4,6,6,1,1,5,5,5,2,17,3,10,3,1,B12,7,1,1,7,2,8,,51,51,1,12,4,120.707325,24.143674,2
10087,66000,387130000C,(04)23274275,(04)23288582,2025,08,27,6,41,臺中市,南區,0,2,0,7,2,6,40,13,7,1,5,4,6,6,4,4,5,4,4,2,17,2,8,6,1,F04,7,1,7,21,10,14,,51,51,1,12,4,120.657314,24.11848,2
10088,66000,387130000C,(04)23274275,(04)23288582,2025,08,27,6,51,臺中市,霧峰區,0,2,0,7,2,6,50,3,1,1,5,4,6,6,4,4,10,5,5,2,16,2,9,2,1,C03,7,6,1,10,2,12,,14,14,1,6,4,120.724951,24.076442,2
10089,66000,387130000C,(04)23274275,(04)23288582,2025,08,27,6,54,臺中市,北區,0,1,0,7,2,6,40,4,8,1,5,4,1,6,1,1,1,4,4,2,18,2,9,5,4,C03,7,15,1,10,1,12,,84,84,1,13,4,120.685203,24.156325,2
10090,66000,387130000C,(04)23274275,(04)23288582,2025,08,27,6,57,臺中市,梧棲區,0,1,0,7,2,6,30,4,1,1,5,4,6,6,4,4,10,5,5,2,15,2,9,1,1,C03,7,9,1,10,2,11,,15,15,1,12,4,120.527048,24.226672,2
10091,66000,387130000C,(04)23274275,(04)23288582,2025,08,27,6,59,臺中市,西區,0,2,0,7,2,6,50,13,11,1,5,4,6,6,1,1,5,4,4,2,13,2,9,5,4,C03,7,14,3,19,2,11,,84,84,1,12,4,120.665871,24.139861,2
10092,66000,387130000C,(04)23274275,(04)23288582,2025,08,27,7,0,臺中市,豐原區,0,0,0,7,,,50,,,,,,,,,,,,,,17,,,,,B03,,,1,,2,,,39,39,1,13,4,120.739038,24.248218,3
10093,66000,387130000C,(04)23274275,(04)23288582,2025,08,27,7,8,臺中市,南屯區,0,0,0,7,,,50,,,,,,,,,,,,,,17,,,,,B03,,,1,,1,,,40,40,1,12,4,120.646629,24.140096,3
10094,66000,387130000C,(04)23274275,(04)23288582,2025,08,27,7,11,臺中市,沙鹿區,0,1,0,7,3,6,40,5,1,1,5,4,6,6,1,1,10,5,5,2,17,2,9,1,1,C03,7,1,1,10,2,11,,51,51,1,12,4,120.571912,24.233723,2
10095,66000,387130000C,(04)23274275,(04)23288582,2025,08,27,7,14,臺中市,西屯區,0,1,0,7,2,6,50,13,9,1,5,4,6,6,4,4,5,4,5,2,9,3,10,5,4,A02,7,14,1,2,2,16,,76,76,1,12,4,120.614578,24.180088,2
10096,66000,387130000C,(04)23274275,(04)23288582,2025,08,27,7,16,臺中市,西屯區,0,0,0,7,,,50,,,,,,,,,,,,,,13,,,,,B03,,,1,,1,,,7,7,1,12,4,120.605693,24.187314,3
10097,66000,387130000C,(04)23274275,(04)23288582,2025,08,27,7,19,臺中市,后里區,0,0,0,7,2,6,50,3,1,1,5,4,6,6,1,1,4,5,5,1,13,3,10,3,1,B03,7,9,1,8,1,1,,7,7,1,12,4,120.713447,24.328779,3
10098,66000,387130000C,(04)23274275,(04)23288582,2025,08,27,7,22,臺中市,北屯區,0,1,0,7,3,6,50,4,1,1,5,4,6,6,1,1,10,5,5,2,16,2,9,2,1,C03,7,9,3,19,2,14,,84,84,1,13,4,120.705738,24.1648,2
10099,66000,387130000C,(04)23274275,(04)23288582,2025,08,27,7,24,臺中市,大里區,0,0,0,7,,,50,,,,,,,,,,,,,,12,,,,,B03,,,1,,2,,,40,40,1,6,4,120.694108,24.098637,3
10100,66000,387130000C,(04)23274275,(04)23288582,2025,08,27,7,25,臺中市,南屯區,0,0,0,7,,,60,,,,,,,,,,,,,,,,,,,B03,,,1,,1,,,40,40,1,6,4,120.613038,24.150106,3
10101,66000,387130000C,(04)23274275,(04)23288582,2025,08,27,7,28,臺中市,北屯區,0,1,0,7,2,6,50,3,1,1,5,4,6,6,4,4,3,5,5,2,16,3,10,3,1,B03,7,5,1,8,2,8,,12,12,1,12,4,120.720464,24.162869,2
10102,66000,387130000C,(04)23274275,(04)23288582,2025,08,27,7,29,臺中市,潭子區,0,0,0,7,,,50,,,,,,,,,,,,,,,,,,,C03,,,1,,2,,,85,85,1,13,4,120.70738,24.215513,3
10103,66000,387130000C,(04)23274275,(04)23288582,2025,08,27,7,30,臺中市,太平區,0,1,0,7,2,6,50,4,2,1,5,4,6,6,2,1,5,2,5,2,13,2,9,1,1,C03,7,9,1,10,1,12,,7,7,1,12,4,120.723068,24.149334,2
10104,66000,387130000C,(04)23274275,(04)23288582,2025,08,27,7,31,臺中市,霧峰區,0,1,0,7,3,6,0,13,9,1,5,4,6,6,4,4,10,5,5,1,17,3,10,3,1,B12,7,1,1,8,2,1,,51,51,1,12,4,120.660423,24.071851,2
10105,66000,387130000C,(04)23274275,(04)23288582,2025,08,27,7,38,臺中市,大雅區,0,1,0,7,3,6,40,13,8,1,5,4,6,6,4,4,9,4,5,1,12,3,10,2,1,C03,7,9,1,10,2,11,,8,8,1,13,4,120.6315,24.239566,2
10106,66000,387130000C,(04)23274275,(04)23288582,2025,08,27,7,39,臺中市,北屯區,0,0,0,7,,,50,,,,,,,,,,,,,,17,,,,,B03,,,1,8,1,,,40,40,1,12,4,120.71911,24.162099,3
10107,66000,387130000C,(04)23274275,(04)23288582,2025,08,27,7,42,臺中市,南區,0,1,0,7,2,6,50,4,1,1,5,4,6,6,2,1,10,5,5,2,16,3,10,3,1,B03,7,6,1,8,2,16,,11,11,1,12,4,120.657271,24.116847,2
10108,66000,387130000C,(04)23274275,(04)23288582,2025,08,27,7,44,臺中市,太平區,0,2,0,7,2,6,50,13,9,1,5,4,6,6,4,4,5,5,5,2,13,2,9,5,4,C03,7,9,1,10,2,11,,58,58,1,6,4,120.718956,24.105408,2
10109,66000,387130000C,(04)23274275,(04)23288582,2025,08,27,7,45,臺中市,南區,0,2,0,7,2,6,50,3,1,1,5,4,6,6,1,1,10,5,5,2,17,2,9,1,1,C03,7,6,1,10,2,12,,20,20,1,12,4,120.679289,24.120608,2
10110,66000,387130000C,(04)23274275,(04)23288582,2025,08,27,7,48,臺中市,外埔區,0,1,0,7,2,6,50,13,9,1,5,4,6,6,4,4,9,5,5,1,28,,,,,,,,,,,,,118,118,1,,,120.713031,24.334758,2
10111,66000,387130000C,(04)23274275,(04)23288582,2025,08,27,7,51,臺中市,西區,0,1,0,7,2,6,40,4,2,1,5,4,6,6,1,1,5,2,5,2,17,2,9,2,1,C03,7,11,1,10,2,11,,39,39,1,12,4,120.671155,24.145548,2
10112,66000,387130000C,(04)23274275,(04)23288582,2025,08,27,7,53,臺中市,梧棲區,0,0,0,7,,,50,,,,,,,,,,,,,,13,,,,,B12,,,1,,1,,,7,7,1,12,4,120.525618,24.224532,3
10113,66000,387130000C,(04)23274275,(04)23288582,2025,08,27,7,55,臺中市,東區,0,0,0,7,,,50,,,,,,,,,,,,,,16,,,,,B12,,,1,,1,,,11,11,1,12,4,120.698033,24.147964,3
10114,66000,387130000C,(04)23274275,(04)23288582,2025,08,27,7,55,臺中市,西屯區,0,0,0,7,,,40,,,,,,,,,,,,,,12,,,,,C03,,,1,,2,,,40,40,1,12,4,120.651086,24.170843,3
10115,66000,387130000C,(04)23274275,(04)23288582,2025,08,27,7,55,臺中市,大里區,0,0,0,7,,,60,,,,,,,,,,,,,,13,,,,,C03,,,1,,2,,,7,7,1,13,4,120.671606,24.102229,3
10116,66000,387130000C,(04)23274275,(04)23288582,2025,08,27,7,55,臺中市,龍井區,0,1,0,7,2,6,50,13,9,1,5,4,6,6,4,4,4,5,5,1,17,2,7,2,1,C03,7,1,1,10,2,11,,51,51,1,6,4,120.543932,24.17609,2
10117,66000,387130000C,(04)23274275,(04)23288582,2025,08,27,7,57,臺中市,西屯區,0,2,0,7,2,6,30,13,9,1,5,4,6,1,4,4,10,5,5,2,6,2,9,6,5,H01,8,18,7,21,10,17,,98,98,1,12,5,120.627004,24.186615,2
10118,66000,387130000C,(04)23274275,(04)23288582,2025,08,27,7,57,臺中市,大里區,0,0,0,7,,3,80,,,,,,,,,,,,,,12,,,,,B03,,,1,,2,,,40,40,1,6,4,120.684258,24.075787,3
10119,66000,387130000C,(04)23274275,(04)23288582,2025,08,27,7,58,臺中市,南屯區,0,1,0,7,2,6,60,13,11,1,5,4,6,6,4,4,5,4,5,2,13,2,9,1,1,C03,7,9,1,10,2,11,,59,59,1,12,4,120.617139,24.139269,2
10120,66000,387130000C,(04)23274275,(04)23288582,2025,08,27,8,0,臺中市,潭子區,0,0,0,7,,,,,,,,,,,,,,,,,13,,,,,,,,,,,,,86,86,1,,,120.706402,24.200857,3
10121,66000,387130000C,(04)23274275,(04)23288582,2025,08,27,8,0,臺中市,霧峰區,0,1,0,7,2,6,40,13,8,1,5,4,6,6,4,4,1,4,5,1,28,2,9,2,1,C03,7,9,1,10,2,11,,84,84,1,6,4,120.684966,24.020251,2
10122,66000,387130000C,(04)23274275,(04)23288582,2025,08,27,8,3,臺中市,南屯區,0,2,0,7,3,6,40,3,1,1,5,4,6,6,4,4,10,5,5,2,12,2,8,2,4,C03,7,9,1,10,2,14,,84,84,1,6,4,120.618689,24.155057,2
10123,66000,387130000C,(04)23274275,(04)23288582,2025,08,27,8,3,臺中市,烏日區,0,1,0,7,2,6,50,4,1,1,5,4,6,6,2,1,10,5,5,2,13,2,9,5,4,C03,7,9,1,10,5,11,,59,59,1,13,4,120.637726,24.108947,2
10124,66000,387130000C,(04)23274275,(04)23288582,2025,08,27,8,10,臺中市,龍井區,0,1,0,7,2,6,50,13,9,1,5,4,6,6,2,1,5,5,5,1,12,2,9,2,1,C03,7,9,1,10,2,14,,43,43,1,6,4,120.582042,24.176306,2
10125,66000,387130000C,(04)23274275,(04)23288582,2025,08,27,8,16,臺中市,北區,0,0,0,7,,,50,,,,,,,,,,,,,,12,,,,,C03,,,1,,1,,,6,6,1,13,4,120.677536,24.150592,3
10126,66000,387130000C,(04)23274275,(04)23288582,2025,08,27,8,17,臺中市,北屯區,0,0,0,7,,,40,,,,,,,,,,,,,,13,,,,,C03,,,1,,2,,,59,59,1,6,4,120.720039,24.180276,4
10127,66000,387130000C,(04)23274275,(04)23288582,2025,08,27,8,17,臺中市,西屯區,0,1,0,7,2,6,50,4,8,1,5,4,6,6,4,4,9,4,4,2,12,3,10,3,1,B03,7,5,1,8,2,5,,47,47,1,12,4,120.64446,24.178769,2
10128,66000,387130000C,(04)23274275,(04)23288582,2025,08,27,8,20,臺中市,大雅區,0,1,0,7,2,6,30,13,9,1,5,4,6,6,4,4,10,5,5,2,17,3,10,3,1,B03,7,6,1,8,2,4,,20,20,1,12,4,120.660264,24.2209,2
10129,66000,387130000C,(04)23274275,(04)23288582,2025,08,27,8,25,臺中市,南屯區,0,0,0,7,,,50,,,,,,,,,,,,,,17,,,,,C03,,,1,,1,,,8,8,1,12,4,120.63848,24.147335,3
10130,66000,387130000C,(04)23274275,(04)23288582,2025,08,27,8,27,臺中市,西屯區,0,0,0,7,,,50,,,,,,,,,,,,,,12,,,,,B03,,,1,,1,,,51,51,1,12,4,120.60616,24.187917,3
10131,66000,387130000C,(04)23274275,(04)23288582,2025,08,27,8,29,臺中市,大里區,0,1,0,7,3,6,50,13,7,1,5,4,6,6,4,4,5,4,4,2,16,2,9,5,4,C03,7,9,1,10,2,11,,7,7,1,13,4,120.690836,24.106098,2
10132,66000,387130000C,(04)23274275,(04)23288582,2025,08,27,8,29,臺中市,豐原區,0,0,0,7,,,50,,,,,,,,,,,,,,13,,,,,C03,,,1,,2,,,7,7,1,12,4,120.733575,24.255606,3
10133,66000,387130000C,(04)23274275,(04)23288582,2025,08,27,8,30,臺中市,西屯區,0,0,0,7,,,50,,,,,,,,,,,,,,17,,,,,B03,,,1,,1,,,8,8,1,13,4,120.653153,24.156234,3
10134,66000,387130000C,(04)23274275,(04)23288582,2025,08,27,8,34,臺中市,北區,0,0,0,7,,,50,,,,,,,,,,,,,,13,,,,,C03,,,1,,2,,,59,59,1,12,4,120.677085,24.163329,3
10135,66000,387130000C,(04)23274275,(04)23288582,2025,08,27,8,35,臺中市,西屯區,0,1,0,7,2,6,40,3,1,1,5,4,6,6,1,1,10,5,5,2,16,3,10,5,4,B03,7,5,1,8,2,5,,11,11,1,12,4,120.634985,24.161299,2
10136,66000,387130000C,(04)23274275,(04)23288582,2025,08,27,8,40,臺中市,西屯區,0,1,0,7,2,6,50,3,1,1,5,4,6,6,4,4,10,5,5,2,17,3,10,3,1,B03,7,11,1,8,2,16,,45,45,1,12,4,120.648285,24.17022,2
10137,66000,387130000C,(04)23274275,(04)23288582,2025,08,27,8,40,臺中市,龍井區,0,0,0,7,,,50,,,,,,,,,,,,,,,,,,,B03,,,1,,2,,,58,58,1,6,4,120.501237,24.20255,3
10138,66000,387130000C,(04)23274275,(04)23288582,2025,08,27,8,47,臺中市,西區,0,1,0,7,3,6,50,4,1,1,5,4,6,6,2,1,10,5,5,2,11,3,10,3,1,B03,7,6,1,8,2,1,,11,11,1,6,4,120.6658,24.135348,2
10139,66000,387130000C,(04)23274275,(04)23288582,2025,08,27,8,49,臺中市,北屯區,0,1,0,7,2,6,0,18,21,2,5,4,6,6,4,4,10,5,5,2,17,3,10,3,1,B03,7,1,1,8,2,1,,51,51,1,6,4,120.686511,24.184827,2
10140,66000,387130000C,(04)23274275,(04)23288582,2025,08,27,8,50,臺中市,北屯區,0,1,0,7,2,6,50,4,2,1,5,4,6,6,2,1,1,3,5,2,12,2,9,1,1,C03,7,9,1,10,2,14,,42,42,1,6,4,120.690688,24.182447,2
10141,66000,387130000C,(04)23274275,(04)23288582,2025,08,27,8,50,臺中市,大肚區,0,2,0,7,2,6,50,3,1,1,5,4,6,6,4,4,5,5,5,2,3,2,9,2,1,C03,7,9,1,10,2,11,,59,59,1,6,4,120.580802,24.173144,2
10142,66000,387130000C,(04)23274275,(04)23288582,2025,08,27,8,51,臺中市,北屯區,0,1,0,7,2,6,50,4,19,1,5,4,6,6,2,1,10,5,5,2,3,3,10,3,1,B03,7,6,1,8,9,8,,10,10,1,12,4,120.694138,24.17122,2
10143,66000,387130000C,(04)23274275,(04)23288582,2025,08,27,8,53,臺中市,大甲區,0,0,0,7,,,50,,,,,,,,,,,,,,16,,,,,A04,,,1,,2,,,11,11,1,6,4,120.62262,24.342358,3
10144,66000,387130000C,(04)23274275,(04)23288582,2025,08,27,8,55,臺中市,北屯區,0,1,0,7,3,6,50,13,9,1,5,4,6,6,1,1,10,2,5,2,12,3,10,3,1,B03,7,7,1,8,2,2,,35,35,1,13,4,120.679798,24.172742,2
10145,66000,387130000C,(04)23274275,(04)23288582,2025,08,27,8,57,臺中市,西屯區,0,0,0,7,,,50,,,,,,,,,,,,,,13,,,,,B03,,,1,,1,,,7,7,1,12,4,120.615551,24.189705,3
10146,66000,387130000C,(04)23274275,(04)23288582,2025,08,27,8,57,臺中市,大里區,0,0,0,7,,,50,,,,,,,,,,,,,,14,,,,,B03,,,1,,2,,,49,49,1,6,4,120.690531,24.113396,3
10147,66000,387130000C,(04)23274275,(04)23288582,2025,08,27,8,58,臺中市,太平區,0,3,0,7,3,6,30,3,1,1,5,4,6,6,4,4,9,5,5,2,16,2,7,2,1,C03,7,6,1,10,2,14,,12,12,1,12,4,120.725309,24.150719,2
10148,66000,387130000C,(04)23274275,(04)23288582,2025,08,27,8,59,臺中市,西屯區,0,1,0,7,2,6,50,13,8,1,5,4,6,6,4,4,1,3,4,1,12,3,10,3,4,B03,7,7,1,8,2,2,,8,8,1,12,4,120.658655,24.194355,2
10149,66000,387130000C,(04)23274275,(04)23288582,2025,08,27,9,0,臺中市,西屯區,0,0,0,7,,,50,,,,,,,,,,,,,,13,,,,,C03,,,1,,9,,,7,7,1,13,4,120.624104,24.182501,3
10150,66000,387130000C,(04)23274275,(04)23288582,2025,08,27,9,0,臺中市,大里區,0,1,0,7,3,6,50,4,2,1,5,4,6,6,1,1,5,5,4,1,17,3,10,3,1,A12,7,5,1,7,2,5,,84,84,1,12,4,120.713021,24.094305,2
10151,66000,387130000C,(04)23274275,(04)23288582,2025,08,27,9,1,臺中市,中區,0,0,0,7,,,50,,,,,,,,,,,,,,12,,,,,C03,,,1,,2,,,48,48,1,12,4,120.675019,24.143583,3
10152,66000,387130000C,(04)23274275,(04)23288582,2025,08,27,9,3,臺中市,北屯區,0,0,0,7,,,50,,,,,,,,,,,,,,14,,,,,B03,,,1,,1,,,49,49,1,6,4,120.690425,24.17235,4
10153,66000,387130000C,(04)23274275,(04)23288582,2025,08,27,9,3,臺中市,梧棲區,0,0,0,7,,,70,,,,,,,,,,,,,,12,,,,,B03,,,1,,1,,,8,8,1,12,4,120.560203,24.241218,3
10154,66000,387130000C,(04)23274275,(04)23288582,2025,08,27,9,5,臺中市,東區,0,0,0,7,,,50,,,,,,,,,,,,,,,,,,,B03,,,,,9,,,8,8,1,6,4,120.687904,24.130304,3
10155,66000,387130000C,(04)23274275,(04)23288582,2025,08,27,9,10,臺中市,北區,0,1,0,7,2,6,50,13,9,1,5,4,6,6,4,4,5,4,5,2,17,2,9,5,4,C03,7,15,1,10,2,14,,84,84,1,12,4,120.682078,24.15451,2
10156,66000,387130000C,(04)23274275,(04)23288582,2025,08,27,9,12,臺中市,北屯區,0,1,0,7,2,6,40,3,1,1,5,4,6,6,4,4,10,5,5,2,16,3,10,3,1,B03,7,5,1,8,2,5,,20,20,1,12,4,120.72089,24.165635,2
10157,66000,387130000C,(04)23274275,(04)23288582,2025,08,27,9,19,臺中市,西區,0,1,0,7,2,6,30,4,1,1,5,4,6,6,4,4,10,5,5,2,15,3,10,2,1,F01,7,9,7,21,2,13,,15,15,1,12,4,120.664305,24.149021,2
10158,66000,387130000C,(04)23274275,(04)23288582,2025,08,27,9,20,臺中市,大里區,0,0,0,7,,,50,,,,,,,,,,,,,,14,,,,,B03,,,1,,2,,,49,49,1,13,4,120.690205,24.108101,3
10159,66000,387130000C,(04)23274275,(04)23288582,2025,08,27,9,20,臺中市,豐原區,0,1,0,7,3,6,60,13,7,1,5,4,6,6,4,4,1,4,4,2,17,2,9,1,1,C03,7,8,5,19,2,14,,40,40,1,13,4,120.715735,24.26306,2
10160,66000,387130000C,(04)23274275,(04)23288582,2025,08,27,9,21,臺中市,北區,0,1,0,7,2,6,30,13,9,1,5,4,6,6,3,1,8,3,4,1,9,3,10,2,1,C03,7,9,1,10,2,11,,7,7,1,13,4,120.6666,24.158645,2
10161,66000,387130000C,(04)23274275,(04)23288582,2025,08,27,9,21,臺中市,東區,0,0,0,7,,,50,,,,,,,,,,,,,,12,,,,,B11,,,1,,2,,,76,76,1,13,4,120.697361,24.134334,3
10162,66000,387130000C,(04)23274275,(04)23288582,2025,08,27,9,23,臺中市,南區,0,1,0,7,2,6,50,13,8,1,5,4,6,6,4,4,5,5,4,2,12,3,10,3,1,B03,7,7,1,6,2,5,,40,40,1,12,4,120.672011,24.119502,2
10163,66000,387130000C,(04)23274275,(04)23288582,2025,08,27,9,27,臺中市,潭子區,0,0,0,7,,,30,,,,,,,,,,,,,,,,,,,B03,,,1,,2,,,84,84,1,13,4,120.691735,24.212289,3
10164,66000,387130000C,(04)23274275,(04)23288582,2025,08,27,9,27,臺中市,北屯區,0,0,0,7,,,30,,,,,,,,,,,,,,14,,,,,B03,,,1,,1,,,49,49,1,6,4,120.683701,24.191623,3
10165,66000,387130000C,(04)23274275,(04)23288582,2025,08,27,9,28,臺中市,西屯區,0,0,0,7,,,30,,,,,,,,,,,,,,,,,,,B03,,,1,,2,,,43,43,1,12,4,120.655962,24.157721,3
10166,66000,387130000C,(04)23274275,(04)23288582,2025,08,27,9,29,臺中市,霧峰區,0,0,0,7,,,30,,,,,,,,,,,,,,,,,,,B03,,,1,,2,,,49,49,1,13,4,120.703543,24.058546,3
10167,66000,387130000C,(04)23274275,(04)23288582,2025,08,27,9,32,臺中市,北屯區,0,1,0,7,3,6,50,3,1,1,5,4,6,6,4,4,10,5,5,2,16,3,10,3,1,B03,7,5,1,8,2,5,,84,84,1,13,4,120.676272,24.173854,2
10168,66000,387130000C,(04)23274275,(04)23288582,2025,08,27,9,34,臺中市,西屯區,0,0,0,7,,,50,,,,,,,,,,,,,,17,,,,,B03,,,1,,1,,,84,84,1,12,4,120.636765,24.18138,3
10169,66000,387130000C,(04)23274275,(04)23288582,2025,08,27,9,35,臺中市,西屯區,0,0,0,7,,,50,,,,,,,,,,,,,,17,,,,,B03,,,1,,2,,,59,59,1,12,4,120.643468,24.18244,3
10170,66000,387130000C,(04)23274275,(04)23288582,2025,08,27,9,41,臺中市,南屯區,0,0,0,7,,,60,,,,,,,,,,,,,,12,,,,,B12,,,1,,1,,,8,8,1,12,4,120.635711,24.143383,3
10171,66000,387130000C,(04)23274275,(04)23288582,2025,08,27,9,41,臺中市,豐原區,0,0,0,7,,,50,,,,,,,,,,,,,,17,,,,,B12,,,1,,2,,,40,40,1,12,4,120.754602,24.274061,3
10172,66000,387130000C,(04)23274275,(04)23288582,2025,08,27,9,43,臺中市,大里區,0,1,0,7,2,6,50,13,9,1,5,4,6,6,4,4,5,5,5,2,17,3,10,3,1,B03,7,11,1,8,2,2,,45,45,1,12,4,120.676723,24.097851,2
10173,66000,387130000C,(04)23274275,(04)23288582,2025,08,27,9,57,臺中市,西屯區,0,1,0,7,2,6,40,13,11,1,5,4,6,6,4,4,1,3,4,1,17,2,9,4,4,F02,7,9,7,21,2,16,,85,85,1,12,4,120.664511,24.177715,2
10174,66000,387130000C,(04)23274275,(04)23288582,2025,08,27,9,58,臺中市,西屯區,0,0,0,7,,,50,,,,,,,,,,,,,,15,,,,,B03,,,3,,1,,,11,11,1,13,4,120.64227,24.177771,3
10175,66000,387130000C,(04)23274275,(04)23288582,2025,08,27,10,0,臺中市,南屯區,0,1,0,7,3,6,50,4,1,1,5,4,6,6,2,1,10,5,5,2,16,3,10,5,4,B03,7,9,1,8,2,5,,59,59,1,6,4,120.651383,24.134897,2