﻿序號,縣市別代碼,機關代碼,市話,傳真,年,月,日,時,分,縣市,區,死亡數量,受傷數量,2-30,天候,道路照明設備,道路類別,道路速限,道路型態,事故位置,路面鋪裝,路面狀態,路面缺陷,障礙物,視距,號誌種類,號誌動作,分向設施,快車道或一般車道間,快慢車道間,路面邊線,事故類型及型態,受傷程度,主要傷處,保護裝備,行動電話或功能裝置,當事者區分_類別,車輛用途,當事者行動狀態,駕照狀態,駕照種類,飲酒情形,車輛撞擊部位最初,車輛撞擊部位其他,肇事因素個別,肇事因素主要,肇事逃逸,職業,共享經濟或外送平台,GPS座標X,GPS座標Y,事故類別
10288,66000,387130000C,(04)23274275,(04)23288582,2025,08,27,14,59,臺中市,西區,0,1,0,7,2,6,50,4,1,1,5,4,6,6,1,1,10,5,5,2,16,3,10,3,1,B03,7,6,1,8,2,5,,11,11,1,12,4,120.652921,24.144999,2
10289,66000,387130000C,(04)23274275,(04)23288582,2025,08,27,15,5,臺中市,西屯區,0,0,0,7,,,50,,,,,,,,,,,,,,12,,,,,B03,,,1,,1,,,8,8,1,13,4,120.644529,24.174314,3
10290,66000,387130000C,(04)23274275,(04)23288582,2025,08,27,15,6,臺中市,清水區,0,0,0,7,3,6,50,13,8,1,5,4,6,6,4,4,8,3,4,2,14,,,,,C03,,,1,,9,,,49,49,1,12,4,120.575274,24.268058,3
10291,66000,387130000C,(04)23274275,(04)23288582,2025,08,27,15,13,臺中市,南屯區,0,1,0,6,2,6,50,13,9,1,5,4,6,6,4,4,5,4,5,2,14,2,8,1,1,C03,7,2,1,10,2,13,,49,49,1,12,4,120.652866,24.141682,2
10292,66000,387130000C,(04)23274275,(04)23288582,2025,08,27,15,20,臺中市,南屯區,0,2,0,7,2,6,50,3,1,1,5,4,6,6,4,4,10,5,5,2,15,2,9,2,4,C03,7,9,1,10,2,11,14,6,6,1,13,4,120.610941,24.138487,2
10293,66000,387130000C,(04)23274275,(04)23288582,2025,08,27,15,22,臺中市,西屯區,0,1,0,6,2,6,60,3,1,1,5,4,6,6,4,4,10,5,4,2,16,3,10,3,1,B12,7,5,1,8,2,5,,47,47,1,12,4,120.626538,24.177708,2
10294,66000,387130000C,(04)23274275,(04)23288582,2025,08,27,15,24,臺中市,中區,0,1,0,7,3,6,50,13,9,1,5,4,6,6,4,4,8,3,5,2,12,2,9,1,1,C03,7,7,1,10,2,11,,40,40,1,13,4,120.681716,24.141958,2
10295,66000,387130000C,(04)23274275,(04)23288582,2025,08,27,15,27,臺中市,西屯區,0,0,0,7,,,40,,,,,,,,,,,,,,13,,,,,C03,,,1,,1,,,7,7,1,13,4,120.644269,24.178902,3
10296,66000,387130000C,(04)23274275,(04)23288582,2025,08,27,15,27,臺中市,東勢區,0,1,0,7,2,6,50,4,2,1,5,4,6,6,3,1,5,5,5,1,17,3,10,4,1,B03,7,15,1,7,2,4,,76,76,1,12,4,120.851451,24.239034,2
10297,66000,387130000C,(04)23274275,(04)23288582,2025,08,27,15,30,臺中市,西屯區,0,2,0,7,2,6,50,4,1,1,5,4,6,6,1,1,10,5,5,2,15,2,9,1,4,C03,7,9,1,10,2,11,14,21,21,1,12,4,120.608563,24.169594,2
10298,66000,387130000C,(04)23274275,(04)23288582,2025,08,27,15,33,臺中市,西屯區,0,0,0,7,,,50,,,,,,,,,,,,,,,,,,,B03,,,1,,1,,,8,8,1,13,4,120.645869,24.170091,3
10299,66000,387130000C,(04)23274275,(04)23288582,2025,08,27,15,34,臺中市,北區,0,0,0,6,2,6,50,4,2,1,5,4,1,6,1,1,5,4,5,2,14,3,10,6,1,G03,7,2,7,21,1,17,,49,49,1,12,4,120.682328,24.153985,3
10300,66000,387130000C,(04)23274275,(04)23288582,2025,08,27,15,35,臺中市,北區,0,0,0,7,,,40,,,,,,,,,,,,,,17,,,,,B03,,,1,,2,,,47,47,1,12,4,120.680853,24.149177,3
10301,66000,387130000C,(04)23274275,(04)23288582,2025,08,27,15,39,臺中市,東區,0,0,0,7,,,40,,,,,,,,,,,,,,9,,,,,B03,,,5,,2,,,50,50,1,6,4,120.709713,24.149601,3
10302,66000,387130000C,(04)23274275,(04)23288582,2025,08,27,15,44,臺中市,西屯區,0,2,0,7,2,6,50,13,9,1,5,4,6,6,4,4,5,4,5,2,16,3,10,5,4,B03,7,11,1,7,2,6,,45,45,1,12,4,120.608364,24.154499,2
10303,66000,387130000C,(04)23274275,(04)23288582,2025,08,27,15,50,臺中市,南屯區,0,0,0,7,,,40,,,,,,,,,,,,,,,,,,,B03,,,1,,2,,,51,51,1,6,4,120.615594,24.149842,3
10304,66000,387130000C,(04)23274275,(04)23288582,2025,08,27,15,54,臺中市,烏日區,0,1,0,6,2,6,70,4,1,1,5,4,6,6,1,1,1,4,4,1,16,3,10,3,1,B03,7,5,1,8,2,2,,11,11,1,6,4,120.607048,24.108443,2
10305,66000,387130000C,(04)23274275,(04)23288582,2025,08,27,15,56,臺中市,南區,0,1,0,7,3,6,50,4,9,1,5,4,6,6,1,1,5,5,5,2,17,2,8,5,4,C03,7,5,1,10,2,11,,84,84,1,6,4,120.666824,24.119158,2
10306,66000,387130000C,(04)23274275,(04)23288582,2025,08,27,16,4,臺中市,北屯區,0,0,0,7,,,50,,,,,,,,,,,,,,9,,,,,B02,,,1,,1,,,87,87,1,6,4,120.669603,24.176606,3
10307,66000,387130000C,(04)23274275,(04)23288582,2025,08,27,16,7,臺中市,霧峰區,0,2,0,7,2,6,50,4,1,1,5,4,6,6,1,1,5,5,5,2,15,2,9,2,1,C03,7,9,5,19,2,11,,21,21,1,13,4,120.69331,24.05866,2
10308,66000,387130000C,(04)23274275,(04)23288582,2025,08,27,16,10,臺中市,西屯區,0,0,0,7,,,70,,,,,,,,,,,,,,17,,,,,B12,,,1,,1,,,59,59,1,12,4,120.625166,24.178243,3
10309,66000,387130000C,(04)23274275,(04)23288582,2025,08,27,16,10,臺中市,太平區,0,0,0,7,,,30,,,,,,,,,,,,,,,,,,,A12,,,1,,2,,,84,84,1,12,4,120.734144,24.146541,3
10310,66000,387130000C,(04)23274275,(04)23288582,2025,08,27,16,11,臺中市,豐原區,0,0,0,7,,,30,,,,,,,,,,,,,,,,,,,B12,,,1,,2,,,8,8,1,13,4,120.740869,24.251754,3
10311,66000,387130000C,(04)23274275,(04)23288582,2025,08,27,16,19,臺中市,南屯區,0,0,0,7,,,50,,,,,,,,,,,,,,14,,,,,B03,,,5,,2,,,49,49,1,6,4,120.632613,24.149629,3
10312,66000,387130000C,(04)23274275,(04)23288582,2025,08,27,16,24,臺中市,北屯區,0,3,0,7,2,6,40,10,17,1,5,4,6,6,4,4,1,5,5,2,13,3,10,3,1,B03,7,9,1,8,2,8,,84,84,1,13,4,120.68768,24.201225,2
10313,66000,387130000C,(04)23274275,(04)23288582,2025,08,27,16,25,臺中市,太平區,0,0,0,7,2,6,50,,,,,,,,,,,,,,,,,,,B03,,,1,,2,1,,55,55,1,12,4,120.723662,24.111193,3
10314,66000,387130000C,(04)23274275,(04)23288582,2025,08,27,16,26,臺中市,西區,0,0,0,7,,,50,,,,,,,,,,,,,,17,,,,,B03,,,3,,2,,,40,40,1,12,4,120.657565,24.148596,3
10315,66000,387130000C,(04)23274275,(04)23288582,2025,08,27,16,27,臺中市,北屯區,0,0,0,7,,,50,,,,,,,,,,,,,,14,,,,,B03,,,,,1,,,49,49,1,12,4,120.668509,24.181208,3
10316,66000,387130000C,(04)23274275,(04)23288582,2025,08,27,16,28,臺中市,烏日區,0,1,0,7,2,6,40,3,1,1,5,4,6,6,4,4,1,5,5,2,13,2,9,5,4,F03,7,9,7,21,2,11,,59,59,1,13,4,120.612564,24.107362,2
10317,66000,387130000C,(04)23274275,(04)23288582,2025,08,27,16,28,臺中市,后里區,0,0,0,7,2,6,50,4,8,1,5,4,6,6,1,1,5,5,4,2,17,3,10,3,1,B02,7,3,1,8,3,2,,50,50,1,12,4,120.71343,24.305358,3
10318,66000,387130000C,(04)23274275,(04)23288582,2025,08,27,16,30,臺中市,東區,0,0,0,7,,,30,,,,,,,,,,,,,,17,,,,,B03,,,1,,2,,,45,45,1,12,4,120.691,24.130494,3
10319,66000,387130000C,(04)23274275,(04)23288582,2025,08,27,16,30,臺中市,太平區,0,1,0,7,3,6,50,4,1,1,5,4,6,6,4,4,10,5,5,2,15,2,9,1,1,C03,7,9,1,10,2,11,,15,15,1,6,4,120.707775,24.151095,2
10320,66000,387130000C,(04)23274275,(04)23288582,2025,08,27,16,34,臺中市,南屯區,0,0,0,7,,,50,,,,,,,,,,,,,,,,,,,B03,,,1,,1,,,84,84,1,12,4,120.645082,24.13401,3
10321,66000,387130000C,(04)23274275,(04)23288582,2025,08,27,16,38,臺中市,大甲區,0,0,0,7,,,30,,,,,,,,,,,,,,28,,,,,B03,,,1,,2,,,59,59,1,6,4,120.652429,24.37916,3
10322,66000,387130000C,(04)23274275,(04)23288582,2025,08,27,16,40,臺中市,北屯區,0,0,0,7,,,50,,,,,,,,,,,,,,14,,,,,B03,,,1,8,2,,,49,49,1,6,4,120.676688,24.174456,3
10323,66000,387130000C,(04)23274275,(04)23288582,2025,08,27,16,43,臺中市,南屯區,0,0,0,7,,,50,,,,,,,,,,,,,,17,,,,,B12,,,1,,9,,,84,84,1,13,4,120.647798,24.150979,3
10324,66000,387130000C,(04)23274275,(04)23288582,2025,08,27,16,44,臺中市,大里區,0,0,0,7,,,50,,,,,,,,,,,,,,,,,,,B03,,,1,,2,,,84,84,1,12,4,120.69543,24.099796,3
10325,66000,387130000C,(04)23274275,(04)23288582,2025,08,27,16,47,臺中市,南屯區,0,1,0,7,2,6,50,4,1,1,5,4,6,6,1,1,10,5,5,2,12,3,10,3,1,B03,7,5,1,8,2,6,,11,11,1,12,4,120.642648,24.151143,2
10326,66000,387130000C,(04)23274275,(04)23288582,2025,08,27,16,53,臺中市,北屯區,0,1,0,7,2,6,50,5,2,1,5,4,6,6,2,1,5,4,5,2,13,2,9,2,1,C03,7,12,1,10,1,11,,84,84,1,12,4,120.697745,24.170349,2
10327,66000,387130000C,(04)23274275,(04)23288582,2025,08,27,16,54,臺中市,北屯區,0,1,0,7,3,6,30,11,9,1,5,4,6,6,4,4,10,5,5,2,10,3,10,3,1,B03,7,15,1,8,2,8,,84,84,1,6,4,120.668807,24.182171,2
10328,66000,387130000C,(04)23274275,(04)23288582,2025,08,27,16,54,臺中市,后里區,0,2,0,7,2,6,50,4,1,1,5,4,6,6,3,1,10,5,5,2,12,2,7,1,1,F01,7,6,7,21,2,14,,11,11,1,4,4,120.725896,24.309184,2
10329,66000,387130000C,(04)23274275,(04)23288582,2025,08,27,16,55,臺中市,北屯區,0,0,0,7,,,50,,,,,,,,,,,,,,16,,,,,B03,,,1,,1,,,14,14,1,6,4,120.719542,24.171949,3
10330,66000,387130000C,(04)23274275,(04)23288582,2025,08,27,16,58,臺中市,大甲區,0,1,0,7,3,6,50,3,1,1,5,4,6,6,4,4,10,5,5,2,18,2,9,5,4,F01,7,1,7,21,8,15,,84,84,1,12,4,120.622471,24.344877,2
10331,66000,387130000C,(04)23274275,(04)23288582,2025,08,27,17,0,臺中市,大里區,0,1,0,7,2,6,30,3,9,1,5,4,6,6,4,4,5,5,5,2,16,3,10,3,1,B03,7,6,1,8,2,8,,87,87,1,13,4,120.713689,24.089673,2
10332,66000,387130000C,(04)23274275,(04)23288582,2025,08,27,17,7,臺中市,北區,0,2,0,7,2,6,50,5,2,1,5,4,6,6,4,4,10,5,5,2,17,2,9,2,1,C03,7,9,1,10,2,11,,15,15,1,13,4,120.680622,24.154623,2
10333,66000,387130000C,(04)23274275,(04)23288582,2025,08,27,17,8,臺中市,潭子區,0,0,0,7,,,50,,,,,,,,,,,,,,,,,,,B03,,,1,,2,,,59,59,1,13,4,120.723928,24.218514,3
10334,66000,387130000C,(04)23274275,(04)23288582,2025,08,27,17,8,臺中市,大甲區,0,1,0,7,3,6,50,3,1,1,5,4,6,6,4,4,4,5,5,1,12,2,9,2,1,C03,7,6,3,19,2,12,,34,34,1,6,4,120.61622,24.341394,2
10335,66000,387130000C,(04)23274275,(04)23288582,2025,08,27,17,9,臺中市,清水區,0,1,0,7,3,6,40,13,8,1,5,4,6,6,1,1,1,4,4,2,13,2,8,2,1,C03,7,9,1,10,2,11,,58,58,1,12,4,120.572658,24.26248,2
10336,66000,387130000C,(04)23274275,(04)23288582,2025,08,27,17,11,臺中市,北屯區,0,1,0,7,3,6,50,13,8,1,5,4,6,6,4,4,5,5,4,2,17,2,9,2,1,C04,7,9,1,10,2,12,,8,8,1,6,4,120.694511,24.174998,2
10337,66000,387130000C,(04)23274275,(04)23288582,2025,08,27,17,11,臺中市,大里區,0,2,0,7,2,6,50,3,1,1,5,4,6,6,4,4,10,5,5,2,17,2,9,1,1,C03,7,6,3,19,2,12,,14,14,1,12,4,120.700899,24.110438,2
10338,66000,387130000C,(04)23274275,(04)23288582,2025,08,27,17,12,臺中市,大里區,0,0,0,7,,,50,,,,,,,,,,,,,,,,,,,C03,,,1,,1,,,48,48,1,12,4,120.68161,24.104269,3
10339,66000,387130000C,(04)23274275,(04)23288582,2025,08,27,17,22,臺中市,北屯區,0,0,0,7,,3,40,,,,,,,,,,,,,,13,,,,,B03,,,1,8,2,,,7,7,1,6,4,120.68708,24.20148,3
10340,66000,387130000C,(04)23274275,(04)23288582,2025,08,27,17,25,臺中市,南屯區,0,0,0,7,,,30,,,,,,,,,,,,,,,,,,,B03,,,1,,2,,,49,49,1,6,4,120.644591,24.137524,4
10341,66000,387130000C,(04)23274275,(04)23288582,2025,08,27,17,26,臺中市,西區,0,0,0,7,,,50,,,,,,,,,,,,,,,,,,,B03,,,1,,1,,,84,84,1,12,4,120.670177,24.133777,3
10342,66000,387130000C,(04)23274275,(04)23288582,2025,08,27,17,26,臺中市,東區,0,0,0,7,,,50,,,,,,,,,,,,,,,,,,,B03,,,1,,9,,,49,49,1,6,4,120.697169,24.129652,3
10343,66000,387130000C,(04)23274275,(04)23288582,2025,08,27,17,27,臺中市,沙鹿區,0,0,0,7,3,6,50,3,1,1,5,4,6,6,4,4,10,5,5,2,15,3,10,2,1,C03,7,9,1,9,2,12,,15,15,1,13,4,120.572552,24.260283,3
10344,66000,387130000C,(04)23274275,(04)23288582,2025,08,27,17,28,臺中市,南區,0,0,0,7,,,50,,,,,,,,,,,,,,17,,,,,B03,,,1,,1,,,7,7,1,12,4,120.653428,24.123339,3
10345,66000,387130000C,(04)23274275,(04)23288582,2025,08,27,17,28,臺中市,神岡區,0,1,0,7,2,6,50,13,9,1,5,4,6,6,1,1,1,4,4,2,17,2,8,2,1,C03,7,6,1,10,2,11,,84,84,1,6,4,120.683367,24.246771,2
10346,66000,387130000C,(04)23274275,(04)23288582,2025,08,27,17,29,臺中市,龍井區,0,2,0,7,2,6,50,13,9,1,5,4,6,6,4,4,9,4,5,1,13,2,9,1,1,C03,7,9,1,10,2,11,,7,7,1,6,4,120.582736,24.178168,2
10347,66000,387130000C,(04)23274275,(04)23288582,2025,08,27,17,30,臺中市,大里區,0,0,0,7,,,40,,,,,,,,,,,,,,,,,,,B03,,,1,,2,,,8,8,1,12,4,120.687149,24.110346,3
10348,66000,387130000C,(04)23274275,(04)23288582,2025,08,27,17,32,臺中市,潭子區,0,1,0,7,2,6,30,13,9,1,5,4,6,6,4,4,10,5,5,2,14,3,10,3,1,B12,7,2,1,8,2,3,,49,49,1,12,4,120.692978,24.212767,2
10349,66000,387130000C,(04)23274275,(04)23288582,2025,08,27,17,32,臺中市,清水區,0,2,0,7,2,6,50,4,1,1,5,4,6,6,1,1,8,3,4,2,12,2,9,1,1,C03,7,9,1,10,2,12,,4,4,1,12,4,120.570009,24.263334,2
10350,66000,387130000C,(04)23274275,(04)23288582,2025,08,27,17,34,臺中市,大里區,0,1,0,7,2,6,50,13,9,1,5,4,6,6,4,4,10,5,5,2,9,2,9,6,5,H01,8,18,7,21,10,17,,99,99,1,12,5,120.686473,24.114487,2
10351,66000,387130000C,(04)23274275,(04)23288582,2025,08,27,17,34,臺中市,大甲區,0,2,0,7,2,6,50,13,9,1,5,4,6,6,4,4,9,5,5,1,16,2,9,2,1,C03,7,1,3,19,2,14,,51,51,1,6,4,120.625143,24.369535,2
10352,66000,387130000C,(04)23274275,(04)23288582,2025,08,27,17,36,臺中市,沙鹿區,0,0,0,7,,,40,,,,,,,,,,,,,,17,,,,,C03,,,1,,1,,,85,85,1,6,4,120.579251,24.214839,4
10353,66000,387130000C,(04)23274275,(04)23288582,2025,08,27,17,40,臺中市,豐原區,0,0,0,7,,,50,,,,,,,,,,,,,,12,,,,,B03,,,1,,2,,,40,40,1,13,4,120.706272,24.250049,3
10354,66000,387130000C,(04)23274275,(04)23288582,2025,08,27,17,44,臺中市,豐原區,0,0,0,7,,,50,,,,,,,,,,,,,,13,,,,,B03,,,1,,2,,,84,84,1,12,4,120.724393,24.244284,3
10355,66000,387130000C,(04)23274275,(04)23288582,2025,08,27,17,45,臺中市,西屯區,0,0,0,7,,,50,,,,,,,,,,,,,,13,,,,,C03,,,1,,1,,,7,7,1,13,4,120.650497,24.175703,3
10356,66000,387130000C,(04)23274275,(04)23288582,2025,08,27,17,46,臺中市,西屯區,0,0,0,7,,,60,,,,,,,,,,,,,,13,,,,,B12,,,1,,1,,,7,7,1,13,4,120.631174,24.16235,3
10357,66000,387130000C,(04)23274275,(04)23288582,2025,08,27,17,52,臺中市,西屯區,0,1,0,7,2,6,50,4,1,1,5,4,1,6,1,1,10,5,5,2,16,3,10,5,4,C03,7,5,1,10,2,12,,11,11,1,12,4,120.637283,24.173182,2
10358,66000,387130000C,(04)23274275,(04)23288582,2025,08,27,17,53,臺中市,中區,0,0,0,7,,,50,,,,,,,,,,,,,,13,,,,,B03,,,1,,1,,,51,51,1,12,4,120.684403,24.142256,3
10359,66000,387130000C,(04)23274275,(04)23288582,2025,08,27,17,53,臺中市,東區,0,1,0,7,3,6,50,5,1,1,5,4,6,6,1,1,10,5,5,2,16,3,10,3,1,B03,7,5,1,8,2,2,,11,11,1,6,4,120.709269,24.135319,2
10360,66000,387130000C,(04)23274275,(04)23288582,2025,08,27,17,55,臺中市,北區,0,1,0,7,2,6,50,4,7,1,5,4,6,6,1,1,5,4,4,2,17,3,10,5,4,B03,7,7,1,8,2,2,,40,40,1,13,4,120.694599,24.155162,2
10361,66000,387130000C,(04)23274275,(04)23288582,2025,08,27,18,0,臺中市,神岡區,0,2,0,7,3,6,40,13,9,1,5,4,6,6,4,4,10,5,5,1,11,2,9,1,1,C03,7,4,1,10,2,11,,1,1,1,13,4,120.68783,24.238857,2
10362,66000,387130000C,(04)23274275,(04)23288582,2025,08,27,18,2,臺中市,大里區,0,3,0,7,2,6,50,4,4,1,5,4,6,6,1,1,10,5,5,2,17,2,9,2,1,C03,7,9,1,10,2,11,,84,84,1,12,4,120.679841,24.115802,2
10363,66000,387130000C,(04)23274275,(04)23288582,2025,08,27,18,4,臺中市,西屯區,0,1,0,7,1,6,40,13,8,1,5,4,6,6,4,4,1,4,1,2,12,2,9,1,1,C03,7,8,1,10,2,14,,40,40,1,12,4,120.642503,24.166875,2
10364,66000,387130000C,(04)23274275,(04)23288582,2025,08,27,18,6,臺中市,西屯區,0,1,0,7,1,6,50,4,1,1,5,4,6,6,2,1,1,4,1,2,12,2,9,5,4,C03,7,9,1,9,1,12,,39,39,1,13,4,120.637546,24.185697,2
10365,66000,387130000C,(04)23274275,(04)23288582,2025,08,27,18,8,臺中市,西屯區,0,0,0,7,,,50,,,,,,,,,,,,,,17,,,,,B03,,,1,,1,,,50,50,1,12,4,120.651446,24.158163,3
10366,66000,387130000C,(04)23274275,(04)23288582,2025,08,27,18,10,臺中市,南屯區,0,1,0,7,2,6,50,4,2,1,5,4,6,6,2,1,5,4,4,2,17,2,9,2,1,C03,7,9,1,10,1,14,,7,7,1,12,4,120.651321,24.136237,2
10367,66000,387130000C,(04)23274275,(04)23288582,2025,08,27,18,10,臺中市,西屯區,0,0,0,7,,,50,,,,,,,,,,,,,,13,,,,,C03,,,1,,1,,,7,7,1,13,4,120.647982,24.169872,4
10368,66000,387130000C,(04)23274275,(04)23288582,2025,08,27,18,16,臺中市,豐原區,0,0,0,7,,,50,,,,,,,,,,,,,,,,,,,C03,,,1,,2,,,15,15,1,13,4,120.733777,24.253274,3
10369,66000,387130000C,(04)23274275,(04)23288582,2025,08,27,18,21,臺中市,南區,0,1,0,7,1,6,50,4,1,1,5,4,6,6,2,1,10,5,5,2,17,3,10,3,1,B03,7,11,1,8,2,2,,45,45,1,12,4,120.669997,24.122365,2
10370,66000,387130000C,(04)23274275,(04)23288582,2025,08,27,18,22,臺中市,西屯區,0,1,0,7,1,6,50,4,1,1,5,4,6,6,1,1,10,5,5,2,13,2,9,5,4,C03,7,9,1,10,2,11,,7,7,1,12,4,120.617438,24.159774,2
10371,66000,387130000C,(04)23274275,(04)23288582,2025,08,27,18,24,臺中市,霧峰區,0,0,0,7,,,50,,,,,,,,,,,,,,12,,,,,B03,,,1,,2,,,8,8,1,13,4,120.678882,24.064155,3
10372,66000,387130000C,(04)23274275,(04)23288582,2025,08,27,18,30,臺中市,北屯區,0,1,0,7,2,6,50,4,1,1,5,4,6,6,2,1,10,5,5,2,12,3,10,2,1,C03,7,7,1,10,2,13,,84,84,1,12,4,120.685498,24.172177,2
10373,66000,387130000C,(04)23274275,(04)23288582,2025,08,27,18,30,臺中市,北屯區,0,3,0,7,3,6,50,4,1,1,5,4,6,6,1,1,10,5,5,2,17,2,9,2,1,C03,7,6,1,10,2,14,,85,85,1,6,4,120.705794,24.178224,2
10374,66000,387130000C,(04)23274275,(04)23288582,2025,08,27,18,31,臺中市,東區,0,1,0,7,1,6,50,4,1,1,5,4,6,6,1,1,9,5,5,2,17,2,8,2,1,C03,7,6,1,10,2,11,,7,7,1,12,4,120.691759,24.133485,2
10375,66000,387130000C,(04)23274275,(04)23288582,2025,08,27,18,31,臺中市,北屯區,0,0,0,7,,,50,,,,,,,,,,,,,,13,,,,,B03,,,1,,1,,,82,82,1,13,4,120.69257,24.164871,3
10376,66000,387130000C,(04)23274275,(04)23288582,2025,08,27,18,31,臺中市,北屯區,0,0,0,7,,,50,,,,,,,,,,,,,,9,,,,,C03,,,1,,1,,,84,84,1,6,4,120.67965,24.172812,3
10377,66000,387130000C,(04)23274275,(04)23288582,2025,08,27,18,31,臺中市,西屯區,0,0,0,7,,,60,,,,,,,,,,,,,,13,,,,,B03,,,1,,1,,,40,40,1,13,4,120.647847,24.196114,3
10378,66000,387130000C,(04)23274275,(04)23288582,2025,08,27,18,33,臺中市,西區,0,0,0,7,,,50,,,,,,,,,,,,,,,,,,,B03,,,1,,2,,,49,49,1,12,4,120.656351,24.141716,3
10379,66000,387130000C,(04)23274275,(04)23288582,2025,08,27,18,45,臺中市,北屯區,0,1,0,6,1,6,50,13,9,1,5,4,6,6,4,4,1,2,5,2,13,2,8,2,1,C03,7,12,1,10,1,14,,7,7,1,6,4,120.685706,24.176211,2
10380,66000,387130000C,(04)23274275,(04)23288582,2025,08,27,18,45,臺中市,梧棲區,0,0,0,7,,,70,,,,,,,,,,,,,,17,,,,,B03,,,1,,1,,,87,87,1,6,4,120.548,24.234967,3
10381,66000,387130000C,(04)23274275,(04)23288582,2025,08,27,18,46,臺中市,西屯區,0,2,0,7,1,6,50,4,1,1,5,4,6,6,4,4,10,5,5,2,15,2,9,5,4,B03,7,9,1,7,2,1,,12,12,1,13,4,120.627807,24.159398,2
10382,66000,387130000C,(04)23274275,(04)23288582,2025,08,27,18,47,臺中市,大里區,0,1,0,7,1,6,50,13,12,1,5,4,6,6,4,4,3,4,4,1,13,3,10,2,1,C03,7,9,1,10,2,11,,7,7,1,13,4,120.692362,24.091298,2
10383,66000,387130000C,(04)23274275,(04)23288582,2025,08,27,18,47,臺中市,烏日區,0,0,0,7,,,50,,,,,,,,,,,,,,13,,,,,A12,,,1,,1,,,7,7,1,12,4,120.651107,24.091364,3
10384,66000,387130000C,(04)23274275,(04)23288582,2025,08,27,18,50,臺中市,大里區,0,0,0,7,,,50,,,,,,,,,,,,,,,,,,,B03,,,1,,2,,,84,84,1,12,4,120.67489,24.109358,3
10385,66000,387130000C,(04)23274275,(04)23288582,2025,08,27,18,51,臺中市,北屯區,0,2,0,6,1,6,40,4,1,1,5,4,6,6,2,1,10,5,5,2,12,2,9,2,1,C03,7,9,5,19,2,14,,85,85,1,6,4,120.686582,24.201323,2
10386,66000,387130000C,(04)23274275,(04)23288582,2025,08,27,18,59,臺中市,太平區,0,0,0,7,,,50,,,,,,,,,,,,,,17,,,,,C03,,,1,,1,,,50,50,1,12,4,120.710769,24.149916,3
10387,66000,387130000C,(04)23274275,(04)23288582,2025,08,27,19,0,臺中市,南區,0,2,0,7,3,6,0,18,21,4,5,4,6,6,4,4,10,5,5,2,17,3,10,1,1,C03,7,15,1,10,2,14,,84,84,1,6,4,120.669347,24.118942,2
10388,66000,387130000C,(04)23274275,(04)23288582,2025,08,27,19,0,臺中市,北屯區,0,1,0,7,3,6,50,13,9,1,5,4,6,6,4,4,1,5,5,2,17,3,10,3,1,B03,7,3,1,8,2,2,,50,50,1,6,4,120.700445,24.178122,2
10389,66000,387130000C,(04)23274275,(04)23288582,2025,08,27,19,1,臺中市,北屯區,0,1,0,7,3,6,50,3,1,1,5,4,6,6,4,4,1,5,4,2,13,2,9,2,1,C03,7,9,1,10,2,11,,84,84,1,6,4,120.660495,24.192152,2
10390,66000,387130000C,(04)23274275,(04)23288582,2025,08,27,19,2,臺中市,潭子區,0,0,0,7,,3,80,,,,,,,,,,,,,,,,,,,B03,,,1,,1,,,84,84,1,13,4,120.717332,24.198201,3
10391,66000,387130000C,(04)23274275,(04)23288582,2025,08,27,19,2,臺中市,東區,0,1,0,7,1,6,50,4,1,1,5,4,6,6,1,1,5,5,5,2,11,3,10,3,1,B03,7,6,1,8,2,6,,11,11,1,13,4,120.696618,24.133128,2
10392,66000,387130000C,(04)23274275,(04)23288582,2025,08,27,19,2,臺中市,南屯區,0,0,0,7,,,50,,,,,,,,,,,,,,16,,,,,B03,,,1,,1,,,20,20,1,6,4,120.62466,24.144818,3
10393,66000,387130000C,(04)23274275,(04)23288582,2025,08,27,19,4,臺中市,烏日區,0,0,0,7,1,6,50,13,7,1,5,4,6,6,4,4,5,4,4,2,13,3,10,3,1,B03,7,9,1,8,1,1,,84,84,1,10,4,120.624671,24.106401,3
10394,66000,387130000C,(04)23274275,(04)23288582,2025,08,27,19,10,臺中市,沙鹿區,0,1,0,7,1,6,60,13,8,1,5,4,6,6,4,4,1,4,3,1,17,3,10,3,1,B03,7,5,1,8,2,2,,47,47,1,12,4,120.585228,24.25065,2
10395,66000,387130000C,(04)23274275,(04)23288582,2025,08,27,19,13,臺中市,南區,0,1,0,7,1,6,50,13,9,1,5,4,6,6,4,4,5,5,5,2,17,3,10,1,1,C03,7,4,1,10,2,12,,84,84,1,12,4,120.652923,24.11525,2
10396,66000,387130000C,(04)23274275,(04)23288582,2025,08,27,19,14,臺中市,東區,0,0,0,7,,,50,,,,,,,,,,,,,,17,,,,,B03,,,1,,1,,,84,84,1,12,4,120.691203,24.134727,3