﻿序號,縣市別代碼,機關代碼,市話,傳真,年,月,日,時,分,縣市,區,死亡數量,受傷數量,2-30,天候,道路照明設備,道路類別,道路速限,道路型態,事故位置,路面鋪裝,路面狀態,路面缺陷,障礙物,視距,號誌種類,號誌動作,分向設施,快車道或一般車道間,快慢車道間,路面邊線,事故類型及型態,受傷程度,主要傷處,保護裝備,行動電話或功能裝置,當事者區分_類別,車輛用途,當事者行動狀態,駕照狀態,駕照種類,飲酒情形,車輛撞擊部位最初,車輛撞擊部位其他,肇事因素個別,肇事因素主要,肇事逃逸,職業,共享經濟或外送平台,GPS座標X,GPS座標Y,事故類別
10397,66000,387130000C,(04)23274275,(04)23288582,2025,08,27,19,14,臺中市,北屯區,0,0,0,7,,,50,,,,,,,,,,,,,,19,,,,,B02,,,1,,2,,,84,84,1,13,4,120.669495,24.176194,3
10398,66000,387130000C,(04)23274275,(04)23288582,2025,08,27,19,23,臺中市,霧峰區,0,1,0,7,1,6,50,3,1,1,5,4,6,6,1,1,5,5,5,1,12,3,10,3,1,B03,7,9,1,8,2,2,,8,8,1,13,4,120.701336,24.067189,2
10399,66000,387130000C,(04)23274275,(04)23288582,2025,08,27,19,25,臺中市,南屯區,0,0,0,7,1,6,50,13,9,1,5,4,6,6,4,4,9,5,5,2,12,,,,,B03,,,1,,2,,,8,8,1,12,4,120.642687,24.129439,3
10400,66000,387130000C,(04)23274275,(04)23288582,2025,08,27,19,27,臺中市,北屯區,0,1,0,7,1,6,50,4,1,1,5,4,6,6,2,1,10,5,5,2,16,2,9,2,1,C03,7,6,1,10,2,11,,11,11,1,12,4,120.673639,24.193365,2
10401,66000,387130000C,(04)23274275,(04)23288582,2025,08,27,19,28,臺中市,南屯區,0,0,0,7,,,50,,,,,,,,,,,,,,16,,,,,B03,,,1,,1,,,12,12,1,13,4,120.639867,24.149969,3
10402,66000,387130000C,(04)23274275,(04)23288582,2025,08,27,19,32,臺中市,東勢區,0,2,0,7,1,6,50,11,9,1,5,4,6,6,4,4,5,5,5,1,2,2,9,5,4,C03,7,9,5,19,8,11,,53,53,1,13,4,120.850545,24.24025,2
10403,66000,387130000C,(04)23274275,(04)23288582,2025,08,27,19,37,臺中市,大里區,0,1,0,7,2,6,50,13,9,1,5,4,6,6,1,1,1,4,4,1,17,3,10,3,1,B12,7,9,1,8,2,1,,7,7,1,12,4,120.681372,24.105038,2
10404,66000,387130000C,(04)23274275,(04)23288582,2025,08,27,19,39,臺中市,沙鹿區,0,0,0,7,,,50,,,,,,,,,,,,,,17,,,,,B03,,,1,,2,,,8,8,1,6,4,120.562859,24.23411,3
10405,66000,387130000C,(04)23274275,(04)23288582,2025,08,27,19,40,臺中市,西屯區,0,1,0,7,1,6,30,4,9,1,5,4,6,6,4,4,5,4,5,2,16,2,9,5,4,C03,7,6,2,19,2,12,,12,12,1,12,4,120.656269,24.159939,2
10406,66000,387130000C,(04)23274275,(04)23288582,2025,08,27,19,41,臺中市,南屯區,0,1,0,7,2,6,50,4,1,1,5,4,6,6,2,1,10,5,5,2,11,3,10,5,4,B03,7,6,1,8,2,2,,11,11,1,13,4,120.648702,24.150951,2
10407,66000,387130000C,(04)23274275,(04)23288582,2025,08,27,19,42,臺中市,西區,0,1,0,7,3,6,50,11,9,1,5,4,6,6,4,4,3,4,5,2,18,2,9,1,1,C04,7,9,1,10,2,14,,84,84,1,12,1,120.665223,24.142512,2
10408,66000,387130000C,(04)23274275,(04)23288582,2025,08,27,19,44,臺中市,北區,0,0,0,7,,,50,,,,,,,,,,,,,,17,,,,,C03,,,1,,1,,,84,84,1,13,4,120.698888,24.155282,3
10409,66000,387130000C,(04)23274275,(04)23288582,2025,08,27,19,44,臺中市,大里區,0,0,0,7,,,30,,,,,,,,,,,,,,,,,,,B03,,,1,,2,,,49,49,1,12,4,120.679735,24.108827,3
10410,66000,387130000C,(04)23274275,(04)23288582,2025,08,27,19,53,臺中市,西區,0,0,0,6,,,40,,,,,,,,,,,,,,,,,,,B12,,,1,,1,,,7,7,1,13,4,120.667282,24.153153,3
10411,66000,387130000C,(04)23274275,(04)23288582,2025,08,27,19,54,臺中市,沙鹿區,0,1,0,7,1,6,30,4,1,1,5,4,6,6,4,4,10,5,5,2,15,3,10,2,1,C03,7,9,1,10,2,11,,13,13,1,6,4,120.567405,24.250487,2
10412,66000,387130000C,(04)23274275,(04)23288582,2025,08,27,19,55,臺中市,大雅區,0,3,0,7,1,6,30,4,2,1,5,4,6,6,4,4,10,5,5,1,17,2,7,1,1,C03,7,9,1,10,2,11,,12,12,1,13,4,120.639903,24.205737,2
10413,66000,387130000C,(04)23274275,(04)23288582,2025,08,27,19,57,臺中市,清水區,0,1,0,7,1,6,40,13,8,1,5,4,6,6,4,4,1,4,4,1,13,2,9,2,1,C03,7,9,1,10,2,11,,58,58,1,12,4,120.56972,24.274277,2
10414,66000,387130000C,(04)23274275,(04)23288582,2025,08,27,20,5,臺中市,太平區,0,1,0,7,1,6,30,3,1,1,5,4,6,6,4,4,10,5,5,2,16,2,9,1,1,C03,7,6,3,19,2,12,,14,14,1,6,4,120.719662,24.120403,2
10415,66000,387130000C,(04)23274275,(04)23288582,2025,08,27,20,7,臺中市,東區,0,0,0,7,,,50,,,,,,,,,,,,,,16,,,,,C03,,,3,,2,,,11,11,1,6,4,120.697296,24.147958,3
10416,66000,387130000C,(04)23274275,(04)23288582,2025,08,27,20,8,臺中市,沙鹿區,0,1,0,7,1,6,1,13,8,1,5,4,6,6,4,4,1,5,5,2,14,3,10,3,1,B03,7,2,1,8,2,3,,49,49,1,6,4,120.580857,24.215384,2
10417,66000,387130000C,(04)23274275,(04)23288582,2025,08,27,20,9,臺中市,東區,0,2,0,7,1,6,50,4,1,1,5,4,6,6,1,1,5,5,5,2,11,2,9,3,1,B03,7,6,1,8,2,2,,23,23,1,6,4,120.701403,24.125251,2
10418,66000,387130000C,(04)23274275,(04)23288582,2025,08,27,20,19,臺中市,西屯區,0,0,0,7,,,0,,,,,,,,,,,,,,15,,,,,C03,,,5,,1,,,51,51,1,12,4,120.648357,24.173775,3
10419,66000,387130000C,(04)23274275,(04)23288582,2025,08,27,20,19,臺中市,沙鹿區,0,1,0,7,1,6,50,3,1,1,5,4,6,6,4,4,10,5,5,2,28,,,,,,,,,,,,,118,118,1,,,120.575854,24.218521,2
10420,66000,387130000C,(04)23274275,(04)23288582,2025,08,27,20,22,臺中市,西區,0,0,0,6,,,50,,,,,,,,,,,,,,,,,,,B03,,,1,,2,,,11,11,1,12,4,120.675975,24.141326,3
10421,66000,387130000C,(04)23274275,(04)23288582,2025,08,27,20,25,臺中市,太平區,0,0,0,7,,,30,,,,,,,,,,,,,,,,,,,B03,,,1,,2,,,49,49,1,12,4,120.705518,24.114418,3
10422,66000,387130000C,(04)23274275,(04)23288582,2025,08,27,20,30,臺中市,西屯區,0,0,0,7,,,40,,,,,,,,,,,,,,12,,,,,B03,,,1,,1,,,51,51,1,13,4,120.63689,24.16034,3
10423,66000,387130000C,(04)23274275,(04)23288582,2025,08,27,20,36,臺中市,西區,0,1,0,7,1,6,50,3,2,1,5,4,5,6,4,4,5,4,5,2,17,3,10,1,1,C03,7,9,1,10,2,16,,68,68,1,12,4,120.657945,24.150845,2
10424,66000,387130000C,(04)23274275,(04)23288582,2025,08,27,20,46,臺中市,北區,0,1,0,7,1,6,50,4,1,1,5,4,6,6,1,1,10,5,5,2,16,3,10,5,4,C03,7,6,1,10,2,12,,11,11,1,13,4,120.685899,24.153381,2
10425,66000,387130000C,(04)23274275,(04)23288582,2025,08,27,20,55,臺中市,南區,0,0,0,7,,,30,,,,,,,,,,,,,,17,,,,,C03,,,1,,9,,,85,85,1,12,4,120.674714,24.125248,4
10426,66000,387130000C,(04)23274275,(04)23288582,2025,08,27,21,10,臺中市,大里區,0,0,0,7,,,50,,,,,,,,,,,,,,,,,,,B03,,,1,,2,,,11,11,1,13,4,120.708812,24.086731,3
10427,66000,387130000C,(04)23274275,(04)23288582,2025,08,27,21,15,臺中市,東區,0,1,0,7,1,6,50,13,9,1,5,4,6,6,4,4,9,4,4,2,17,2,9,2,1,C03,7,9,3,19,2,11,,7,7,1,12,4,120.709748,24.149306,2
10428,66000,387130000C,(04)23274275,(04)23288582,2025,08,27,21,23,臺中市,豐原區,0,2,0,7,1,6,30,5,1,1,5,4,6,6,4,4,10,5,5,2,17,2,9,1,1,C03,7,5,1,10,2,12,,84,84,1,13,4,120.718319,24.239232,2
10429,66000,387130000C,(04)23274275,(04)23288582,2025,08,27,21,25,臺中市,霧峰區,0,1,0,7,1,6,40,13,7,1,5,4,6,6,1,1,1,4,4,1,13,3,10,3,1,B03,7,9,1,8,2,1,,7,7,1,13,4,120.663185,24.061614,2
10430,66000,387130000C,(04)23274275,(04)23288582,2025,08,27,21,31,臺中市,北區,0,0,0,7,,,50,,,,,,,,,,,,,,17,,,,,C03,,,1,,2,,,11,11,1,12,4,120.688113,24.151003,3
10431,66000,387130000C,(04)23274275,(04)23288582,2025,08,27,21,36,臺中市,西屯區,0,2,0,7,1,6,50,3,2,1,5,4,6,6,1,1,10,5,4,2,16,2,9,5,4,C03,7,6,1,10,1,12,,39,39,1,12,4,120.665864,24.178169,2
10432,66000,387130000C,(04)23274275,(04)23288582,2025,08,27,21,37,臺中市,神岡區,0,1,0,7,3,6,50,13,9,1,5,4,6,6,4,4,3,4,5,1,12,2,9,1,1,C03,7,8,3,19,2,14,,40,40,1,13,4,120.695455,24.24856,2
10433,66000,387130000C,(04)23274275,(04)23288582,2025,08,27,21,38,臺中市,西屯區,0,0,0,7,,,50,,,,,,,,,,,,,,12,,,,,B03,,,1,,2,,,8,8,1,13,4,120.647324,24.174746,3
10434,66000,387130000C,(04)23274275,(04)23288582,2025,08,27,21,41,臺中市,西屯區,0,0,0,7,,,50,,,,,,,,,,,,,,12,,,,,B03,,,1,,1,,,8,8,1,13,4,120.64515,24.16289,3
10435,66000,387130000C,(04)23274275,(04)23288582,2025,08,27,21,41,臺中市,西屯區,0,0,0,7,,,50,,,,,,,,,,,,,,13,,,,,B03,,,1,,1,,,59,59,1,13,4,120.651816,24.165933,3
10436,66000,387130000C,(04)23274275,(04)23288582,2025,08,27,21,55,臺中市,南屯區,0,1,0,7,2,6,40,4,1,1,5,4,6,6,2,1,1,4,4,2,16,2,9,1,1,C03,7,6,1,10,2,13,,11,11,1,13,4,120.64386,24.15082,2
10437,66000,387130000C,(04)23274275,(04)23288582,2025,08,27,21,57,臺中市,北屯區,0,0,0,7,,,50,,,,,,,,,,,,,,13,,,,,B03,,,1,8,1,,,7,7,1,6,4,120.68535,24.1752,3
10438,66000,387130000C,(04)23274275,(04)23288582,2025,08,27,22,0,臺中市,東勢區,0,0,0,6,,,40,,,,,,,,,,,,,,,,,,,B12,,,1,,1,,,49,49,1,12,4,120.787849,24.285453,3
10439,66000,387130000C,(04)23274275,(04)23288582,2025,08,27,22,4,臺中市,南屯區,0,0,0,7,,,50,,,,,,,,,,,,,,,,,,,B03,,,1,,2,,,84,84,1,12,4,120.653306,24.127507,3
10440,66000,387130000C,(04)23274275,(04)23288582,2025,08,27,22,7,臺中市,豐原區,0,1,0,7,1,6,50,4,2,1,5,4,6,6,2,1,5,5,4,1,16,3,10,1,1,C03,7,6,1,10,2,14,,11,11,1,13,4,120.721986,24.228974,2
10441,66000,387130000C,(04)23274275,(04)23288582,2025,08,27,22,14,臺中市,大里區,0,0,0,7,,,50,,,,,,,,,,,,,,17,,,,,B03,,,1,,1,,,84,84,1,12,4,120.691936,24.100604,3
10442,66000,387130000C,(04)23274275,(04)23288582,2025,08,27,22,23,臺中市,霧峰區,0,1,0,7,1,6,30,11,9,1,5,4,6,6,4,4,10,5,5,2,10,3,10,3,1,B03,7,9,5,19,2,1,,41,41,1,13,4,120.717038,24.073657,2
10443,66000,387130000C,(04)23274275,(04)23288582,2025,08,27,22,23,臺中市,太平區,0,2,0,7,1,6,50,4,1,1,5,4,6,6,1,1,5,2,5,2,16,3,10,3,1,B03,7,5,1,8,2,5,,11,11,1,12,4,120.700571,24.147974,2
10444,66000,387130000C,(04)23274275,(04)23288582,2025,08,27,22,38,臺中市,東區,0,2,0,7,1,6,50,4,1,1,5,4,6,6,4,4,1,2,4,2,12,2,9,2,1,C03,7,6,1,10,2,14,,48,48,1,13,4,120.690213,24.127038,2
10445,66000,387130000C,(04)23274275,(04)23288582,2025,08,27,22,38,臺中市,西屯區,0,0,0,6,,,40,,,,,,,,,,,,,,13,,,,,B03,,,1,,1,,,7,7,1,13,4,120.641018,24.167806,3
10446,66000,387130000C,(04)23274275,(04)23288582,2025,08,27,23,10,臺中市,西區,0,0,0,7,,,40,,,,,,,,,,,,,,14,,,,,B01,,,1,,1,,,49,49,1,12,4,120.657486,24.146982,3
10447,66000,387130000C,(04)23274275,(04)23288582,2025,08,27,23,17,臺中市,豐原區,0,0,0,7,,,50,,,,,,,,,,,,,,,,,,,A11,,,1,,2,,,40,40,1,13,4,120.758583,24.275987,3
10448,66000,387130000C,(04)23274275,(04)23288582,2025,08,27,23,36,臺中市,北區,0,0,0,7,3,6,50,13,9,1,5,4,6,6,1,1,5,5,5,2,17,,,,,B03,,,1,,2,,,59,59,1,13,4,120.684555,24.142348,3
10449,66000,387130000C,(04)23274275,(04)23288582,2025,08,27,23,55,臺中市,沙鹿區,0,1,0,7,3,6,50,11,8,1,5,4,6,6,4,4,5,5,4,2,19,2,9,2,1,C03,7,9,1,10,2,11,,59,59,1,6,4,120.582481,24.244317,2
10450,66000,387130000C,(04)23274275,(04)23288582,2025,08,28,0,3,臺中市,霧峰區,0,0,0,6,,,50,,,,,,,,,,,,,,17,,,,,B12,,,1,,2,,,49,49,1,13,4,120.696362,24.070416,3
10451,66000,387130000C,(04)23274275,(04)23288582,2025,08,28,0,12,臺中市,北屯區,0,1,0,7,1,6,50,4,1,1,5,4,6,6,4,4,10,5,5,2,15,2,9,2,1,C03,7,9,1,10,2,11,,12,12,1,12,4,120.686963,24.18934,2
10452,66000,387130000C,(04)23274275,(04)23288582,2025,08,28,1,51,臺中市,西屯區,0,0,0,7,,,50,,,,,,,,,,,,,,13,,,,,B03,,,2,,2,,,59,59,1,13,4,120.656139,24.169257,3
10453,66000,387130000C,(04)23274275,(04)23288582,2025,08,28,2,37,臺中市,南區,0,0,0,7,,,50,,,,,,,,,,,,,,17,,,,,C03,,,1,,2,,,59,59,1,13,4,120.679895,24.128958,3
10454,66000,387130000C,(04)23274275,(04)23288582,2025,08,28,3,34,臺中市,南屯區,0,0,0,7,,,50,,,,,,,,,,,,,,,,,,,B03,,,1,,2,,,50,50,1,12,4,120.615202,24.149919,3
10455,66000,387130000C,(04)23274275,(04)23288582,2025,08,28,4,31,臺中市,北區,0,1,0,7,1,6,50,13,9,1,5,4,6,6,4,4,5,4,5,2,17,2,9,2,1,C03,7,9,3,19,2,11,,59,59,1,12,4,120.676818,24.15899,2
10456,66000,387130000C,(04)23274275,(04)23288582,2025,08,28,5,1,臺中市,北屯區,0,2,0,7,1,6,50,4,1,1,5,4,6,6,2,1,10,5,5,2,3,2,9,2,1,C03,7,9,1,10,2,11,,10,10,1,12,4,120.692843,24.168111,2
10457,66000,387130000C,(04)23274275,(04)23288582,2025,08,28,6,24,臺中市,南區,0,2,0,7,2,6,30,4,1,1,5,4,6,6,4,4,10,5,5,2,15,2,8,1,1,C03,7,9,1,10,2,11,,15,15,1,12,4,120.674688,24.124846,2
10458,66000,387130000C,(04)23274275,(04)23288582,2025,08,28,6,42,臺中市,大里區,0,0,0,7,,,50,,,,,,,,,,,,,,17,,,,,B03,,,1,,2,,,7,7,1,13,4,120.707029,24.095383,3
10459,66000,387130000C,(04)23274275,(04)23288582,2025,08,28,6,50,臺中市,大肚區,0,2,0,7,3,6,50,13,9,1,5,4,6,6,1,1,1,4,5,1,11,2,9,1,1,C03,7,9,1,10,2,11,,87,87,1,6,4,120.576976,24.118668,2
10460,66000,387130000C,(04)23274275,(04)23288582,2025,08,28,7,0,臺中市,沙鹿區,0,0,0,7,,,50,,,,,,,,,,,,,,17,,,,,B12,,,1,,2,,,8,8,1,12,4,120.563753,24.225354,3
10461,66000,387130000C,(04)23274275,(04)23288582,2025,08,28,7,7,臺中市,大肚區,0,0,0,7,2,6,50,5,1,1,5,4,6,6,4,4,10,5,5,2,15,3,10,3,1,B03,7,9,3,19,3,2,,15,15,1,6,4,120.572995,24.163251,3
10462,66000,387130000C,(04)23274275,(04)23288582,2025,08,28,7,10,臺中市,南屯區,0,2,0,7,1,6,50,4,1,1,5,4,6,6,1,1,5,4,4,2,15,2,9,2,1,C03,7,9,1,10,2,11,,21,21,1,13,4,120.612764,24.13896,2
10463,66000,387130000C,(04)23274275,(04)23288582,2025,08,28,7,15,臺中市,清水區,0,1,0,7,2,6,30,3,1,1,5,4,6,6,4,4,9,5,5,2,17,3,10,3,1,B03,7,6,1,8,2,1,,20,20,1,12,4,120.558132,24.291455,2
10464,66000,387130000C,(04)23274275,(04)23288582,2025,08,28,7,19,臺中市,大里區,0,1,0,7,2,6,50,11,9,1,5,4,6,6,4,4,10,5,5,2,17,3,10,2,1,C04,7,9,1,10,2,14,,8,8,1,6,4,120.690868,24.087572,2
10465,66000,387130000C,(04)23274275,(04)23288582,2025,08,28,7,24,臺中市,潭子區,0,0,0,7,,,50,,,,,,,,,,,,,,,,,,,B03,,,1,,9,,,8,8,1,13,4,120.721896,24.201408,3
10466,66000,387130000C,(04)23274275,(04)23288582,2025,08,28,7,24,臺中市,南屯區,1,0,0,7,2,6,50,13,8,1,5,4,6,6,4,4,8,3,1,1,2,3,10,3,2,B03,7,9,1,8,2,1,,84,84,1,12,4,120.622863,24.150936,1
10467,66000,387130000C,(04)23274275,(04)23288582,2025,08,28,7,26,臺中市,龍井區,0,0,0,7,2,6,50,13,7,1,5,4,6,6,4,4,1,4,1,2,17,,,,,B03,,,1,,1,,,78,78,1,6,4,120.573381,24.187599,3
10468,66000,387130000C,(04)23274275,(04)23288582,2025,08,28,7,28,臺中市,大肚區,0,1,0,7,2,6,70,13,7,1,5,4,6,6,4,4,1,4,4,1,12,3,10,3,1,B03,7,7,1,8,2,5,,40,40,1,6,4,120.549343,24.150012,2
10469,66000,387130000C,(04)23274275,(04)23288582,2025,08,28,7,29,臺中市,西屯區,0,1,0,7,1,6,40,13,8,1,5,4,6,6,4,4,1,4,1,1,18,2,9,2,1,C03,7,12,1,10,2,14,,59,59,1,12,4,120.641683,24.166605,2
10470,66000,387130000C,(04)23274275,(04)23288582,2025,08,28,7,33,臺中市,大里區,0,0,0,7,,,50,,,,,,,,,,,,,,16,,,,,C03,,,1,,2,,,11,11,1,6,4,120.689919,24.1128,3
10471,66000,387130000C,(04)23274275,(04)23288582,2025,08,28,7,33,臺中市,大甲區,0,2,0,7,3,6,30,4,1,1,5,4,6,6,4,4,10,5,5,2,15,2,9,3,1,B03,7,9,1,8,2,2,4,15,15,1,6,4,120.631558,24.370925,2
10472,66000,387130000C,(04)23274275,(04)23288582,2025,08,28,7,35,臺中市,南區,0,1,0,7,1,6,50,4,1,1,5,4,6,6,1,1,9,4,4,2,2,3,10,3,1,B03,7,6,1,8,2,1,,10,10,1,12,4,120.659927,24.110903,2
10473,66000,387130000C,(04)23274275,(04)23288582,2025,08,28,7,35,臺中市,豐原區,0,2,0,7,2,6,50,4,8,1,5,4,6,6,2,1,5,4,4,1,13,2,9,1,1,C03,7,12,1,10,2,12,,7,7,1,12,4,120.704478,24.231785,2
10474,66000,387130000C,(04)23274275,(04)23288582,2025,08,28,7,38,臺中市,北屯區,0,1,0,7,3,6,50,4,1,1,5,4,6,6,1,1,10,5,5,2,13,2,9,2,1,C03,7,9,1,10,2,11,,7,7,1,13,4,120.686216,24.181487,2
10475,66000,387130000C,(04)23274275,(04)23288582,2025,08,28,7,39,臺中市,西區,0,1,0,7,1,6,50,4,2,1,5,4,6,6,1,1,10,5,5,2,17,3,10,5,4,B03,7,9,1,15,2,1,,84,84,1,12,4,120.674994,24.138036,2
10476,66000,387130000C,(04)23274275,(04)23288582,2025,08,28,7,39,臺中市,大里區,0,0,0,7,,,30,,,,,,,,,,,,,,11,,,,,C03,,,1,,2,,,8,8,1,6,4,120.706223,24.097561,3
10477,66000,387130000C,(04)23274275,(04)23288582,2025,08,28,7,41,臺中市,沙鹿區,0,1,0,7,3,6,50,3,1,1,5,4,6,6,1,1,10,5,5,2,16,2,9,2,1,C03,7,5,1,10,2,12,,47,47,1,6,4,120.621054,24.242287,2
10478,66000,387130000C,(04)23274275,(04)23288582,2025,08,28,7,43,臺中市,太平區,1,1,0,7,3,6,50,4,1,1,5,4,6,6,2,1,10,5,5,2,16,1,9,1,1,C03,7,6,1,10,2,11,,11,11,1,12,4,120.724025,24.111108,1
10479,66000,387130000C,(04)23274275,(04)23288582,2025,08,28,7,43,臺中市,沙鹿區,0,0,0,7,,,40,,,,,,,,,,,,,,17,,,,,B12,,,3,,9,,,8,8,1,12,4,120.566501,24.2435,3
10480,66000,387130000C,(04)23274275,(04)23288582,2025,08,28,7,44,臺中市,霧峰區,0,0,0,7,,,50,,,,,,,,,,,,,,17,,,,,B03,,,1,,1,,,7,7,1,6,4,120.695165,24.065795,3
10481,66000,387130000C,(04)23274275,(04)23288582,2025,08,28,7,45,臺中市,神岡區,0,0,0,7,,,50,,,,,,,,,,,,,,12,,,,,B03,,,1,,2,,,8,8,1,12,4,120.68056,24.247956,4
10482,66000,387130000C,(04)23274275,(04)23288582,2025,08,28,7,47,臺中市,烏日區,0,1,0,7,2,6,50,3,7,1,5,4,6,6,4,4,1,4,4,2,13,2,9,2,1,F03,7,9,7,21,2,11,,7,7,1,6,4,120.628496,24.108872,2
10483,66000,387130000C,(04)23274275,(04)23288582,2025,08,28,7,48,臺中市,霧峰區,0,2,0,7,2,6,40,13,7,1,5,4,6,6,4,4,5,5,4,1,16,2,9,2,1,C03,7,6,1,10,2,14,,39,39,1,6,4,120.698575,24.064774,2
10484,66000,387130000C,(04)23274275,(04)23288582,2025,08,28,7,48,臺中市,豐原區,0,1,0,7,2,6,30,11,9,1,5,4,6,6,4,4,10,5,5,2,17,3,10,1,1,C03,7,6,1,10,2,11,,41,41,1,12,4,120.72267,24.247166,2
10485,66000,387130000C,(04)23274275,(04)23288582,2025,08,28,7,50,臺中市,西屯區,0,1,0,7,2,6,0,4,1,1,5,4,6,6,1,1,10,5,5,2,16,3,10,1,4,C03,7,9,1,10,2,13,,39,39,1,12,4,120.635172,24.179435,2
10486,66000,387130000C,(04)23274275,(04)23288582,2025,08,28,7,50,臺中市,清水區,0,0,0,7,,,50,,,,,,,,,,,,,,,,,,,B03,,,1,,1,,,58,58,1,12,4,120.547063,24.275497,3
10487,66000,387130000C,(04)23274275,(04)23288582,2025,08,28,7,50,臺中市,神岡區,0,0,0,7,,,30,,,,,,,,,,,,,,12,,,,,C03,,,1,,2,,,8,8,1,12,4,120.690325,24.24609,3
10488,66000,387130000C,(04)23274275,(04)23288582,2025,08,28,7,53,臺中市,西區,0,2,0,7,2,6,30,4,1,1,5,4,6,6,4,4,10,5,5,2,15,2,9,2,1,C03,7,9,1,10,2,14,,12,12,1,12,4,120.66954,24.151977,2
10489,66000,387130000C,(04)23274275,(04)23288582,2025,08,28,7,54,臺中市,北區,0,2,0,7,3,6,50,3,2,1,5,4,6,6,1,1,1,4,4,2,17,2,9,1,1,C03,7,11,1,10,2,12,,45,45,1,12,4,120.687155,24.154307,2
10490,66000,387130000C,(04)23274275,(04)23288582,2025,08,28,7,57,臺中市,新社區,0,1,0,7,1,6,30,3,2,1,5,4,6,6,4,4,5,5,5,1,17,3,10,5,4,C03,7,6,1,10,2,13,,12,12,1,13,4,120.80887,24.241116,2
10491,66000,387130000C,(04)23274275,(04)23288582,2025,08,28,7,58,臺中市,北屯區,0,2,0,7,2,6,50,13,8,1,5,4,6,6,4,4,9,5,4,2,16,2,8,1,1,C03,7,11,3,19,2,12,,46,46,1,12,4,120.72486,24.166843,2
10492,66000,387130000C,(04)23274275,(04)23288582,2025,08,28,8,0,臺中市,梧棲區,0,0,0,7,,,50,,,,,,,,,,,,,,13,,,,,B03,,,1,,1,,,82,82,1,6,4,120.529677,24.252962,3
10493,66000,387130000C,(04)23274275,(04)23288582,2025,08,28,8,0,臺中市,沙鹿區,0,0,0,7,2,6,,13,8,1,5,4,6,6,4,4,8,3,4,2,12,,,,,,,,,,,,,87,87,1,,,120.560733,24.206704,3
10494,66000,387130000C,(04)23274275,(04)23288582,2025,08,28,8,0,臺中市,梧棲區,0,1,0,7,2,6,30,11,9,1,5,4,6,6,4,4,10,5,5,2,10,3,10,3,1,B03,7,9,1,8,2,8,,41,41,1,12,4,120.535504,24.221747,2
10495,66000,387130000C,(04)23274275,(04)23288582,2025,08,28,8,2,臺中市,潭子區,0,1,0,7,2,6,50,13,9,1,5,4,6,6,2,1,5,5,5,2,12,2,9,1,1,C03,7,9,1,10,2,14,,8,8,1,13,4,120.722278,24.204078,2
10496,66000,387130000C,(04)23274275,(04)23288582,2025,08,28,8,3,臺中市,太平區,0,2,0,7,3,6,30,13,9,1,5,4,6,6,4,4,5,5,5,2,16,2,8,2,1,C03,7,1,1,10,1,11,,51,51,1,12,4,120.723443,24.130876,2
10497,66000,387130000C,(04)23274275,(04)23288582,2025,08,28,8,5,臺中市,北區,0,1,0,7,2,6,50,4,1,1,5,4,6,6,4,4,10,5,5,2,17,3,10,3,1,B03,7,9,1,8,2,5,,39,39,1,12,4,120.681065,24.147484,2
10498,66000,387130000C,(04)23274275,(04)23288582,2025,08,28,8,8,臺中市,北屯區,0,1,0,7,3,6,40,13,8,1,5,4,6,6,4,4,1,4,4,2,18,2,9,2,1,C03,7,9,3,19,2,11,,59,59,1,13,4,120.685941,24.182419,2
10499,66000,387130000C,(04)23274275,(04)23288582,2025,08,28,8,11,臺中市,南屯區,0,0,0,7,,,50,,,,,,,,,,,,,,17,,,,,B03,,,1,,1,,,8,8,1,12,4,120.648876,24.147675,3
10500,66000,387130000C,(04)23274275,(04)23288582,2025,08,28,8,12,臺中市,大雅區,0,2,0,7,1,6,50,13,9,1,5,4,6,6,4,4,5,5,5,1,16,2,8,2,1,C03,7,6,1,10,2,14,,42,42,1,12,4,120.667374,24.214532,2
10501,66000,387130000C,(04)23274275,(04)23288582,2025,08,28,8,15,臺中市,北屯區,0,1,0,7,2,6,50,4,1,1,5,4,6,6,2,1,10,5,5,2,16,3,10,3,1,B03,7,11,1,8,2,4,,45,45,1,6,4,120.679177,24.1808,2
10502,66000,387130000C,(04)23274275,(04)23288582,2025,08,28,8,15,臺中市,西屯區,0,2,0,7,2,6,50,13,9,1,5,4,6,6,4,4,1,4,5,2,13,2,9,5,4,C03,7,9,1,10,1,11,,59,59,1,12,4,120.648526,24.16179,2
10503,66000,387130000C,(04)23274275,(04)23288582,2025,08,28,8,15,臺中市,太平區,0,1,0,7,3,6,40,4,2,1,5,4,6,6,4,4,10,5,5,2,17,3,10,1,1,C03,7,15,1,10,9,11,,84,84,1,12,4,120.714653,24.140904,2
10504,66000,387130000C,(04)23274275,(04)23288582,2025,08,28,8,16,臺中市,霧峰區,0,2,0,7,2,6,50,13,9,1,5,4,6,6,4,4,10,5,5,1,3,2,9,2,1,C03,7,5,1,10,2,11,,84,84,1,6,4,120.675347,24.04943,2
10505,66000,387130000C,(04)23274275,(04)23288582,2025,08,28,8,18,臺中市,霧峰區,0,1,0,7,2,6,50,4,2,1,5,4,6,6,4,4,4,3,4,1,17,2,9,2,1,C03,7,9,1,10,2,11,,7,7,1,6,4,120.699388,24.070915,2