﻿序號,縣市別代碼,機關代碼,市話,傳真,年,月,日,時,分,縣市,區,死亡數量,受傷數量,2-30,天候,道路照明設備,道路類別,道路速限,道路型態,事故位置,路面鋪裝,路面狀態,路面缺陷,障礙物,視距,號誌種類,號誌動作,分向設施,快車道或一般車道間,快慢車道間,路面邊線,事故類型及型態,受傷程度,主要傷處,保護裝備,行動電話或功能裝置,當事者區分_類別,車輛用途,當事者行動狀態,駕照狀態,駕照種類,飲酒情形,車輛撞擊部位最初,車輛撞擊部位其他,肇事因素個別,肇事因素主要,肇事逃逸,職業,共享經濟或外送平台,GPS座標X,GPS座標Y,事故類別
10506,66000,387130000C,(04)23274275,(04)23288582,2025,08,28,8,20,臺中市,大雅區,0,1,0,7,3,6,30,13,9,1,5,4,6,6,4,4,10,5,5,2,17,,,,,,,21,,,,,,86,86,2,,,120.629622,24.240224,2
10507,66000,387130000C,(04)23274275,(04)23288582,2025,08,28,8,20,臺中市,西屯區,0,2,0,7,2,6,30,4,1,1,5,4,6,6,4,4,10,5,5,2,15,2,9,1,1,C03,7,9,1,10,2,11,14,15,15,1,12,4,120.648045,24.176138,2
10508,66000,387130000C,(04)23274275,(04)23288582,2025,08,28,8,24,臺中市,神岡區,0,1,0,7,1,6,30,5,1,1,5,4,6,6,4,4,10,5,5,2,17,3,10,5,3,B03,7,6,1,10,2,8,,20,20,1,12,4,120.688556,24.261378,2
10509,66000,387130000C,(04)23274275,(04)23288582,2025,08,28,8,27,臺中市,大雅區,0,0,0,7,,,50,,,,,,,,,,,,,,16,,,,,C03,,,1,,2,,,84,84,1,12,4,120.669292,24.221402,3
10510,66000,387130000C,(04)23274275,(04)23288582,2025,08,28,8,29,臺中市,南區,0,1,0,7,2,6,50,4,1,1,5,4,6,6,2,1,10,5,5,2,6,2,9,6,5,H01,8,18,7,21,10,17,,95,95,1,12,5,120.649923,24.12069,2
10511,66000,387130000C,(04)23274275,(04)23288582,2025,08,28,8,30,臺中市,南屯區,0,0,0,7,,,50,,,,,,,,,,,,,,10,,,,,B03,,,1,,1,,,8,8,1,12,4,120.620972,24.144885,3
10512,66000,387130000C,(04)23274275,(04)23288582,2025,08,28,8,30,臺中市,南屯區,0,0,0,7,,,50,,,,,,,,,,,,,,,,,,,A12,,,1,,1,,,84,84,1,13,4,120.62339,24.1497,3
10513,66000,387130000C,(04)23274275,(04)23288582,2025,08,28,8,40,臺中市,西區,0,0,0,7,,6,50,13,9,1,5,4,6,6,4,4,4,1,5,2,12,,,,,B03,,,1,,2,,,8,8,1,13,4,120.674736,24.139283,3
10514,66000,387130000C,(04)23274275,(04)23288582,2025,08,28,8,40,臺中市,北區,0,1,0,7,3,6,50,3,1,1,5,4,6,6,4,4,10,5,5,2,16,2,9,1,1,C03,7,6,1,10,2,14,,18,18,1,12,4,120.676943,24.16404,2
10515,66000,387130000C,(04)23274275,(04)23288582,2025,08,28,8,43,臺中市,西屯區,0,1,0,7,1,6,40,3,1,1,5,4,6,6,4,4,8,4,5,1,16,3,10,5,4,B03,7,6,1,8,2,4,,14,14,1,13,4,120.658807,24.159745,2
10516,66000,387130000C,(04)23274275,(04)23288582,2025,08,28,8,47,臺中市,南屯區,0,2,0,7,1,6,50,13,9,1,5,4,6,6,4,4,5,4,5,2,3,2,9,6,5,H01,8,16,7,21,10,17,,95,95,1,13,5,120.615402,24.148761,2
10517,66000,387130000C,(04)23274275,(04)23288582,2025,08,28,8,56,臺中市,東區,0,0,0,7,,,50,,,,,,,,,,,,,,13,,,,,B03,,,1,,2,,,7,7,1,12,4,120.690033,24.129992,3
10518,66000,387130000C,(04)23274275,(04)23288582,2025,08,28,8,58,臺中市,西區,0,0,0,7,,,50,,,,,,,,,,,,,,,,,,,B03,,,1,,2,,,84,84,1,12,4,120.667889,24.152592,3
10519,66000,387130000C,(04)23274275,(04)23288582,2025,08,28,9,0,臺中市,北區,0,0,0,7,,,50,,,,,,,,,,,,,,17,,,,,B03,,,1,,1,,,11,11,1,13,4,120.681029,24.157933,3
10520,66000,387130000C,(04)23274275,(04)23288582,2025,08,28,9,1,臺中市,南屯區,0,0,0,7,,,60,,,,,,,,,,,,,,13,,,,,B03,,,1,,2,,,84,84,1,12,4,120.645071,24.132065,3
10521,66000,387130000C,(04)23274275,(04)23288582,2025,08,28,9,4,臺中市,豐原區,0,1,0,7,3,6,50,13,9,1,5,4,6,6,4,4,5,5,5,2,17,3,10,5,1,G06,7,1,7,8,2,17,,82,82,1,12,4,120.704594,24.248733,2
10522,66000,387130000C,(04)23274275,(04)23288582,2025,08,28,9,6,臺中市,南屯區,0,1,0,7,1,6,50,4,2,1,5,4,6,6,2,1,1,4,1,2,13,3,10,5,4,C03,7,9,1,10,1,11,,7,7,1,13,4,120.623141,24.145201,2
10523,66000,387130000C,(04)23274275,(04)23288582,2025,08,28,9,9,臺中市,太平區,0,2,0,7,3,6,30,5,9,1,5,4,6,6,4,4,10,5,5,2,16,2,9,2,1,C03,7,6,1,10,2,11,,48,48,1,12,4,120.72656,24.127574,2
10524,66000,387130000C,(04)23274275,(04)23288582,2025,08,28,9,11,臺中市,中區,0,1,0,7,1,6,50,4,24,1,5,4,6,6,1,1,10,5,5,2,17,3,10,5,4,C03,7,9,1,10,2,11,,59,59,1,12,4,120.683231,24.137424,2
10525,66000,387130000C,(04)23274275,(04)23288582,2025,08,28,9,22,臺中市,南屯區,0,2,0,7,2,6,60,13,9,1,5,4,6,6,4,4,3,4,5,2,12,2,9,1,1,C03,7,8,1,10,2,14,,40,40,1,12,4,120.627866,24.144841,2
10526,66000,387130000C,(04)23274275,(04)23288582,2025,08,28,9,22,臺中市,后里區,0,0,0,7,3,6,40,13,9,1,5,4,6,6,4,4,10,5,5,2,11,3,10,3,1,G03,7,9,7,21,2,2,,84,84,1,6,4,120.748834,24.322832,3
10527,66000,387130000C,(04)23274275,(04)23288582,2025,08,28,9,25,臺中市,大里區,0,1,0,7,2,6,50,3,1,1,5,4,6,6,2,1,5,5,5,1,13,2,9,1,1,C03,7,9,1,10,2,14,,7,7,1,6,4,120.676987,24.099253,2
10528,66000,387130000C,(04)23274275,(04)23288582,2025,08,28,9,25,臺中市,太平區,0,1,0,7,3,6,50,3,1,1,5,4,1,6,1,1,10,5,5,2,16,3,10,3,1,B03,7,5,1,8,2,2,,11,11,1,6,4,120.727214,24.157022,2
10529,66000,387130000C,(04)23274275,(04)23288582,2025,08,28,9,25,臺中市,沙鹿區,0,0,0,7,,,60,,,,,,,,,,,,,,13,,,,,C03,,,1,,2,,,7,7,1,12,4,120.580975,24.201472,3
10530,66000,387130000C,(04)23274275,(04)23288582,2025,08,28,9,30,臺中市,西區,0,1,0,7,2,6,50,5,1,1,5,4,6,6,1,1,10,5,5,2,16,2,9,2,1,C03,7,6,1,10,2,14,,48,48,1,12,4,120.673843,24.1404,2
10531,66000,387130000C,(04)23274275,(04)23288582,2025,08,28,9,30,臺中市,北屯區,0,0,0,7,,,50,,,,,,,,,,,,,,12,,,,,B03,,,1,,1,,,40,40,1,13,4,120.692794,24.162343,3
10532,66000,387130000C,(04)23274275,(04)23288582,2025,08,28,9,32,臺中市,南區,0,1,0,7,2,6,50,4,1,1,5,4,6,6,1,1,10,5,5,2,16,3,10,5,4,B12,7,6,1,3,2,1,,84,84,1,12,4,120.658228,24.117583,2
10533,66000,387130000C,(04)23274275,(04)23288582,2025,08,28,9,38,臺中市,南屯區,0,0,0,7,,,50,,,,,,,,,,,,,,,,,,,C03,,,1,,1,,,7,7,1,13,4,120.646641,24.142582,3
10534,66000,387130000C,(04)23274275,(04)23288582,2025,08,28,9,39,臺中市,后里區,0,1,0,7,3,6,40,5,1,1,5,4,6,2,4,4,10,5,5,2,15,3,10,3,1,B12,7,9,1,8,2,8,,15,15,1,6,4,120.677446,24.313125,2
10535,66000,387130000C,(04)23274275,(04)23288582,2025,08,28,9,45,臺中市,清水區,0,0,0,7,2,3,70,13,7,1,5,4,6,6,4,4,8,3,5,1,13,,,,,B12,,,1,,1,,,7,7,1,12,4,120.553571,24.298883,3
10536,66000,387130000C,(04)23274275,(04)23288582,2025,08,28,9,48,臺中市,西屯區,0,0,0,7,,,60,,,,,,,,,,,,,,13,,,,,B03,,,1,,1,,,7,7,1,12,4,120.627073,24.159661,3
10537,66000,387130000C,(04)23274275,(04)23288582,2025,08,28,9,50,臺中市,西屯區,0,0,0,7,,,50,,,,,,,,,,,,,,30,,,,,,,,,,,,,86,86,1,,,120.636487,24.165821,3
10538,66000,387130000C,(04)23274275,(04)23288582,2025,08,28,9,51,臺中市,南區,0,1,0,7,1,6,50,4,1,1,5,4,6,6,3,1,9,4,5,2,16,3,10,3,1,B12,7,11,1,8,2,6,,45,45,1,12,4,120.666817,24.115707,2
10539,66000,387130000C,(04)23274275,(04)23288582,2025,08,28,10,3,臺中市,西區,0,1,0,7,3,6,50,3,1,1,5,4,6,6,2,1,8,3,4,2,12,2,9,1,1,C02,7,9,1,9,2,14,,39,39,1,12,4,120.657376,24.149022,2
10540,66000,387130000C,(04)23274275,(04)23288582,2025,08,28,10,3,臺中市,豐原區,0,0,0,7,,,50,,,,,,,,,,,,,,13,,,,,B03,,,1,,2,,,84,84,1,12,4,120.720218,24.26487,4
10541,66000,387130000C,(04)23274275,(04)23288582,2025,08,28,10,11,臺中市,龍井區,0,1,0,7,3,6,40,4,1,1,5,4,6,6,4,4,10,5,5,1,17,3,10,3,1,B02,7,6,1,8,2,8,,48,48,1,6,4,120.531067,24.195154,2
10542,66000,387130000C,(04)23274275,(04)23288582,2025,08,28,10,12,臺中市,大雅區,0,0,0,7,,,30,,,,,,,,,,,,,,11,,,,,B12,,,1,,2,,,8,8,1,12,4,120.663506,24.222251,3
10543,66000,387130000C,(04)23274275,(04)23288582,2025,08,28,10,12,臺中市,南區,0,2,0,7,2,6,50,13,9,1,5,4,6,6,4,4,1,4,5,2,17,3,10,3,1,B11,7,1,1,1,2,8,,51,51,1,12,4,120.649533,24.115324,2
10544,66000,387130000C,(04)23274275,(04)23288582,2025,08,28,10,14,臺中市,西屯區,0,0,0,7,,,40,,,,,,,,,,,,,,13,,,,,B02,,,1,,1,,,7,7,1,12,4,120.648384,24.162643,3
10545,66000,387130000C,(04)23274275,(04)23288582,2025,08,28,10,18,臺中市,清水區,0,0,0,7,,,30,,,,,,,,,,,,,,,,,,,B12,,,1,,1,,,49,49,1,12,4,120.54646,24.286957,3
10546,66000,387130000C,(04)23274275,(04)23288582,2025,08,28,10,18,臺中市,后里區,0,1,0,7,3,6,50,4,1,1,5,4,6,6,1,1,5,4,5,1,16,3,10,3,1,B03,7,5,1,8,2,5,,11,11,1,6,4,120.730177,24.333119,2
10547,66000,387130000C,(04)23274275,(04)23288582,2025,08,28,10,20,臺中市,大雅區,0,0,0,7,,,30,,,,,,,,,,,,,,14,,,,,B12,,,1,,2,,,49,49,1,12,4,120.654787,24.227598,3
10548,66000,387130000C,(04)23274275,(04)23288582,2025,08,28,10,20,臺中市,大雅區,0,0,0,7,,,30,,,,,,,,,,,,,,,,,,,A12,,,1,,2,,,49,49,1,13,4,120.674361,24.226817,3
10549,66000,387130000C,(04)23274275,(04)23288582,2025,08,28,10,20,臺中市,烏日區,0,0,0,7,,,70,,,,,,,,,,,,,,14,,,,,B12,,,1,,2,,,59,59,1,12,4,120.602827,24.107333,3
10550,66000,387130000C,(04)23274275,(04)23288582,2025,08,28,10,25,臺中市,大雅區,0,0,0,7,,,50,,,,,,,,,,,,,,13,,,,,B03,,,1,,2,,,59,59,1,12,4,120.672484,24.215612,3
10551,66000,387130000C,(04)23274275,(04)23288582,2025,08,28,10,28,臺中市,神岡區,0,0,0,7,,,50,,,,,,,,,,,,,,13,,,,,B03,,,1,,1,,,56,56,1,12,4,120.661199,24.269377,3
10552,66000,387130000C,(04)23274275,(04)23288582,2025,08,28,10,30,臺中市,大雅區,0,1,0,7,3,6,50,3,2,1,5,4,6,6,1,1,8,5,5,1,17,3,10,3,4,B03,7,4,1,8,2,2,,1,1,1,13,4,120.64713,24.212769,2
10553,66000,387130000C,(04)23274275,(04)23288582,2025,08,28,10,32,臺中市,南屯區,0,2,0,7,3,6,50,4,2,1,5,4,6,6,2,1,5,4,5,2,17,2,9,1,1,C03,7,1,1,10,2,14,,51,51,1,6,4,120.643792,24.138366,2
10554,66000,387130000C,(04)23274275,(04)23288582,2025,08,28,10,32,臺中市,太平區,0,0,0,7,,,30,,,,,,,,,,,,,,,,,,,A12,,,1,,2,,,49,49,1,12,4,120.73348,24.144494,3
10555,66000,387130000C,(04)23274275,(04)23288582,2025,08,28,10,36,臺中市,南屯區,0,0,0,7,,,50,,,,,,,,,,,,,,,,,,,A12,,,1,,9,,,8,8,1,13,4,120.61653,24.153576,3
10556,66000,387130000C,(04)23274275,(04)23288582,2025,08,28,10,41,臺中市,南區,0,3,0,7,2,6,40,4,1,1,5,4,6,6,1,1,10,5,5,2,13,2,9,1,1,C03,7,9,1,10,2,11,,7,7,1,12,4,120.67777,24.129335,2
10557,66000,387130000C,(04)23274275,(04)23288582,2025,08,28,10,47,臺中市,西屯區,0,1,0,7,1,6,50,4,1,1,5,4,6,6,1,1,10,5,5,1,16,3,10,3,1,B03,7,5,1,8,2,2,,47,47,1,12,4,120.648294,24.167899,2
10558,66000,387130000C,(04)23274275,(04)23288582,2025,08,28,10,47,臺中市,大甲區,0,1,0,7,1,6,60,13,7,1,5,4,6,6,4,4,1,4,4,1,13,2,9,3,1,B03,7,9,1,8,2,1,,59,59,1,12,4,120.61695,24.336803,2
10559,66000,387130000C,(04)23274275,(04)23288582,2025,08,28,10,48,臺中市,西屯區,0,1,0,7,2,6,50,13,9,1,5,4,6,6,4,4,5,4,5,2,12,3,10,5,4,B03,7,11,1,8,2,4,,34,34,1,12,4,120.652755,24.160377,2
10560,66000,387130000C,(04)23274275,(04)23288582,2025,08,28,10,48,臺中市,西屯區,0,0,0,7,,,50,,,,,,,,,,,,,,13,,,,,C03,,,1,,1,,,7,7,1,12,4,120.615996,24.188768,3
10561,66000,387130000C,(04)23274275,(04)23288582,2025,08,28,10,49,臺中市,沙鹿區,0,2,0,7,3,6,50,4,1,1,5,4,6,6,1,1,10,5,5,2,17,2,7,6,1,F01,7,11,7,21,2,13,,39,39,1,3,4,120.568581,24.224728,2
10562,66000,387130000C,(04)23274275,(04)23288582,2025,08,28,10,52,臺中市,西屯區,0,0,0,7,,,50,,,,,,,,,,,,,,14,,,,,C03,,,1,,2,,,84,84,1,12,4,120.651042,24.167054,3
10563,66000,387130000C,(04)23274275,(04)23288582,2025,08,28,10,53,臺中市,東區,0,0,0,7,,,50,,,,,,,,,,,,,,17,,,,,A04,,,1,,2,,,84,84,1,12,4,120.686057,24.141524,3
10564,66000,387130000C,(04)23274275,(04)23288582,2025,08,28,10,56,臺中市,西區,0,0,0,7,,,30,,,,,,,,,,,,,,17,,,,,B03,,,1,,1,,,50,50,1,12,4,120.663553,24.152323,3
10565,66000,387130000C,(04)23274275,(04)23288582,2025,08,28,10,57,臺中市,西屯區,0,0,0,7,,,40,,,,,,,,,,,,,,16,,,,,B03,,,1,,1,,,11,11,1,12,4,120.621859,24.180145,3
10566,66000,387130000C,(04)23274275,(04)23288582,2025,08,28,10,58,臺中市,北屯區,0,1,0,7,2,6,50,4,1,1,5,4,6,6,2,1,10,5,5,2,12,3,10,1,1,C03,7,4,3,19,1,12,,1,1,1,12,4,120.694807,24.176334,2
10567,66000,387130000C,(04)23274275,(04)23288582,2025,08,28,10,59,臺中市,豐原區,0,1,0,7,2,6,50,4,1,1,5,4,6,6,2,1,5,5,5,2,17,3,10,3,1,B12,7,1,1,8,2,5,,51,51,1,12,4,120.719156,24.248204,2
10568,66000,387130000C,(04)23274275,(04)23288582,2025,08,28,11,0,臺中市,沙鹿區,0,0,0,7,,,50,,,,,,,,,,,,,,12,,,,,A12,,,1,,2,,,51,51,1,12,4,120.578907,24.220712,4
10569,66000,387130000C,(04)23274275,(04)23288582,2025,08,28,11,0,臺中市,沙鹿區,0,0,0,7,,,50,,,,,,,,,,,,,,17,,,,,A04,,,1,,2,,,59,59,1,12,4,120.568636,24.224394,3
10570,66000,387130000C,(04)23274275,(04)23288582,2025,08,28,11,3,臺中市,西屯區,0,2,0,7,3,6,50,3,1,1,5,4,6,6,4,4,8,4,5,1,16,2,9,5,4,C03,7,5,1,10,2,12,,11,11,1,13,4,120.621033,24.186792,2
10571,66000,387130000C,(04)23274275,(04)23288582,2025,08,28,11,9,臺中市,龍井區,0,0,0,7,2,6,60,5,7,1,5,4,6,6,2,1,1,4,1,2,13,,,,,B03,,,1,,2,,,7,7,1,6,4,120.580335,24.188859,3
10572,66000,387130000C,(04)23274275,(04)23288582,2025,08,28,11,10,臺中市,南區,0,1,0,7,2,6,50,4,1,1,5,4,6,6,1,1,10,5,5,2,16,2,9,2,1,C03,7,6,1,10,2,11,14,11,11,1,12,4,120.681592,24.129445,2
10573,66000,387130000C,(04)23274275,(04)23288582,2025,08,28,11,10,臺中市,豐原區,0,1,0,7,3,6,50,4,1,1,5,4,6,6,1,1,5,5,4,2,15,2,9,1,4,C03,7,9,1,10,2,11,,21,21,1,12,4,120.726821,24.249632,2
10574,66000,387130000C,(04)23274275,(04)23288582,2025,08,28,11,12,臺中市,西屯區,0,1,0,7,2,6,40,13,8,1,5,4,6,6,4,4,1,5,1,2,18,2,9,1,1,C03,7,12,1,10,2,12,,59,59,1,12,4,120.65188,24.161819,2
10575,66000,387130000C,(04)23274275,(04)23288582,2025,08,28,11,16,臺中市,霧峰區,0,1,0,7,2,6,50,11,9,1,5,4,6,6,4,4,5,5,4,2,18,2,9,2,1,F01,7,9,7,21,2,14,,84,84,1,6,4,120.71631,24.072984,2
10576,66000,387130000C,(04)23274275,(04)23288582,2025,08,28,11,25,臺中市,潭子區,0,0,0,7,,,50,,,,,,,,,,,,,,,,,,,C03,,,3,,9,,,84,84,1,13,4,120.710101,24.208362,3
10577,66000,387130000C,(04)23274275,(04)23288582,2025,08,28,11,27,臺中市,北屯區,0,1,0,7,2,6,50,13,9,1,5,4,6,6,4,4,1,4,5,2,14,3,10,5,4,B03,7,2,1,8,2,3,,49,49,1,12,4,120.692167,24.20085,2
10578,66000,387130000C,(04)23274275,(04)23288582,2025,08,28,11,29,臺中市,大肚區,0,0,0,7,,,50,,,,,,,,,,,,,,14,,,,,B11,,,1,,2,,,49,49,1,6,4,120.544162,24.163606,3
10579,66000,387130000C,(04)23274275,(04)23288582,2025,08,28,11,30,臺中市,豐原區,0,1,0,7,2,6,50,13,9,1,5,4,6,6,4,4,5,5,5,2,18,2,9,1,1,C03,7,9,1,10,2,16,,54,54,1,12,4,120.712902,24.255836,2
10580,66000,387130000C,(04)23274275,(04)23288582,2025,08,28,11,36,臺中市,南屯區,0,1,0,7,2,6,50,4,1,1,5,4,6,6,4,4,5,4,5,2,16,3,10,3,1,B12,7,5,1,8,2,2,,84,84,1,12,4,120.610135,24.131327,2
10581,66000,387130000C,(04)23274275,(04)23288582,2025,08,28,11,40,臺中市,北屯區,0,0,0,7,,,50,,,,,,,,,,,,,,13,,,,,C03,,,1,,1,,,7,7,1,6,4,120.698333,24.172948,4
10582,66000,387130000C,(04)23274275,(04)23288582,2025,08,28,11,41,臺中市,太平區,0,0,0,7,,,50,,,,,,,,,,,,,,13,,,,,C03,,,1,,2,,,7,7,1,6,2,120.703152,24.14814,3
10583,66000,387130000C,(04)23274275,(04)23288582,2025,08,28,11,41,臺中市,清水區,0,0,0,7,2,6,60,5,1,1,5,4,6,6,1,1,8,3,3,1,13,,,,,A22,,,1,,1,,,7,7,1,12,4,120.540499,24.289562,3
10584,66000,387130000C,(04)23274275,(04)23288582,2025,08,28,11,56,臺中市,西屯區,0,0,0,7,,,40,,,,,,,,,,,,,,13,,,,,B03,,,1,,1,,,7,7,1,12,4,120.644576,24.165144,3
10585,66000,387130000C,(04)23274275,(04)23288582,2025,08,28,11,57,臺中市,大里區,0,1,0,7,3,6,50,13,9,1,5,4,6,6,4,4,5,4,5,1,14,3,10,5,4,B03,7,2,1,8,2,3,,49,49,1,13,4,120.686138,24.112916,2
10586,66000,387130000C,(04)23274275,(04)23288582,2025,08,28,11,58,臺中市,西屯區,0,1,0,7,1,6,50,4,1,1,5,4,6,6,1,1,10,5,5,1,16,3,10,3,1,B03,7,6,1,8,2,5,,11,11,1,12,4,120.634162,24.163569,2
10587,66000,387130000C,(04)23274275,(04)23288582,2025,08,28,11,59,臺中市,北屯區,0,1,0,7,3,6,30,4,1,1,5,4,6,6,4,4,10,5,5,2,15,2,9,1,1,C03,7,9,3,19,2,12,,12,12,1,6,4,120.701175,24.18522,2
10588,66000,387130000C,(04)23274275,(04)23288582,2025,08,28,12,0,臺中市,北屯區,0,0,0,7,,,50,,,,,,,,,,,,,,17,,,,,C03,,,1,,9,,,84,84,2,12,4,120.716116,24.175415,3
10589,66000,387130000C,(04)23274275,(04)23288582,2025,08,28,12,4,臺中市,南屯區,0,1,0,7,3,6,50,13,9,1,5,4,6,6,4,4,1,4,5,2,16,3,10,3,1,B03,7,5,1,8,2,5,,20,20,1,6,4,120.641206,24.140772,2
10590,66000,387130000C,(04)23274275,(04)23288582,2025,08,28,12,4,臺中市,北屯區,0,1,0,7,3,6,40,13,8,1,5,4,6,6,4,4,1,4,4,2,16,2,8,1,1,C03,7,9,1,10,2,14,,59,59,1,12,4,120.665279,24.183728,2
10591,66000,387130000C,(04)23274275,(04)23288582,2025,08,28,12,4,臺中市,東勢區,0,1,0,7,3,6,50,3,1,5,5,4,6,6,2,1,10,5,5,2,17,2,9,2,1,C03,7,11,2,19,2,14,,36,36,1,12,4,120.838182,24.215942,2
10592,66000,387130000C,(04)23274275,(04)23288582,2025,08,28,12,6,臺中市,大雅區,0,2,0,7,1,6,50,3,1,1,5,4,6,6,4,4,5,4,5,1,16,2,9,2,1,C03,7,1,1,10,2,12,,51,51,1,12,4,120.651021,24.227564,2
10593,66000,387130000C,(04)23274275,(04)23288582,2025,08,28,12,6,臺中市,東區,0,3,0,7,1,6,50,4,1,1,5,4,6,6,1,1,9,4,5,2,12,2,9,1,1,C03,7,9,1,10,2,12,,87,87,1,12,4,120.69451,24.142756,2
10594,66000,387130000C,(04)23274275,(04)23288582,2025,08,28,12,6,臺中市,太平區,0,0,0,7,,,50,,,,,,,,,,,,,,,,,,,B03,,,1,,2,,,59,59,1,6,4,120.733633,24.156151,3
10595,66000,387130000C,(04)23274275,(04)23288582,2025,08,28,12,9,臺中市,西區,0,0,0,7,,,50,,,,,,,,,,,,,,,,,,,B03,,,1,,1,,,84,84,1,12,4,120.659986,24.155834,3
10596,66000,387130000C,(04)23274275,(04)23288582,2025,08,28,12,9,臺中市,清水區,0,0,0,7,,,30,,,,,,,,,,,,,,,,,,,B03,,,1,,1,,,49,49,1,12,4,120.539595,24.271458,3
10597,66000,387130000C,(04)23274275,(04)23288582,2025,08,28,12,10,臺中市,西屯區,0,1,0,7,2,6,50,3,1,1,5,4,6,6,4,4,10,5,5,2,16,3,10,5,4,B03,7,5,1,8,1,2,,14,14,1,12,4,120.63698,24.184628,2
10598,66000,387130000C,(04)23274275,(04)23288582,2025,08,28,12,12,臺中市,神岡區,0,3,0,7,1,6,40,13,9,1,5,4,6,6,4,4,5,4,4,2,17,2,9,1,4,C03,7,1,1,8,2,11,,51,51,1,12,4,120.655175,24.256061,2
10599,66000,387130000C,(04)23274275,(04)23288582,2025,08,28,12,14,臺中市,西屯區,0,0,0,7,,,50,,,,,,,,,,,,,,16,,,,,B03,,,1,,1,,,14,14,1,13,4,120.593534,24.180452,3
10600,66000,387130000C,(04)23274275,(04)23288582,2025,08,28,12,16,臺中市,西區,0,1,0,7,1,6,50,4,1,1,5,4,6,6,4,4,10,5,5,2,17,2,9,5,4,C03,7,9,1,8,2,12,,39,39,1,12,4,120.672507,24.1518,2
10601,66000,387130000C,(04)23274275,(04)23288582,2025,08,28,12,16,臺中市,西屯區,0,1,0,7,2,6,40,13,7,1,5,4,6,6,4,4,9,5,4,2,16,3,10,3,1,B03,7,11,1,8,2,7,,45,45,1,12,4,120.591659,24.176611,2
10602,66000,387130000C,(04)23274275,(04)23288582,2025,08,28,12,16,臺中市,大里區,0,2,0,7,2,6,50,3,1,1,5,4,6,6,1,1,10,5,5,2,17,3,10,3,1,B03,7,9,1,18,2,8,,84,84,1,6,4,120.704509,24.09565,2
10603,66000,387130000C,(04)23274275,(04)23288582,2025,08,28,12,18,臺中市,大里區,0,1,0,7,3,6,50,4,1,1,5,4,6,6,1,1,10,5,5,2,16,3,10,3,1,B03,7,6,1,8,2,2,,11,11,1,6,4,120.682319,24.100391,2
10604,66000,387130000C,(04)23274275,(04)23288582,2025,08,28,12,19,臺中市,沙鹿區,0,0,0,7,,,60,,,,,,,,,,,,,,,,,,,A04,,,1,,2,,,8,8,1,13,4,120.580595,24.21745,3
10605,66000,387130000C,(04)23274275,(04)23288582,2025,08,28,12,20,臺中市,龍井區,0,1,0,7,2,6,50,4,1,1,5,4,6,6,4,4,5,5,5,2,16,3,10,2,1,C03,7,6,1,10,2,14,,8,8,1,6,4,120.581129,24.18511,2
10606,66000,387130000C,(04)23274275,(04)23288582,2025,08,28,12,20,臺中市,豐原區,0,0,0,7,,,50,,,,,,,,,,,,,,17,,,,,B03,,,3,,1,,,78,78,1,12,4,120.719477,24.253572,3
10607,66000,387130000C,(04)23274275,(04)23288582,2025,08,28,12,22,臺中市,東區,0,1,0,7,2,6,50,5,1,1,5,4,6,6,2,1,10,5,5,2,13,3,10,2,1,C03,7,9,1,10,1,11,,7,7,1,12,4,120.701035,24.144512,2
10608,66000,387130000C,(04)23274275,(04)23288582,2025,08,28,12,22,臺中市,太平區,0,2,0,7,3,6,50,4,1,1,5,4,6,6,1,1,10,5,5,2,16,2,9,1,1,C03,7,6,1,10,2,11,,23,23,1,6,4,120.713834,24.158994,2
10609,66000,387130000C,(04)23274275,(04)23288582,2025,08,28,12,23,臺中市,北屯區,0,1,0,7,2,6,50,13,9,1,5,4,6,6,2,1,5,4,5,2,13,2,8,1,1,C03,7,9,1,10,2,11,,7,7,1,12,4,120.698991,24.170309,2
10610,66000,387130000C,(04)23274275,(04)23288582,2025,08,28,12,23,臺中市,大甲區,0,0,0,7,,,30,,,,,,,,,,,,,,30,,,,,B03,,,1,,1,,,50,50,1,6,4,120.617919,24.346795,3
10611,66000,387130000C,(04)23274275,(04)23288582,2025,08,28,12,24,臺中市,北屯區,0,2,0,7,3,6,50,4,1,1,5,4,6,6,1,1,10,5,5,2,15,2,9,2,1,C03,7,9,1,10,2,11,,21,21,1,13,4,120.679534,24.174011,2
10612,66000,387130000C,(04)23274275,(04)23288582,2025,08,28,12,26,臺中市,西屯區,0,1,0,7,2,6,35,3,1,1,5,4,6,6,4,4,10,5,5,2,12,3,10,2,4,C03,7,5,1,10,2,13,,14,14,1,12,4,120.630524,24.173254,2
10613,66000,387130000C,(04)23274275,(04)23288582,2025,08,28,12,28,臺中市,西區,0,0,0,7,3,6,,13,9,1,5,4,6,6,4,4,8,3,5,2,17,,,,,,,,,,,,,119,119,1,,,120.660311,24.146639,3
10614,66000,387130000C,(04)23274275,(04)23288582,2025,08,28,12,29,臺中市,西區,0,0,0,7,,,50,,,,,,,,,,,,,,13,,,,,B12,,,1,,1,,,84,84,1,12,4,120.65899,24.155572,3
10615,66000,387130000C,(04)23274275,(04)23288582,2025,08,28,12,45,臺中市,大里區,0,2,0,7,3,6,30,4,1,1,5,4,6,6,4,4,10,5,5,2,10,2,9,1,1,C03,7,9,1,10,2,11,14,58,58,1,6,4,120.680899,24.115771,2