﻿序號,縣市別代碼,機關代碼,市話,傳真,年,月,日,時,分,縣市,區,死亡數量,受傷數量,2-30,天候,道路照明設備,道路類別,道路速限,道路型態,事故位置,路面鋪裝,路面狀態,路面缺陷,障礙物,視距,號誌種類,號誌動作,分向設施,快車道或一般車道間,快慢車道間,路面邊線,事故類型及型態,受傷程度,主要傷處,保護裝備,行動電話或功能裝置,當事者區分_類別,車輛用途,當事者行動狀態,駕照狀態,駕照種類,飲酒情形,車輛撞擊部位最初,車輛撞擊部位其他,肇事因素個別,肇事因素主要,肇事逃逸,職業,共享經濟或外送平台,GPS座標X,GPS座標Y,事故類別
11058,66000,387130000C,(04)23274275,(04)23288582,2025,08,29,13,39,臺中市,烏日區,0,0,0,7,,,30,,,,,,,,,,,,,,,,,,,B03,,,1,,1,,,12,12,1,6,4,120.616398,24.110165,3
11059,66000,387130000C,(04)23274275,(04)23288582,2025,08,29,13,42,臺中市,神岡區,0,1,0,7,1,6,50,3,2,1,5,4,6,6,4,4,5,5,4,2,13,2,9,1,1,C03,7,9,1,10,2,11,,58,58,1,12,4,120.698531,24.264646,2
11060,66000,387130000C,(04)23274275,(04)23288582,2025,08,29,13,53,臺中市,北區,0,0,0,7,,,50,,,,,,,,,,,,,,13,,,,,B12,,,1,,2,1,,59,59,1,12,4,120.682694,24.162915,3
11061,66000,387130000C,(04)23274275,(04)23288582,2025,08,29,13,59,臺中市,沙鹿區,0,0,0,7,,,50,,,,,,,,,,,,,,,,,,,C03,,,1,,2,,,8,8,1,6,4,120.562439,24.238689,3
11062,66000,387130000C,(04)23274275,(04)23288582,2025,08,29,14,0,臺中市,豐原區,0,0,0,7,2,6,,13,8,1,5,4,6,6,4,4,5,5,4,2,17,,,,,,,,,,,,,86,86,1,,,120.716203,24.257277,3
11063,66000,387130000C,(04)23274275,(04)23288582,2025,08,29,14,7,臺中市,西屯區,0,0,0,7,,,60,,,,,,,,,,,,,,,,,,,A12,,,1,7,1,,,7,7,1,13,4,120.653841,24.160499,3
11064,66000,387130000C,(04)23274275,(04)23288582,2025,08,29,14,8,臺中市,霧峰區,0,0,0,7,,,50,,,,,,,,,,,,,,17,,,,,F01,,,7,,1,,,42,42,1,13,4,120.699533,24.069011,3
11065,66000,387130000C,(04)23274275,(04)23288582,2025,08,29,14,10,臺中市,大雅區,0,0,0,7,,,30,,,,,,,,,,,,,,,,,,,C03,,,1,,1,,,7,7,1,13,4,120.635251,24.219381,3
11066,66000,387130000C,(04)23274275,(04)23288582,2025,08,29,14,10,臺中市,北區,0,0,0,7,,,50,,,,,,,,,,,,,,12,,,,,C03,,,1,,1,,,84,84,1,13,4,120.694535,24.155592,4
11067,66000,387130000C,(04)23274275,(04)23288582,2025,08,29,14,14,臺中市,北屯區,0,0,0,7,,,50,,,,,,,,,,,,,,,,,,,B12,,,1,,9,,,34,34,1,12,4,120.685902,24.179108,3
11068,66000,387130000C,(04)23274275,(04)23288582,2025,08,29,14,19,臺中市,東區,0,1,0,7,2,6,40,4,1,1,5,4,6,6,1,1,10,5,5,2,16,3,10,1,1,C04,7,6,1,10,2,14,,48,48,1,12,4,120.704857,24.135608,2
11069,66000,387130000C,(04)23274275,(04)23288582,2025,08,29,14,19,臺中市,南屯區,0,0,0,7,,,50,,,,,,,,,,,,,,16,,,,,B03,,,1,,2,,,11,11,1,13,4,120.640766,24.14875,3
11070,66000,387130000C,(04)23274275,(04)23288582,2025,08,29,14,20,臺中市,豐原區,0,0,0,7,,,50,,,,,,,,,,,,,,17,,,,,B03,,,1,,9,,,51,51,1,13,4,120.727773,24.249898,3
11071,66000,387130000C,(04)23274275,(04)23288582,2025,08,29,14,24,臺中市,北屯區,0,1,0,7,3,6,30,13,9,1,5,4,6,6,4,4,10,5,5,2,17,3,10,3,1,B03,7,1,1,8,2,8,,51,51,1,13,4,120.665558,24.179624,2
11072,66000,387130000C,(04)23274275,(04)23288582,2025,08,29,14,25,臺中市,烏日區,0,1,0,7,2,6,30,4,1,1,5,4,6,6,3,1,10,5,5,1,15,2,9,2,1,F03,7,9,7,21,2,11,,20,20,1,6,4,120.658107,24.055628,2
11073,66000,387130000C,(04)23274275,(04)23288582,2025,08,29,14,26,臺中市,大甲區,0,1,0,7,3,6,50,3,1,1,5,4,6,6,1,1,10,5,5,2,9,3,10,3,1,B12,7,6,1,8,1,8,,59,59,1,6,4,120.624703,24.348226,2
11074,66000,387130000C,(04)23274275,(04)23288582,2025,08,29,14,37,臺中市,北區,0,0,0,7,,,50,,,,,,,,,,,,,,12,,,,,B03,,,1,,2,,,20,20,1,13,4,120.677156,24.150952,3
11075,66000,387130000C,(04)23274275,(04)23288582,2025,08,29,14,40,臺中市,大雅區,0,0,0,7,,,50,,,,,,,,,,,,,,,,,,,B03,,,1,,1,,,59,59,1,13,4,120.625509,24.236607,3
11076,66000,387130000C,(04)23274275,(04)23288582,2025,08,29,14,40,臺中市,中區,0,1,0,7,2,6,50,3,1,1,5,4,6,6,4,4,10,4,5,2,17,2,9,2,1,C03,7,6,1,10,2,14,,48,48,1,12,4,120.684902,24.140445,2
11077,66000,387130000C,(04)23274275,(04)23288582,2025,08,29,14,46,臺中市,南屯區,0,1,0,7,2,6,50,3,1,1,5,4,6,6,4,4,10,5,5,2,16,3,10,3,1,B03,7,6,1,8,2,4,,13,13,1,12,4,120.63591,24.133787,2
11078,66000,387130000C,(04)23274275,(04)23288582,2025,08,29,14,46,臺中市,西屯區,0,0,0,7,,,50,,,,,,,,,,,,,,,,,,,B03,,,1,,2,,,59,59,1,12,4,120.663962,24.16812,3
11079,66000,387130000C,(04)23274275,(04)23288582,2025,08,29,14,54,臺中市,豐原區,0,0,0,7,,,50,,,,,,,,,,,,,,13,,,,,B03,,,1,,2,,,7,7,1,12,4,120.702654,24.249851,3
11080,66000,387130000C,(04)23274275,(04)23288582,2025,08,29,14,55,臺中市,西區,0,1,0,7,2,6,50,13,7,1,5,4,6,6,4,4,1,4,5,2,12,2,9,1,1,C03,7,9,1,10,2,14,,42,42,1,6,4,120.65724,24.146623,2
11081,66000,387130000C,(04)23274275,(04)23288582,2025,08,29,15,5,臺中市,東區,0,0,0,7,,,30,,,,,,,,,,,,,,,,,,,C03,,,1,,1,,,20,20,1,13,4,120.69189,24.140723,3
11082,66000,387130000C,(04)23274275,(04)23288582,2025,08,29,15,6,臺中市,東區,0,1,0,7,1,6,50,4,1,1,5,4,6,6,2,1,10,5,5,2,17,2,9,5,4,C03,7,9,1,10,2,11,,21,21,1,13,4,120.69661,24.138852,2
11083,66000,387130000C,(04)23274275,(04)23288582,2025,08,29,15,11,臺中市,北區,0,2,0,7,3,6,50,4,2,1,5,4,6,6,4,4,1,4,5,2,13,2,9,2,1,C03,7,9,1,10,2,11,,59,59,1,12,4,120.68529,24.164585,2
11084,66000,387130000C,(04)23274275,(04)23288582,2025,08,29,15,12,臺中市,北區,0,1,0,7,2,6,50,3,1,1,5,4,6,6,2,1,10,5,5,2,17,2,9,1,1,F03,7,1,7,21,2,12,,84,84,1,13,4,120.681295,24.165033,2
11085,66000,387130000C,(04)23274275,(04)23288582,2025,08,29,15,12,臺中市,新社區,0,2,0,5,2,6,50,5,1,1,4,4,6,6,3,1,10,5,5,2,12,2,9,1,1,C03,7,4,1,10,2,11,,1,1,1,12,4,120.809868,24.247467,2
11086,66000,387130000C,(04)23274275,(04)23288582,2025,08,29,15,13,臺中市,西區,0,0,0,7,,,50,,,,,,,,,,,,,,,,,,,B03,,,1,,2,,,84,84,1,12,4,120.662855,24.163328,3
11087,66000,387130000C,(04)23274275,(04)23288582,2025,08,29,15,15,臺中市,大雅區,0,1,0,7,1,6,30,13,9,1,5,4,6,6,4,4,10,5,5,2,18,2,9,1,1,C03,7,9,1,10,1,12,,82,82,1,13,4,120.648012,24.233868,2
11088,66000,387130000C,(04)23274275,(04)23288582,2025,08,29,15,15,臺中市,北屯區,0,1,0,7,2,6,50,4,2,1,5,4,6,6,2,1,10,5,5,2,17,2,9,2,1,C03,7,9,1,10,2,11,,58,58,1,6,4,120.69357,24.188188,2
11089,66000,387130000C,(04)23274275,(04)23288582,2025,08,29,15,15,臺中市,后里區,0,0,0,7,,,50,,,,,,,,,,,,,,13,,,,,B03,,,1,,2,,,7,7,1,12,4,120.70608,24.311549,3
11090,66000,387130000C,(04)23274275,(04)23288582,2025,08,29,15,18,臺中市,南屯區,0,1,0,7,2,6,50,13,9,1,5,4,6,6,4,4,4,3,5,2,13,2,8,2,4,C03,7,9,1,10,2,11,,7,7,1,13,4,120.636634,24.146814,2
11091,66000,387130000C,(04)23274275,(04)23288582,2025,08,29,15,22,臺中市,龍井區,0,0,0,7,,,60,,,,,,,,,,,,,,,,,,,B03,,,1,,2,,,6,6,1,12,4,120.540813,24.218473,3
11092,66000,387130000C,(04)23274275,(04)23288582,2025,08,29,15,26,臺中市,北屯區,0,1,0,7,2,6,50,13,9,1,5,4,6,6,4,4,5,2,5,2,17,2,9,2,1,C03,7,9,3,19,2,11,,54,54,1,12,4,120.71257,24.17262,2
11093,66000,387130000C,(04)23274275,(04)23288582,2025,08,29,15,27,臺中市,中區,0,0,0,7,,,50,,,,,,,,,,,,,,,,,,,B03,,,1,,2,,,40,40,1,13,4,120.680994,24.14383,3
11094,66000,387130000C,(04)23274275,(04)23288582,2025,08,29,15,31,臺中市,西屯區,0,0,0,7,,3,80,,,,,,,,,,,,,,13,,,,,B03,,,1,,1,,,59,59,1,12,4,120.634948,24.179291,3
11095,66000,387130000C,(04)23274275,(04)23288582,2025,08,29,15,34,臺中市,西屯區,0,1,0,7,2,6,50,13,9,1,5,4,6,6,4,4,1,4,5,2,12,3,10,2,1,C03,7,9,1,10,2,14,,43,43,1,13,4,120.621938,24.183415,2
11096,66000,387130000C,(04)23274275,(04)23288582,2025,08,29,15,36,臺中市,北屯區,0,0,0,7,,,50,,,,,,,,,,,,,,14,,,,,B03,,,1,,1,,,50,50,1,12,4,120.670395,24.188906,3
11097,66000,387130000C,(04)23274275,(04)23288582,2025,08,29,15,40,臺中市,西屯區,0,0,0,7,,,30,,,,,,,,,,,,,,14,,,,,B12,,,1,,1,,,49,49,1,13,4,120.645276,24.186426,3
11098,66000,387130000C,(04)23274275,(04)23288582,2025,08,29,15,41,臺中市,豐原區,0,1,0,7,2,6,50,4,1,1,5,4,6,6,4,4,5,4,4,1,17,3,10,5,4,B12,7,11,1,7,2,5,,45,45,1,12,4,120.730473,24.250167,2
11099,66000,387130000C,(04)23274275,(04)23288582,2025,08,29,15,43,臺中市,龍井區,0,0,0,7,,,60,,,,,,,,,,,,,,,,,,,B03,,,1,,2,,,6,6,1,6,4,120.540899,24.218385,3
11100,66000,387130000C,(04)23274275,(04)23288582,2025,08,29,15,44,臺中市,太平區,0,0,0,7,2,6,40,,,,,,,,,,,,,,,,,,,B12,,,1,,2,9,,84,84,1,12,4,120.733546,24.119999,3
11101,66000,387130000C,(04)23274275,(04)23288582,2025,08,29,15,48,臺中市,西屯區,0,0,0,7,,,50,,,,,,,,,,,,,,13,,,,,B02,,,1,,1,,,61,61,1,12,4,120.64227,24.177771,3
11102,66000,387130000C,(04)23274275,(04)23288582,2025,08,29,15,48,臺中市,大里區,0,0,0,7,,,50,,,,,,,,,,,,,,17,,,,,B03,,,1,,2,,,8,8,1,13,4,120.682171,24.101924,3
11103,66000,387130000C,(04)23274275,(04)23288582,2025,08,29,15,48,臺中市,清水區,0,0,0,7,2,3,70,13,7,1,5,4,6,6,4,4,8,3,5,1,13,,,,,A12,,,1,,1,,,7,7,1,12,4,120.553571,24.298883,3
11104,66000,387130000C,(04)23274275,(04)23288582,2025,08,29,15,52,臺中市,烏日區,0,0,0,7,,,30,,,,,,,,,,,,,,12,,,,,B01,,,1,,1,,,40,40,1,6,4,120.616372,24.110954,3
11105,66000,387130000C,(04)23274275,(04)23288582,2025,08,29,15,54,臺中市,西區,0,0,0,7,,,50,,,,,,,,,,,,,,17,,,,,B03,,,1,,2,,,49,49,1,12,4,120.672299,24.146719,3
11106,66000,387130000C,(04)23274275,(04)23288582,2025,08,29,15,55,臺中市,太平區,0,0,0,7,,,40,,,,,,,,,,,,,,12,,,,,B12,,,1,,2,,,8,8,1,6,4,120.713502,24.124236,3
11107,66000,387130000C,(04)23274275,(04)23288582,2025,08,29,15,57,臺中市,大里區,0,0,0,7,,,50,,,,,,,,,,,,,,16,,,,,A11,,,1,,2,,,26,26,1,13,4,120.689824,24.114365,3
11108,66000,387130000C,(04)23274275,(04)23288582,2025,08,29,15,58,臺中市,北屯區,0,0,0,7,,,50,,,,,,,,,,,,,,12,,,,,C03,,,1,,2,,,59,59,1,12,4,120.729525,24.169724,3
11109,66000,387130000C,(04)23274275,(04)23288582,2025,08,29,15,58,臺中市,烏日區,0,1,0,7,2,6,50,5,1,1,5,4,6,6,4,4,10,5,5,2,17,3,10,3,1,B03,7,1,1,8,9,16,,51,51,1,6,4,120.652853,24.094563,2
11110,66000,387130000C,(04)23274275,(04)23288582,2025,08,29,15,59,臺中市,南區,0,2,0,7,3,6,50,4,1,1,5,4,6,6,4,4,10,5,5,2,15,2,9,2,1,C03,7,9,1,10,2,12,,15,15,1,13,4,120.667163,24.125155,2
11111,66000,387130000C,(04)23274275,(04)23288582,2025,08,29,15,59,臺中市,大肚區,0,0,0,7,,,50,,,,,,,,,,,,,,,,,,,B03,,,1,,2,,,51,51,1,6,4,120.544922,24.155684,3
11112,66000,387130000C,(04)23274275,(04)23288582,2025,08,29,16,0,臺中市,南屯區,0,1,0,7,3,6,50,4,1,1,5,4,6,6,1,1,10,5,5,2,16,3,10,3,1,B01,7,5,1,4,2,2,,47,47,1,12,4,120.653387,24.128853,2
11113,66000,387130000C,(04)23274275,(04)23288582,2025,08,29,16,0,臺中市,大肚區,0,0,0,7,,,30,,,,,,,,,,,,,,,,,,,A41,,,1,,9,,,8,8,1,6,4,120.543203,24.159564,3
11114,66000,387130000C,(04)23274275,(04)23288582,2025,08,29,16,0,臺中市,神岡區,0,2,0,7,1,6,50,3,1,1,5,4,6,6,4,4,10,5,4,2,16,2,9,1,1,F01,7,6,7,21,2,11,,48,48,1,12,4,120.658476,24.257167,2
11115,66000,387130000C,(04)23274275,(04)23288582,2025,08,29,16,1,臺中市,北區,0,3,0,7,2,6,40,4,2,1,5,4,6,6,1,1,1,4,4,2,13,2,9,1,1,C03,7,9,3,19,2,11,,7,7,1,12,4,120.677491,24.153874,2
11116,66000,387130000C,(04)23274275,(04)23288582,2025,08,29,16,6,臺中市,豐原區,0,0,0,7,,,30,,,,,,,,,,,,,,14,,,,,B03,,,1,,2,,,49,49,1,12,4,120.730661,24.26769,3
11117,66000,387130000C,(04)23274275,(04)23288582,2025,08,29,16,7,臺中市,豐原區,0,1,0,7,2,6,50,13,9,1,5,4,6,6,4,4,10,5,5,2,14,3,10,3,1,B03,7,2,1,8,2,6,,49,49,1,12,4,120.732791,24.235624,2
11118,66000,387130000C,(04)23274275,(04)23288582,2025,08,29,16,8,臺中市,北屯區,0,0,0,7,,3,80,,,,,,,,,,,,,,13,,,,,B03,,,1,,1,,,59,59,1,6,4,120.720758,24.169053,3
11119,66000,387130000C,(04)23274275,(04)23288582,2025,08,29,16,8,臺中市,太平區,0,0,0,7,,,50,,,,,,,,,,,,,,,,,,,B01,,,1,,2,,,50,50,1,6,4,120.716794,24.127846,3
11120,66000,387130000C,(04)23274275,(04)23288582,2025,08,29,16,8,臺中市,豐原區,0,1,0,7,2,6,50,4,1,1,5,4,6,6,1,1,10,5,5,2,16,3,10,3,1,B03,7,6,1,8,2,2,,11,11,1,13,4,120.720173,24.263174,2
11121,66000,387130000C,(04)23274275,(04)23288582,2025,08,29,16,11,臺中市,北屯區,0,1,0,7,2,6,50,3,1,1,5,4,6,6,4,4,7,4,4,2,13,2,9,1,1,C03,7,9,1,10,2,11,,85,85,1,6,4,120.673377,24.180445,2
11122,66000,387130000C,(04)23274275,(04)23288582,2025,08,29,16,11,臺中市,太平區,0,0,0,7,2,6,40,,,,,,,,,,,,,,,,,,,B03,,,1,,2,6,,84,84,1,12,4,120.704813,24.12462,3
11123,66000,387130000C,(04)23274275,(04)23288582,2025,08,29,16,12,臺中市,豐原區,0,0,0,7,,,50,,,,,,,,,,,,,,17,,,,,B03,,,1,,1,,,50,50,1,12,4,120.719067,24.252514,3
11124,66000,387130000C,(04)23274275,(04)23288582,2025,08,29,16,15,臺中市,北屯區,0,0,0,7,,,50,,,,,,,,,,,,,,,,,,,B03,,,1,,1,,,58,58,1,6,4,120.695038,24.183191,3
11125,66000,387130000C,(04)23274275,(04)23288582,2025,08,29,16,15,臺中市,龍井區,0,0,0,7,,,60,,,,,,,,,,,,,,,,,,,B03,,,1,,1,,,6,6,1,12,4,120.540609,24.218556,3
11126,66000,387130000C,(04)23274275,(04)23288582,2025,08,29,16,24,臺中市,清水區,0,0,0,7,,,30,,,,,,,,,,,,,,,,,,,C03,,,1,,11,,,59,59,1,12,4,120.550659,24.297153,3
11127,66000,387130000C,(04)23274275,(04)23288582,2025,08,29,16,26,臺中市,石岡區,0,0,0,7,,,70,,,,,,,,,,,,,,,,,,,B03,,,1,,2,,,7,7,1,12,4,120.80764,24.266116,3
11128,66000,387130000C,(04)23274275,(04)23288582,2025,08,29,16,28,臺中市,潭子區,0,1,0,7,3,6,50,3,14,1,5,4,6,6,4,4,5,4,5,1,17,3,10,3,1,B03,7,14,1,8,2,4,,87,87,1,13,4,120.722238,24.2014,2
11129,66000,387130000C,(04)23274275,(04)23288582,2025,08,29,16,31,臺中市,南屯區,0,0,0,7,,,50,,,,,,,,,,,,,,13,,,,,B03,,,1,,1,,,56,56,1,13,4,120.64047,24.141461,3
11130,66000,387130000C,(04)23274275,(04)23288582,2025,08,29,16,40,臺中市,龍井區,0,0,0,7,,,50,,,,,,,,,,,,,,,,,,,C03,,,1,,1,,,7,7,1,12,4,120.58263,24.182378,3
11131,66000,387130000C,(04)23274275,(04)23288582,2025,08,29,16,40,臺中市,神岡區,0,0,0,7,,,50,,,,,,,,,,,,,,17,,,,,A41,,,1,,2,,,59,59,1,13,4,120.655685,24.258856,3
11132,66000,387130000C,(04)23274275,(04)23288582,2025,08,29,16,41,臺中市,北區,0,0,0,7,,,40,,,,,,,,,,,,,,13,,,,,C03,,,1,,2,,,7,7,1,13,4,120.67375,24.164514,3
11133,66000,387130000C,(04)23274275,(04)23288582,2025,08,29,16,42,臺中市,西屯區,0,0,0,7,,,50,,,,,,,,,,,,,,12,,,,,B03,,,1,,1,,,40,40,1,12,4,120.637348,24.185146,3
11134,66000,387130000C,(04)23274275,(04)23288582,2025,08,29,16,45,臺中市,潭子區,0,1,0,7,2,6,30,3,2,1,5,4,6,6,4,4,10,5,5,1,13,2,8,2,1,C03,7,9,1,9,2,11,,58,58,1,13,4,120.694588,24.204323,2
11135,66000,387130000C,(04)23274275,(04)23288582,2025,08,29,16,45,臺中市,西區,0,1,0,7,2,6,50,4,1,1,5,4,6,6,2,1,10,5,5,2,18,2,9,1,1,C03,7,9,1,10,2,11,,84,84,1,6,4,120.670561,24.13375,2
11136,66000,387130000C,(04)23274275,(04)23288582,2025,08,29,16,45,臺中市,北屯區,0,0,0,7,,,50,,,,,,,,,,,,,,14,,,,,B12,,,1,,9,,,49,49,1,12,4,120.686493,24.170354,3
11137,66000,387130000C,(04)23274275,(04)23288582,2025,08,29,16,45,臺中市,沙鹿區,0,0,0,7,,,30,,,,,,,,,,,,,,,,,,,C03,,,1,,3,,,1,1,1,6,4,120.576209,24.231452,3
11138,66000,387130000C,(04)23274275,(04)23288582,2025,08,29,16,45,臺中市,豐原區,0,0,0,7,,,50,,,,,,,,,,,,,,13,,,,,B03,,,1,,2,,,84,84,1,12,4,120.725295,24.242523,3
11139,66000,387130000C,(04)23274275,(04)23288582,2025,08,29,16,46,臺中市,潭子區,0,0,0,7,,,50,,,,,,,,,,,,,,,,,,,C03,,,1,,2,,,7,7,1,13,4,120.703116,24.207922,3
11140,66000,387130000C,(04)23274275,(04)23288582,2025,08,29,16,48,臺中市,大安區,0,1,0,7,2,6,50,13,8,1,5,4,6,6,4,4,5,5,4,1,16,3,10,3,1,B03,7,5,1,8,2,2,,47,47,1,6,4,120.589191,24.378463,2
11141,66000,387130000C,(04)23274275,(04)23288582,2025,08,29,16,48,臺中市,豐原區,0,1,0,7,2,6,50,3,1,1,5,4,6,6,4,4,1,4,5,1,12,3,10,3,1,B12,7,5,1,8,2,5,,14,14,1,12,4,120.720841,24.243221,2
11142,66000,387130000C,(04)23274275,(04)23288582,2025,08,29,16,51,臺中市,潭子區,0,1,0,7,3,3,40,10,18,1,5,4,6,6,4,4,10,5,5,1,13,2,3,3,1,B03,7,9,1,8,2,1,,7,7,1,13,4,120.698582,24.201336,2
11143,66000,387130000C,(04)23274275,(04)23288582,2025,08,29,16,54,臺中市,北屯區,0,1,0,7,2,6,50,13,8,1,5,4,6,6,4,4,5,5,4,2,16,3,10,3,1,B03,7,7,1,8,2,5,,40,40,1,6,4,120.681297,24.188398,2
11144,66000,387130000C,(04)23274275,(04)23288582,2025,08,29,16,54,臺中市,北屯區,0,0,0,7,,3,80,,,,,,,,,,,,,,13,,,,,B03,,,1,,1,,,7,7,1,12,4,120.722362,24.188548,3
11145,66000,387130000C,(04)23274275,(04)23288582,2025,08,29,16,54,臺中市,霧峰區,0,0,0,7,,,50,,,,,,,,,,,,,,,,,,,B12,,,1,,11,,,49,49,1,6,4,120.695472,24.060023,3
11146,66000,387130000C,(04)23274275,(04)23288582,2025,08,29,16,55,臺中市,大里區,0,0,0,7,,,50,,,,,,,,,,,,,,17,,,,,B03,,,1,,2,,,49,49,1,6,4,120.691906,24.092161,3
11147,66000,387130000C,(04)23274275,(04)23288582,2025,08,29,16,56,臺中市,北屯區,0,0,0,7,,3,80,,,,,,,,,,,,,,13,,,,,B03,,,1,,1,,,7,7,1,6,4,120.671666,24.17414,3
11148,66000,387130000C,(04)23274275,(04)23288582,2025,08,29,16,58,臺中市,西屯區,0,0,0,7,,,50,,,,,,,,,,,,,,16,,,,,B03,,,1,,1,,,20,20,1,12,4,120.654884,24.168926,3
11149,66000,387130000C,(04)23274275,(04)23288582,2025,08,29,17,0,臺中市,沙鹿區,0,0,0,7,,,60,,,,,,,,,,,,,,16,,,,,B03,,,1,,1,,,47,47,1,6,4,120.560779,24.208622,3
11150,66000,387130000C,(04)23274275,(04)23288582,2025,08,29,17,3,臺中市,西屯區,0,0,0,7,,,50,,,,,,,,,,,,,,13,,,,,C03,,,5,,2,,,7,7,1,12,4,120.645472,24.175895,3
11151,66000,387130000C,(04)23274275,(04)23288582,2025,08,29,17,4,臺中市,清水區,0,2,0,7,2,6,50,13,9,1,5,4,6,6,4,4,8,4,5,2,13,2,9,1,1,C03,7,9,1,10,2,11,,7,7,1,12,4,120.5727,24.270851,2
11152,66000,387130000C,(04)23274275,(04)23288582,2025,08,29,17,5,臺中市,南屯區,0,0,0,7,,,50,,,,,,,,,,,,,,14,,,,,B03,,,1,,2,,,49,49,1,13,4,120.633144,24.149846,3
11153,66000,387130000C,(04)23274275,(04)23288582,2025,08,29,17,6,臺中市,西屯區,0,1,0,7,2,6,40,13,8,1,5,4,6,6,2,1,1,4,1,2,13,2,8,5,4,C03,7,9,1,10,1,11,,7,7,1,12,4,120.643731,24.2013,2
11154,66000,387130000C,(04)23274275,(04)23288582,2025,08,29,17,7,臺中市,北屯區,0,1,0,7,2,6,40,4,2,1,5,4,6,6,2,1,10,5,5,2,13,2,9,2,1,C03,7,9,1,10,2,11,,7,7,1,6,4,120.686482,24.196581,2
11155,66000,387130000C,(04)23274275,(04)23288582,2025,08,29,17,10,臺中市,太平區,0,2,0,7,3,6,40,4,1,1,5,4,6,6,1,1,10,5,5,2,16,2,9,4,1,F01,7,6,7,21,2,12,,48,48,1,3,4,120.724025,24.111108,2
11156,66000,387130000C,(04)23274275,(04)23288582,2025,08,29,17,15,臺中市,北屯區,0,1,0,7,2,6,50,4,2,1,5,4,6,6,2,1,1,2,5,2,13,3,10,2,1,C03,7,9,1,10,2,11,,7,7,1,12,4,120.692013,24.182689,2
11157,66000,387130000C,(04)23274275,(04)23288582,2025,08,29,17,15,臺中市,西屯區,0,0,0,7,,,30,,,,,,,,,,,,,,16,,,,,B03,,,1,,1,,,14,14,1,13,4,120.638057,24.177426,3
11158,66000,387130000C,(04)23274275,(04)23288582,2025,08,29,17,16,臺中市,龍井區,0,0,0,7,,,30,,,,,,,,,,,,,,,,,,,B03,,,1,,1,,,49,49,1,12,4,120.576557,24.182495,3
11159,66000,387130000C,(04)23274275,(04)23288582,2025,08,29,17,17,臺中市,北區,0,0,0,7,,,50,,,,,,,,,,,,,,17,,,,,B03,,,1,,1,,,59,59,1,12,4,120.683862,24.158916,3
11160,66000,387130000C,(04)23274275,(04)23288582,2025,08,29,17,18,臺中市,南屯區,0,0,0,7,,,50,,,,,,,,,,,,,,15,,,,,B03,,,1,,1,,,12,12,1,12,4,120.65399,24.141825,3
11161,66000,387130000C,(04)23274275,(04)23288582,2025,08,29,17,18,臺中市,北屯區,0,2,0,7,2,6,50,4,2,1,5,4,6,6,2,1,1,2,5,2,13,3,10,3,1,B03,7,9,1,8,2,3,,7,7,1,12,4,120.681685,24.17266,2
11162,66000,387130000C,(04)23274275,(04)23288582,2025,08,29,17,19,臺中市,南屯區,0,1,0,7,2,6,30,13,9,1,5,4,6,6,4,4,10,5,5,2,2,3,10,5,4,B03,7,9,1,8,2,5,,59,59,1,13,4,120.641526,24.13874,2
11163,66000,387130000C,(04)23274275,(04)23288582,2025,08,29,17,20,臺中市,潭子區,0,0,0,7,,,50,,,,,,,,,,,,,,,,,,,C03,,,1,,2,,,84,84,1,13,4,120.700616,24.214152,3
11164,66000,387130000C,(04)23274275,(04)23288582,2025,08,29,17,20,臺中市,北屯區,0,1,0,7,2,6,40,4,1,1,5,4,6,6,2,1,10,5,5,2,13,2,9,1,1,C03,7,9,1,10,2,11,,59,59,1,13,4,120.718986,24.172663,2
11165,66000,387130000C,(04)23274275,(04)23288582,2025,08,29,17,23,臺中市,烏日區,0,2,0,7,3,6,30,3,2,1,5,4,6,6,4,4,1,4,3,1,12,3,10,1,1,F03,7,5,7,21,2,13,,14,14,1,6,4,120.616409,24.103133,2
11166,66000,387130000C,(04)23274275,(04)23288582,2025,08,29,17,23,臺中市,神岡區,0,1,0,7,2,6,50,13,14,1,5,4,6,6,4,4,9,5,5,1,30,2,9,1,1,C03,7,9,1,10,2,16,,85,85,1,12,4,120.658802,24.26235,2
11167,66000,387130000C,(04)23274275,(04)23288582,2025,08,29,17,27,臺中市,沙鹿區,0,1,0,7,2,6,30,4,2,1,5,4,6,6,4,4,8,3,5,1,17,2,9,5,4,C03,7,9,3,19,2,14,,12,12,1,13,4,120.567212,24.251838,2
11168,66000,387130000C,(04)23274275,(04)23288582,2025,08,29,17,28,臺中市,北區,0,0,0,7,,,50,,,,,,,,,,,,,,13,,,,,B03,,,1,,1,,,84,84,1,12,4,120.683862,24.158916,3
11169,66000,387130000C,(04)23274275,(04)23288582,2025,08,29,17,29,臺中市,西區,0,0,0,7,,,30,,,,,,,,,,,,,,,,,,,A12,,,1,,9,,,84,84,1,12,4,120.65372,24.152444,3