﻿序號,縣市別代碼,機關代碼,市話,傳真,年,月,日,時,分,縣市,區,死亡數量,受傷數量,2-30,天候,道路照明設備,道路類別,道路速限,道路型態,事故位置,路面鋪裝,路面狀態,路面缺陷,障礙物,視距,號誌種類,號誌動作,分向設施,快車道或一般車道間,快慢車道間,路面邊線,事故類型及型態,受傷程度,主要傷處,保護裝備,行動電話或功能裝置,當事者區分_類別,車輛用途,當事者行動狀態,駕照狀態,駕照種類,飲酒情形,車輛撞擊部位最初,車輛撞擊部位其他,肇事因素個別,肇事因素主要,肇事逃逸,職業,共享經濟或外送平台,GPS座標X,GPS座標Y,事故類別
11170,66000,387130000C,(04)23274275,(04)23288582,2025,08,29,17,30,臺中市,烏日區,0,2,0,7,2,6,50,13,7,1,5,4,6,6,4,4,5,5,4,2,17,3,10,3,1,B03,7,1,1,8,2,4,,51,51,1,6,4,120.607826,24.118447,2
11171,66000,387130000C,(04)23274275,(04)23288582,2025,08,29,17,31,臺中市,烏日區,0,1,0,7,2,6,30,3,2,1,5,4,6,6,4,4,5,5,5,2,17,2,9,1,1,C03,7,6,1,10,2,11,,43,43,1,6,4,120.626552,24.107592,2
11172,66000,387130000C,(04)23274275,(04)23288582,2025,08,29,17,31,臺中市,沙鹿區,0,1,0,7,2,6,50,3,1,1,5,4,6,6,1,1,10,5,5,2,16,3,10,3,1,B03,7,6,1,8,2,6,,20,20,1,6,4,120.564409,24.238491,2
11173,66000,387130000C,(04)23274275,(04)23288582,2025,08,29,17,35,臺中市,大雅區,0,0,0,7,,,30,,,,,,,,,,,,,,,,,,,C03,,,1,,2,,,12,12,1,13,4,120.649163,24.222886,3
11174,66000,387130000C,(04)23274275,(04)23288582,2025,08,29,17,37,臺中市,北區,0,0,0,7,,,50,,,,,,,,,,,,,,17,,,,,B01,,,1,,2,,,84,84,1,13,4,120.685194,24.165342,3
11175,66000,387130000C,(04)23274275,(04)23288582,2025,08,29,17,37,臺中市,大里區,0,1,0,7,2,6,50,4,1,1,5,4,6,6,1,1,10,5,5,2,16,3,10,3,1,B03,7,6,1,8,2,2,,48,48,1,12,4,120.664187,24.107617,2
11176,66000,387130000C,(04)23274275,(04)23288582,2025,08,29,17,40,臺中市,烏日區,0,0,0,7,,,50,,,,,,,,,,,,,,,,,,,C03,,,1,,1,,,14,14,1,6,4,120.598641,24.110003,3
11177,66000,387130000C,(04)23274275,(04)23288582,2025,08,29,17,40,臺中市,豐原區,0,2,0,7,2,6,50,4,1,1,5,4,6,6,3,1,10,5,5,2,15,2,9,2,1,C03,7,9,1,9,2,12,,24,24,1,13,4,120.727114,24.256997,2
11178,66000,387130000C,(04)23274275,(04)23288582,2025,08,29,17,41,臺中市,沙鹿區,0,1,0,7,2,6,50,13,7,1,5,4,6,6,4,4,1,4,4,2,17,2,6,3,1,B03,7,7,1,8,2,8,,40,40,1,6,4,120.569547,24.219909,2
11179,66000,387130000C,(04)23274275,(04)23288582,2025,08,29,17,42,臺中市,潭子區,0,1,0,6,1,6,30,3,1,1,5,4,6,6,4,4,10,5,5,2,17,3,10,2,1,C03,7,6,2,19,2,11,,14,14,1,13,4,120.712124,24.229467,2
11180,66000,387130000C,(04)23274275,(04)23288582,2025,08,29,17,42,臺中市,北屯區,0,2,0,7,2,6,50,4,1,1,5,4,6,6,1,1,10,5,5,2,16,2,9,6,1,F01,7,6,7,21,2,14,,48,48,1,12,4,120.697223,24.163371,2
11181,66000,387130000C,(04)23274275,(04)23288582,2025,08,29,17,43,臺中市,西區,0,1,0,7,2,6,50,4,2,1,5,2,6,6,2,1,5,4,5,1,18,2,9,2,1,C03,7,9,1,10,2,14,,84,84,1,13,4,120.670485,24.133675,2
11182,66000,387130000C,(04)23274275,(04)23288582,2025,08,29,17,43,臺中市,神岡區,0,2,0,7,1,6,50,4,1,1,5,4,6,6,1,1,1,4,5,1,16,2,9,1,1,C03,7,6,1,10,2,11,,11,11,1,12,4,120.677553,24.264895,2
11183,66000,387130000C,(04)23274275,(04)23288582,2025,08,29,17,45,臺中市,北屯區,0,1,0,7,1,6,50,3,1,1,5,4,6,6,4,4,10,5,5,2,11,3,10,1,1,C03,7,6,1,10,2,12,,14,14,1,6,4,120.690362,24.184227,2
11184,66000,387130000C,(04)23274275,(04)23288582,2025,08,29,17,46,臺中市,龍井區,0,0,0,7,,,50,,,,,,,,,,,,,,,,,,,B03,,,1,,1,,,6,6,1,6,4,120.548216,24.209029,3
11185,66000,387130000C,(04)23274275,(04)23288582,2025,08,29,17,46,臺中市,豐原區,0,0,0,7,,,50,,,,,,,,,,,,,,17,,,,,B03,,,1,,2,,,84,84,1,12,4,120.724109,24.249493,3
11186,66000,387130000C,(04)23274275,(04)23288582,2025,08,29,17,47,臺中市,大里區,0,1,0,7,3,6,30,3,2,1,5,4,6,6,4,4,5,5,5,1,16,3,10,1,1,C03,7,6,1,8,2,11,,14,14,1,13,4,120.667453,24.10877,2
11187,66000,387130000C,(04)23274275,(04)23288582,2025,08,29,17,47,臺中市,梧棲區,0,0,0,7,,,70,,,,,,,,,,,,,,13,,,,,B03,,,1,,1,,,7,7,1,6,4,120.548782,24.245222,3
11188,66000,387130000C,(04)23274275,(04)23288582,2025,08,29,17,48,臺中市,南屯區,0,2,0,7,2,6,50,4,1,1,5,4,6,6,1,1,10,5,5,2,13,2,9,1,1,C03,7,9,1,10,2,11,,7,7,1,12,4,120.623141,24.145201,2
11189,66000,387130000C,(04)23274275,(04)23288582,2025,08,29,17,48,臺中市,太平區,0,1,0,7,2,6,50,4,1,1,5,4,6,6,4,4,10,5,5,2,15,2,9,5,4,C03,7,9,3,19,1,11,,15,15,1,12,4,120.725753,24.143231,2
11190,66000,387130000C,(04)23274275,(04)23288582,2025,08,29,17,50,臺中市,南屯區,0,0,0,7,,,50,,,,,,,,,,,,,,,,,,,B03,,,1,,1,,,84,84,1,13,4,120.645801,24.134651,3
11191,66000,387130000C,(04)23274275,(04)23288582,2025,08,29,17,52,臺中市,西屯區,0,0,0,7,,,40,,,,,,,,,,,,,,13,,,,,B03,,,1,,1,,,7,7,1,12,4,120.62645,24.185276,3
11192,66000,387130000C,(04)23274275,(04)23288582,2025,08,29,17,52,臺中市,太平區,0,1,0,7,2,6,50,13,24,1,5,4,6,6,4,4,10,5,5,2,2,3,10,2,1,C03,7,9,1,10,2,11,,84,84,1,12,4,120.71867,24.131549,2
11193,66000,387130000C,(04)23274275,(04)23288582,2025,08,29,17,53,臺中市,北區,0,0,0,7,,,0,,,,,,,,,,,,,,30,,,,,B03,,,1,,1,,,84,84,1,13,4,120.674085,24.143765,3
11194,66000,387130000C,(04)23274275,(04)23288582,2025,08,29,17,54,臺中市,清水區,0,0,0,7,,,40,,,,,,,,,,,,,,,,,,,A12,,,1,,2,,,49,49,1,12,4,120.595397,24.300707,3
11195,66000,387130000C,(04)23274275,(04)23288582,2025,08,29,17,55,臺中市,中區,0,0,0,7,,,50,,,,,,,,,,,,,,,,,,,B01,,,1,,9,,,84,84,1,12,4,120.673717,24.143308,3
11196,66000,387130000C,(04)23274275,(04)23288582,2025,08,29,17,55,臺中市,西區,0,1,0,7,2,6,50,13,9,1,5,4,6,6,4,4,9,5,5,2,17,2,9,2,1,C03,7,4,1,10,2,12,,1,1,1,12,4,120.670759,24.15149,2
11197,66000,387130000C,(04)23274275,(04)23288582,2025,08,29,17,55,臺中市,沙鹿區,0,1,0,7,2,6,30,4,1,1,5,4,6,6,3,1,10,5,5,2,15,2,9,2,1,C03,7,9,1,10,2,14,,24,24,1,6,4,120.56972,24.211177,2
11198,66000,387130000C,(04)23274275,(04)23288582,2025,08,29,17,56,臺中市,潭子區,0,0,0,7,,3,40,,,,,,,,,,,,,,,,,,,B03,,,1,,2,,,84,84,1,13,4,120.696808,24.201228,3
11199,66000,387130000C,(04)23274275,(04)23288582,2025,08,29,17,59,臺中市,龍井區,0,0,0,7,,,50,,,,,,,,,,,,,,,,,,,B03,,,1,,2,,,85,85,1,6,4,120.572349,24.179333,3
11200,66000,387130000C,(04)23274275,(04)23288582,2025,08,29,18,0,臺中市,龍井區,0,1,0,7,1,6,40,4,2,1,5,4,6,6,4,4,10,5,5,2,11,3,10,3,1,B03,7,6,1,8,2,8,,48,48,1,12,4,120.546774,24.196617,2
11201,66000,387130000C,(04)23274275,(04)23288582,2025,08,29,18,0,臺中市,梧棲區,0,0,0,7,,,50,,,,,,,,,,,,,,17,,,,,B02,,,1,,1,,,50,50,1,6,4,120.539838,24.253022,3
11202,66000,387130000C,(04)23274275,(04)23288582,2025,08,29,18,5,臺中市,霧峰區,0,1,0,7,2,6,60,4,2,1,5,4,6,6,4,4,1,3,4,1,17,3,10,3,1,B03,7,5,1,8,2,7,,11,11,1,6,4,120.69646,24.068565,2
11203,66000,387130000C,(04)23274275,(04)23288582,2025,08,29,18,5,臺中市,烏日區,0,0,0,7,,,30,,,,,,,,,,,,,,12,,,,,B03,,,1,,1,,,51,51,1,6,4,120.616372,24.110954,3
11204,66000,387130000C,(04)23274275,(04)23288582,2025,08,29,18,9,臺中市,北屯區,0,1,0,7,2,6,30,3,1,1,5,4,6,6,4,4,10,5,5,2,16,3,10,3,1,B03,7,6,1,8,2,8,,12,12,1,6,4,120.710653,24.173988,2
11205,66000,387130000C,(04)23274275,(04)23288582,2025,08,29,18,13,臺中市,大雅區,0,1,0,7,2,6,50,3,2,1,5,4,6,6,4,4,8,3,5,2,12,2,9,1,1,C03,7,6,1,10,1,12,,87,87,1,13,4,120.647869,24.223773,2
11206,66000,387130000C,(04)23274275,(04)23288582,2025,08,29,18,14,臺中市,北屯區,0,0,0,7,,,50,,,,,,,,,,,,,,,,,,,C03,,,1,,1,,,11,11,1,6,4,120.686205,24.186898,3
11207,66000,387130000C,(04)23274275,(04)23288582,2025,08,29,18,15,臺中市,西區,0,1,0,7,2,6,50,4,1,1,5,4,6,6,1,1,10,5,5,2,17,3,10,3,1,B02,7,6,1,8,2,6,,11,11,1,12,4,120.660187,24.140158,2
11208,66000,387130000C,(04)23274275,(04)23288582,2025,08,29,18,15,臺中市,南區,0,0,0,7,,,50,,,,,,,,,,,,,,13,,,,,B12,,,1,,2,,,7,7,1,6,4,120.670266,24.117528,3
11209,66000,387130000C,(04)23274275,(04)23288582,2025,08,29,18,17,臺中市,南屯區,0,2,0,7,2,6,50,13,8,1,5,4,6,6,4,4,1,4,1,2,17,2,9,2,1,C03,7,1,1,10,2,11,,51,51,1,13,4,120.623404,24.151696,2
11210,66000,387130000C,(04)23274275,(04)23288582,2025,08,29,18,17,臺中市,南屯區,0,0,0,7,,,50,,,,,,,,,,,,,,12,,,,,B03,,,1,,2,,,8,8,1,13,4,120.634391,24.151031,3
11211,66000,387130000C,(04)23274275,(04)23288582,2025,08,29,18,19,臺中市,北區,0,0,0,7,,,50,,,,,,,,,,,,,,17,,,,,C03,,,1,,2,,,51,51,1,13,4,120.686673,24.148078,3
11212,66000,387130000C,(04)23274275,(04)23288582,2025,08,29,18,20,臺中市,北屯區,0,1,0,7,2,6,30,4,1,1,5,4,6,6,4,4,5,5,5,2,15,2,9,2,1,C03,7,9,1,10,2,11,,15,15,1,12,4,120.714767,24.172362,2
11213,66000,387130000C,(04)23274275,(04)23288582,2025,08,29,18,23,臺中市,西屯區,0,0,0,7,,,50,,,,,,,,,,,,,,13,,,,,C03,,,1,,1,,,59,59,1,12,4,120.641454,24.170146,3
11214,66000,387130000C,(04)23274275,(04)23288582,2025,08,29,18,24,臺中市,大里區,0,0,0,7,,,50,,,,,,,,,,,,,,,,,,,C03,,,1,,2,,,7,7,1,12,4,120.680537,24.095282,3
11215,66000,387130000C,(04)23274275,(04)23288582,2025,08,29,18,29,臺中市,霧峰區,0,2,0,7,1,6,50,3,9,1,5,4,6,6,4,4,4,3,5,1,17,2,9,2,1,C03,7,9,1,10,2,11,,7,7,1,6,4,120.690855,24.06591,2
11216,66000,387130000C,(04)23274275,(04)23288582,2025,08,29,18,30,臺中市,南屯區,0,0,0,7,,,50,,,,,,,,,,,,,,13,,,,,C03,,,1,,1,,,7,7,1,12,4,120.646808,24.148836,3
11217,66000,387130000C,(04)23274275,(04)23288582,2025,08,29,18,30,臺中市,西屯區,0,0,0,7,,,30,,,,,,,,,,,,,,13,,,,,B03,,,1,,1,,,7,7,1,13,4,120.642705,24.197727,3
11218,66000,387130000C,(04)23274275,(04)23288582,2025,08,29,18,30,臺中市,大肚區,0,1,0,7,3,6,30,13,9,1,5,2,6,6,4,4,10,5,5,2,18,2,9,1,1,C03,7,9,1,10,9,12,,87,87,1,6,4,120.56164,24.114652,2
11219,66000,387130000C,(04)23274275,(04)23288582,2025,08,29,18,32,臺中市,西屯區,0,0,0,7,,,50,,,,,,,,,,,,,,13,,,,,B03,,,1,,1,,,7,7,1,12,4,120.663741,24.172389,3
11220,66000,387130000C,(04)23274275,(04)23288582,2025,08,29,18,35,臺中市,南屯區,0,0,0,7,,,50,,,,,,,,,,,,,,17,,,,,B03,,,1,,2,,,84,84,1,12,4,120.64695,24.148978,3
11221,66000,387130000C,(04)23274275,(04)23288582,2025,08,29,18,37,臺中市,西區,0,1,0,7,3,6,40,3,1,1,5,4,6,6,4,4,5,4,5,2,17,2,9,2,1,C03,7,9,1,10,2,12,,85,85,1,12,4,120.665273,24.1488,2
11222,66000,387130000C,(04)23274275,(04)23288582,2025,08,29,18,43,臺中市,沙鹿區,0,0,0,7,,,50,,,,,,,,,,,,,,13,,,,,B03,,,1,,1,,,7,7,1,6,4,120.560396,24.239654,3
11223,66000,387130000C,(04)23274275,(04)23288582,2025,08,29,18,44,臺中市,西區,0,2,0,6,1,6,30,4,1,1,5,4,6,6,4,4,10,5,5,2,17,3,10,3,1,B03,7,9,1,8,2,4,,12,12,1,12,4,120.669782,24.140472,2
11224,66000,387130000C,(04)23274275,(04)23288582,2025,08,29,18,44,臺中市,北區,0,0,0,7,,,50,,,,,,,,,,,,,,17,,,,,B03,,,1,,1,,,40,40,1,12,4,120.672225,24.16235,3
11225,66000,387130000C,(04)23274275,(04)23288582,2025,08,29,18,45,臺中市,沙鹿區,0,0,0,7,,,50,,,,,,,,,,,,,,,,,,,B03,,,1,,2,,,84,84,1,6,4,120.578604,24.221613,3
11226,66000,387130000C,(04)23274275,(04)23288582,2025,08,29,18,46,臺中市,沙鹿區,0,0,0,6,,,50,,,,,,,,,,,,,,,,,,,B03,,,1,,2,,,51,51,1,13,4,120.561131,24.242202,3
11227,66000,387130000C,(04)23274275,(04)23288582,2025,08,29,18,49,臺中市,大里區,0,2,0,7,3,6,50,3,2,1,5,4,6,6,4,4,5,4,4,1,16,2,9,5,4,F01,7,6,7,21,2,11,,20,20,1,13,4,120.684804,24.107408,2
11228,66000,387130000C,(04)23274275,(04)23288582,2025,08,29,18,50,臺中市,龍井區,0,0,0,7,,,50,,,,,,,,,,,,,,,,,,,C03,,,1,,1,,,7,7,1,12,4,120.58402,24.181752,3
11229,66000,387130000C,(04)23274275,(04)23288582,2025,08,29,18,51,臺中市,西屯區,0,1,0,7,2,6,50,3,1,1,5,4,6,6,4,4,10,5,5,2,13,2,8,1,1,C03,7,5,1,8,2,11,,7,7,1,5,4,120.596812,24.200755,2
11230,66000,387130000C,(04)23274275,(04)23288582,2025,08,29,18,55,臺中市,清水區,0,0,0,7,1,6,70,13,7,1,5,4,6,6,4,4,8,3,3,1,12,,,,,B03,,,1,,1,,,40,40,1,12,4,120.581082,24.302086,3
11231,66000,387130000C,(04)23274275,(04)23288582,2025,08,29,18,59,臺中市,大里區,0,0,0,7,,,50,,,,,,,,,,,,,,,,,,,B03,,,1,,1,,,8,8,1,6,4,120.703356,24.088275,3
11232,66000,387130000C,(04)23274275,(04)23288582,2025,08,29,18,59,臺中市,豐原區,0,2,0,7,1,6,50,5,1,1,5,4,6,6,2,1,1,4,4,2,11,2,8,3,1,B03,7,6,1,8,2,1,,85,85,1,12,4,120.72225,24.277865,2
11233,66000,387130000C,(04)23274275,(04)23288582,2025,08,29,19,0,臺中市,西區,0,0,0,7,,,50,,,,,,,,,,,,,,13,,,,,B03,,,1,,1,,,7,7,1,13,4,120.658502,24.155427,3
11234,66000,387130000C,(04)23274275,(04)23288582,2025,08,29,19,0,臺中市,石岡區,0,0,0,7,,,70,,,,,,,,,,,,,,,,,,,B03,,,1,,2,,,40,40,1,12,4,120.773759,24.274793,3
11235,66000,387130000C,(04)23274275,(04)23288582,2025,08,29,19,2,臺中市,西屯區,0,0,0,7,,,50,,,,,,,,,,,,,,13,,,,,B02,,,1,,2,,,7,7,1,12,4,120.644858,24.162955,3
11236,66000,387130000C,(04)23274275,(04)23288582,2025,08,29,19,2,臺中市,大甲區,0,2,0,7,3,6,50,5,1,1,5,4,6,6,1,1,10,5,5,2,17,2,9,1,1,C03,7,5,1,10,2,14,,47,47,1,6,4,120.621997,24.344222,2
11237,66000,387130000C,(04)23274275,(04)23288582,2025,08,29,19,5,臺中市,大里區,0,0,0,7,,,60,,,,,,,,,,,,,,,,,,,B03,,,1,,2,,,45,45,1,6,4,120.687999,24.083173,3
11238,66000,387130000C,(04)23274275,(04)23288582,2025,08,29,19,7,臺中市,南區,0,1,0,7,1,6,50,13,9,1,5,4,6,6,4,4,7,5,5,2,17,2,9,5,4,C04,7,9,1,11,2,11,,84,84,1,13,4,120.665461,24.116812,2
11239,66000,387130000C,(04)23274275,(04)23288582,2025,08,29,19,7,臺中市,南區,0,0,0,7,,,50,,,,,,,,,,,,,,,,,,,B03,,,1,,2,,,7,7,1,13,4,120.655217,24.115222,3
11240,66000,387130000C,(04)23274275,(04)23288582,2025,08,29,19,7,臺中市,太平區,0,0,0,7,,,30,,,,,,,,,,,,,,,,,,,C03,,,1,,1,,,15,15,1,6,4,120.719795,24.147186,3
11241,66000,387130000C,(04)23274275,(04)23288582,2025,08,29,19,8,臺中市,西屯區,0,0,0,7,,,40,,,,,,,,,,,,,,12,,,,,C03,,,,,2,,,59,59,1,12,4,120.663397,24.176412,3
11242,66000,387130000C,(04)23274275,(04)23288582,2025,08,29,19,9,臺中市,南區,0,0,0,7,,,30,,,,,,,,,,,,,,13,,,,,B03,,,1,,2,,,7,7,1,6,4,120.670775,24.116307,3
11243,66000,387130000C,(04)23274275,(04)23288582,2025,08,29,19,10,臺中市,龍井區,0,1,0,7,1,6,40,11,9,1,2,4,6,6,4,4,10,5,5,1,18,2,9,1,1,C03,7,5,1,10,2,14,,87,87,1,12,4,120.555363,24.18742,2
11244,66000,387130000C,(04)23274275,(04)23288582,2025,08,29,19,13,臺中市,潭子區,0,0,0,7,,3,40,,,,,,,,,,,,,,,,,,,B03,,,1,,2,,,59,59,1,12,4,120.706253,24.216361,3
11245,66000,387130000C,(04)23274275,(04)23288582,2025,08,29,19,15,臺中市,大肚區,0,0,0,7,,,50,,,,,,,,,,,,,,14,,,,,B03,,,1,,2,,,49,49,1,6,4,120.545314,24.150513,3
11246,66000,387130000C,(04)23274275,(04)23288582,2025,08,29,19,19,臺中市,南屯區,0,0,0,7,,,60,,,,,,,,,,,,,,13,,,,,B03,,,1,,2,,,7,7,1,13,4,120.6233,24.1448,3
11247,66000,387130000C,(04)23274275,(04)23288582,2025,08,29,19,20,臺中市,西區,0,1,0,7,1,6,50,4,1,1,5,4,6,6,2,1,10,5,5,2,17,2,9,2,1,C03,7,6,1,10,2,14,,48,48,1,12,4,120.655135,24.146701,2
11248,66000,387130000C,(04)23274275,(04)23288582,2025,08,29,19,20,臺中市,南屯區,0,0,0,7,,,50,,,,,,,,,,,,,,,,,,,B12,,,1,,2,,,50,50,1,13,4,120.638796,24.146035,3
11249,66000,387130000C,(04)23274275,(04)23288582,2025,08,29,19,20,臺中市,北屯區,0,0,0,7,,3,50,,,,,,,,,,,,,,13,,,,,B03,,,1,,1,,,7,7,1,6,4,120.722397,24.189288,3
11250,66000,387130000C,(04)23274275,(04)23288582,2025,08,29,19,20,臺中市,西屯區,0,0,0,7,,,60,,,,,,,,,,,,,,12,,,,,B03,,,1,,1,,,40,40,1,13,4,120.646417,24.164202,3
11251,66000,387130000C,(04)23274275,(04)23288582,2025,08,29,19,20,臺中市,西屯區,0,1,0,7,1,6,30,3,1,1,5,4,6,6,4,4,10,5,5,2,16,3,10,5,4,B03,7,6,1,8,2,5,,14,14,1,12,4,120.593534,24.180452,2
11252,66000,387130000C,(04)23274275,(04)23288582,2025,08,29,19,21,臺中市,南區,0,0,0,7,,,50,,,,,,,,,,,,,,,,,,,B03,,,1,,1,,,84,84,1,13,4,120.64712,24.110616,3
11253,66000,387130000C,(04)23274275,(04)23288582,2025,08,29,19,22,臺中市,中區,0,1,0,7,1,6,50,13,9,1,5,4,6,6,4,4,5,4,5,2,17,3,10,3,1,B03,7,9,1,8,2,5,,84,84,1,12,4,120.680061,24.143098,2
11254,66000,387130000C,(04)23274275,(04)23288582,2025,08,29,19,23,臺中市,北屯區,0,0,0,7,,3,80,,,,,,,,,,,,,,13,,,,,B03,,,1,,1,,,84,84,1,12,4,120.720882,24.169367,3
11255,66000,387130000C,(04)23274275,(04)23288582,2025,08,29,19,25,臺中市,東區,0,1,0,7,1,6,50,4,1,1,5,4,6,6,2,1,10,5,5,2,16,2,9,2,1,C03,7,4,1,10,2,14,,84,84,1,13,4,120.700722,24.127289,2
11256,66000,387130000C,(04)23274275,(04)23288582,2025,08,29,19,29,臺中市,南區,0,0,0,7,,,50,,,,,,,,,,,,,,,,,,,B03,,,1,,1,,,40,40,1,13,4,120.669778,24.127212,3
11257,66000,387130000C,(04)23274275,(04)23288582,2025,08,29,19,31,臺中市,南屯區,0,0,0,7,,,50,,,,,,,,,,,,,,,,,,,B03,,,1,,2,,,84,84,1,13,4,120.623533,24.152149,3
11258,66000,387130000C,(04)23274275,(04)23288582,2025,08,29,19,32,臺中市,西區,0,2,0,6,2,6,50,4,1,1,5,4,6,6,1,1,10,5,5,2,17,2,9,1,1,C03,7,6,1,10,2,11,,11,11,1,12,4,120.67691,24.13505,2
11259,66000,387130000C,(04)23274275,(04)23288582,2025,08,29,19,34,臺中市,北屯區,0,1,0,7,1,6,50,4,1,1,5,4,6,6,1,1,10,5,5,2,17,3,10,3,1,B03,7,6,1,8,2,1,,48,48,1,6,4,120.680422,24.169742,2
11260,66000,387130000C,(04)23274275,(04)23288582,2025,08,29,19,35,臺中市,南屯區,0,1,0,7,1,6,30,4,1,1,5,4,6,6,4,4,10,5,5,2,15,2,9,2,4,C03,7,9,1,10,2,11,12,15,15,1,13,4,120.625464,24.117831,2
11261,66000,387130000C,(04)23274275,(04)23288582,2025,08,29,19,35,臺中市,北屯區,0,3,0,7,1,6,40,13,8,1,5,4,6,6,4,4,1,4,4,2,13,2,9,1,1,C03,7,9,1,10,2,11,,7,7,1,6,4,120.664746,24.184333,2
11262,66000,387130000C,(04)23274275,(04)23288582,2025,08,29,19,37,臺中市,北屯區,0,2,0,7,1,6,50,3,1,1,5,4,6,6,3,1,10,5,5,2,16,2,9,2,1,C03,7,6,1,10,2,12,,11,11,1,6,4,120.69975,24.166161,2
11263,66000,387130000C,(04)23274275,(04)23288582,2025,08,29,19,38,臺中市,霧峰區,0,0,0,7,,,60,,,,,,,,,,,,,,17,,,,,C03,,,1,,1,,,11,11,1,6,4,120.696627,24.070157,3
11264,66000,387130000C,(04)23274275,(04)23288582,2025,08,29,19,38,臺中市,沙鹿區,0,0,0,7,,,50,,,,,,,,,,,,,,14,,,,,B03,,,1,,1,,,50,50,1,6,4,120.569878,24.226211,4
11265,66000,387130000C,(04)23274275,(04)23288582,2025,08,29,19,40,臺中市,南區,0,0,0,7,,,50,,,,,,,,,,,,,,17,,,,,B03,,,1,,1,,,40,40,1,6,4,120.676627,24.131752,3
11266,66000,387130000C,(04)23274275,(04)23288582,2025,08,29,19,42,臺中市,西屯區,0,1,0,7,1,6,30,3,1,1,5,4,6,6,4,4,10,5,5,2,16,3,10,3,1,B02,7,6,1,8,2,8,,48,48,1,13,4,120.608178,24.188179,2
11267,66000,387130000C,(04)23274275,(04)23288582,2025,08,29,19,43,臺中市,沙鹿區,0,1,0,7,1,6,50,3,2,1,5,4,6,6,4,4,5,5,5,1,17,2,9,2,1,C02,7,4,1,9,2,16,,1,1,1,5,4,120.557148,24.208189,2
11268,66000,387130000C,(04)23274275,(04)23288582,2025,08,29,19,45,臺中市,烏日區,0,0,0,7,,,50,,,,,,,,,,,,,,17,,,,,C03,,,5,,2,,,51,51,1,6,4,120.61888,24.103133,3
11269,66000,387130000C,(04)23274275,(04)23288582,2025,08,29,19,50,臺中市,南屯區,0,0,0,7,,,50,,,,,,,,,,,,,,13,,,,,B03,,,1,,1,,,59,59,1,13,4,120.6405,24.141401,3
11270,66000,387130000C,(04)23274275,(04)23288582,2025,08,29,19,52,臺中市,太平區,0,0,0,7,,,50,,,,,,,,,,,,,,30,,,,,B12,,,1,,2,,,84,84,1,12,4,120.718462,24.112553,3
11271,66000,387130000C,(04)23274275,(04)23288582,2025,08,29,19,56,臺中市,南區,0,0,0,7,,,50,,,,,,,,,,,,,,,,,,,B03,,,1,,1,,,7,7,1,13,4,120.661476,24.121735,3
11272,66000,387130000C,(04)23274275,(04)23288582,2025,08,29,19,58,臺中市,西區,0,0,0,7,,,50,,,,,,,,,,,,,,17,,,,,B03,,,1,,1,,,40,40,1,13,4,120.662591,24.150782,3
11273,66000,387130000C,(04)23274275,(04)23288582,2025,08,29,19,58,臺中市,南區,0,0,0,7,,,50,,,,,,,,,,,,,,,,,,,C03,,,1,,9,,,34,34,1,13,4,120.682523,24.130037,3
11274,66000,387130000C,(04)23274275,(04)23288582,2025,08,29,20,1,臺中市,西屯區,0,1,0,7,1,6,50,5,1,1,5,4,6,6,2,1,1,4,1,2,3,2,9,6,5,H01,8,16,7,21,10,17,,97,97,1,12,5,120.659684,24.192971,2
11275,66000,387130000C,(04)23274275,(04)23288582,2025,08,29,20,5,臺中市,南屯區,0,1,0,7,1,6,50,13,9,1,5,4,6,6,4,4,9,5,5,2,28,3,10,3,1,B03,7,13,1,8,9,7,,77,77,1,12,4,120.643962,24.132079,2
11276,66000,387130000C,(04)23274275,(04)23288582,2025,08,29,20,6,臺中市,潭子區,0,1,0,7,1,6,50,3,1,1,5,4,6,6,4,4,5,4,5,2,17,3,10,3,1,B03,7,6,1,8,2,1,,84,84,1,12,4,120.697967,24.196923,2
11277,66000,387130000C,(04)23274275,(04)23288582,2025,08,29,20,10,臺中市,梧棲區,0,1,0,7,1,6,30,13,9,1,5,4,6,6,4,4,10,5,5,1,18,2,9,1,1,C03,7,12,1,10,2,14,,43,43,1,6,4,120.557775,24.241879,2
11278,66000,387130000C,(04)23274275,(04)23288582,2025,08,29,20,10,臺中市,沙鹿區,0,0,0,6,,,50,,,,,,,,,,,,,,,,,,,B03,,,1,,2,,,50,50,1,13,4,120.559104,24.235801,3
11279,66000,387130000C,(04)23274275,(04)23288582,2025,08,29,20,11,臺中市,北屯區,0,2,0,6,1,6,50,4,2,1,5,4,6,6,2,1,1,4,5,2,13,3,10,3,1,B03,7,9,1,8,2,1,,7,7,1,12,4,120.70774,24.182337,2
11280,66000,387130000C,(04)23274275,(04)23288582,2025,08,29,20,15,臺中市,大雅區,0,0,0,7,,,50,,,,,,,,,,,,,,,,,,,B03,,,1,,9,,,49,49,1,13,4,120.651093,24.227742,3
11281,66000,387130000C,(04)23274275,(04)23288582,2025,08,29,20,16,臺中市,潭子區,0,0,0,7,,,50,,,,,,,,,,,,,,,,,,,B03,,,1,,2,,,21,21,1,13,4,120.687842,24.216035,3