﻿序號,縣市別代碼,機關代碼,市話,傳真,年,月,日,時,分,縣市,區,死亡數量,受傷數量,2-30,天候,道路照明設備,道路類別,道路速限,道路型態,事故位置,路面鋪裝,路面狀態,路面缺陷,障礙物,視距,號誌種類,號誌動作,分向設施,快車道或一般車道間,快慢車道間,路面邊線,事故類型及型態,受傷程度,主要傷處,保護裝備,行動電話或功能裝置,當事者區分_類別,車輛用途,當事者行動狀態,駕照狀態,駕照種類,飲酒情形,車輛撞擊部位最初,車輛撞擊部位其他,肇事因素個別,肇事因素主要,肇事逃逸,職業,共享經濟或外送平台,GPS座標X,GPS座標Y,事故類別
11392,66000,387130000C,(04)23274275,(04)23288582,2025,08,30,10,10,臺中市,龍井區,0,2,0,7,2,6,50,13,9,1,5,4,6,6,4,4,7,5,5,1,13,2,8,1,1,C03,7,9,1,10,2,11,,59,59,1,13,4,120.582062,24.176198,2
11393,66000,387130000C,(04)23274275,(04)23288582,2025,08,30,10,12,臺中市,潭子區,0,0,0,7,,3,80,,,,,,,,,,,,,,,,,,,B03,,,1,,2,,,7,7,1,12,4,120.718231,24.197671,3
11394,66000,387130000C,(04)23274275,(04)23288582,2025,08,30,10,12,臺中市,大里區,0,1,0,7,2,6,50,4,1,1,5,4,6,6,4,4,5,5,5,1,16,3,10,3,1,B03,7,5,1,8,2,2,,47,47,1,5,4,120.672679,24.115109,2
11395,66000,387130000C,(04)23274275,(04)23288582,2025,08,30,10,13,臺中市,中區,0,0,0,7,,,50,,,,,,,,,,,,,,,,,,,B03,,,1,,1,,,84,84,1,12,4,120.681578,24.145042,3
11396,66000,387130000C,(04)23274275,(04)23288582,2025,08,30,10,15,臺中市,西屯區,0,0,0,7,,,30,,,,,,,,,,,,,,17,,,,,A12,,,1,,2,,,43,43,1,12,4,120.648023,24.169161,3
11397,66000,387130000C,(04)23274275,(04)23288582,2025,08,30,10,15,臺中市,后里區,0,1,0,7,2,6,50,3,1,1,5,4,6,6,1,1,1,4,4,1,16,3,10,3,1,B03,7,5,1,8,2,2,,11,11,1,6,4,120.723654,24.297912,2
11398,66000,387130000C,(04)23274275,(04)23288582,2025,08,30,10,18,臺中市,大里區,0,0,0,7,,,50,,,,,,,,,,,,,,12,,,,,B03,,,1,,2,,,40,40,1,13,4,120.679342,24.116792,3
11399,66000,387130000C,(04)23274275,(04)23288582,2025,08,30,10,21,臺中市,西屯區,0,0,0,7,,,40,,,,,,,,,,,,,,16,,,,,B03,,,1,,1,,,26,26,1,12,4,120.628712,24.16286,3
11400,66000,387130000C,(04)23274275,(04)23288582,2025,08,30,10,21,臺中市,霧峰區,0,1,0,7,2,6,40,9,9,1,5,4,6,6,4,4,10,5,5,1,20,2,9,2,1,C03,7,9,1,10,2,12,,59,59,1,13,4,120.693799,24.052482,2
11401,66000,387130000C,(04)23274275,(04)23288582,2025,08,30,10,30,臺中市,東區,0,0,0,7,,,50,,,,,,,,,,,,,,30,,,,,A12,,,1,,2,,,51,51,1,12,4,120.693514,24.149962,3
11402,66000,387130000C,(04)23274275,(04)23288582,2025,08,30,10,31,臺中市,清水區,0,0,0,7,,,40,,,,,,,,,,,,,,,,,,,B03,,,1,,2,,,45,45,1,12,4,120.572229,24.261966,4
11403,66000,387130000C,(04)23274275,(04)23288582,2025,08,30,10,31,臺中市,沙鹿區,0,0,0,7,,,50,,,,,,,,,,,,,,,,,,,B03,,,1,,2,,,56,56,1,13,4,120.575575,24.219022,3
11404,66000,387130000C,(04)23274275,(04)23288582,2025,08,30,10,31,臺中市,大甲區,0,1,0,7,3,6,50,4,1,1,5,4,6,6,4,4,10,5,5,2,18,2,9,1,1,C03,7,9,1,10,2,14,,59,59,1,6,4,120.654097,24.381207,2
11405,66000,387130000C,(04)23274275,(04)23288582,2025,08,30,10,32,臺中市,豐原區,0,1,0,7,2,6,60,4,1,1,5,4,6,6,1,1,1,4,4,1,23,2,9,5,4,B03,7,9,1,8,2,1,,59,59,1,12,4,120.700081,24.23674,2
11406,66000,387130000C,(04)23274275,(04)23288582,2025,08,30,10,39,臺中市,西屯區,0,2,0,7,2,6,50,4,9,1,5,4,6,6,1,1,1,5,5,2,12,2,9,2,1,C03,7,9,1,10,2,12,,42,42,1,12,4,120.651816,24.165933,2
11407,66000,387130000C,(04)23274275,(04)23288582,2025,08,30,10,40,臺中市,北屯區,0,1,0,7,2,6,50,13,8,1,5,4,6,6,4,4,5,5,4,2,17,2,9,1,1,F01,7,9,7,21,1,12,,59,59,1,12,4,120.708858,24.173844,2
11408,66000,387130000C,(04)23274275,(04)23288582,2025,08,30,10,41,臺中市,潭子區,0,0,0,7,,,50,,,,,,,,,,,,,,,,,,,B03,,,1,,2,,,84,84,1,13,4,120.703707,24.200343,3
11409,66000,387130000C,(04)23274275,(04)23288582,2025,08,30,10,41,臺中市,大肚區,0,1,0,7,2,6,50,3,1,1,5,3,6,6,2,1,10,5,5,2,18,2,8,1,1,C03,7,14,1,10,2,12,,87,87,1,6,4,120.566932,24.122332,2
11410,66000,387130000C,(04)23274275,(04)23288582,2025,08,30,10,50,臺中市,南屯區,0,0,0,7,,,50,,,,,,,,,,,,,,,,,,,B03,,,1,,1,,,59,59,1,13,4,120.637042,24.137374,3
11411,66000,387130000C,(04)23274275,(04)23288582,2025,08,30,10,50,臺中市,北屯區,0,1,0,7,2,6,50,13,9,1,5,4,6,6,4,4,1,3,5,2,17,3,10,3,1,B03,7,3,1,8,2,5,,20,20,1,6,4,120.681508,24.177619,2
11412,66000,387130000C,(04)23274275,(04)23288582,2025,08,30,10,50,臺中市,龍井區,0,0,0,7,,,60,,,,,,,,,,,,,,,,,,,A11,,,1,,1,,,84,84,1,13,4,120.538216,24.219168,3
11413,66000,387130000C,(04)23274275,(04)23288582,2025,08,30,10,55,臺中市,豐原區,0,2,0,7,2,6,50,5,1,1,5,4,6,6,2,1,5,4,4,2,13,2,8,1,1,C03,7,6,1,10,2,11,,84,84,1,12,4,120.716751,24.253056,2
11414,66000,387130000C,(04)23274275,(04)23288582,2025,08,30,10,59,臺中市,北屯區,0,0,0,7,,,50,,,,,,,,,,,,,,12,,,,,B03,,,1,,1,,,84,84,1,12,4,120.669954,24.176559,3
11415,66000,387130000C,(04)23274275,(04)23288582,2025,08,30,11,1,臺中市,西屯區,0,1,0,7,3,6,50,13,9,1,5,4,6,6,4,4,3,4,5,2,12,3,10,5,4,B03,7,9,1,10,1,2,,84,84,1,13,4,120.653492,24.167042,2
11416,66000,387130000C,(04)23274275,(04)23288582,2025,08,30,11,1,臺中市,大肚區,0,0,0,7,,,40,,,,,,,,,,,,,,14,,,,,C03,,,1,,2,,,49,49,1,12,4,120.546524,24.15384,3
11417,66000,387130000C,(04)23274275,(04)23288582,2025,08,30,11,2,臺中市,太平區,0,0,0,7,,,50,,,,,,,,,,,,,,14,,,,,B03,,,1,,2,,,84,84,1,12,4,120.721609,24.149116,3
11418,66000,387130000C,(04)23274275,(04)23288582,2025,08,30,11,8,臺中市,北屯區,0,1,0,7,3,6,50,3,1,1,5,4,6,6,1,1,10,5,5,2,16,2,9,2,1,C03,7,9,1,10,2,14,,84,84,1,12,4,120.663979,24.200782,2
11419,66000,387130000C,(04)23274275,(04)23288582,2025,08,30,11,16,臺中市,沙鹿區,0,1,0,7,2,6,1,13,14,1,5,4,6,6,4,4,5,5,5,1,27,2,9,2,1,C03,7,9,1,10,2,11,,59,59,1,6,4,120.603852,24.237163,2
11420,66000,387130000C,(04)23274275,(04)23288582,2025,08,30,11,21,臺中市,北屯區,0,0,0,7,,,50,,,,,,,,,,,,,,13,,,,,B12,,,1,,2,,,59,59,1,13,4,120.67043,24.178475,3
11421,66000,387130000C,(04)23274275,(04)23288582,2025,08,30,11,21,臺中市,北屯區,0,1,0,7,2,6,50,3,1,1,5,4,6,6,2,1,10,5,5,2,16,3,10,3,1,B03,7,6,1,8,2,2,,11,11,1,12,4,120.69878,24.170333,2
11422,66000,387130000C,(04)23274275,(04)23288582,2025,08,30,11,23,臺中市,中區,0,2,0,7,2,6,50,5,2,1,5,4,6,6,2,1,5,5,4,1,17,2,9,2,1,C03,7,11,1,10,2,11,,4,4,1,13,4,120.678043,24.146489,2
11423,66000,387130000C,(04)23274275,(04)23288582,2025,08,30,11,28,臺中市,東區,0,0,0,7,,,50,,,,,,,,,,,,,,,,,,,B03,,,1,,1,,,49,49,1,12,4,120.692472,24.146588,3
11424,66000,387130000C,(04)23274275,(04)23288582,2025,08,30,11,29,臺中市,神岡區,0,1,0,7,2,6,50,13,9,1,5,4,6,6,4,4,10,4,4,1,17,3,10,5,4,A12,7,1,1,3,2,7,,51,51,1,13,4,120.644828,24.284672,2
11425,66000,387130000C,(04)23274275,(04)23288582,2025,08,30,11,30,臺中市,清水區,0,0,0,7,,,50,,,,,,,,,,,,,,17,,,,,A04,,,1,,1,,,8,8,1,12,4,120.574866,24.267713,3
11426,66000,387130000C,(04)23274275,(04)23288582,2025,08,30,11,31,臺中市,大里區,0,1,0,7,3,6,50,13,9,1,5,4,6,6,4,4,5,5,5,2,13,2,9,2,1,C03,7,1,3,19,2,13,,51,51,1,13,4,120.687086,24.109539,2
11427,66000,387130000C,(04)23274275,(04)23288582,2025,08,30,11,34,臺中市,北屯區,0,0,0,7,,,50,,,,,,,,,,,,,,13,,,,,B03,,,5,19,1,,,7,7,1,12,4,120.715533,24.163955,3
11428,66000,387130000C,(04)23274275,(04)23288582,2025,08,30,11,35,臺中市,大雅區,0,0,0,7,,,30,,,,,,,,,,,,,,,,,,,B03,,,1,,2,,,8,8,1,12,4,120.652956,24.226164,3
11429,66000,387130000C,(04)23274275,(04)23288582,2025,08,30,11,36,臺中市,北屯區,0,0,0,7,,,50,,,,,,,,,,,,,,,,,,,C03,,,1,,1,,,84,84,1,13,4,120.71886,24.174868,4
11430,66000,387130000C,(04)23274275,(04)23288582,2025,08,30,11,39,臺中市,大甲區,0,1,0,7,2,6,50,4,1,1,5,4,6,6,4,4,10,5,5,2,16,3,10,3,1,B03,7,6,1,8,2,4,,14,14,1,6,4,120.618171,24.351422,2
11431,66000,387130000C,(04)23274275,(04)23288582,2025,08,30,11,40,臺中市,西屯區,0,0,0,7,,,50,,,,,,,,,,,,,,13,,,,,B03,,,1,,2,,,59,59,1,13,4,120.63818,24.156013,3
11432,66000,387130000C,(04)23274275,(04)23288582,2025,08,30,11,46,臺中市,北區,0,0,0,7,,,50,,,,,,,,,,,,,,12,,,,,C03,,,1,,1,,,51,51,1,13,4,120.67625,24.172617,3
11433,66000,387130000C,(04)23274275,(04)23288582,2025,08,30,11,46,臺中市,西屯區,0,0,0,7,,3,40,,,,,,,,,,,,,,,,,,,B03,,,1,,1,,,59,59,1,12,4,120.634948,24.179291,3
11434,66000,387130000C,(04)23274275,(04)23288582,2025,08,30,11,51,臺中市,太平區,0,0,0,7,2,6,50,,,,,,,,,,,,,,,,,,,C03,,,1,,2,11,,51,51,1,12,4,120.718306,24.125848,3
11435,66000,387130000C,(04)23274275,(04)23288582,2025,08,30,11,52,臺中市,南區,0,1,0,7,3,6,50,13,9,1,5,4,6,6,4,4,2,5,5,2,12,3,10,3,1,B03,7,1,1,8,2,8,,51,51,1,6,4,120.649041,24.122269,2
11436,66000,387130000C,(04)23274275,(04)23288582,2025,08,30,11,56,臺中市,北區,0,1,0,7,3,6,50,4,2,1,5,4,6,6,1,1,5,4,5,2,17,3,10,3,1,B03,7,9,1,8,2,2,,8,8,1,12,4,120.686045,24.146273,2
11437,66000,387130000C,(04)23274275,(04)23288582,2025,08,30,12,0,臺中市,南屯區,0,1,0,7,2,6,50,4,2,1,5,4,6,6,4,4,10,4,5,2,17,2,9,2,1,C03,7,9,1,10,1,11,,15,15,1,12,4,120.641452,24.138175,2
11438,66000,387130000C,(04)23274275,(04)23288582,2025,08,30,12,0,臺中市,龍井區,0,0,0,7,,,40,,,,,,,,,,,,,,,,,,,B03,,,1,,1,,,50,50,1,6,4,120.547717,24.201976,3
11439,66000,387130000C,(04)23274275,(04)23288582,2025,08,30,12,3,臺中市,南屯區,0,0,0,7,,,50,,,,,,,,,,,,,,,,,,,B03,,,1,,1,,,21,21,1,13,4,120.636698,24.132626,3
11440,66000,387130000C,(04)23274275,(04)23288582,2025,08,30,12,4,臺中市,太平區,0,0,0,7,,,30,,,,,,,,,,,,,,17,,,,,A11,,,1,,2,,,84,84,1,12,4,120.719534,24.150955,3
11441,66000,387130000C,(04)23274275,(04)23288582,2025,08,30,12,5,臺中市,太平區,0,1,0,7,3,6,50,5,1,1,5,4,6,6,4,4,10,5,5,2,16,2,9,1,1,C03,7,9,1,10,2,11,,7,7,1,12,4,120.716717,24.141719,2
11442,66000,387130000C,(04)23274275,(04)23288582,2025,08,30,12,8,臺中市,大里區,0,0,0,7,,,50,,,,,,,,,,,,,,13,,,,,B03,,,1,,2,,,7,7,1,12,4,120.688313,24.081399,3
11443,66000,387130000C,(04)23274275,(04)23288582,2025,08,30,12,8,臺中市,大甲區,0,0,0,7,,,,,,,,,,,,,,,,,,,,,,,,,,,,,,87,87,1,,,120.625484,24.353847,3
11444,66000,387130000C,(04)23274275,(04)23288582,2025,08,30,12,13,臺中市,南區,0,0,0,7,,,50,,,,,,,,,,,,,,,,,,,B03,,,1,,2,,,50,50,1,12,4,120.663276,24.11688,3
11445,66000,387130000C,(04)23274275,(04)23288582,2025,08,30,12,17,臺中市,大雅區,0,0,0,7,,,40,,,,,,,,,,,,,,,,,,,B03,,,1,,2,,,50,50,1,13,4,120.648944,24.217004,3
11446,66000,387130000C,(04)23274275,(04)23288582,2025,08,30,12,19,臺中市,北屯區,0,1,0,7,3,6,50,4,1,1,5,4,6,6,2,1,10,5,5,2,16,2,8,2,1,C03,7,6,1,10,2,12,,20,20,1,12,4,120.72472,24.176146,2
11447,66000,387130000C,(04)23274275,(04)23288582,2025,08,30,12,20,臺中市,太平區,0,0,0,7,2,6,50,,,,,,,,,,,,,,,,,,,B03,,,1,,2,1,,56,56,1,12,4,120.724504,24.149119,3
11448,66000,387130000C,(04)23274275,(04)23288582,2025,08,30,12,23,臺中市,東區,0,0,0,7,,,40,,,,,,,,,,,,,,14,,,,,C03,,,1,,2,,,49,49,1,12,4,120.692164,24.129588,4
11449,66000,387130000C,(04)23274275,(04)23288582,2025,08,30,12,23,臺中市,太平區,0,0,0,7,,,30,,,,,,,,,,,,,,17,,,,,B03,,,1,,2,,,84,84,1,12,4,120.713068,24.117314,3
11450,66000,387130000C,(04)23274275,(04)23288582,2025,08,30,12,30,臺中市,北屯區,0,0,0,7,,,,,,,,,,,,,,,,,17,,,,,,,,,,,,,119,119,1,,,120.67735,24.186097,3
11451,66000,387130000C,(04)23274275,(04)23288582,2025,08,30,12,32,臺中市,太平區,0,0,0,7,,,50,,,,,,,,,,,,,,,,,,,C03,,,1,,2,,,49,49,1,12,4,120.714172,24.148191,3
11452,66000,387130000C,(04)23274275,(04)23288582,2025,08,30,12,34,臺中市,豐原區,0,0,0,7,,,30,,,,,,,,,,,,,,17,,,,,B12,,,1,,9,,,50,50,1,13,4,120.713753,24.237926,3
11453,66000,387130000C,(04)23274275,(04)23288582,2025,08,30,12,40,臺中市,龍井區,0,0,0,7,,,50,,,,,,,,,,,,,,13,,,,,B03,,,1,,1,,,59,59,1,13,4,120.592803,24.181971,3
11454,66000,387130000C,(04)23274275,(04)23288582,2025,08,30,12,43,臺中市,太平區,0,0,0,7,2,6,50,,,,,,,,,,,,,,,,,,,B03,,,1,,1,5,,50,50,1,12,4,120.7119,24.126129,3
11455,66000,387130000C,(04)23274275,(04)23288582,2025,08,30,12,45,臺中市,潭子區,0,2,0,7,2,6,50,3,1,1,5,4,6,1,4,4,5,5,5,1,16,2,8,1,1,C03,7,6,1,10,2,11,,14,14,1,13,4,120.706941,24.212636,2
11456,66000,387130000C,(04)23274275,(04)23288582,2025,08,30,12,52,臺中市,豐原區,0,1,0,7,2,6,60,3,1,1,5,4,1,6,4,4,1,2,4,1,16,3,10,5,4,B03,7,5,1,8,2,6,,14,14,1,13,4,120.710294,24.236547,2
11457,66000,387130000C,(04)23274275,(04)23288582,2025,08,30,12,54,臺中市,南屯區,0,0,0,7,,,50,,,,,,,,,,,,,,,,,,,C03,,,1,,2,,,59,59,1,13,4,120.649765,24.129873,3
11458,66000,387130000C,(04)23274275,(04)23288582,2025,08,30,12,57,臺中市,南屯區,0,1,0,7,1,6,50,4,1,1,5,4,6,6,1,1,5,5,5,2,12,3,10,5,4,B03,7,5,1,8,2,5,,47,47,1,13,4,120.648693,24.148825,2
11459,66000,387130000C,(04)23274275,(04)23288582,2025,08,30,12,57,臺中市,豐原區,0,1,0,7,2,6,30,3,1,1,5,4,6,6,4,4,5,5,5,2,17,3,10,3,1,B11,7,6,1,3,2,4,,12,12,1,13,4,120.741799,24.236326,2
11460,66000,387130000C,(04)23274275,(04)23288582,2025,08,30,13,0,臺中市,后里區,0,0,0,7,3,6,40,13,14,1,5,4,6,6,4,4,4,4,4,1,17,3,10,3,1,B03,7,3,1,8,2,6,,50,50,1,6,4,120.721928,24.308999,3
11461,66000,387130000C,(04)23274275,(04)23288582,2025,08,30,13,1,臺中市,沙鹿區,0,0,0,7,,,50,,,,,,,,,,,,,,14,,,,,C03,,,1,,1,,,49,49,1,12,4,120.563695,24.248116,3
11462,66000,387130000C,(04)23274275,(04)23288582,2025,08,30,13,5,臺中市,南屯區,0,0,0,7,,,50,,,,,,,,,,,,,,12,,,,,B03,,,1,,2,,,51,51,1,12,4,120.649999,24.15334,3
11463,66000,387130000C,(04)23274275,(04)23288582,2025,08,30,13,5,臺中市,北屯區,0,0,0,7,,,50,,,,,,,,,,,,,,12,,,,,B03,,,1,,9,,,8,8,1,12,4,120.695964,24.157272,3
11464,66000,387130000C,(04)23274275,(04)23288582,2025,08,30,13,9,臺中市,西屯區,0,0,0,7,,,50,,,,,,,,,,,,,,12,,,,,B03,,,1,,1,,,20,20,1,13,4,120.657257,24.16762,3
11465,66000,387130000C,(04)23274275,(04)23288582,2025,08,30,13,10,臺中市,南屯區,0,0,0,7,,,50,,,,,,,,,,,,,,17,,,,,B03,,,5,,1,,,40,40,1,12,4,120.623444,24.145262,3
11466,66000,387130000C,(04)23274275,(04)23288582,2025,08,30,13,10,臺中市,大肚區,0,0,0,7,,,30,,,,,,,,,,,,,,,,,,,B03,,,1,,2,,,51,51,1,6,4,120.559899,24.121146,3
11467,66000,387130000C,(04)23274275,(04)23288582,2025,08,30,13,18,臺中市,外埔區,0,1,0,7,3,6,30,4,9,1,5,4,6,6,4,4,10,5,5,2,16,3,10,3,1,B03,7,5,1,8,2,4,,14,14,1,6,4,120.634854,24.334555,2
11468,66000,387130000C,(04)23274275,(04)23288582,2025,08,30,13,24,臺中市,西區,0,0,0,7,,,30,,,,,,,,,,,,,,,,,,,B03,,,1,,2,,,51,51,1,12,4,120.661005,24.15811,3
11469,66000,387130000C,(04)23274275,(04)23288582,2025,08,30,13,31,臺中市,北區,0,0,0,7,,,30,,,,,,,,,,,,,,14,,,,,B03,,,1,,9,,,49,49,2,13,4,120.667431,24.155102,3
11470,66000,387130000C,(04)23274275,(04)23288582,2025,08,30,13,32,臺中市,東勢區,0,0,0,6,,,50,,,,,,,,,,,,,,,,,,,B12,,,1,,1,,,51,51,1,12,4,120.828016,24.257161,3
11471,66000,387130000C,(04)23274275,(04)23288582,2025,08,30,13,34,臺中市,大雅區,0,1,0,7,2,6,50,4,1,1,5,4,6,6,2,1,10,4,5,1,17,3,10,3,1,B03,7,5,1,8,2,5,,20,20,1,12,4,120.645202,24.225274,2
11472,66000,387130000C,(04)23274275,(04)23288582,2025,08,30,13,34,臺中市,西區,0,0,0,7,,,30,,,,,,,,,,,,,,17,,,,,B03,,,1,,2,,,58,58,1,12,4,120.660202,24.146016,3
11473,66000,387130000C,(04)23274275,(04)23288582,2025,08,30,13,40,臺中市,石岡區,0,0,0,6,,,50,,,,,,,,,,,,,,13,,,,,B03,,,1,,2,,,59,59,1,13,4,120.763137,24.277045,3
11474,66000,387130000C,(04)23274275,(04)23288582,2025,08,30,13,47,臺中市,大里區,0,0,0,7,,,40,,,,,,,,,,,,,,,,,,,B03,,,1,,2,,,84,84,1,13,4,120.691547,24.079562,3
11475,66000,387130000C,(04)23274275,(04)23288582,2025,08,30,13,49,臺中市,大里區,0,1,0,7,2,6,50,3,1,1,5,4,6,6,4,4,10,5,5,2,16,3,10,3,1,B03,7,11,1,8,2,2,,14,14,1,12,4,120.698739,24.094341,2
11476,66000,387130000C,(04)23274275,(04)23288582,2025,08,30,13,52,臺中市,龍井區,0,0,0,7,,,50,,,,,,,,,,,,,,13,,,,,B03,,,1,,1,,,59,59,1,13,4,120.589047,24.180599,3
11477,66000,387130000C,(04)23274275,(04)23288582,2025,08,30,13,55,臺中市,南區,0,3,0,7,2,6,50,3,1,1,5,4,6,6,4,4,10,5,5,2,17,2,9,1,1,C03,7,6,1,10,2,12,,13,13,1,12,4,120.65926,24.125994,2
11478,66000,387130000C,(04)23274275,(04)23288582,2025,08,30,13,55,臺中市,大里區,0,0,0,7,,,50,,,,,,,,,,,,,,15,,,,,F01,,,7,,2,,,21,21,1,13,4,120.682537,24.10037,3
11479,66000,387130000C,(04)23274275,(04)23288582,2025,08,30,13,58,臺中市,西區,0,0,0,7,,,50,,,,,,,,,,,,,,,,,,,B03,,,1,,2,,,84,84,1,12,4,120.657395,24.142945,3
11480,66000,387130000C,(04)23274275,(04)23288582,2025,08,30,13,58,臺中市,大安區,0,0,0,7,,,50,,,,,,,,,,,,,,,,,,,B03,,,1,,2,,,84,84,1,6,4,120.592943,24.384941,3
11481,66000,387130000C,(04)23274275,(04)23288582,2025,08,30,14,0,臺中市,霧峰區,0,0,0,7,,,30,,,,,,,,,,,,,,11,,,,,B03,,,1,,2,,,8,8,1,12,4,120.687937,24.044651,3
11482,66000,387130000C,(04)23274275,(04)23288582,2025,08,30,14,3,臺中市,西屯區,0,0,0,7,,,30,,,,,,,,,,,,,,17,,,,,B03,,,1,,2,,,8,8,1,13,4,120.62713,24.166002,3
11483,66000,387130000C,(04)23274275,(04)23288582,2025,08,30,14,5,臺中市,西區,0,0,0,7,,,50,,,,,,,,,,,,,,17,,,,,C03,,,1,,1,,,84,84,1,13,4,120.672733,24.146967,3
11484,66000,387130000C,(04)23274275,(04)23288582,2025,08,30,14,6,臺中市,西區,0,0,0,7,,,50,,,,,,,,,,,,,,,,,,,B03,,,1,,1,,,84,84,1,12,4,120.67772,24.136017,3
11485,66000,387130000C,(04)23274275,(04)23288582,2025,08,30,14,6,臺中市,北區,0,1,0,7,2,6,30,3,1,1,5,4,6,6,4,4,10,5,5,2,17,2,9,5,4,C03,7,11,1,10,2,12,,15,15,1,13,4,120.69438,24.161191,2
11486,66000,387130000C,(04)23274275,(04)23288582,2025,08,30,14,7,臺中市,東區,0,0,0,7,,,50,,,,,,,,,,,,,,,,,,,C03,,,1,,2,,,84,84,1,12,4,120.698969,24.134102,4
11487,66000,387130000C,(04)23274275,(04)23288582,2025,08,30,14,9,臺中市,烏日區,0,0,0,7,,,50,,,,,,,,,,,,,,17,,,,,B03,,,1,,1,,,8,8,1,6,4,120.625993,24.104112,3
11488,66000,387130000C,(04)23274275,(04)23288582,2025,08,30,14,12,臺中市,豐原區,0,2,0,7,2,6,50,3,1,1,5,4,6,6,1,1,5,4,4,2,16,3,10,3,1,B03,7,5,1,8,2,2,,65,65,1,12,4,120.717908,24.254133,2
11489,66000,387130000C,(04)23274275,(04)23288582,2025,08,30,14,14,臺中市,北屯區,0,0,0,6,,,50,,,,,,,,,,,,,,13,,,,,B03,,,3,,1,,,59,59,1,6,4,120.700383,24.17902,3
11490,66000,387130000C,(04)23274275,(04)23288582,2025,08,30,14,17,臺中市,西屯區,0,0,0,7,,,50,,,,,,,,,,,,,,,,,,,C03,,,1,,2,,,50,50,1,12,4,120.617469,24.184897,3
11491,66000,387130000C,(04)23274275,(04)23288582,2025,08,30,14,23,臺中市,北區,0,1,0,7,2,6,50,4,1,1,5,4,6,6,1,1,10,5,5,2,16,3,10,5,4,B03,7,9,1,8,2,2,,21,21,1,13,4,120.682167,24.153368,2
11492,66000,387130000C,(04)23274275,(04)23288582,2025,08,30,14,25,臺中市,豐原區,0,0,0,6,,,50,,,,,,,,,,,,,,13,,,,,B03,,,1,,1,,,7,7,1,13,4,120.751311,24.270358,3
11493,66000,387130000C,(04)23274275,(04)23288582,2025,08,30,14,26,臺中市,西區,0,0,0,7,,,50,,,,,,,,,,,,,,14,,,,,B03,,,1,,1,,,49,49,1,12,4,120.659318,24.1417,3
11494,66000,387130000C,(04)23274275,(04)23288582,2025,08,30,14,26,臺中市,大里區,0,2,0,7,2,6,50,13,9,1,5,4,6,6,4,4,1,5,5,1,13,2,9,1,1,C03,7,9,1,10,2,12,14,7,7,1,6,4,120.683408,24.098281,2
11495,66000,387130000C,(04)23274275,(04)23288582,2025,08,30,14,30,臺中市,太平區,0,1,0,5,3,6,50,4,1,1,4,4,6,6,4,4,10,5,5,2,15,3,10,3,1,B03,7,9,1,8,2,5,,15,15,1,6,4,120.723409,24.153804,2
11496,66000,387130000C,(04)23274275,(04)23288582,2025,08,30,14,32,臺中市,太平區,0,0,0,5,,,30,,,,,,,,,,,,,,3,,,,,H04,,,7,,10,,,95,95,1,12,5,120.710016,24.155068,3
11497,66000,387130000C,(04)23274275,(04)23288582,2025,08,30,14,34,臺中市,豐原區,0,1,0,6,2,6,30,11,9,1,5,4,6,6,4,4,10,5,5,2,18,2,9,2,1,C03,7,9,1,10,2,12,,84,84,1,13,4,120.745454,24.263496,2
11498,66000,387130000C,(04)23274275,(04)23288582,2025,08,30,14,35,臺中市,中區,0,0,0,7,,,50,,,,,,,,,,,,,,,,,,,B03,,,1,,2,,,51,51,1,13,4,120.679267,24.142269,3
11499,66000,387130000C,(04)23274275,(04)23288582,2025,08,30,14,37,臺中市,南屯區,0,2,0,7,3,6,50,4,1,1,5,4,6,6,1,1,5,4,5,2,16,3,10,3,1,B03,7,6,1,8,2,6,,11,11,1,12,4,120.643826,24.146854,2
11500,66000,387130000C,(04)23274275,(04)23288582,2025,08,30,14,38,臺中市,西區,0,1,0,7,1,6,50,13,8,1,5,4,6,6,1,1,1,4,3,1,17,3,10,5,4,B03,7,9,1,8,2,2,,85,85,1,12,4,120.662486,24.155392,2
11501,66000,387130000C,(04)23274275,(04)23288582,2025,08,30,14,39,臺中市,太平區,0,0,0,5,,,50,,,,,,,,,,,,,,,,,,,B03,,,3,,2,,,51,51,1,12,4,120.725899,24.149908,3
11502,66000,387130000C,(04)23274275,(04)23288582,2025,08,30,14,45,臺中市,烏日區,0,0,0,7,,,30,,,,,,,,,,,,,,17,,,,,B03,,,1,,1,,,14,14,1,6,4,120.603751,24.114751,3
11503,66000,387130000C,(04)23274275,(04)23288582,2025,08,30,14,45,臺中市,清水區,0,1,0,7,3,6,30,11,9,1,5,4,6,6,4,4,10,4,5,1,30,2,9,1,1,C03,7,9,5,10,2,12,,84,84,1,12,4,120.588915,24.284033,2
11504,66000,387130000C,(04)23274275,(04)23288582,2025,08,30,14,46,臺中市,神岡區,0,0,0,7,,,30,,,,,,,,,,,,,,14,,,,,B03,,,1,,2,,,49,49,1,12,4,120.652971,24.264268,3