﻿序號,縣市別代碼,機關代碼,市話,傳真,年,月,日,時,分,縣市,區,死亡數量,受傷數量,2-30,天候,道路照明設備,道路類別,道路速限,道路型態,事故位置,路面鋪裝,路面狀態,路面缺陷,障礙物,視距,號誌種類,號誌動作,分向設施,快車道或一般車道間,快慢車道間,路面邊線,事故類型及型態,受傷程度,主要傷處,保護裝備,行動電話或功能裝置,當事者區分_類別,車輛用途,當事者行動狀態,駕照狀態,駕照種類,飲酒情形,車輛撞擊部位最初,車輛撞擊部位其他,肇事因素個別,肇事因素主要,肇事逃逸,職業,共享經濟或外送平台,GPS座標X,GPS座標Y,事故類別
11505,66000,387130000C,(04)23274275,(04)23288582,2025,08,30,14,56,臺中市,潭子區,0,1,0,5,2,6,30,11,9,1,4,4,6,6,4,4,10,5,5,1,11,3,10,2,1,C03,7,9,1,10,2,14,,85,85,1,13,4,120.709739,24.224334,2
11506,66000,387130000C,(04)23274275,(04)23288582,2025,08,30,14,58,臺中市,南屯區,0,0,0,7,,,50,,,,,,,,,,,,,,,,,,,B03,,,1,,1,,,7,7,1,12,4,120.646423,24.137475,3
11507,66000,387130000C,(04)23274275,(04)23288582,2025,08,30,15,0,臺中市,烏日區,0,0,0,7,,,30,,,,,,,,,,,,,,18,,,,,B13,,,1,,2,,,43,43,1,6,4,120.641064,24.102838,3
11508,66000,387130000C,(04)23274275,(04)23288582,2025,08,30,15,1,臺中市,北屯區,0,1,0,7,2,6,50,3,2,1,5,4,6,6,4,4,10,5,5,2,17,3,10,3,1,A12,7,14,1,2,2,4,,76,76,1,6,4,120.699275,24.178924,2
11509,66000,387130000C,(04)23274275,(04)23288582,2025,08,30,15,8,臺中市,西屯區,0,0,0,7,,,50,,,,,,,,,,,,,,15,,,,,C03,,,3,,2,,,21,21,1,12,4,120.660989,24.171703,3
11510,66000,387130000C,(04)23274275,(04)23288582,2025,08,30,15,9,臺中市,梧棲區,0,2,0,7,3,6,40,4,1,1,5,4,6,6,3,1,10,5,5,2,16,3,10,3,1,B03,7,5,1,8,2,2,,20,20,1,6,4,120.534561,24.250372,2
11511,66000,387130000C,(04)23274275,(04)23288582,2025,08,30,15,11,臺中市,西屯區,0,0,0,7,,,60,,,,,,,,,,,,,,13,,,,,C03,,,1,,1,,,84,84,1,12,4,120.657421,24.158286,3
11512,66000,387130000C,(04)23274275,(04)23288582,2025,08,30,15,11,臺中市,西屯區,0,0,0,7,,,40,,,,,,,,,,,,,,13,,,,,C03,,,1,,1,,,7,7,1,13,4,120.652543,24.161369,3
11513,66000,387130000C,(04)23274275,(04)23288582,2025,08,30,15,17,臺中市,大里區,0,0,0,5,,,50,,,,,,,,,,,,,,12,,,,,C03,,,3,,2,,,51,51,1,13,4,120.709311,24.111155,3
11514,66000,387130000C,(04)23274275,(04)23288582,2025,08,30,15,18,臺中市,潭子區,0,0,0,5,,3,40,,,,,,,,,,,,,,,,,,,B03,,,1,,1,,,84,84,1,12,4,120.709739,24.200514,3
11515,66000,387130000C,(04)23274275,(04)23288582,2025,08,30,15,20,臺中市,西屯區,0,0,0,7,,,50,,,,,,,,,,,,,,12,,,,,B03,,,1,,1,,,43,43,1,13,4,120.635421,24.182,3
11516,66000,387130000C,(04)23274275,(04)23288582,2025,08,30,15,23,臺中市,西區,0,1,0,7,2,6,50,4,2,1,5,4,6,6,4,4,4,4,5,1,17,3,10,3,1,B03,7,8,1,8,2,3,,40,40,1,13,4,120.661444,24.142548,2
11517,66000,387130000C,(04)23274275,(04)23288582,2025,08,30,15,23,臺中市,后里區,0,0,0,7,3,6,40,13,14,1,5,,6,6,4,4,5,4,4,1,17,3,10,3,1,B03,7,3,1,8,2,6,,8,8,1,6,4,120.719606,24.309387,3
11518,66000,387130000C,(04)23274275,(04)23288582,2025,08,30,15,25,臺中市,北區,0,0,0,7,,,50,,,,,,,,,,,,,,17,,,,,C03,,,1,,1,,,84,84,1,13,4,120.684625,24.152899,3
11519,66000,387130000C,(04)23274275,(04)23288582,2025,08,30,15,27,臺中市,清水區,0,1,0,7,3,6,40,4,1,1,5,4,6,6,2,1,1,4,4,2,16,2,9,2,1,C03,7,6,1,10,2,12,,48,48,1,12,4,120.574483,24.266346,2
11520,66000,387130000C,(04)23274275,(04)23288582,2025,08,30,15,27,臺中市,豐原區,0,1,0,5,2,6,50,4,1,1,4,4,6,6,1,1,5,5,5,2,17,3,10,3,1,B03,7,5,1,8,2,2,,47,47,1,12,4,120.722702,24.245989,2
11521,66000,387130000C,(04)23274275,(04)23288582,2025,08,30,15,29,臺中市,東勢區,0,1,0,5,2,6,50,3,1,1,4,4,6,6,4,4,10,5,5,2,16,3,10,3,1,B12,7,6,1,8,2,2,,14,14,1,12,4,120.839483,24.2063,2
11522,66000,387130000C,(04)23274275,(04)23288582,2025,08,30,15,30,臺中市,北屯區,0,0,0,5,,3,80,,,,,,,,,,,,,,13,,,,,B03,,,1,,1,,,59,59,1,12,4,120.720046,24.164498,3
11523,66000,387130000C,(04)23274275,(04)23288582,2025,08,30,15,30,臺中市,豐原區,0,0,0,6,,,50,,,,,,,,,,,,,,13,,,,,B03,,,1,,1,,,7,7,1,13,4,120.74569,24.269904,3
11524,66000,387130000C,(04)23274275,(04)23288582,2025,08,30,15,34,臺中市,龍井區,0,0,0,7,,,50,,,,,,,,,,,,,,,,,,,C03,,,1,,1,,,25,25,1,13,4,120.537934,24.176748,3
11525,66000,387130000C,(04)23274275,(04)23288582,2025,08,30,15,36,臺中市,潭子區,0,0,0,5,,3,40,,,,,,,,,,,,,,,,,,,B03,,,1,,2,,,8,8,1,13,4,120.709739,24.200514,3
11526,66000,387130000C,(04)23274275,(04)23288582,2025,08,30,15,40,臺中市,南屯區,0,0,0,7,,,50,,,,,,,,,,,,,,17,,,,,B03,,,1,,2,,,51,51,1,12,4,120.626338,24.11882,3
11527,66000,387130000C,(04)23274275,(04)23288582,2025,08,30,15,42,臺中市,太平區,0,3,0,5,2,6,40,4,1,1,4,4,6,6,1,1,10,5,5,2,16,2,7,1,1,C03,7,4,1,9,2,14,,84,84,1,12,4,120.701266,24.147863,2
11528,66000,387130000C,(04)23274275,(04)23288582,2025,08,30,15,42,臺中市,豐原區,0,0,0,6,,,30,,,,,,,,,,,,,,17,,,,,B03,,,1,,2,,,56,56,1,13,4,120.715396,24.25326,3
11529,66000,387130000C,(04)23274275,(04)23288582,2025,08,30,15,45,臺中市,北屯區,0,0,0,5,,,50,,,,,,,,,,,,,,17,,,,,A12,,,1,7,2,,,84,84,1,12,4,120.706947,24.189144,3
11530,66000,387130000C,(04)23274275,(04)23288582,2025,08,30,15,46,臺中市,龍井區,0,1,0,7,2,6,50,3,1,1,5,4,6,6,3,1,10,5,5,2,18,2,9,2,1,C03,7,9,1,10,2,12,,59,59,1,6,4,120.548244,24.20902,2
11531,66000,387130000C,(04)23274275,(04)23288582,2025,08,30,15,53,臺中市,北屯區,0,0,0,7,,,50,,,,,,,,,,,,,,,,,,,B03,,,1,,2,,,59,59,1,13,4,120.722518,24.175556,3
11532,66000,387130000C,(04)23274275,(04)23288582,2025,08,30,15,55,臺中市,西屯區,0,1,0,7,1,6,40,13,8,1,5,4,6,6,4,4,1,4,5,2,13,3,10,3,1,B03,7,9,1,8,2,1,,84,84,1,12,4,120.64595,24.164366,2
11533,66000,387130000C,(04)23274275,(04)23288582,2025,08,30,15,56,臺中市,大肚區,0,1,0,7,2,6,30,4,1,1,5,4,6,6,4,4,10,5,5,2,11,2,9,5,4,C03,7,9,1,10,2,11,,6,6,1,6,4,120.572947,24.163661,2
11534,66000,387130000C,(04)23274275,(04)23288582,2025,08,30,16,2,臺中市,南區,0,0,0,7,,,50,,,,,,,,,,,,,,17,,,,,B03,,,1,,2,,,50,50,1,6,4,120.649835,24.11167,3
11535,66000,387130000C,(04)23274275,(04)23288582,2025,08,30,16,7,臺中市,豐原區,0,1,0,7,2,6,40,5,1,1,5,4,6,6,4,4,5,5,4,2,12,3,10,5,4,B03,7,11,1,8,2,8,,45,45,1,13,4,120.708455,24.245112,2
11536,66000,387130000C,(04)23274275,(04)23288582,2025,08,30,16,10,臺中市,北屯區,0,1,0,5,2,6,50,4,1,1,4,4,6,6,1,1,10,5,5,2,18,2,9,1,1,C03,7,9,1,10,2,14,,82,82,1,12,4,120.685498,24.172177,2
11537,66000,387130000C,(04)23274275,(04)23288582,2025,08,30,16,15,臺中市,北區,0,1,0,7,2,6,50,5,19,1,5,4,6,6,1,1,10,5,5,2,3,3,10,5,4,C03,7,9,1,10,2,12,,21,21,1,13,4,120.675613,24.155586,2
11538,66000,387130000C,(04)23274275,(04)23288582,2025,08,30,16,15,臺中市,龍井區,0,0,0,7,,,30,,,,,,,,,,,,,,,,,,,B03,,,1,,1,,,7,7,1,12,4,120.577692,24.177406,3
11539,66000,387130000C,(04)23274275,(04)23288582,2025,08,30,16,20,臺中市,南屯區,0,0,0,7,,,50,,,,,,,,,,,,,,13,,,,,C03,,,2,,1,,,59,59,1,12,4,120.629134,24.140723,3
11540,66000,387130000C,(04)23274275,(04)23288582,2025,08,30,16,20,臺中市,太平區,0,0,0,5,,3,80,,,,,,,,,,,,,,12,,,,,A11,,,1,,2,,,69,69,1,6,4,120.707682,24.132653,3
11541,66000,387130000C,(04)23274275,(04)23288582,2025,08,30,16,28,臺中市,南區,0,1,0,7,1,6,50,13,9,1,5,4,6,6,4,4,9,5,5,2,13,2,9,5,4,C03,7,9,1,9,2,11,,84,84,1,13,4,120.666606,24.113933,2
11542,66000,387130000C,(04)23274275,(04)23288582,2025,08,30,16,29,臺中市,北區,0,0,0,7,,,50,,,,,,,,,,,,,,12,,,,,B03,,,1,,1,,,40,40,1,13,4,120.674028,24.163826,3
11543,66000,387130000C,(04)23274275,(04)23288582,2025,08,30,16,30,臺中市,西屯區,0,2,0,7,2,6,50,3,1,1,5,4,6,6,4,4,10,5,5,2,16,2,8,5,4,C03,7,6,1,10,2,12,,14,14,1,12,4,120.623795,24.185788,2
11544,66000,387130000C,(04)23274275,(04)23288582,2025,08,30,16,30,臺中市,烏日區,0,1,0,7,2,6,60,4,1,1,5,4,6,6,1,1,10,5,5,2,17,2,8,2,1,C03,7,6,1,10,2,12,,23,23,1,6,4,120.655185,24.05668,2
11545,66000,387130000C,(04)23274275,(04)23288582,2025,08,30,16,35,臺中市,北屯區,0,2,0,7,2,6,50,4,1,1,5,4,6,6,2,1,10,5,5,2,17,3,10,2,1,C03,7,6,1,10,2,16,,11,11,1,6,4,120.693458,24.185448,2
11546,66000,387130000C,(04)23274275,(04)23288582,2025,08,30,16,36,臺中市,霧峰區,0,0,0,5,,,30,,,,,,,,,,,,,,17,,,,,B03,,,1,8,2,,,14,14,1,13,4,120.708039,24.071733,3
11547,66000,387130000C,(04)23274275,(04)23288582,2025,08,30,16,37,臺中市,北屯區,0,0,0,7,,,50,,,,,,,,,,,,,,14,,,,,B03,,,1,,2,,,50,50,1,12,4,120.682067,24.17943,3
11548,66000,387130000C,(04)23274275,(04)23288582,2025,08,30,16,42,臺中市,清水區,0,0,0,7,,,40,,,,,,,,,,,,,,,,,,,B03,,,1,,2,,,50,50,1,12,4,120.572329,24.273018,3
11549,66000,387130000C,(04)23274275,(04)23288582,2025,08,30,16,44,臺中市,大里區,0,1,0,5,2,6,50,4,8,1,4,4,6,6,1,1,1,3,4,1,17,2,9,1,1,F03,7,9,7,21,2,12,,8,8,1,6,4,120.696909,24.084494,2
11550,66000,387130000C,(04)23274275,(04)23288582,2025,08,30,16,49,臺中市,東區,0,0,0,7,,,50,,,,,,,,,,,,,,,,,,,B03,,,1,,1,,,84,84,1,13,4,120.704069,24.138466,3
11551,66000,387130000C,(04)23274275,(04)23288582,2025,08,30,16,49,臺中市,烏日區,0,0,0,7,,,40,,,,,,,,,,,,,,,,,,,B12,,,1,,1,,,49,49,1,6,4,120.615539,24.119693,3
11552,66000,387130000C,(04)23274275,(04)23288582,2025,08,30,16,50,臺中市,西屯區,0,1,0,7,2,6,30,13,9,1,5,4,6,6,4,4,10,5,5,2,12,3,10,5,1,B03,7,11,1,8,2,8,,45,45,1,12,4,120.593124,24.180498,2
11553,66000,387130000C,(04)23274275,(04)23288582,2025,08,30,16,50,臺中市,太平區,0,1,0,7,2,6,50,4,1,1,4,4,6,6,2,1,10,5,5,2,15,3,10,5,4,B01,7,9,1,4,2,5,,84,84,1,12,4,120.71314,24.158896,2
11554,66000,387130000C,(04)23274275,(04)23288582,2025,08,30,16,53,臺中市,南區,0,1,0,7,2,6,50,13,9,1,5,4,6,6,4,4,1,4,5,2,16,3,10,3,1,B03,7,5,1,8,2,2,,47,47,1,6,4,120.670171,24.127461,2
11555,66000,387130000C,(04)23274275,(04)23288582,2025,08,30,16,56,臺中市,大里區,0,1,0,5,2,6,50,13,9,1,4,4,6,6,4,4,5,4,5,2,30,2,9,2,1,C03,7,9,1,10,2,16,,84,84,1,12,4,120.681708,24.111434,2
11556,66000,387130000C,(04)23274275,(04)23288582,2025,08,30,17,0,臺中市,北屯區,0,0,0,7,,,50,,,,,,,,,,,,,,14,,,,,B03,,,1,,1,,,49,49,1,6,4,120.682264,24.176896,3
11557,66000,387130000C,(04)23274275,(04)23288582,2025,08,30,17,1,臺中市,大雅區,0,0,0,7,,,70,,,,,,,,,,,,,,,,,,,B03,,,1,,2,,,40,40,1,13,4,120.641417,24.229975,3
11558,66000,387130000C,(04)23274275,(04)23288582,2025,08,30,17,3,臺中市,北屯區,0,1,0,7,2,6,40,4,2,1,5,4,6,6,2,1,5,5,4,2,17,3,10,3,1,B03,7,1,1,8,2,8,,51,51,1,12,4,120.659327,24.190807,2
11559,66000,387130000C,(04)23274275,(04)23288582,2025,08,30,17,7,臺中市,南區,0,1,0,7,3,6,50,3,1,1,5,4,6,6,2,1,10,5,5,2,17,2,9,2,1,C02,7,8,1,9,2,11,,7,7,1,13,4,120.684512,24.127708,2
11560,66000,387130000C,(04)23274275,(04)23288582,2025,08,30,17,7,臺中市,西屯區,0,1,0,7,2,6,40,13,8,1,5,3,6,6,4,4,1,5,5,2,18,2,9,2,1,C04,7,9,1,10,2,16,,59,59,1,5,4,120.591151,24.184044,2
11561,66000,387130000C,(04)23274275,(04)23288582,2025,08,30,17,7,臺中市,新社區,0,0,0,7,,,30,,,,,,,,,,,,,,14,,,,,B03,,,1,,1,,,49,49,1,13,4,120.823166,24.187925,3
11562,66000,387130000C,(04)23274275,(04)23288582,2025,08,30,17,8,臺中市,潭子區,0,0,0,6,,3,80,,,,,,,,,,,,,,,,,,,B03,,,1,,2,,,59,59,1,12,4,120.709739,24.200514,3
11563,66000,387130000C,(04)23274275,(04)23288582,2025,08,30,17,9,臺中市,東區,0,1,0,7,1,6,50,4,1,1,5,4,6,6,1,1,10,5,5,2,17,3,10,5,4,B03,5,6,1,8,2,6,,11,11,1,13,4,120.7001,24.140063,2
11564,66000,387130000C,(04)23274275,(04)23288582,2025,08,30,17,10,臺中市,北屯區,0,1,0,7,2,6,50,13,9,1,5,4,6,6,1,1,10,5,5,2,18,2,7,5,4,C03,7,9,5,19,2,12,,59,59,1,12,4,120.682,24.179228,2
11565,66000,387130000C,(04)23274275,(04)23288582,2025,08,30,17,11,臺中市,豐原區,0,0,0,6,,,50,,,,,,,,,,,,,,13,,,,,C03,,,1,,2,,,56,56,1,13,4,120.706472,24.250098,3
11566,66000,387130000C,(04)23274275,(04)23288582,2025,08,30,17,14,臺中市,北屯區,0,0,0,7,,,50,,,,,,,,,,,,,,,,,,,B03,,,1,,1,,,84,84,1,13,4,120.685569,24.176998,3
11567,66000,387130000C,(04)23274275,(04)23288582,2025,08,30,17,14,臺中市,沙鹿區,0,0,0,7,,,50,,,,,,,,,,,,,,,,,,,B03,,,1,,1,,,59,59,1,13,4,120.56411,24.232954,3
11568,66000,387130000C,(04)23274275,(04)23288582,2025,08,30,17,15,臺中市,石岡區,0,0,0,7,,,70,,,,,,,,,,,,,,,,,,,B03,,,1,,1,,,84,84,1,13,4,120.791716,24.272793,3
11569,66000,387130000C,(04)23274275,(04)23288582,2025,08,30,17,15,臺中市,東勢區,0,0,0,7,,,60,,,,,,,,,,,,,,,,,,,B03,,,1,,2,,,84,84,1,12,4,120.822874,24.261384,3
11570,66000,387130000C,(04)23274275,(04)23288582,2025,08,30,17,16,臺中市,南屯區,0,0,0,7,,,50,,,,,,,,,,,,,,,,,,,B03,,,1,,1,,,59,59,1,13,4,120.647597,24.124399,3
11571,66000,387130000C,(04)23274275,(04)23288582,2025,08,30,17,21,臺中市,西區,0,0,0,7,,,50,,,,,,,,,,,,,,,,,,,B03,,,1,,1,,,50,50,1,12,4,120.655208,24.154802,3
11572,66000,387130000C,(04)23274275,(04)23288582,2025,08,30,17,21,臺中市,東區,0,0,0,7,,,50,,,,,,,,,,,,,,,,,,,,,,,,,,,86,86,1,,,120.686294,24.135725,3
11573,66000,387130000C,(04)23274275,(04)23288582,2025,08,30,17,21,臺中市,大里區,0,1,0,5,2,6,30,4,1,1,4,4,6,6,4,4,10,5,5,2,17,3,10,5,4,B12,7,9,1,8,2,5,,84,84,1,13,4,120.692677,24.080782,2
11574,66000,387130000C,(04)23274275,(04)23288582,2025,08,30,17,25,臺中市,霧峰區,0,1,0,7,2,6,60,5,2,1,5,4,6,6,1,1,1,3,4,2,17,3,10,3,1,B03,7,5,1,8,2,5,,11,11,1,6,4,120.692012,24.043182,2
11575,66000,387130000C,(04)23274275,(04)23288582,2025,08,30,17,28,臺中市,南屯區,0,0,0,7,,,50,,,,,,,,,,,,,,12,,,,,B03,,,1,,1,,,40,40,1,13,4,120.633999,24.14608,3
11576,66000,387130000C,(04)23274275,(04)23288582,2025,08,30,17,30,臺中市,西屯區,0,0,0,7,,3,80,,,,,,,,,,,,,,13,,,,,B03,,,1,,1,,,59,59,1,12,4,120.63167,24.169044,3
11577,66000,387130000C,(04)23274275,(04)23288582,2025,08,30,17,30,臺中市,烏日區,0,0,0,7,,,50,,,,,,,,,,,,,,17,,,,,B03,,,1,,1,,,51,51,1,6,4,120.624646,24.106307,3
11578,66000,387130000C,(04)23274275,(04)23288582,2025,08,30,17,30,臺中市,烏日區,0,1,0,7,2,6,30,13,9,5,5,4,6,6,4,4,10,5,5,1,13,2,9,2,1,C03,7,9,1,10,2,11,,7,7,1,6,4,120.632143,24.044704,2
11579,66000,387130000C,(04)23274275,(04)23288582,2025,08,30,17,30,臺中市,梧棲區,0,0,0,7,,,50,,,,,,,,,,,,,,14,,,,,B03,,,1,,1,,,49,49,1,12,4,120.531801,24.250973,4
11580,66000,387130000C,(04)23274275,(04)23288582,2025,08,30,17,34,臺中市,烏日區,0,2,0,7,3,6,40,4,8,1,5,4,6,6,1,1,10,5,1,1,12,2,9,1,1,C03,7,9,1,10,2,12,11,59,59,1,6,4,120.644168,24.092955,2
11581,66000,387130000C,(04)23274275,(04)23288582,2025,08,30,17,34,臺中市,清水區,0,1,0,7,3,6,50,13,9,1,5,4,6,6,4,4,1,4,5,1,18,2,9,1,1,C03,7,9,1,10,2,12,,7,7,1,12,4,120.553206,24.279935,2
11582,66000,387130000C,(04)23274275,(04)23288582,2025,08,30,17,34,臺中市,豐原區,0,3,0,7,2,6,50,4,1,1,5,4,6,6,2,1,1,4,4,2,12,2,9,1,1,C03,7,15,1,10,2,12,,84,84,1,12,4,120.728379,24.27623,2
11583,66000,387130000C,(04)23274275,(04)23288582,2025,08,30,17,35,臺中市,西屯區,0,0,0,7,,,50,,,,,,,,,,,,,,15,,,,,B03,,,1,,1,,,59,59,1,13,4,120.65263,24.166498,3
11584,66000,387130000C,(04)23274275,(04)23288582,2025,08,30,17,39,臺中市,豐原區,0,1,0,7,1,6,50,3,2,1,5,4,6,6,4,4,1,4,5,1,16,3,10,5,4,B03,7,5,1,8,2,8,,14,14,1,13,4,120.723059,24.244443,2
11585,66000,387130000C,(04)23274275,(04)23288582,2025,08,30,17,40,臺中市,南屯區,0,1,0,7,3,6,30,11,9,1,5,4,6,6,4,4,10,5,5,1,20,2,9,2,1,C03,7,9,1,10,2,14,,5,5,1,12,4,120.619277,24.151159,2
11586,66000,387130000C,(04)23274275,(04)23288582,2025,08,30,17,40,臺中市,南屯區,0,0,0,7,,,50,,,,,,,,,,,,,,17,,,,,B03,,,1,,2,,,51,51,1,12,4,120.63388,24.147897,3
11587,66000,387130000C,(04)23274275,(04)23288582,2025,08,30,17,41,臺中市,豐原區,0,0,0,7,,,50,,,,,,,,,,,,,,12,,,,,C03,,,1,,2,,,84,84,1,13,4,120.711246,24.246649,3
11588,66000,387130000C,(04)23274275,(04)23288582,2025,08,30,17,43,臺中市,大里區,0,0,0,7,,,50,,,,,,,,,,,,,,,,,,,F03,,,7,,2,,,4,4,1,12,4,120.675627,24.110608,3
11589,66000,387130000C,(04)23274275,(04)23288582,2025,08,30,17,45,臺中市,和平區,0,1,0,6,3,8,25,12,24,1,4,4,6,6,4,4,10,5,5,1,18,2,8,1,1,C03,7,5,1,10,2,12,12,6,6,1,12,4,120.921918,24.243721,2
11590,66000,387130000C,(04)23274275,(04)23288582,2025,08,30,17,52,臺中市,大里區,0,0,0,7,,,60,,,,,,,,,,,,,,13,,,,,B03,,,1,,2,,,7,7,1,13,4,120.69221,24.104219,3
11591,66000,387130000C,(04)23274275,(04)23288582,2025,08,30,17,54,臺中市,南屯區,0,0,0,7,,,50,,,,,,,,,,,,,,14,,,,,B12,,,1,,1,,,49,49,1,13,4,120.651505,24.151456,3
11592,66000,387130000C,(04)23274275,(04)23288582,2025,08,30,17,55,臺中市,西屯區,0,1,0,7,1,6,50,3,1,1,5,4,6,6,4,4,10,5,5,2,16,2,9,5,1,C03,7,9,1,10,2,14,,59,59,1,12,4,120.653992,24.166092,2
11593,66000,387130000C,(04)23274275,(04)23288582,2025,08,30,17,55,臺中市,大里區,0,1,0,7,3,6,60,4,2,1,5,4,6,6,2,1,3,4,4,1,15,3,10,5,4,B12,7,9,1,7,2,2,,21,21,1,13,4,120.691807,24.100533,2
11594,66000,387130000C,(04)23274275,(04)23288582,2025,08,30,17,56,臺中市,梧棲區,0,0,0,7,,,70,,,,,,,,,,,,,,13,,,,,B03,,,1,,1,,,84,84,1,6,4,120.546774,24.246063,3
11595,66000,387130000C,(04)23274275,(04)23288582,2025,08,30,17,57,臺中市,北屯區,0,0,0,7,,3,80,,,,,,,,,,,,,,13,,,,,B03,,,1,,1,,,84,84,1,12,4,120.693021,24.201058,3
11596,66000,387130000C,(04)23274275,(04)23288582,2025,08,30,17,58,臺中市,東區,0,0,0,7,,,50,,,,,,,,,,,,,,13,,,,,B03,,,1,,2,,,59,59,1,6,4,120.695614,24.138689,3
11597,66000,387130000C,(04)23274275,(04)23288582,2025,08,30,17,59,臺中市,豐原區,0,0,0,7,1,6,50,5,1,1,5,4,6,6,2,1,5,5,4,2,12,3,10,3,1,B03,7,9,1,8,2,2,,84,84,1,12,4,120.715994,24.239288,3
11598,66000,387130000C,(04)23274275,(04)23288582,2025,08,30,18,0,臺中市,豐原區,0,0,0,7,,,30,,,,,,,,,,,,,,17,,,,,B12,,,1,,9,,,8,8,1,13,4,120.738061,24.234657,3
11599,66000,387130000C,(04)23274275,(04)23288582,2025,08,30,18,9,臺中市,烏日區,0,1,0,7,2,6,50,4,24,1,5,4,3,3,1,1,1,5,4,1,17,3,10,3,1,B03,7,1,1,8,2,7,,51,51,1,6,4,120.636041,24.107213,2
11600,66000,387130000C,(04)23274275,(04)23288582,2025,08,30,18,12,臺中市,大里區,0,0,0,7,,,50,,,,,,,,,,,,,,,,,,,B03,,,1,,2,,,49,49,1,12,4,120.687764,24.100766,3
11601,66000,387130000C,(04)23274275,(04)23288582,2025,08,30,18,21,臺中市,北區,0,1,0,7,1,6,40,13,8,1,5,4,6,6,3,1,1,4,4,2,13,3,10,1,1,C03,7,9,1,10,2,11,,7,7,1,13,4,120.672665,24.168145,2
11602,66000,387130000C,(04)23274275,(04)23288582,2025,08,30,18,24,臺中市,中區,0,1,0,7,2,6,50,3,2,1,5,4,6,6,1,1,3,4,5,2,17,3,10,3,1,B03,7,15,1,8,2,5,,85,85,1,12,4,120.685663,24.13878,2
11603,66000,387130000C,(04)23274275,(04)23288582,2025,08,30,18,24,臺中市,西區,0,1,0,7,1,6,50,4,1,1,5,4,6,6,4,4,10,5,5,1,17,3,10,5,4,B03,7,9,1,8,2,5,,12,12,1,12,4,120.670536,24.153796,2
11604,66000,387130000C,(04)23274275,(04)23288582,2025,08,30,18,27,臺中市,北屯區,0,2,0,7,1,6,50,13,7,1,5,4,6,6,4,4,1,4,4,2,17,2,9,2,1,C03,7,9,1,10,2,11,,7,7,1,6,4,120.700128,24.163894,2
11605,66000,387130000C,(04)23274275,(04)23288582,2025,08,30,18,29,臺中市,北屯區,0,0,0,7,,,50,,,,,,,,,,,,,,17,,,,,C03,,,1,,1,,,85,85,1,12,4,120.679016,24.174012,4
11606,66000,387130000C,(04)23274275,(04)23288582,2025,08,30,18,31,臺中市,西區,0,0,0,7,,,0,,,,,,,,,,,,,,17,,,,,B03,,,3,,1,,,49,49,1,12,4,120.660558,24.15692,3
11607,66000,387130000C,(04)23274275,(04)23288582,2025,08,30,18,36,臺中市,西屯區,0,2,0,6,1,6,50,4,2,1,5,4,6,6,2,1,5,3,5,2,13,2,8,5,4,C03,7,9,3,19,2,11,,7,7,1,13,4,120.63598,24.181828,2
11608,66000,387130000C,(04)23274275,(04)23288582,2025,08,30,18,37,臺中市,大里區,0,0,0,7,,,50,,,,,,,,,,,,,,17,,,,,C03,,,1,10,2,,,84,84,1,13,4,120.69823,24.088409,3
11609,66000,387130000C,(04)23274275,(04)23288582,2025,08,30,18,38,臺中市,北屯區,0,0,0,7,,,50,,,,,,,,,,,,,,30,,,,,B03,,,1,,1,,,59,59,1,12,4,120.72907,24.176649,3
11610,66000,387130000C,(04)23274275,(04)23288582,2025,08,30,18,39,臺中市,潭子區,0,0,0,7,,,30,,,,,,,,,,,,,,,,,,,B03,,,1,,2,,,41,41,1,13,4,120.689466,24.225166,3
11611,66000,387130000C,(04)23274275,(04)23288582,2025,08,30,18,44,臺中市,西區,0,1,0,7,1,6,50,4,9,1,5,4,6,6,2,1,5,5,5,1,13,3,10,2,1,C03,7,9,1,10,1,11,,7,7,1,13,4,120.653736,24.148743,2
11612,66000,387130000C,(04)23274275,(04)23288582,2025,08,30,18,46,臺中市,西屯區,0,0,0,7,,,50,,,,,,,,,,,,,,13,,,,,B03,,,1,,1,,,59,59,1,12,4,120.61582,24.190194,3
11613,66000,387130000C,(04)23274275,(04)23288582,2025,08,30,18,50,臺中市,大雅區,0,0,0,7,,,50,,,,,,,,,,,,,,,,,,,B12,,,1,,1,,,7,7,1,13,4,120.654913,24.235468,3
11614,66000,387130000C,(04)23274275,(04)23288582,2025,08,30,18,51,臺中市,西區,0,0,0,7,,,50,,,,,,,,,,,,,,,,,,,B03,,,1,,2,,,2,2,1,12,4,120.663488,24.141309,3
11615,66000,387130000C,(04)23274275,(04)23288582,2025,08,30,18,53,臺中市,新社區,0,0,0,7,,,30,,,,,,,,,,,,,,14,,,,,B12,,,1,,1,,,49,49,1,13,4,120.795321,24.218316,3
11616,66000,387130000C,(04)23274275,(04)23288582,2025,08,30,18,57,臺中市,大甲區,0,0,0,7,,,50,,,,,,,,,,,,,,13,,,,,B03,,,1,,2,,,87,87,1,12,4,120.633781,24.344877,3