﻿序號,縣市別代碼,機關代碼,市話,傳真,年,月,日,時,分,縣市,區,死亡數量,受傷數量,2-30,天候,道路照明設備,道路類別,道路速限,道路型態,事故位置,路面鋪裝,路面狀態,路面缺陷,障礙物,視距,號誌種類,號誌動作,分向設施,快車道或一般車道間,快慢車道間,路面邊線,事故類型及型態,受傷程度,主要傷處,保護裝備,行動電話或功能裝置,當事者區分_類別,車輛用途,當事者行動狀態,駕照狀態,駕照種類,飲酒情形,車輛撞擊部位最初,車輛撞擊部位其他,肇事因素個別,肇事因素主要,肇事逃逸,職業,共享經濟或外送平台,GPS座標X,GPS座標Y,事故類別
11617,66000,387130000C,(04)23274275,(04)23288582,2025,08,30,19,0,臺中市,北屯區,0,0,0,7,,,50,,,,,,,,,,,,,,9,,,,,B03,,,1,,1,,,59,59,1,6,4,120.693116,24.171499,3
11618,66000,387130000C,(04)23274275,(04)23288582,2025,08,30,19,1,臺中市,南區,0,0,0,7,,,50,,,,,,,,,,,,,,,,,,,B01,,,1,,1,,,7,7,1,13,4,120.655244,24.123978,3
11619,66000,387130000C,(04)23274275,(04)23288582,2025,08,30,19,3,臺中市,豐原區,0,0,0,7,,,50,,,,,,,,,,,,,,11,,,,,A02,,,1,,2,,,8,8,1,13,4,120.718748,24.253417,3
11620,66000,387130000C,(04)23274275,(04)23288582,2025,08,30,19,4,臺中市,大甲區,0,0,0,7,,,50,,,,,,,,,,,,,,,,,,,B03,,,1,,2,,,7,7,1,6,4,120.623526,24.343488,3
11621,66000,387130000C,(04)23274275,(04)23288582,2025,08,30,19,10,臺中市,霧峰區,0,1,0,7,1,6,40,5,8,1,5,4,6,6,1,1,1,3,4,1,17,3,10,3,1,B03,7,5,1,8,2,6,,11,11,1,6,4,120.662613,24.072516,2
11622,66000,387130000C,(04)23274275,(04)23288582,2025,08,30,19,10,臺中市,后里區,0,1,0,7,1,6,50,13,9,1,5,4,6,6,4,4,9,4,5,1,14,3,10,3,1,B03,7,2,1,8,2,5,,49,49,1,6,4,120.688646,24.314338,2
11623,66000,387130000C,(04)23274275,(04)23288582,2025,08,30,19,13,臺中市,西屯區,0,1,0,7,1,6,50,3,1,1,4,4,6,6,2,1,10,5,5,2,16,2,9,2,1,C03,7,5,1,10,2,12,,47,47,1,13,4,120.606939,24.193624,2
11624,66000,387130000C,(04)23274275,(04)23288582,2025,08,30,19,14,臺中市,西屯區,0,0,0,7,,,50,,,,,,,,,,,,,,17,,,,,C03,,,1,,2,,,50,50,1,12,4,120.668111,24.178082,3
11625,66000,387130000C,(04)23274275,(04)23288582,2025,08,30,19,16,臺中市,清水區,0,3,0,7,3,6,50,3,1,1,5,4,6,6,4,4,9,4,5,1,13,2,9,2,1,C03,7,9,3,19,2,11,,59,59,1,12,4,120.570287,24.290846,2
11626,66000,387130000C,(04)23274275,(04)23288582,2025,08,30,19,34,臺中市,霧峰區,0,0,0,7,,,80,,,,,,,,,,,,,,17,,,,,B12,,,1,7,2,,,84,84,1,13,4,120.684773,24.03062,3
11627,66000,387130000C,(04)23274275,(04)23288582,2025,08,30,19,35,臺中市,北區,0,0,0,7,,,50,,,,,,,,,,,,,,13,,,,,B03,,,1,,1,,,59,59,1,12,4,120.698732,24.15414,3
11628,66000,387130000C,(04)23274275,(04)23288582,2025,08,30,19,35,臺中市,北區,0,1,0,7,1,6,50,4,4,1,5,4,6,6,1,1,1,3,5,2,13,2,9,5,4,C03,7,9,1,10,2,12,,7,7,1,13,4,120.682435,24.163322,2
11629,66000,387130000C,(04)23274275,(04)23288582,2025,08,30,19,36,臺中市,潭子區,0,0,0,6,,,50,,,,,,,,,,,,,,,,,,,B03,,,1,,2,,,8,8,1,13,4,120.706871,24.213081,3
11630,66000,387130000C,(04)23274275,(04)23288582,2025,08,30,19,38,臺中市,東區,0,0,0,7,,,50,,,,,,,,,,,,,,,,,,,B03,,,1,,1,,,7,7,1,13,4,120.694453,24.151108,3
11631,66000,387130000C,(04)23274275,(04)23288582,2025,08,30,19,47,臺中市,西屯區,0,0,0,7,,,40,,,,,,,,,,,,,,12,,,,,B03,,,1,,1,,,20,20,1,12,4,120.644251,24.194815,3
11632,66000,387130000C,(04)23274275,(04)23288582,2025,08,30,19,50,臺中市,大甲區,0,0,0,7,,,50,,,,,,,,,,,,,,,,,,,B03,,,1,,2,,,7,7,1,6,4,120.618018,24.339032,3
11633,66000,387130000C,(04)23274275,(04)23288582,2025,08,30,20,3,臺中市,南屯區,0,0,0,7,,,50,,,,,,,,,,,,,,13,,,,,B03,,,1,,1,,,84,84,1,13,4,120.632166,24.145065,3
11634,66000,387130000C,(04)23274275,(04)23288582,2025,08,30,20,4,臺中市,豐原區,0,2,0,7,1,6,50,4,1,1,5,4,6,6,2,1,1,2,5,2,12,,,,,,,12,,,,,,86,86,2,,,120.73714,24.255703,2
11635,66000,387130000C,(04)23274275,(04)23288582,2025,08,30,20,6,臺中市,神岡區,0,0,0,7,,,50,,,,,,,,,,,,,,12,,,,,C03,,,3,,1,,,8,8,1,12,4,120.699053,24.249267,3
11636,66000,387130000C,(04)23274275,(04)23288582,2025,08,30,20,9,臺中市,北屯區,0,0,0,7,,,50,,,,,,,,,,,,,,13,,,,,B03,,,1,,2,,,59,59,1,12,4,120.686306,24.186899,3
11637,66000,387130000C,(04)23274275,(04)23288582,2025,08,30,20,10,臺中市,沙鹿區,0,2,0,6,1,6,50,4,1,1,4,4,6,6,4,4,10,5,5,2,15,3,10,3,1,B03,7,9,1,8,2,1,,15,15,1,12,4,120.55852,24.236596,2
11638,66000,387130000C,(04)23274275,(04)23288582,2025,08,30,20,15,臺中市,大雅區,0,0,0,7,,,60,,,,,,,,,,,,,,,,,,,B03,,,1,,2,,,50,50,1,13,4,120.665796,24.23461,3
11639,66000,387130000C,(04)23274275,(04)23288582,2025,08,30,20,15,臺中市,霧峰區,0,1,0,7,1,6,40,10,8,1,5,4,6,6,4,4,1,3,5,1,18,2,9,1,1,C03,7,9,1,10,2,15,,84,84,1,6,4,120.684634,24.019149,2
11640,66000,387130000C,(04)23274275,(04)23288582,2025,08,30,20,17,臺中市,太平區,0,0,0,7,,,30,,,,,,,,,,,,,,17,,,,,B03,,,1,,1,,,8,8,1,6,4,120.713729,24.132916,3
11641,66000,387130000C,(04)23274275,(04)23288582,2025,08,30,20,32,臺中市,南區,0,0,0,7,,,50,,,,,,,,,,,,,,,,,,,B03,,,1,,1,,,47,47,1,13,4,120.663056,24.120321,4
11642,66000,387130000C,(04)23274275,(04)23288582,2025,08,30,20,35,臺中市,西屯區,0,0,0,7,,,50,,,,,,,,,,,,,,8,,,,,B03,,,1,,1,,,49,49,1,12,4,120.654935,24.173609,3
11643,66000,387130000C,(04)23274275,(04)23288582,2025,08,30,20,36,臺中市,大里區,0,0,0,7,,,50,,,,,,,,,,,,,,,,,,,B03,,,1,,2,,,50,50,1,12,4,120.689924,24.106935,3
11644,66000,387130000C,(04)23274275,(04)23288582,2025,08,30,20,38,臺中市,后里區,0,2,0,7,1,6,50,3,2,1,5,4,6,6,1,1,5,4,4,1,13,2,9,1,1,C03,7,9,1,10,2,11,14,84,84,1,6,4,120.722251,24.30289,2
11645,66000,387130000C,(04)23274275,(04)23288582,2025,08,30,20,40,臺中市,西屯區,0,0,0,7,,,40,,,,,,,,,,,,,,,,,,,B03,,,1,2,1,,,59,59,1,13,4,120.655386,24.15909,3
11646,66000,387130000C,(04)23274275,(04)23288582,2025,08,30,20,44,臺中市,北屯區,0,0,0,7,,,40,,,,,,,,,,,,,,,,,,,B03,,,1,,2,,,50,50,1,6,4,120.681029,24.191089,3
11647,66000,387130000C,(04)23274275,(04)23288582,2025,08,30,20,45,臺中市,南屯區,0,0,0,7,,,50,,,,,,,,,,,,,,17,,,,,B03,,,1,,1,,,58,58,1,6,4,120.64954,24.134145,3
11648,66000,387130000C,(04)23274275,(04)23288582,2025,08,30,20,50,臺中市,北屯區,0,0,0,7,,,50,,,,,,,,,,,,,,12,,,,,B03,,,1,,1,,,85,85,1,12,4,120.695089,24.185355,3
11649,66000,387130000C,(04)23274275,(04)23288582,2025,08,30,20,54,臺中市,潭子區,0,0,0,7,,,50,,,,,,,,,,,,,,,,,,,B03,,,1,,1,,,59,59,1,12,4,120.692892,24.229619,4
11650,66000,387130000C,(04)23274275,(04)23288582,2025,08,30,20,56,臺中市,大甲區,0,1,0,7,3,6,50,13,9,1,5,4,6,6,4,4,9,5,5,1,17,3,10,3,1,B03,7,1,1,8,2,8,,51,51,1,6,4,120.613154,24.34817,2
11651,66000,387130000C,(04)23274275,(04)23288582,2025,08,30,20,58,臺中市,東區,0,1,0,7,1,6,50,13,8,1,5,4,6,6,4,4,5,5,4,2,17,3,10,2,1,C03,7,7,1,10,2,12,,68,68,1,13,4,120.699647,24.14417,2
11652,66000,387130000C,(04)23274275,(04)23288582,2025,08,30,21,0,臺中市,西屯區,0,0,0,7,,,50,,,,,,,,,,,,,,13,,,,,B03,,,1,,1,,,59,59,1,12,4,120.627389,24.159212,3
11653,66000,387130000C,(04)23274275,(04)23288582,2025,08,30,21,3,臺中市,豐原區,0,0,0,7,,,50,,,,,,,,,,,,,,13,,,,,B03,,,3,,2,,,7,7,1,13,4,120.757618,24.27594,3
11654,66000,387130000C,(04)23274275,(04)23288582,2025,08,30,21,15,臺中市,大里區,0,0,0,7,,,50,,,,,,,,,,,,,,,,,,,B03,,,1,,2,,,49,49,1,12,4,120.690718,24.114163,3
11655,66000,387130000C,(04)23274275,(04)23288582,2025,08,30,21,18,臺中市,烏日區,0,0,0,7,,,50,,,,,,,,,,,,,,11,,,,,B03,,,1,,9,,,35,35,2,13,4,120.583774,24.111247,3
11656,66000,387130000C,(04)23274275,(04)23288582,2025,08,30,21,29,臺中市,大里區,1,2,0,7,1,6,30,3,2,1,5,4,6,6,4,4,10,5,5,2,10,2,9,1,4,C03,7,9,1,10,2,11,,41,41,1,12,4,120.695651,24.11955,1
11657,66000,387130000C,(04)23274275,(04)23288582,2025,08,30,21,32,臺中市,西屯區,0,1,0,7,1,6,50,13,9,1,5,4,6,6,4,4,5,4,5,2,17,3,10,5,4,B02,7,11,1,8,2,4,,45,45,1,12,4,120.614372,24.189639,2
11658,66000,387130000C,(04)23274275,(04)23288582,2025,08,30,21,48,臺中市,北屯區,0,0,0,7,,,50,,,,,,,,,,,,,,9,,,,,C03,,,1,,1,,,51,51,1,6,4,120.68542,24.174163,4
11659,66000,387130000C,(04)23274275,(04)23288582,2025,08,30,21,51,臺中市,中區,0,1,0,7,1,6,50,3,1,1,5,4,6,6,4,4,5,4,5,2,13,2,9,2,1,C03,7,9,1,10,2,11,,59,59,1,12,4,120.681739,24.136313,2
11660,66000,387130000C,(04)23274275,(04)23288582,2025,08,30,21,59,臺中市,龍井區,0,0,0,7,,,50,,,,,,,,,,,,,,,,,,,B03,,,1,,9,,,49,49,1,6,4,120.589893,24.180951,3
11661,66000,387130000C,(04)23274275,(04)23288582,2025,08,30,22,0,臺中市,北屯區,0,0,0,7,,,50,,,,,,,,,,,,,,12,,,,,B03,,,1,,1,,,42,42,1,6,4,120.704895,24.169057,3
11662,66000,387130000C,(04)23274275,(04)23288582,2025,08,30,22,5,臺中市,北屯區,0,1,0,7,1,6,50,3,1,1,5,4,6,6,2,1,10,5,5,2,16,2,9,2,1,C03,7,6,1,10,2,14,,36,36,1,6,2,120.67827,24.200851,2
11663,66000,387130000C,(04)23274275,(04)23288582,2025,08,30,22,9,臺中市,沙鹿區,0,1,0,7,2,6,30,13,9,1,5,4,6,6,4,4,10,5,5,2,18,2,9,1,1,C01,7,9,1,9,9,12,,82,82,1,13,4,120.599148,24.22252,2
11664,66000,387130000C,(04)23274275,(04)23288582,2025,08,30,22,39,臺中市,南屯區,0,0,0,7,,,50,,,,,,,,,,,,,,13,,,,,B01,,,1,,1,,,7,7,1,6,4,120.609707,24.138486,3
11665,66000,387130000C,(04)23274275,(04)23288582,2025,08,30,22,55,臺中市,潭子區,0,1,0,6,3,6,50,13,9,1,5,4,6,6,4,4,1,4,5,2,17,2,9,2,1,C03,7,9,1,10,5,11,,53,53,1,13,4,120.705592,24.201023,2
11666,66000,387130000C,(04)23274275,(04)23288582,2025,08,30,22,59,臺中市,北屯區,0,0,0,7,,,50,,,,,,,,,,,,,,14,,,,,B13,,,1,,1,,,49,49,1,6,4,120.67379,24.188612,3
11667,66000,387130000C,(04)23274275,(04)23288582,2025,08,30,23,0,臺中市,西區,0,0,0,7,,,50,,,,,,,,,,,,,,,,,,,C03,,,1,10,2,,,85,85,1,13,4,120.654962,24.152065,3
11668,66000,387130000C,(04)23274275,(04)23288582,2025,08,30,23,6,臺中市,大甲區,0,0,0,7,,,50,,,,,,,,,,,,,,,,,,,B03,,,1,,1,,,7,7,1,6,4,120.637838,24.360936,3
11669,66000,387130000C,(04)23274275,(04)23288582,2025,08,30,23,40,臺中市,烏日區,0,0,0,7,,,50,,,,,,,,,,,,,,17,,,,,B03,,,1,,2,,,21,21,1,13,4,120.618583,24.11157,3
11670,66000,387130000C,(04)23274275,(04)23288582,2025,08,30,23,47,臺中市,西區,0,2,0,7,1,6,50,4,4,1,5,4,6,6,2,1,1,2,4,2,13,2,8,2,1,C03,7,9,1,10,2,11,,84,84,1,12,4,120.673668,24.147719,2
11671,66000,387130000C,(04)23274275,(04)23288582,2025,08,30,23,54,臺中市,南屯區,0,1,0,7,2,6,50,4,1,1,5,4,6,6,1,1,9,5,4,2,12,3,10,3,1,B03,7,5,1,8,1,2,,11,11,1,12,4,120.643846,24.1488,2
11672,66000,387130000C,(04)23274275,(04)23288582,2025,08,30,23,55,臺中市,沙鹿區,0,0,0,7,,,50,,,,,,,,,,,,,,,,,,,B03,,,1,,2,,,84,84,1,12,4,120.565464,24.232159,3
11673,66000,387130000C,(04)23274275,(04)23288582,2025,08,31,0,30,臺中市,北區,0,0,0,7,,,50,,,,,,,,,,,,,,17,,,,,B03,,,1,,1,,,87,87,1,13,4,120.674732,24.145047,3
11674,66000,387130000C,(04)23274275,(04)23288582,2025,08,31,0,30,臺中市,北屯區,0,0,0,7,,,,,,,,,,,,,,,,,17,,,,,,,,,,,,,119,119,1,,,120.72653,24.17707,3
11675,66000,387130000C,(04)23274275,(04)23288582,2025,08,31,0,33,臺中市,南屯區,0,0,0,7,,,50,,,,,,,,,,,,,,13,,,,,B03,,,1,,1,,,59,59,1,6,4,120.646812,24.13958,3
11676,66000,387130000C,(04)23274275,(04)23288582,2025,08,31,1,6,臺中市,沙鹿區,0,1,0,7,1,6,70,3,1,1,5,4,6,6,1,1,10,5,5,2,17,2,1,3,1,B12,7,9,1,8,2,8,,82,82,1,12,4,120.615107,24.244043,2
11677,66000,387130000C,(04)23274275,(04)23288582,2025,08,31,1,14,臺中市,北區,0,0,0,7,,,50,,,,,,,,,,,,,,13,,,,,B03,,,1,,1,,,84,84,1,12,4,120.682518,24.145774,3
11678,66000,387130000C,(04)23274275,(04)23288582,2025,08,31,1,32,臺中市,北區,0,0,0,7,,,50,,,,,,,,,,,,,,17,,,,,C03,,,1,,1,,,87,87,1,13,4,120.6827,24.148861,3
11679,66000,387130000C,(04)23274275,(04)23288582,2025,08,31,5,38,臺中市,東區,0,0,0,7,,,50,,,,,,,,,,,,,,,,,,,B03,,,1,,1,,,84,84,1,12,4,120.705253,24.14822,3
11680,66000,387130000C,(04)23274275,(04)23288582,2025,08,31,6,5,臺中市,東區,0,0,0,7,,,50,,,,,,,,,,,,,,17,,,,,C03,,,5,,1,,,84,84,1,12,4,120.68904,24.143006,3
11681,66000,387130000C,(04)23274275,(04)23288582,2025,08,31,6,43,臺中市,豐原區,0,1,0,7,2,6,50,13,9,1,5,4,6,6,1,1,1,5,5,1,13,2,7,5,4,C03,7,9,1,10,2,11,,59,59,1,12,4,120.739991,24.271751,2
11682,66000,387130000C,(04)23274275,(04)23288582,2025,08,31,6,45,臺中市,北屯區,0,2,0,7,3,6,40,4,1,1,5,4,6,6,2,1,10,5,5,2,16,2,9,1,1,C03,7,6,3,19,2,13,,48,48,1,7,4,120.668746,24.17826,2
11683,66000,387130000C,(04)23274275,(04)23288582,2025,08,31,6,51,臺中市,豐原區,0,0,0,7,,,30,,,,,,,,,,,,,,18,,,,,B12,,,1,,1,,,49,49,1,6,4,120.719458,24.250712,3
11684,66000,387130000C,(04)23274275,(04)23288582,2025,08,31,6,53,臺中市,西屯區,0,0,0,7,,,50,,,,,,,,,,,,,,17,,,,,C03,,,1,,2,,,8,8,1,12,4,120.644464,24.174242,3
11685,66000,387130000C,(04)23274275,(04)23288582,2025,08,31,7,1,臺中市,石岡區,0,0,0,7,,,50,,,,,,,,,,,,,,,,,,,B03,,,1,,1,,,84,84,1,12,4,120.806664,24.266553,3
11686,66000,387130000C,(04)23274275,(04)23288582,2025,08,31,7,8,臺中市,沙鹿區,0,0,0,7,,,50,,,,,,,,,,,,,,17,,,,,A41,,,1,,2,,,8,8,1,6,4,120.568521,24.250192,3
11687,66000,387130000C,(04)23274275,(04)23288582,2025,08,31,7,16,臺中市,太平區,0,2,0,7,2,6,30,13,9,1,5,4,6,6,4,4,10,5,5,2,17,2,9,1,1,C03,7,9,1,10,2,11,,41,41,1,12,4,120.726844,24.151838,2
11688,66000,387130000C,(04)23274275,(04)23288582,2025,08,31,7,24,臺中市,西屯區,0,0,0,7,,,50,,,,,,,,,,,,,,14,,,,,B03,,,1,,2,,,49,49,1,13,4,120.645096,24.178816,3
11689,66000,387130000C,(04)23274275,(04)23288582,2025,08,31,7,30,臺中市,北屯區,0,2,0,7,3,6,50,4,1,1,5,4,6,6,1,1,10,5,5,2,16,2,9,2,1,C03,7,6,3,19,2,11,,11,11,1,13,4,120.697532,24.160824,2
11690,66000,387130000C,(04)23274275,(04)23288582,2025,08,31,7,37,臺中市,外埔區,0,0,0,7,3,6,60,3,9,1,5,4,6,6,1,1,1,3,5,1,13,3,10,3,1,B03,7,9,1,8,2,1,,59,59,1,12,4,120.668056,24.319765,3
11691,66000,387130000C,(04)23274275,(04)23288582,2025,08,31,7,40,臺中市,東區,0,1,0,7,2,6,50,4,1,1,5,4,6,6,2,1,10,5,5,2,17,3,10,3,1,B03,7,6,1,8,2,5,,48,48,1,12,4,120.687713,24.137065,2
11692,66000,387130000C,(04)23274275,(04)23288582,2025,08,31,7,45,臺中市,梧棲區,0,0,0,7,,,50,,,,,,,,,,,,,,17,,,,,B03,,,1,,9,,,59,59,1,6,4,120.514783,24.229142,4
11693,66000,387130000C,(04)23274275,(04)23288582,2025,08,31,8,11,臺中市,北屯區,0,1,0,7,2,6,50,4,19,1,5,4,6,6,2,1,10,5,5,2,3,2,1,6,5,H01,8,16,7,21,10,17,,96,96,1,12,5,120.692497,24.162376,2
11694,66000,387130000C,(04)23274275,(04)23288582,2025,08,31,8,16,臺中市,新社區,0,2,0,7,2,6,30,4,1,1,5,4,6,6,4,4,10,5,5,2,15,2,9,6,4,F01,7,9,7,21,2,11,,12,12,1,12,4,120.812294,24.19761,2
11695,66000,387130000C,(04)23274275,(04)23288582,2025,08,31,8,19,臺中市,東勢區,0,0,0,7,,,30,,,,,,,,,,,,,,,,,,,B03,,,1,,2,,,8,8,1,12,4,120.8802,24.216679,3
11696,66000,387130000C,(04)23274275,(04)23288582,2025,08,31,8,26,臺中市,潭子區,0,0,0,7,,,30,,,,,,,,,,,,,,17,,,,,B03,,,1,,2,,,8,8,1,13,4,120.703624,24.196174,3
11697,66000,387130000C,(04)23274275,(04)23288582,2025,08,31,8,27,臺中市,烏日區,0,0,0,7,,,60,,,,,,,,,,,,,,,,,,,B03,,,1,,1,,,84,84,1,12,4,120.624369,24.104227,3
11698,66000,387130000C,(04)23274275,(04)23288582,2025,08,31,8,40,臺中市,北區,0,0,0,7,,,50,,,,,,,,,,,,,,,,,,,B03,,,1,,1,,,14,14,1,13,4,120.693591,24.15726,3
11699,66000,387130000C,(04)23274275,(04)23288582,2025,08,31,8,40,臺中市,北屯區,0,1,0,7,3,6,50,4,1,1,5,4,6,6,1,1,10,5,5,2,16,3,10,3,1,B03,7,6,1,8,2,1,,11,11,1,12,4,120.729614,24.171167,2
11700,66000,387130000C,(04)23274275,(04)23288582,2025,08,31,8,40,臺中市,西屯區,0,0,0,7,,,50,,,,,,,,,,,,,,,,,,,B03,,,1,,1,,,59,59,1,12,4,120.625146,24.182313,3
11701,66000,387130000C,(04)23274275,(04)23288582,2025,08,31,8,40,臺中市,豐原區,0,0,0,7,,,50,,,,,,,,,,,,,,35,,,,,B03,,,1,,9,,,87,87,1,13,4,120.744535,24.264695,3
11702,66000,387130000C,(04)23274275,(04)23288582,2025,08,31,8,50,臺中市,北區,0,2,0,7,2,6,50,3,1,1,5,4,6,6,4,4,10,5,5,2,16,2,9,1,1,C03,7,4,1,10,2,14,,1,1,1,12,4,120.68866,24.152545,2
11703,66000,387130000C,(04)23274275,(04)23288582,2025,08,31,8,53,臺中市,太平區,0,1,0,7,2,6,50,13,9,1,5,4,6,6,4,4,5,4,5,1,16,3,10,6,1,F01,7,11,7,21,2,11,,45,45,1,13,4,120.721191,24.120033,2
11704,66000,387130000C,(04)23274275,(04)23288582,2025,08,31,8,55,臺中市,新社區,0,1,0,7,1,6,50,11,9,1,5,2,6,6,4,4,5,5,5,1,18,2,9,5,4,C01,7,9,1,9,2,12,,84,84,1,13,4,120.884685,24.123662,2
11705,66000,387130000C,(04)23274275,(04)23288582,2025,08,31,9,0,臺中市,北屯區,0,0,0,7,,,50,,,,,,,,,,,,,,17,,,,,B03,,,1,,1,,,87,87,1,6,4,120.704729,24.169835,3
11706,66000,387130000C,(04)23274275,(04)23288582,2025,08,31,9,11,臺中市,大甲區,0,0,0,7,,,30,,,,,,,,,,,,,,,,,,,B03,,,1,,1,,,59,59,1,12,4,120.6423,24.366261,3
11707,66000,387130000C,(04)23274275,(04)23288582,2025,08,31,9,19,臺中市,潭子區,0,0,0,7,,,50,,,,,,,,,,,,,,9,,,,,B03,,,1,,2,,,50,50,1,13,4,120.683921,24.209321,3
11708,66000,387130000C,(04)23274275,(04)23288582,2025,08,31,9,19,臺中市,東區,0,1,0,7,1,6,50,13,9,1,5,4,6,6,4,4,9,4,5,2,12,2,9,1,1,C03,7,8,1,10,2,14,,40,40,1,12,4,120.692203,24.129817,2
11709,66000,387130000C,(04)23274275,(04)23288582,2025,08,31,9,29,臺中市,潭子區,0,3,0,7,2,6,50,13,7,1,5,4,6,5,4,4,5,5,4,2,12,2,9,2,1,C03,7,1,1,10,2,14,,51,51,1,13,4,120.708265,24.231293,2
11710,66000,387130000C,(04)23274275,(04)23288582,2025,08,31,9,30,臺中市,沙鹿區,0,1,0,7,2,6,60,4,8,1,5,4,6,6,1,1,1,3,1,2,16,3,10,3,1,B03,7,6,1,8,2,2,,25,25,1,12,4,120.577015,24.225699,2
11711,66000,387130000C,(04)23274275,(04)23288582,2025,08,31,9,42,臺中市,西屯區,0,0,0,7,,,50,,,,,,,,,,,,,,,,,,,B03,,,1,,1,,,40,40,1,12,4,120.633937,24.162845,3
11712,66000,387130000C,(04)23274275,(04)23288582,2025,08,31,9,53,臺中市,大里區,0,0,0,7,,,50,,,,,,,,,,,,,,17,,,,,B03,,,1,,1,,,84,84,1,13,4,120.703623,24.093442,3
11713,66000,387130000C,(04)23274275,(04)23288582,2025,08,31,9,56,臺中市,后里區,0,1,0,7,3,6,40,13,9,1,5,4,6,6,4,4,9,5,5,1,17,2,9,1,1,C03,7,1,1,10,2,11,,20,20,1,6,4,120.710656,24.3166,2
11714,66000,387130000C,(04)23274275,(04)23288582,2025,08,31,10,0,臺中市,烏日區,0,0,0,7,,,60,,,,,,,,,,,,,,13,,,,,B03,,,1,,1,,,7,7,1,6,4,120.610755,24.103459,3
11715,66000,387130000C,(04)23274275,(04)23288582,2025,08,31,10,6,臺中市,北區,0,2,0,7,2,6,50,13,9,1,5,4,6,6,4,4,9,5,5,2,18,2,9,1,1,C03,7,9,1,10,2,14,,90,90,1,13,4,120.69809,24.154352,2
11716,66000,387130000C,(04)23274275,(04)23288582,2025,08,31,10,17,臺中市,沙鹿區,0,1,0,7,2,6,50,13,7,1,5,4,6,6,4,4,1,4,4,2,12,2,9,2,1,C03,7,8,1,10,2,14,,37,37,1,6,4,120.560119,24.239445,2
11717,66000,387130000C,(04)23274275,(04)23288582,2025,08,31,10,18,臺中市,西區,0,1,0,7,2,6,50,4,1,1,5,4,6,6,1,1,10,5,5,2,17,3,10,3,1,B03,7,5,1,8,2,2,,11,11,1,13,4,120.661674,24.136559,2
11718,66000,387130000C,(04)23274275,(04)23288582,2025,08,31,10,19,臺中市,和平區,0,0,0,7,,,25,,,,,,,,,,,,,,11,,,,,B01,,,1,,2,,,87,87,1,12,4,120.913032,24.24372,4
11719,66000,387130000C,(04)23274275,(04)23288582,2025,08,31,10,20,臺中市,沙鹿區,0,0,0,7,2,6,50,13,9,5,5,4,6,6,4,4,10,5,5,2,12,,,,,B03,,,1,,2,,,50,50,1,12,4,120.569233,24.204842,3
11720,66000,387130000C,(04)23274275,(04)23288582,2025,08,31,10,21,臺中市,后里區,0,2,0,7,2,6,50,4,4,1,5,4,6,6,2,1,1,4,5,1,13,2,9,1,1,C03,7,9,1,10,2,11,,84,84,1,6,4,120.681664,24.315481,2
11721,66000,387130000C,(04)23274275,(04)23288582,2025,08,31,10,23,臺中市,西屯區,0,0,0,7,,,50,,,,,,,,,,,,,,13,,,,,C03,,,1,,1,,,59,59,1,13,4,120.655763,24.199612,3
11722,66000,387130000C,(04)23274275,(04)23288582,2025,08,31,10,27,臺中市,大甲區,0,1,0,7,3,6,50,5,1,1,5,4,6,6,1,1,10,5,5,2,17,3,10,3,1,B03,7,6,1,8,2,2,,20,20,1,6,4,120.624387,24.340706,2
11723,66000,387130000C,(04)23274275,(04)23288582,2025,08,31,10,29,臺中市,烏日區,0,0,0,7,,,60,,,,,,,,,,,,,,,,,,,B03,,,1,,2,,,39,39,1,6,4,120.624121,24.104419,3
11724,66000,387130000C,(04)23274275,(04)23288582,2025,08,31,10,30,臺中市,大甲區,0,0,0,7,,,30,,,,,,,,,,,,,,14,,,,,B03,,,1,,2,,,49,49,1,12,4,120.628841,24.432704,3
11725,66000,387130000C,(04)23274275,(04)23288582,2025,08,31,10,38,臺中市,西區,0,1,0,7,2,6,50,13,9,1,5,4,6,6,4,4,5,4,5,2,17,2,9,1,1,C04,7,3,1,11,2,11,,50,50,1,12,4,120.660392,24.146859,2
11726,66000,387130000C,(04)23274275,(04)23288582,2025,08,31,10,40,臺中市,西屯區,0,0,0,7,,,50,,,,,,,,,,,,,,14,,,,,B03,,,1,,1,,,35,35,1,12,4,120.658569,24.192216,3
11727,66000,387130000C,(04)23274275,(04)23288582,2025,08,31,10,40,臺中市,后里區,0,2,0,7,2,6,50,13,9,1,5,4,6,6,1,1,1,4,5,1,13,2,9,1,1,C03,7,9,1,10,2,11,,84,84,1,6,4,120.680754,24.313652,2
11728,66000,387130000C,(04)23274275,(04)23288582,2025,08,31,10,50,臺中市,西屯區,0,0,0,7,,,30,,,,,,,,,,,,,,14,,,,,C03,,,1,,1,,,49,49,1,13,4,120.643111,24.176251,3
11729,66000,387130000C,(04)23274275,(04)23288582,2025,08,31,10,54,臺中市,太平區,0,1,0,7,2,6,50,13,7,1,5,4,6,6,4,4,5,4,4,1,13,2,9,2,1,C03,7,9,1,10,7,11,,53,53,1,13,4,120.729848,24.109694,2